// /qt/qml/XylosomeSuite/qml/Main.qml
#include <QtQml/qqmlprivate.h>
#include <QtCore/qalgorithms.h>
#include <QtCore/qdatetime.h>
#include <QtCore/qobject.h>
#include <QtCore/qrandom.h>
#include <QtCore/qstring.h>
#include <QtCore/qstringlist.h>
#include <QtCore/qtimezone.h>
#include <QtCore/qurl.h>
#include <QtCore/qvariant.h>
#include <QtQml/qjsengine.h>
#include <QtQml/qjsprimitivevalue.h>
#include <QtQml/qjsvalue.h>
#include <QtQml/qqmlcomponent.h>
#include <QtQml/qqmlcontext.h>
#include <QtQml/qqmlengine.h>
#include <QtQml/qqmllist.h>
#include <cmath>
#include <limits>
#include <type_traits>
namespace QmlCacheGeneratedCode {
namespace _qt_qml_XylosomeSuite_qml_Main_qml {
extern const unsigned char qmlData alignas(16) [];
extern const unsigned char qmlData alignas(16) [] = {

0x71,0x76,0x34,0x63,0x64,0x61,0x74,0x61,
0x49,0x0,0x0,0x0,0x0,0x0,0x0,0x0,
0x0,0x0,0x0,0x0,0x0,0x0,0x0,0x0,
0x30,0x28,0x2,0x0,0x3c,0xb4,0xa7,0x7b,
0x5e,0x4c,0xac,0x61,0xc1,0x3a,0x74,0xf8,
0x64,0xa0,0xee,0xd5,0x0,0x0,0x0,0x0,
0x0,0x0,0x0,0x0,0x0,0x0,0x0,0x0,
0x0,0x0,0x0,0x0,0x23,0x0,0x0,0x0,
0x10,0x2,0x0,0x0,0x98,0xe4,0x0,0x0,
0xc0,0x1,0x0,0x0,0xc8,0x0,0x0,0x0,
0x0,0x0,0x0,0x0,0xc8,0x7,0x0,0x0,
0x0,0x0,0x0,0x0,0xc8,0x7,0x0,0x0,
0x3f,0x0,0x0,0x0,0xc8,0x7,0x0,0x0,
0x3f,0x5,0x0,0x0,0xc4,0x8,0x0,0x0,
0x5,0x0,0x0,0x0,0xc0,0x1d,0x0,0x0,
0x41,0x0,0x0,0x0,0xe0,0x1d,0x0,0x0,
0x0,0x0,0x0,0x0,0xe8,0x1f,0x0,0x0,
0x27,0x0,0x0,0x0,0xe8,0x1f,0x0,0x0,
0x0,0x0,0x0,0x0,0x60,0x22,0x0,0x0,
0x0,0x0,0x0,0x0,0x60,0x22,0x0,0x0,
0x0,0x0,0x0,0x0,0x60,0x22,0x0,0x0,
0x0,0x0,0x0,0x0,0x60,0x22,0x0,0x0,
0x0,0x0,0x0,0x0,0x60,0x22,0x0,0x0,
0xff,0xff,0xff,0xff,0x0,0x0,0x0,0x0,
0x0,0x0,0x0,0x0,0xd0,0x2d,0x1,0x0,
0x60,0x22,0x0,0x0,0xf0,0x22,0x0,0x0,
0x50,0x23,0x0,0x0,0xf8,0x23,0x0,0x0,
0x48,0x24,0x0,0x0,0x98,0x24,0x0,0x0,
0x28,0x25,0x0,0x0,0xd8,0x26,0x0,0x0,
0x48,0x27,0x0,0x0,0xf0,0x27,0x0,0x0,
0x40,0x28,0x0,0x0,0x98,0x28,0x0,0x0,
0x8,0x29,0x0,0x0,0x58,0x29,0x0,0x0,
0xb0,0x29,0x0,0x0,0x20,0x2a,0x0,0x0,
0x70,0x2a,0x0,0x0,0xc8,0x2a,0x0,0x0,
0x38,0x2b,0x0,0x0,0x88,0x2b,0x0,0x0,
0xe0,0x2b,0x0,0x0,0x50,0x2c,0x0,0x0,
0xa0,0x2c,0x0,0x0,0xf8,0x2c,0x0,0x0,
0x68,0x2d,0x0,0x0,0xb8,0x2d,0x0,0x0,
0x10,0x2e,0x0,0x0,0x80,0x2e,0x0,0x0,
0xd0,0x2e,0x0,0x0,0x28,0x2f,0x0,0x0,
0xc8,0x2f,0x0,0x0,0x18,0x30,0x0,0x0,
0x70,0x30,0x0,0x0,0xd0,0x30,0x0,0x0,
0x20,0x31,0x0,0x0,0x78,0x31,0x0,0x0,
0xd8,0x31,0x0,0x0,0x28,0x32,0x0,0x0,
0x80,0x32,0x0,0x0,0xe8,0x32,0x0,0x0,
0x38,0x33,0x0,0x0,0x90,0x33,0x0,0x0,
0xf8,0x33,0x0,0x0,0x48,0x34,0x0,0x0,
0xa0,0x34,0x0,0x0,0x8,0x35,0x0,0x0,
0x58,0x35,0x0,0x0,0xb0,0x35,0x0,0x0,
0x18,0x36,0x0,0x0,0x68,0x36,0x0,0x0,
0xc0,0x36,0x0,0x0,0x28,0x37,0x0,0x0,
0x78,0x37,0x0,0x0,0xd0,0x37,0x0,0x0,
0x30,0x38,0x0,0x0,0x80,0x38,0x0,0x0,
0xd8,0x38,0x0,0x0,0x48,0x39,0x0,0x0,
0xa0,0x39,0x0,0x0,0xf8,0x39,0x0,0x0,
0x70,0x3a,0x0,0x0,0xd8,0x3a,0x0,0x0,
0x30,0x3b,0x0,0x0,0xa8,0x3b,0x0,0x0,
0x0,0x3c,0x0,0x0,0x58,0x3c,0x0,0x0,
0xc8,0x3c,0x0,0x0,0x20,0x3d,0x0,0x0,
0x78,0x3d,0x0,0x0,0xf0,0x3d,0x0,0x0,
0x48,0x3e,0x0,0x0,0xa0,0x3e,0x0,0x0,
0x70,0x3f,0x0,0x0,0xc0,0x3f,0x0,0x0,
0xf0,0x40,0x0,0x0,0x60,0x41,0x0,0x0,
0xd0,0x41,0x0,0x0,0x30,0x42,0x0,0x0,
0xa0,0x42,0x0,0x0,0x20,0x43,0x0,0x0,
0x80,0x43,0x0,0x0,0xf0,0x43,0x0,0x0,
0x60,0x44,0x0,0x0,0xd8,0x44,0x0,0x0,
0x48,0x45,0x0,0x0,0xc0,0x45,0x0,0x0,
0x38,0x46,0x0,0x0,0x0,0x47,0x0,0x0,
0x60,0x47,0x0,0x0,0x28,0x48,0x0,0x0,
0x88,0x48,0x0,0x0,0xf8,0x48,0x0,0x0,
0x78,0x49,0x0,0x0,0xe8,0x49,0x0,0x0,
0x38,0x4a,0x0,0x0,0x88,0x4a,0x0,0x0,
0xe0,0x4a,0x0,0x0,0x38,0x4b,0x0,0x0,
0x90,0x4b,0x0,0x0,0xf0,0x4b,0x0,0x0,
0x50,0x4c,0x0,0x0,0x98,0x4d,0x0,0x0,
0x28,0x4e,0x0,0x0,0x80,0x4e,0x0,0x0,
0xe0,0x4e,0x0,0x0,0x28,0x50,0x0,0x0,
0xa0,0x50,0x0,0x0,0xf8,0x50,0x0,0x0,
0xd8,0x51,0x0,0x0,0x48,0x52,0x0,0x0,
0xa0,0x52,0x0,0x0,0x10,0x53,0x0,0x0,
0x68,0x53,0x0,0x0,0xc0,0x53,0x0,0x0,
0x38,0x54,0x0,0x0,0x88,0x54,0x0,0x0,
0x0,0x55,0x0,0x0,0x60,0x55,0x0,0x0,
0xb8,0x55,0x0,0x0,0x8,0x56,0x0,0x0,
0x70,0x56,0x0,0x0,0xc8,0x56,0x0,0x0,
0x28,0x57,0x0,0x0,0x80,0x57,0x0,0x0,
0xd8,0x57,0x0,0x0,0x30,0x58,0x0,0x0,
0xa0,0x58,0x0,0x0,0x28,0x59,0x0,0x0,
0x90,0x59,0x0,0x0,0xe8,0x59,0x0,0x0,
0x80,0x5a,0x0,0x0,0xd0,0x5a,0x0,0x0,
0x28,0x5b,0x0,0x0,0x80,0x5b,0x0,0x0,
0xd8,0x5b,0x0,0x0,0x30,0x5c,0x0,0x0,
0x88,0x5c,0x0,0x0,0xd8,0x5c,0x0,0x0,
0x48,0x5d,0x0,0x0,0x30,0x5e,0x0,0x0,
0x88,0x5e,0x0,0x0,0xe0,0x5e,0x0,0x0,
0x50,0x5f,0x0,0x0,0xb0,0x5f,0x0,0x0,
0x18,0x60,0x0,0x0,0x70,0x60,0x0,0x0,
0xc8,0x60,0x0,0x0,0xb8,0x61,0x0,0x0,
0x10,0x62,0x0,0x0,0x68,0x62,0x0,0x0,
0xc0,0x62,0x0,0x0,0x18,0x63,0x0,0x0,
0x90,0x63,0x0,0x0,0xe8,0x63,0x0,0x0,
0x60,0x64,0x0,0x0,0xb0,0x64,0x0,0x0,
0x8,0x65,0x0,0x0,0x68,0x65,0x0,0x0,
0x0,0x66,0x0,0x0,0x98,0x66,0x0,0x0,
0x30,0x67,0x0,0x0,0xa0,0x67,0x0,0x0,
0x10,0x68,0x0,0x0,0x80,0x68,0x0,0x0,
0xf0,0x68,0x0,0x0,0x48,0x69,0x0,0x0,
0xb8,0x69,0x0,0x0,0x48,0x6a,0x0,0x0,
0x98,0x6a,0x0,0x0,0xf0,0x6a,0x0,0x0,
0x48,0x6b,0x0,0x0,0xb0,0x6b,0x0,0x0,
0x38,0x6c,0x0,0x0,0x98,0x6c,0x0,0x0,
0xf0,0x6c,0x0,0x0,0x48,0x6d,0x0,0x0,
0xc0,0x6d,0x0,0x0,0x10,0x6e,0x0,0x0,
0x90,0x6e,0x0,0x0,0x30,0x6f,0x0,0x0,
0x88,0x6f,0x0,0x0,0xe0,0x6f,0x0,0x0,
0xa8,0x70,0x0,0x0,0xf8,0x70,0x0,0x0,
0x60,0x71,0x0,0x0,0x60,0x72,0x0,0x0,
0xb8,0x72,0x0,0x0,0x28,0x73,0x0,0x0,
0x78,0x73,0x0,0x0,0xe8,0x73,0x0,0x0,
0x40,0x74,0x0,0x0,0x98,0x74,0x0,0x0,
0x30,0x75,0x0,0x0,0xa0,0x75,0x0,0x0,
0x28,0x76,0x0,0x0,0x80,0x76,0x0,0x0,
0xf0,0x76,0x0,0x0,0x40,0x77,0x0,0x0,
0xb8,0x77,0x0,0x0,0x10,0x78,0x0,0x0,
0x40,0x79,0x0,0x0,0xc8,0x79,0x0,0x0,
0x20,0x7a,0x0,0x0,0x80,0x7a,0x0,0x0,
0x10,0x7b,0x0,0x0,0x60,0x7b,0x0,0x0,
0xb8,0x7b,0x0,0x0,0x10,0x7c,0x0,0x0,
0x60,0x7c,0x0,0x0,0xd0,0x7c,0x0,0x0,
0x28,0x7d,0x0,0x0,0x98,0x7d,0x0,0x0,
0xf0,0x7d,0x0,0x0,0x58,0x7e,0x0,0x0,
0xb0,0x7e,0x0,0x0,0x80,0x7f,0x0,0x0,
0xd0,0x7f,0x0,0x0,0x10,0x81,0x0,0x0,
0x68,0x81,0x0,0x0,0xe8,0x82,0x0,0x0,
0x40,0x83,0x0,0x0,0xa0,0x83,0x0,0x0,
0x20,0x84,0x0,0x0,0xb0,0x84,0x0,0x0,
0x8,0x85,0x0,0x0,0xf8,0x85,0x0,0x0,
0x48,0x86,0x0,0x0,0xa8,0x86,0x0,0x0,
0x30,0x87,0x0,0x0,0x98,0x87,0x0,0x0,
0xf0,0x87,0x0,0x0,0xb8,0x88,0x0,0x0,
0x8,0x89,0x0,0x0,0x68,0x89,0x0,0x0,
0xd8,0x89,0x0,0x0,0x30,0x8a,0x0,0x0,
0xc8,0x8a,0x0,0x0,0x88,0x8b,0x0,0x0,
0xe0,0x8b,0x0,0x0,0x48,0x8c,0x0,0x0,
0xa0,0x8c,0x0,0x0,0x50,0x8d,0x0,0x0,
0xa8,0x8d,0x0,0x0,0x0,0x8e,0x0,0x0,
0x60,0x8e,0x0,0x0,0xb8,0x8e,0x0,0x0,
0x8,0x8f,0x0,0x0,0x60,0x8f,0x0,0x0,
0xb0,0x8f,0x0,0x0,0x80,0x90,0x0,0x0,
0xd0,0x90,0x0,0x0,0x20,0x91,0x0,0x0,
0x70,0x91,0x0,0x0,0xc0,0x91,0x0,0x0,
0x10,0x92,0x0,0x0,0x60,0x92,0x0,0x0,
0xb0,0x92,0x0,0x0,0x0,0x93,0x0,0x0,
0x50,0x93,0x0,0x0,0xa0,0x93,0x0,0x0,
0xf0,0x93,0x0,0x0,0x40,0x94,0x0,0x0,
0x90,0x94,0x0,0x0,0xe0,0x94,0x0,0x0,
0x30,0x95,0x0,0x0,0x80,0x95,0x0,0x0,
0xd0,0x95,0x0,0x0,0x20,0x96,0x0,0x0,
0x78,0x96,0x0,0x0,0xc8,0x96,0x0,0x0,
0x20,0x97,0x0,0x0,0xa8,0x97,0x0,0x0,
0x8,0x98,0x0,0x0,0x70,0x98,0x0,0x0,
0xc8,0x98,0x0,0x0,0xd0,0x99,0x0,0x0,
0x28,0x9a,0x0,0x0,0x88,0x9a,0x0,0x0,
0xd8,0x9a,0x0,0x0,0x38,0x9b,0x0,0x0,
0x90,0x9b,0x0,0x0,0xe0,0x9b,0x0,0x0,
0x38,0x9c,0x0,0x0,0xc8,0x9c,0x0,0x0,
0x78,0x9d,0x0,0x0,0xf0,0x9d,0x0,0x0,
0x50,0x9e,0x0,0x0,0xc0,0x9e,0x0,0x0,
0x38,0x9f,0x0,0x0,0xb0,0x9f,0x0,0x0,
0x0,0xa0,0x0,0x0,0x68,0xa0,0x0,0x0,
0xb8,0xa0,0x0,0x0,0x30,0xa1,0x0,0x0,
0x80,0xa1,0x0,0x0,0xd8,0xa1,0x0,0x0,
0x60,0xa2,0x0,0x0,0xc8,0xa2,0x0,0x0,
0x20,0xa3,0x0,0x0,0x78,0xa3,0x0,0x0,
0xe8,0xa3,0x0,0x0,0x38,0xa4,0x0,0x0,
0x90,0xa4,0x0,0x0,0xf0,0xa4,0x0,0x0,
0x48,0xa5,0x0,0x0,0x98,0xa5,0x0,0x0,
0xf0,0xa5,0x0,0x0,0x70,0xa6,0x0,0x0,
0xc8,0xa6,0x0,0x0,0x50,0xa7,0x0,0x0,
0xa8,0xa7,0x0,0x0,0x0,0xa8,0x0,0x0,
0xf0,0xa8,0x0,0x0,0x50,0xa9,0x0,0x0,
0xa8,0xa9,0x0,0x0,0x0,0xaa,0x0,0x0,
0x58,0xaa,0x0,0x0,0xb0,0xaa,0x0,0x0,
0x8,0xab,0x0,0x0,0x58,0xab,0x0,0x0,
0xb0,0xab,0x0,0x0,0x8,0xac,0x0,0x0,
0x60,0xac,0x0,0x0,0xe8,0xac,0x0,0x0,
0x40,0xad,0x0,0x0,0xb0,0xad,0x0,0x0,
0x8,0xae,0x0,0x0,0x60,0xae,0x0,0x0,
0xd0,0xae,0x0,0x0,0x20,0xaf,0x0,0x0,
0x90,0xaf,0x0,0x0,0xe8,0xaf,0x0,0x0,
0x40,0xb0,0x0,0x0,0xb0,0xb0,0x0,0x0,
0x0,0xb1,0x0,0x0,0x58,0xb1,0x0,0x0,
0xb0,0xb1,0x0,0x0,0x8,0xb2,0x0,0x0,
0x78,0xb2,0x0,0x0,0xc8,0xb2,0x0,0x0,
0x20,0xb3,0x0,0x0,0x70,0xb3,0x0,0x0,
0xc8,0xb3,0x0,0x0,0x20,0xb4,0x0,0x0,
0x78,0xb4,0x0,0x0,0xd0,0xb4,0x0,0x0,
0xc8,0xb5,0x0,0x0,0x28,0xb6,0x0,0x0,
0x80,0xb6,0x0,0x0,0xd8,0xb6,0x0,0x0,
0x28,0xb7,0x0,0x0,0x80,0xb8,0x0,0x0,
0xd8,0xb8,0x0,0x0,0x70,0xb9,0x0,0x0,
0xc0,0xb9,0x0,0x0,0x18,0xba,0x0,0x0,
0x68,0xba,0x0,0x0,0xc0,0xba,0x0,0x0,
0x18,0xbb,0x0,0x0,0x70,0xbb,0x0,0x0,
0xc8,0xbb,0x0,0x0,0xc0,0xbc,0x0,0x0,
0x20,0xbd,0x0,0x0,0x78,0xbd,0x0,0x0,
0xd0,0xbd,0x0,0x0,0x28,0xbe,0x0,0x0,
0x78,0xbe,0x0,0x0,0xd8,0xbe,0x0,0x0,
0x30,0xbf,0x0,0x0,0x88,0xbf,0x0,0x0,
0xd8,0xbf,0x0,0x0,0x50,0xc0,0x0,0x0,
0xa8,0xc0,0x0,0x0,0x40,0xc1,0x0,0x0,
0x98,0xc1,0x0,0x0,0xf0,0xc1,0x0,0x0,
0xd0,0xc2,0x0,0x0,0x40,0xc3,0x0,0x0,
0xb8,0xc3,0x0,0x0,0x10,0xc4,0x0,0x0,
0x68,0xc4,0x0,0x0,0xc0,0xc4,0x0,0x0,
0x18,0xc5,0x0,0x0,0xd8,0xc5,0x0,0x0,
0x30,0xc6,0x0,0x0,0xc8,0xc6,0x0,0x0,
0x18,0xc7,0x0,0x0,0x78,0xc7,0x0,0x0,
0xc8,0xc7,0x0,0x0,0x38,0xc8,0x0,0x0,
0x88,0xc8,0x0,0x0,0x10,0xc9,0x0,0x0,
0x60,0xc9,0x0,0x0,0xb8,0xc9,0x0,0x0,
0x8,0xca,0x0,0x0,0x68,0xca,0x0,0x0,
0xc0,0xca,0x0,0x0,0x18,0xcb,0x0,0x0,
0xa8,0xcb,0x0,0x0,0x0,0xcc,0x0,0x0,
0x58,0xcc,0x0,0x0,0xb0,0xcc,0x0,0x0,
0x8,0xcd,0x0,0x0,0x60,0xcd,0x0,0x0,
0xd8,0xcd,0x0,0x0,0x30,0xce,0x0,0x0,
0x90,0xce,0x0,0x0,0xf0,0xce,0x0,0x0,
0x48,0xcf,0x0,0x0,0xa8,0xcf,0x0,0x0,
0xf8,0xcf,0x0,0x0,0x68,0xd0,0x0,0x0,
0xe0,0xd0,0x0,0x0,0x38,0xd1,0x0,0x0,
0x90,0xd1,0x0,0x0,0xe8,0xd1,0x0,0x0,
0x58,0xd2,0x0,0x0,0x80,0xd3,0x0,0x0,
0xd8,0xd3,0x0,0x0,0x38,0xd4,0x0,0x0,
0x88,0xd4,0x0,0x0,0xf8,0xd4,0x0,0x0,
0x48,0xd5,0x0,0x0,0xa8,0xd5,0x0,0x0,
0xf8,0xd5,0x0,0x0,0x50,0xd6,0x0,0x0,
0xb0,0xd6,0x0,0x0,0x0,0xd7,0x0,0x0,
0xd8,0xd7,0x0,0x0,0x30,0xd8,0x0,0x0,
0x88,0xd8,0x0,0x0,0xe0,0xd8,0x0,0x0,
0x10,0xda,0x0,0x0,0x68,0xda,0x0,0x0,
0xc0,0xda,0x0,0x0,0x30,0xdb,0x0,0x0,
0xb8,0xdb,0x0,0x0,0xb0,0xdc,0x0,0x0,
0x8,0xdd,0x0,0x0,0x88,0xdd,0x0,0x0,
0xd8,0xdd,0x0,0x0,0x28,0xde,0x0,0x0,
0x80,0xde,0x0,0x0,0xd8,0xde,0x0,0x0,
0x30,0xdf,0x0,0x0,0x88,0xdf,0x0,0x0,
0xf8,0xdf,0x0,0x0,0x50,0xe0,0x0,0x0,
0xa8,0xe0,0x0,0x0,0xb8,0xe0,0x0,0x0,
0xc8,0xe0,0x0,0x0,0xd8,0xe0,0x0,0x0,
0xe8,0xe0,0x0,0x0,0xf8,0xe0,0x0,0x0,
0x8,0xe1,0x0,0x0,0x18,0xe1,0x0,0x0,
0x28,0xe1,0x0,0x0,0x38,0xe1,0x0,0x0,
0x48,0xe1,0x0,0x0,0x58,0xe1,0x0,0x0,
0x68,0xe1,0x0,0x0,0x78,0xe1,0x0,0x0,
0x88,0xe1,0x0,0x0,0x98,0xe1,0x0,0x0,
0xa8,0xe1,0x0,0x0,0xb8,0xe1,0x0,0x0,
0xc8,0xe1,0x0,0x0,0xd8,0xe1,0x0,0x0,
0xe8,0xe1,0x0,0x0,0xf8,0xe1,0x0,0x0,
0x8,0xe2,0x0,0x0,0x18,0xe2,0x0,0x0,
0x28,0xe2,0x0,0x0,0x38,0xe2,0x0,0x0,
0x48,0xe2,0x0,0x0,0x58,0xe2,0x0,0x0,
0x68,0xe2,0x0,0x0,0x78,0xe2,0x0,0x0,
0x88,0xe2,0x0,0x0,0x98,0xe2,0x0,0x0,
0xa8,0xe2,0x0,0x0,0xb8,0xe2,0x0,0x0,
0xc8,0xe2,0x0,0x0,0xd8,0xe2,0x0,0x0,
0xe8,0xe2,0x0,0x0,0xf8,0xe2,0x0,0x0,
0x8,0xe3,0x0,0x0,0x18,0xe3,0x0,0x0,
0x28,0xe3,0x0,0x0,0x38,0xe3,0x0,0x0,
0x48,0xe3,0x0,0x0,0x58,0xe3,0x0,0x0,
0x68,0xe3,0x0,0x0,0x78,0xe3,0x0,0x0,
0x88,0xe3,0x0,0x0,0x98,0xe3,0x0,0x0,
0xa8,0xe3,0x0,0x0,0xb8,0xe3,0x0,0x0,
0xc8,0xe3,0x0,0x0,0xd8,0xe3,0x0,0x0,
0xe8,0xe3,0x0,0x0,0xf8,0xe3,0x0,0x0,
0x8,0xe4,0x0,0x0,0x18,0xe4,0x0,0x0,
0x28,0xe4,0x0,0x0,0x38,0xe4,0x0,0x0,
0x48,0xe4,0x0,0x0,0x58,0xe4,0x0,0x0,
0x68,0xe4,0x0,0x0,0x78,0xe4,0x0,0x0,
0x88,0xe4,0x0,0x0,0x93,0x1,0x0,0x0,
0xb3,0x1,0x0,0x0,0xd3,0x1,0x0,0x0,
0xf3,0x1,0x0,0x0,0x33,0x1,0x0,0x0,
0x14,0x16,0x0,0x0,0x24,0x16,0x0,0x0,
0x37,0x16,0x0,0x0,0x44,0x16,0x0,0x0,
0x74,0x16,0x0,0x0,0x84,0x16,0x0,0x0,
0x83,0xd,0x0,0x0,0x90,0x16,0x0,0x0,
0xa4,0x16,0x0,0x0,0xc3,0x16,0x0,0x0,
0xd4,0x16,0x0,0x0,0x23,0xe,0x0,0x0,
0xf0,0x16,0x0,0x0,0xa3,0x3,0x0,0x0,
0x20,0x10,0x0,0x0,0x0,0x17,0x0,0x0,
0x20,0x10,0x0,0x0,0xa3,0x3,0x0,0x0,
0x80,0x10,0x0,0x0,0x80,0x10,0x0,0x0,
0x0,0x17,0x0,0x0,0x80,0x10,0x0,0x0,
0x13,0x17,0x0,0x0,0x73,0x0,0x0,0x0,
0x33,0x17,0x0,0x0,0x54,0x2,0x0,0x0,
0x21,0x17,0x0,0x0,0x73,0x0,0x0,0x0,
0x73,0x0,0x0,0x0,0x33,0x17,0x0,0x0,
0x54,0x2,0x0,0x0,0xc1,0x2,0x0,0x0,
0x73,0x0,0x0,0x0,0x13,0x17,0x0,0x0,
0x73,0x0,0x0,0x0,0xc0,0x2,0x0,0x0,
0x44,0x17,0x0,0x0,0xd1,0x2,0x0,0x0,
0x73,0x0,0x0,0x0,0x10,0x3,0x0,0x0,
0x13,0x17,0x0,0x0,0x23,0xe,0x0,0x0,
0x70,0x17,0x0,0x0,0x64,0x17,0x0,0x0,
0x73,0x0,0x0,0x0,0x10,0x3,0x0,0x0,
0x13,0x17,0x0,0x0,0x23,0xe,0x0,0x0,
0x70,0x17,0x0,0x0,0x64,0x17,0x0,0x0,
0x73,0x0,0x0,0x0,0x10,0x3,0x0,0x0,
0x13,0x17,0x0,0x0,0x23,0xe,0x0,0x0,
0x70,0x17,0x0,0x0,0x64,0x17,0x0,0x0,
0x73,0x0,0x0,0x0,0x10,0x3,0x0,0x0,
0x13,0x17,0x0,0x0,0x23,0xe,0x0,0x0,
0x70,0x17,0x0,0x0,0x64,0x17,0x0,0x0,
0x73,0x0,0x0,0x0,0x10,0x3,0x0,0x0,
0x13,0x17,0x0,0x0,0x23,0xe,0x0,0x0,
0x70,0x17,0x0,0x0,0x64,0x17,0x0,0x0,
0x73,0x0,0x0,0x0,0x10,0x3,0x0,0x0,
0x13,0x17,0x0,0x0,0x23,0xe,0x0,0x0,
0x70,0x17,0x0,0x0,0x64,0x17,0x0,0x0,
0x73,0x0,0x0,0x0,0x10,0x3,0x0,0x0,
0x13,0x17,0x0,0x0,0x23,0xe,0x0,0x0,
0x70,0x17,0x0,0x0,0x23,0xe,0x0,0x0,
0xf0,0x16,0x0,0x0,0x23,0xe,0x0,0x0,
0xf0,0x16,0x0,0x0,0xe0,0xf,0x0,0x0,
0xe4,0x17,0x0,0x0,0x73,0x0,0x0,0x0,
0x10,0x3,0x0,0x0,0xf3,0x17,0x0,0x0,
0x0,0x18,0x0,0x0,0x23,0xe,0x0,0x0,
0x14,0x18,0x0,0x0,0x73,0x0,0x0,0x0,
0x10,0x3,0x0,0x0,0xf3,0x17,0x0,0x0,
0x20,0x18,0x0,0x0,0x23,0xe,0x0,0x0,
0x34,0x18,0x0,0x0,0x73,0x0,0x0,0x0,
0x10,0x3,0x0,0x0,0x73,0x0,0x0,0x0,
0xa1,0x3,0x0,0x0,0x73,0x0,0x0,0x0,
0x10,0x3,0x0,0x0,0x73,0x0,0x0,0x0,
0xa1,0x3,0x0,0x0,0x73,0x0,0x0,0x0,
0x10,0x3,0x0,0x0,0x73,0x0,0x0,0x0,
0xa1,0x3,0x0,0x0,0x73,0x0,0x0,0x0,
0x10,0x3,0x0,0x0,0x73,0x0,0x0,0x0,
0xa1,0x3,0x0,0x0,0x73,0x0,0x0,0x0,
0x10,0x3,0x0,0x0,0x73,0x0,0x0,0x0,
0xa1,0x3,0x0,0x0,0x73,0x0,0x0,0x0,
0x10,0x3,0x0,0x0,0xd3,0xa,0x0,0x0,
0x64,0x18,0x0,0x0,0x73,0x0,0x0,0x0,
0x10,0x3,0x0,0x0,0x83,0xd,0x0,0x0,
0xc4,0xd,0x0,0x0,0x73,0x0,0x0,0x0,
0x10,0x3,0x0,0x0,0x73,0x0,0x0,0x0,
0x73,0x0,0x0,0x0,0xc0,0x3,0x0,0x0,
0xc1,0x3,0x0,0x0,0x73,0x0,0x0,0x0,
0x10,0x3,0x0,0x0,0x73,0x0,0x0,0x0,
0xc0,0x3,0x0,0x0,0x73,0x0,0x0,0x0,
0x73,0x0,0x0,0x0,0xd0,0x3,0x0,0x0,
0xd1,0x3,0x0,0x0,0x73,0x0,0x0,0x0,
0xc0,0x3,0x0,0x0,0x73,0x0,0x0,0x0,
0xc1,0x3,0x0,0x0,0x73,0x0,0x0,0x0,
0x10,0x3,0x0,0x0,0x73,0x0,0x0,0x0,
0x73,0x0,0x0,0x0,0xe0,0x3,0x0,0x0,
0xe1,0x3,0x0,0x0,0x73,0x0,0x0,0x0,
0x10,0x3,0x0,0x0,0x23,0xe,0x0,0x0,
0xf0,0x16,0x0,0x0,0x13,0x17,0x0,0x0,
0x23,0xe,0x0,0x0,0x70,0x17,0x0,0x0,
0x23,0xe,0x0,0x0,0xf0,0x16,0x0,0x0,
0x80,0x11,0x0,0x0,0xd4,0x18,0x0,0x0,
0x13,0x17,0x0,0x0,0x73,0x0,0x0,0x0,
0xf7,0x18,0x0,0x0,0x73,0x0,0x0,0x0,
0x4,0x4,0x0,0x0,0x4,0x19,0x0,0x0,
0x4,0x19,0x0,0x0,0x4,0x19,0x0,0x0,
0x21,0x4,0x0,0x0,0x93,0x4,0x0,0x0,
0x24,0x19,0x0,0x0,0x73,0x0,0x0,0x0,
0x21,0x4,0x0,0x0,0x83,0x2,0x0,0x0,
0x34,0x19,0x0,0x0,0x13,0x17,0x0,0x0,
0x20,0x17,0x0,0x0,0xf3,0x2,0x0,0x0,
0x34,0x19,0x0,0x0,0xf7,0x18,0x0,0x0,
0x13,0x17,0x0,0x0,0x50,0x19,0x0,0x0,
0x4,0x19,0x0,0x0,0x13,0x17,0x0,0x0,
0x50,0x19,0x0,0x0,0x73,0x0,0x0,0x0,
0xf1,0x3,0x0,0x0,0x63,0x19,0x0,0x0,
0x74,0x19,0x0,0x0,0x73,0x0,0x0,0x0,
0x73,0x0,0x0,0x0,0xc0,0x3,0x0,0x0,
0xc1,0x3,0x0,0x0,0xd3,0xa,0x0,0x0,
0x64,0x18,0x0,0x0,0x73,0x0,0x0,0x0,
0x73,0x0,0x0,0x0,0xe0,0x3,0x0,0x0,
0xe1,0x3,0x0,0x0,0x23,0xe,0x0,0x0,
0xf0,0x16,0x0,0x0,0x23,0xe,0x0,0x0,
0xf0,0x16,0x0,0x0,0x0,0x11,0x0,0x0,
0x13,0x17,0x0,0x0,0x23,0xe,0x0,0x0,
0x70,0x17,0x0,0x0,0x23,0xe,0x0,0x0,
0xf0,0x16,0x0,0x0,0x23,0xe,0x0,0x0,
0xf0,0x16,0x0,0x0,0x80,0x11,0x0,0x0,
0xd4,0x18,0x0,0x0,0x23,0xe,0x0,0x0,
0xf0,0x16,0x0,0x0,0x13,0x17,0x0,0x0,
0x23,0xe,0x0,0x0,0x70,0x17,0x0,0x0,
0x23,0xe,0x0,0x0,0xf0,0x16,0x0,0x0,
0x23,0xe,0x0,0x0,0xf0,0x16,0x0,0x0,
0xe0,0xf,0x0,0x0,0xe4,0x17,0x0,0x0,
0x23,0xe,0x0,0x0,0xf0,0x16,0x0,0x0,
0x83,0xd,0x0,0x0,0xc4,0xd,0x0,0x0,
0x23,0xe,0x0,0x0,0xf0,0x16,0x0,0x0,
0x23,0xe,0x0,0x0,0xf0,0x16,0x0,0x0,
0xa0,0xf,0x0,0x0,0x73,0x0,0x0,0x0,
0xf1,0x3,0x0,0x0,0x93,0x19,0x0,0x0,
0x93,0x19,0x0,0x0,0x73,0x0,0x0,0x0,
0xf0,0x0,0x0,0x0,0x73,0x0,0x0,0x0,
0x20,0x4,0x0,0x0,0x73,0x0,0x0,0x0,
0x10,0x1,0x0,0x0,0x73,0x0,0x0,0x0,
0x20,0x4,0x0,0x0,0x13,0x17,0x0,0x0,
0xa0,0x19,0x0,0x0,0x13,0x17,0x0,0x0,
0xb0,0x19,0x0,0x0,0xf7,0x18,0x0,0x0,
0xc3,0x16,0x0,0x0,0x13,0x17,0x0,0x0,
0xa0,0x19,0x0,0x0,0xd4,0x16,0x0,0x0,
0x4,0x19,0x0,0x0,0x13,0x17,0x0,0x0,
0xb0,0x19,0x0,0x0,0x4,0x19,0x0,0x0,
0xf7,0x18,0x0,0x0,0xc3,0x16,0x0,0x0,
0x13,0x17,0x0,0x0,0xa0,0x19,0x0,0x0,
0xd4,0x16,0x0,0x0,0x4,0x19,0x0,0x0,
0x13,0x17,0x0,0x0,0xb0,0x19,0x0,0x0,
0x13,0x17,0x0,0x0,0xb0,0x19,0x0,0x0,
0x73,0x0,0x0,0x0,0xf0,0x0,0x0,0x0,
0x73,0x0,0x0,0x0,0x30,0x1,0x0,0x0,
0x73,0x0,0x0,0x0,0x30,0x1,0x0,0x0,
0x13,0x17,0x0,0x0,0xa0,0x19,0x0,0x0,
0x13,0x17,0x0,0x0,0x20,0x17,0x0,0x0,
0xf7,0x18,0x0,0x0,0x13,0x17,0x0,0x0,
0x20,0x17,0x0,0x0,0xf4,0x19,0x0,0x0,
0x14,0x1a,0x0,0x0,0x13,0x17,0x0,0x0,
0x20,0x1a,0x0,0x0,0xf7,0x18,0x0,0x0,
0x13,0x17,0x0,0x0,0x20,0x1a,0x0,0x0,
0x4,0x19,0x0,0x0,0x13,0x17,0x0,0x0,
0x20,0x17,0x0,0x0,0x73,0x0,0x0,0x0,
0x30,0x1,0x0,0x0,0x73,0x0,0x0,0x0,
0x10,0x1,0x0,0x0,0x73,0x0,0x0,0x0,
0x30,0x1,0x0,0x0,0x43,0x1a,0x0,0x0,
0x50,0x1a,0x0,0x0,0x43,0x1a,0x0,0x0,
0x60,0x1a,0x0,0x0,0xf7,0x18,0x0,0x0,
0xf7,0x18,0x0,0x0,0x43,0x1a,0x0,0x0,
0x90,0x1a,0x0,0x0,0x4,0x19,0x0,0x0,
0xf7,0x18,0x0,0x0,0x43,0x1a,0x0,0x0,
0x50,0x1a,0x0,0x0,0x73,0x0,0x0,0x0,
0x10,0x1,0x0,0x0,0x73,0x0,0x0,0x0,
0x30,0x1,0x0,0x0,0x73,0x0,0x0,0x0,
0x30,0x1,0x0,0x0,0x73,0x0,0x0,0x0,
0xc0,0x3,0x0,0x0,0x73,0x0,0x0,0x0,
0xf0,0x0,0x0,0x0,0x73,0x0,0x0,0x0,
0x10,0x1,0x0,0x0,0x83,0x8,0x0,0x0,
0xb0,0x1a,0x0,0x0,0x63,0x19,0x0,0x0,
0xc0,0x1a,0x0,0x0,0x73,0x0,0x0,0x0,
0x73,0x0,0x0,0x0,0xc0,0x3,0x0,0x0,
0xc1,0x3,0x0,0x0,0x93,0x19,0x0,0x0,
0xd3,0x1a,0x0,0x0,0xb0,0x9,0x0,0x0,
0x73,0x0,0x0,0x0,0xf0,0x0,0x0,0x0,
0x53,0xa,0x0,0x0,0xb0,0x1a,0x0,0x0,
0x23,0x9,0x0,0x0,0x90,0x0,0x0,0x0,
0x73,0x0,0x0,0x0,0xf0,0x0,0x0,0x0,
0x93,0x19,0x0,0x0,0xd3,0x1a,0x0,0x0,
0xb0,0x9,0x0,0x0,0x73,0x0,0x0,0x0,
0x90,0x1,0x0,0x0,0x93,0x19,0x0,0x0,
0x70,0x9,0x0,0x0,0xd3,0x1a,0x0,0x0,
0xb0,0x9,0x0,0x0,0x73,0x0,0x0,0x0,
0x30,0x1,0x0,0x0,0xd3,0x1a,0x0,0x0,
0xb0,0x9,0x0,0x0,0xf3,0x1a,0x0,0x0,
0x0,0x1b,0x0,0x0,0x53,0x9,0x0,0x0,
0x41,0xa,0x0,0x0,0xd3,0x1a,0x0,0x0,
0xb0,0x9,0x0,0x0,0xf7,0x18,0x0,0x0,
0xf7,0x18,0x0,0x0,0xd3,0x1a,0x0,0x0,
0xb0,0x9,0x0,0x0,0x73,0x0,0x0,0x0,
0xf0,0x0,0x0,0x0,0x63,0x19,0x0,0x0,
0xc0,0x1a,0x0,0x0,0xd3,0x1a,0x0,0x0,
0xb0,0x9,0x0,0x0,0xd3,0x1a,0x0,0x0,
0x34,0x1b,0x0,0x0,0xd3,0x1a,0x0,0x0,
0x44,0x1b,0x0,0x0,0x93,0x19,0x0,0x0,
0x93,0x19,0x0,0x0,0x90,0x0,0x0,0x0,
0x73,0x0,0x0,0x0,0x50,0x1,0x0,0x0,
0x93,0x19,0x0,0x0,0x60,0xa,0x0,0x0,
0x43,0x1a,0x0,0x0,0xb0,0x9,0x0,0x0,
0x83,0x0,0x0,0x0,0x93,0x19,0x0,0x0,
0x73,0x0,0x0,0x0,0x43,0x1a,0x0,0x0,
0x50,0x1b,0x0,0x0,0x14,0x2,0x0,0x0,
0x43,0x1a,0x0,0x0,0x60,0x1b,0x0,0x0,
0xf7,0x18,0x0,0x0,0x43,0x1a,0x0,0x0,
0x60,0x1b,0x0,0x0,0xf7,0x18,0x0,0x0,
0x43,0x1a,0x0,0x0,0x90,0x1b,0x0,0x0,
0x4,0x19,0x0,0x0,0x43,0x1a,0x0,0x0,
0x60,0x1b,0x0,0x0,0x73,0x0,0x0,0x0,
0x10,0x1,0x0,0x0,0x43,0x1a,0x0,0x0,
0x50,0x1b,0x0,0x0,0x73,0x0,0x0,0x0,
0x43,0x1a,0x0,0x0,0x50,0x1b,0x0,0x0,
0x14,0x2,0x0,0x0,0x43,0x1a,0x0,0x0,
0x50,0x1b,0x0,0x0,0x93,0x19,0x0,0x0,
0x90,0x0,0x0,0x0,0x43,0x1a,0x0,0x0,
0xa0,0x1b,0x0,0x0,0x93,0x19,0x0,0x0,
0xa0,0x0,0x0,0x0,0x73,0x0,0x0,0x0,
0xf0,0x0,0x0,0x0,0xf7,0x18,0x0,0x0,
0xc3,0x16,0x0,0x0,0x43,0x1a,0x0,0x0,
0xa0,0x1b,0x0,0x0,0xd4,0x16,0x0,0x0,
0x4,0x19,0x0,0x0,0x43,0x1a,0x0,0x0,
0xc0,0x1b,0x0,0x0,0xa4,0x16,0x0,0x0,
0x4,0x19,0x0,0x0,0x73,0x0,0x0,0x0,
0x10,0x1,0x0,0x0,0x93,0x19,0x0,0x0,
0x90,0x0,0x0,0x0,0x73,0x0,0x0,0x0,
0x50,0x1,0x0,0x0,0x93,0x19,0x0,0x0,
0x60,0xa,0x0,0x0,0x43,0x1a,0x0,0x0,
0xd0,0x1b,0x0,0x0,0x43,0x1a,0x0,0x0,
0x50,0x1a,0x0,0x0,0x43,0x1a,0x0,0x0,
0xe0,0x1b,0x0,0x0,0x83,0x0,0x0,0x0,
0x43,0x1a,0x0,0x0,0xe0,0x1b,0x0,0x0,
0xf7,0x18,0x0,0x0,0x43,0x1a,0x0,0x0,
0xd0,0x1b,0x0,0x0,0x93,0x19,0x0,0x0,
0x73,0x0,0x0,0x0,0x70,0x1,0x0,0x0,
0x73,0x0,0x0,0x0,0xd0,0x4,0x0,0x0,
0x73,0x0,0x0,0x0,0xd0,0x4,0x0,0x0,
0x23,0xe,0x0,0x0,0xf0,0x16,0x0,0x0,
0x23,0xe,0x0,0x0,0xf0,0x16,0x0,0x0,
0xe0,0x10,0x0,0x0,0x73,0x0,0x0,0x0,
0xd0,0x4,0x0,0x0,0x73,0x0,0x0,0x0,
0xd0,0x4,0x0,0x0,0x23,0xe,0x0,0x0,
0xf0,0x16,0x0,0x0,0x23,0xe,0x0,0x0,
0xf0,0x16,0x0,0x0,0xc0,0x10,0x0,0x0,
0x73,0x0,0x0,0x0,0xd0,0x4,0x0,0x0,
0x0,0x1c,0x0,0x0,0x73,0x0,0x0,0x0,
0xd0,0x4,0x0,0x0,0x23,0xe,0x0,0x0,
0xf0,0x16,0x0,0x0,0x23,0xe,0x0,0x0,
0xf0,0x16,0x0,0x0,0xc0,0x10,0x0,0x0,
0x73,0x0,0x0,0x0,0xd0,0x4,0x0,0x0,
0x10,0x1c,0x0,0x0,0x23,0xe,0x0,0x0,
0xf0,0x16,0x0,0x0,0x23,0xe,0x0,0x0,
0xf0,0x16,0x0,0x0,0x0,0x11,0x0,0x0,
0x23,0xe,0x0,0x0,0xf0,0x16,0x0,0x0,
0x23,0xe,0x0,0x0,0xf0,0x16,0x0,0x0,
0x20,0x11,0x0,0x0,0x23,0xe,0x0,0x0,
0xf0,0x16,0x0,0x0,0x23,0xe,0x0,0x0,
0xf0,0x16,0x0,0x0,0x40,0x11,0x0,0x0,
0x23,0xe,0x0,0x0,0xf0,0x16,0x0,0x0,
0x23,0xe,0x0,0x0,0xf0,0x16,0x0,0x0,
0x60,0x11,0x0,0x0,0x73,0x0,0x0,0x0,
0xe0,0x3,0x0,0x0,0x13,0x17,0x0,0x0,
0x23,0xe,0x0,0x0,0x70,0x17,0x0,0x0,
0x24,0x1c,0x0,0x0,0x93,0x19,0x0,0x0,
0x93,0x19,0x0,0x0,0x10,0xc,0x0,0x0,
0x93,0x19,0x0,0x0,0x60,0xa,0x0,0x0,
0xd3,0xa,0x0,0x0,0x80,0x0,0x0,0x0,
0xd3,0xa,0x0,0x0,0x50,0xb,0x0,0x0,
0x73,0x0,0x0,0x0,0xe0,0x3,0x0,0x0,
0xf7,0x18,0x0,0x0,0xf7,0x18,0x0,0x0,
0x73,0x0,0x0,0x0,0xe0,0x3,0x0,0x0,
0x33,0xc,0x0,0x0,0xb0,0x1a,0x0,0x0,
0x63,0x19,0x0,0x0,0xc0,0x1a,0x0,0x0,
0x73,0x0,0x0,0x0,0x73,0x0,0x0,0x0,
0xe0,0x3,0x0,0x0,0xe1,0x3,0x0,0x0,
0x93,0x19,0x0,0x0,0xd3,0xa,0x0,0x0,
0x80,0x0,0x0,0x0,0xd3,0xa,0x0,0x0,
0x50,0xb,0x0,0x0,0x73,0x0,0x0,0x0,
0xe0,0x3,0x0,0x0,0x23,0xe,0x0,0x0,
0xf0,0x16,0x0,0x0,0x23,0xe,0x0,0x0,
0xf0,0x16,0x0,0x0,0x80,0x11,0x0,0x0,
0xf7,0x18,0x0,0x0,0xf7,0x18,0x0,0x0,
0x53,0xc,0x0,0x0,0xb0,0x1a,0x0,0x0,
0x63,0x19,0x0,0x0,0xc0,0x1a,0x0,0x0,
0x13,0x17,0x0,0x0,0x23,0xe,0x0,0x0,
0x70,0x17,0x0,0x0,0x23,0xe,0x0,0x0,
0xf0,0x16,0x0,0x0,0x23,0xe,0x0,0x0,
0xf0,0x16,0x0,0x0,0x80,0x11,0x0,0x0,
0xd4,0x18,0x0,0x0,0x93,0x19,0x0,0x0,
0xd3,0xa,0x0,0x0,0x80,0x0,0x0,0x0,
0xd3,0xa,0x0,0x0,0x10,0xb,0x0,0x0,
0xd3,0xa,0x0,0x0,0x70,0x1c,0x0,0x0,
0xf7,0x18,0x0,0x0,0xc3,0x16,0x0,0x0,
0xd3,0xa,0x0,0x0,0x90,0x1c,0x0,0x0,
0xd4,0x16,0x0,0x0,0x63,0xc,0x0,0x0,
0xb0,0x1a,0x0,0x0,0xd3,0xa,0x0,0x0,
0x70,0x1c,0x0,0x0,0x63,0x19,0x0,0x0,
0xc0,0x1a,0x0,0x0,0xd3,0xa,0x0,0x0,
0x64,0x18,0x0,0x0,0x93,0x19,0x0,0x0,
0x73,0x0,0x0,0x0,0xd0,0x4,0x0,0x0,
0x23,0xe,0x0,0x0,0xf0,0x16,0x0,0x0,
0x93,0x19,0x0,0x0,0x70,0xc,0x0,0x0,
0x93,0x19,0x0,0x0,0x60,0xa,0x0,0x0,
0x23,0xe,0x0,0x0,0xf0,0x16,0x0,0x0,
0x73,0x0,0x0,0x0,0xd0,0x4,0x0,0x0,
0x23,0xe,0x0,0x0,0xf0,0x16,0x0,0x0,
0x20,0x10,0x0,0x0,0x73,0x0,0x0,0x0,
0xd0,0x4,0x0,0x0,0x73,0x0,0x0,0x0,
0x53,0x5,0x0,0x0,0x14,0x2,0x0,0x0,
0x73,0x0,0x0,0x0,0xa0,0x3,0x0,0x0,
0xf7,0x18,0x0,0x0,0xf7,0x18,0x0,0x0,
0x93,0x19,0x0,0x0,0x70,0x9,0x0,0x0,
0x23,0xe,0x0,0x0,0xf0,0x16,0x0,0x0,
0x73,0x0,0x0,0x0,0xd0,0x4,0x0,0x0,
0x93,0x19,0x0,0x0,0x23,0xe,0x0,0x0,
0xf0,0x16,0x0,0x0,0x23,0xe,0x0,0x0,
0xf0,0x16,0x0,0x0,0x80,0xf,0x0,0x0,
0x93,0x19,0x0,0x0,0xa0,0xc,0x0,0x0,
0x23,0xe,0x0,0x0,0xf0,0x16,0x0,0x0,
0x73,0x0,0x0,0x0,0xa0,0x3,0x0,0x0,
0xf7,0x18,0x0,0x0,0x73,0x0,0x0,0x0,
0xa0,0x3,0x0,0x0,0x4,0x19,0x0,0x0,
0x23,0xe,0x0,0x0,0xf0,0x16,0x0,0x0,
0xa0,0xf,0x0,0x0,0x23,0xe,0x0,0x0,
0xf0,0x16,0x0,0x0,0xe0,0xf,0x0,0x0,
0xf7,0x18,0x0,0x0,0x23,0xe,0x0,0x0,
0xf0,0x16,0x0,0x0,0x23,0xe,0x0,0x0,
0xf0,0x16,0x0,0x0,0xa0,0xf,0x0,0x0,
0x93,0x19,0x0,0x0,0xa0,0xc,0x0,0x0,
0x23,0xe,0x0,0x0,0x20,0x1d,0x0,0x0,
0x13,0x17,0x0,0x0,0x20,0x17,0x0,0x0,
0xf7,0x18,0x0,0x0,0xf7,0x18,0x0,0x0,
0x93,0x19,0x0,0x0,0x93,0x19,0x0,0x0,
0x90,0x0,0x0,0x0,0x73,0x0,0x0,0x0,
0x50,0x1,0x0,0x0,0x93,0x19,0x0,0x0,
0x23,0xe,0x0,0x0,0xf0,0x16,0x0,0x0,
0x23,0xe,0x0,0x0,0xf0,0x16,0x0,0x0,
0x20,0x10,0x0,0x0,0x93,0x19,0x0,0x0,
0x20,0xd,0x0,0x0,0x73,0x0,0x0,0x0,
0x93,0x19,0x0,0x0,0x20,0xd,0x0,0x0,
0x14,0x2,0x0,0x0,0x53,0xd,0x0,0x0,
0xb0,0x1a,0x0,0x0,0x73,0x0,0x0,0x0,
0xa0,0x3,0x0,0x0,0x93,0x19,0x0,0x0,
0x20,0xd,0x0,0x0,0x63,0x19,0x0,0x0,
0xc0,0x1a,0x0,0x0,0x73,0x0,0x0,0x0,
0x73,0x0,0x0,0x0,0xa0,0x3,0x0,0x0,
0x93,0x19,0x0,0x0,0x90,0x19,0x0,0x0,
0x20,0xd,0x0,0x0,0x93,0x19,0x0,0x0,
0x90,0x19,0x0,0x0,0x20,0xd,0x0,0x0,
0xa1,0x3,0x0,0x0,0x93,0x19,0x0,0x0,
0x23,0xe,0x0,0x0,0xf0,0x16,0x0,0x0,
0x23,0xe,0x0,0x0,0xf0,0x16,0x0,0x0,
0x60,0x10,0x0,0x0,0x93,0x19,0x0,0x0,
0x10,0xd,0x0,0x0,0x23,0xe,0x0,0x0,
0xf0,0x16,0x0,0x0,0x40,0x10,0x0,0x0,
0x93,0x19,0x0,0x0,0x10,0xd,0x0,0x0,
0xa4,0x16,0x0,0x0,0x73,0x0,0x0,0x0,
0x10,0x1,0x0,0x0,0x23,0xe,0x0,0x0,
0xf0,0x16,0x0,0x0,0x73,0x0,0x0,0x0,
0xd0,0x4,0x0,0x0,0x23,0xe,0x0,0x0,
0xf0,0x16,0x0,0x0,0xa0,0x10,0x0,0x0,
0x73,0x0,0x0,0x0,0xd0,0x4,0x0,0x0,
0x60,0x1c,0x0,0x0,0xf7,0x18,0x0,0x0,
0x60,0x1c,0x0,0x0,0xa4,0x16,0x0,0x0,
0x4,0x19,0x0,0x0,0x50,0x1c,0x0,0x0,
0xa4,0x16,0x0,0x0,0x4,0x19,0x0,0x0,
0x73,0x0,0x0,0x0,0x10,0x1,0x0,0x0,
0x23,0xe,0x0,0x0,0xf0,0x16,0x0,0x0,
0x23,0xe,0x0,0x0,0xf0,0x16,0x0,0x0,
0x23,0xe,0x0,0x0,0xf0,0x16,0x0,0x0,
0xc0,0xf,0x0,0x0,0x13,0xd,0x0,0x0,
0x23,0xe,0x0,0x0,0xf0,0x16,0x0,0x0,
0x23,0xe,0x0,0x0,0xf0,0x16,0x0,0x0,
0xc0,0xf,0x0,0x0,0x13,0xd,0x0,0x0,
0x73,0x0,0x0,0x0,0xf0,0x0,0x0,0x0,
0x73,0x0,0x0,0x0,0x30,0x1,0x0,0x0,
0x63,0x19,0x0,0x0,0xc0,0x1a,0x0,0x0,
0x93,0x19,0x0,0x0,0x10,0xd,0x0,0x0,
0x13,0x17,0x0,0x0,0x23,0xe,0x0,0x0,
0x70,0x17,0x0,0x0,0x23,0xe,0x0,0x0,
0xf0,0x16,0x0,0x0,0xc0,0xf,0x0,0x0,
0x64,0x17,0x0,0x0,0x93,0x19,0x0,0x0,
0x23,0xe,0x0,0x0,0xf0,0x16,0x0,0x0,
0x23,0xe,0x0,0x0,0xf0,0x16,0x0,0x0,
0x23,0xe,0x0,0x0,0xf0,0x16,0x0,0x0,
0xe0,0xf,0x0,0x0,0x73,0x0,0x0,0x0,
0xf0,0x0,0x0,0x0,0x73,0x0,0x0,0x0,
0x30,0x1,0x0,0x0,0x23,0xe,0x0,0x0,
0xf0,0x16,0x0,0x0,0x23,0xe,0x0,0x0,
0xf0,0x16,0x0,0x0,0xe0,0xf,0x0,0x0,
0x63,0x19,0x0,0x0,0xc0,0x1a,0x0,0x0,
0x13,0x17,0x0,0x0,0x23,0xe,0x0,0x0,
0x70,0x17,0x0,0x0,0x23,0xe,0x0,0x0,
0xf0,0x16,0x0,0x0,0x23,0xe,0x0,0x0,
0xf0,0x16,0x0,0x0,0xe0,0xf,0x0,0x0,
0xe4,0x17,0x0,0x0,0x93,0x19,0x0,0x0,
0x23,0xe,0x0,0x0,0xf0,0x16,0x0,0x0,
0x23,0xe,0x0,0x0,0xf0,0x16,0x0,0x0,
0x23,0xe,0x0,0x0,0xf0,0x16,0x0,0x0,
0x0,0x10,0x0,0x0,0x73,0x0,0x0,0x0,
0x10,0x1,0x0,0x0,0x23,0xe,0x0,0x0,
0xf0,0x16,0x0,0x0,0xa7,0x1d,0x0,0x0,
0xb7,0x1d,0x0,0x0,0x13,0x17,0x0,0x0,
0x23,0xe,0x0,0x0,0x70,0x17,0x0,0x0,
0x53,0x5,0x0,0x0,0xc4,0x1d,0x0,0x0,
0x23,0xe,0x0,0x0,0xa4,0x1d,0x0,0x0,
0x93,0x19,0x0,0x0,0x90,0x0,0x0,0x0,
0x83,0xd,0x0,0x0,0x90,0x16,0x0,0x0,
0x73,0x0,0x0,0x0,0xf0,0x0,0x0,0x0,
0x93,0x19,0x0,0x0,0x60,0xa,0x0,0x0,
0x23,0xe,0x0,0x0,0xf0,0x16,0x0,0x0,
0x23,0xe,0x0,0x0,0xf0,0x16,0x0,0x0,
0x0,0x10,0x0,0x0,0x23,0xe,0x0,0x0,
0xa4,0x1d,0x0,0x0,0x93,0x19,0x0,0x0,
0x90,0x0,0x0,0x0,0x73,0x0,0x0,0x0,
0x50,0x1,0x0,0x0,0x23,0xe,0x0,0x0,
0x20,0x1d,0x0,0x0,0x73,0x0,0x0,0x0,
0x30,0x1,0x0,0x0,0x93,0x19,0x0,0x0,
0x13,0xe,0x0,0x0,0xd0,0x1d,0x0,0x0,
0x13,0x17,0x0,0x0,0x13,0x17,0x0,0x0,
0x20,0x9,0x0,0x0,0x13,0x17,0x0,0x0,
0x20,0x9,0x0,0x0,0x73,0x17,0x0,0x0,
0x23,0x1d,0x0,0x0,0x23,0x1d,0x0,0x0,
0x93,0x19,0x0,0x0,0xb3,0xe,0x0,0x0,
0xc3,0xe,0x0,0x0,0xd3,0xe,0x0,0x0,
0xe3,0xe,0x0,0x0,0xa3,0xd,0x0,0x0,
0xf3,0xe,0x0,0x0,0x3,0xf,0x0,0x0,
0x13,0xf,0x0,0x0,0x23,0xf,0x0,0x0,
0x33,0xf,0x0,0x0,0x43,0xf,0x0,0x0,
0x53,0xf,0x0,0x0,0x63,0xf,0x0,0x0,
0x73,0xb,0x0,0x0,0x93,0xb,0x0,0x0,
0xb3,0xb,0x0,0x0,0x73,0xf,0x0,0x0,
0x23,0xe,0x0,0x0,0xa0,0x0,0x0,0x0,
0x93,0x19,0x0,0x0,0x93,0x19,0x0,0x0,
0x90,0x0,0x0,0x0,0xa3,0xe,0x0,0x0,
0xe0,0xe,0x0,0x0,0xa3,0xe,0x0,0x0,
0xc0,0xe,0x0,0x0,0xa3,0xe,0x0,0x0,
0xe0,0xe,0x0,0x0,0xa3,0xe,0x0,0x0,
0x10,0xe,0x0,0x0,0xe0,0x1d,0x0,0x0,
0x73,0x0,0x0,0x0,0xf0,0x0,0x0,0x0,
0xa3,0xe,0x0,0x0,0x20,0xf,0x0,0x0,
0x0,0x17,0x0,0x0,0xa3,0xe,0x0,0x0,
0x20,0xf,0x0,0x0,0xa3,0xe,0x0,0x0,
0x20,0xf,0x0,0x0,0x44,0x16,0x0,0x0,
0xb3,0x11,0x0,0x0,0x10,0x1e,0x0,0x0,
0xa3,0xe,0x0,0x0,0xe0,0xe,0x0,0x0,
0x93,0x19,0x0,0x0,0xa3,0xe,0x0,0x0,
0xc0,0xe,0x0,0x0,0x73,0x0,0x0,0x0,
0x10,0x1,0x0,0x0,0x93,0x19,0x0,0x0,
0xa3,0xe,0x0,0x0,0xf0,0xe,0x0,0x0,
0xa3,0xe,0x0,0x0,0x0,0xf,0x0,0x0,
0x13,0xd,0x0,0x0,0x73,0x0,0x0,0x0,
0x23,0xd,0x0,0x0,0x14,0x2,0x0,0x0,
0xa3,0xe,0x0,0x0,0xb0,0xe,0x0,0x0,
0x84,0x16,0x0,0x0,0xa3,0xe,0x0,0x0,
0xe0,0xe,0x0,0x0,0xa3,0xe,0x0,0x0,
0x10,0xe,0x0,0x0,0xe0,0x1d,0x0,0x0,
0x73,0x0,0x0,0x0,0xf0,0x0,0x0,0x0,
0x73,0x0,0x0,0x0,0x30,0x1,0x0,0x0,
0xa3,0xe,0x0,0x0,0xd0,0xe,0x0,0x0,
0x73,0x0,0x0,0x0,0xa3,0xe,0x0,0x0,
0xd0,0xe,0x0,0x0,0x34,0x2,0x0,0x0,
0xa3,0xe,0x0,0x0,0x10,0xe,0x0,0x0,
0xe0,0x1d,0x0,0x0,0x73,0x0,0x0,0x0,
0xf0,0x0,0x0,0x0,0x73,0x0,0x0,0x0,
0x30,0x1,0x0,0x0,0x23,0xe,0x0,0x0,
0xa3,0xe,0x0,0x0,0x10,0xd,0x0,0x0,
0x71,0x17,0x0,0x0,0x93,0x19,0x0,0x0,
0xd3,0x1a,0x0,0x0,0xb0,0x9,0x0,0x0,
0xd3,0x1a,0x0,0x0,0x50,0x1e,0x0,0x0,
0x93,0x19,0x0,0x0,0xc3,0x16,0x0,0x0,
0x93,0x19,0x0,0x0,0x90,0x0,0x0,0x0,
0x64,0x1e,0x0,0x0,0x93,0x19,0x0,0x0,
0x93,0x19,0x0,0x0,0x90,0x0,0x0,0x0,
0xd3,0x1a,0x0,0x0,0x50,0x1a,0x0,0x0,
0xf7,0x18,0x0,0x0,0xf7,0x18,0x0,0x0,
0xd3,0x1a,0x0,0x0,0x50,0x1a,0x0,0x0,
0x73,0x0,0x0,0x0,0x90,0x1,0x0,0x0,
0x83,0x12,0x0,0x0,0xb0,0x1a,0x0,0x0,
0x63,0x19,0x0,0x0,0xc0,0x1a,0x0,0x0,
0xd3,0x1a,0x0,0x0,0x34,0x1b,0x0,0x0,
0x93,0x19,0x0,0x0,0x93,0x19,0x0,0x0,
0x90,0x0,0x0,0x0,0xd3,0x1a,0x0,0x0,
0xa0,0x1e,0x0,0x0,0xb3,0x11,0x0,0x0,
0xb0,0x1e,0x0,0x0,0x93,0x19,0x0,0x0,
0x93,0x19,0x0,0x0,0x90,0x0,0x0,0x0,
0x93,0x19,0x0,0x0,0x90,0x0,0x0,0x0,
0xc3,0x16,0x0,0x0,0xd3,0x1a,0x0,0x0,
0xd0,0x12,0x0,0x0,0x64,0x1e,0x0,0x0,
0x93,0x19,0x0,0x0,0xa0,0x0,0x0,0x0,
0x93,0x19,0x0,0x0,0x90,0x0,0x0,0x0,
0xc3,0x16,0x0,0x0,0xd3,0x1a,0x0,0x0,
0xc0,0x1e,0x0,0x0,0x64,0x1e,0x0,0x0,
0x93,0x19,0x0,0x0,0xa0,0x0,0x0,0x0,
0x73,0x0,0x0,0x0,0x90,0x1,0x0,0x0,
0xd3,0x1a,0x0,0x0,0xd0,0x12,0x0,0x0,
0xa4,0x16,0x0,0x0,0xf7,0x18,0x0,0x0,
0xd3,0x1a,0x0,0x0,0xc0,0x1e,0x0,0x0,
0xa4,0x16,0x0,0x0,0xd3,0x1a,0x0,0x0,
0x50,0x1e,0x0,0x0,0x93,0x19,0x0,0x0,
0x90,0x0,0x0,0x0,0xe3,0x1e,0x0,0x0,
0xf0,0x1e,0x0,0x0,0xd3,0x1a,0x0,0x0,
0x50,0x1e,0x0,0x0,0x73,0x0,0x0,0x0,
0x90,0x1,0x0,0x0,0x73,0x0,0x0,0x0,
0xc0,0x3,0x0,0x0,0x93,0x19,0x0,0x0,
0x93,0x19,0x0,0x0,0x40,0x13,0x0,0x0,
0x93,0x19,0x0,0x0,0x70,0xc,0x0,0x0,
0x93,0x19,0x0,0x0,0x10,0xc,0x0,0x0,
0x73,0x0,0x0,0x0,0xd0,0x3,0x0,0x0,
0xf7,0x18,0x0,0x0,0xf7,0x18,0x0,0x0,
0x73,0x0,0x0,0x0,0xf0,0x0,0x0,0x0,
0x73,0x0,0x0,0x0,0xd0,0x3,0x0,0x0,
0x73,0x0,0x0,0x0,0x30,0x1,0x0,0x0,
0x73,0x0,0x0,0x0,0xf0,0x0,0x0,0x0,
0x73,0x13,0x0,0x0,0xb0,0x1a,0x0,0x0,
0x63,0x19,0x0,0x0,0xc0,0x1a,0x0,0x0,
0x73,0x0,0x0,0x0,0xd1,0x3,0x0,0x0,
0x93,0x19,0x0,0x0,0x73,0x0,0x0,0x0,
0xd0,0x3,0x0,0x0,0x73,0x0,0x0,0x0,
0xf0,0x0,0x0,0x0,0x73,0x0,0x0,0x0,
0x30,0x1,0x0,0x0,0x93,0x13,0x0,0x0,
0xb0,0x1a,0x0,0x0,0x63,0x19,0x0,0x0,
0xc0,0x1a,0x0,0x0,0x73,0x0,0x0,0x0,
0xd1,0x3,0x0,0x0,0x93,0x19,0x0,0x0,
0x73,0x0,0x0,0x0,0x10,0x1,0x0,0x0,
0xb3,0x13,0x0,0x0,0xb0,0x1a,0x0,0x0,
0x63,0x19,0x0,0x0,0xc0,0x1a,0x0,0x0,
0x73,0x0,0x0,0x0,0xc1,0x3,0x0,0x0,
0x93,0x19,0x0,0x0,0x73,0x0,0x0,0x0,
0xd0,0x3,0x0,0x0,0x13,0x17,0x0,0x0,
0x33,0x13,0x0,0x0,0x60,0xa,0x0,0x0,
0x93,0x19,0x0,0x0,0x70,0xc,0x0,0x0,
0x93,0x19,0x0,0x0,0x10,0xc,0x0,0x0,
0x93,0x19,0x0,0x0,0x60,0xa,0x0,0x0,
0x23,0xf,0x0,0x0,0x0,0x17,0x0,0x0,
0x23,0xf,0x0,0x0,0x23,0xf,0x0,0x0,
0x44,0x16,0x0,0x0,0xf3,0x13,0x0,0x0,
0xe0,0xe,0x0,0x0,0xf3,0x13,0x0,0x0,
0x0,0x14,0x0,0x0,0xb3,0x11,0x0,0x0,
0x10,0x1e,0x0,0x0,0x93,0x19,0x0,0x0,
0xf3,0x13,0x0,0x0,0xb0,0xe,0x0,0x0,
0x84,0x16,0x0,0x0,0xf3,0x13,0x0,0x0,
0xe0,0xe,0x0,0x0,0xf3,0x13,0x0,0x0,
0xd0,0xe,0x0,0x0,0x73,0x0,0x0,0x0,
0xf3,0x13,0x0,0x0,0xd0,0xe,0x0,0x0,
0x34,0x2,0x0,0x0,0xf3,0x13,0x0,0x0,
0xc0,0xe,0x0,0x0,0xf7,0x18,0x0,0x0,
0x73,0x0,0x0,0x0,0x10,0x1,0x0,0x0,
0x23,0xe,0x0,0x0,0xf3,0x13,0x0,0x0,
0x10,0xd,0x0,0x0,0x71,0x17,0x0,0x0,
0x73,0x0,0x0,0x0,0xc1,0x3,0x0,0x0,
0x93,0x19,0x0,0x0,0x73,0x0,0x0,0x0,
0xd0,0x3,0x0,0x0,0x13,0x17,0x0,0x0,
0x33,0x13,0x0,0x0,0x60,0xa,0x0,0x0,
0x93,0x19,0x0,0x0,0x70,0xc,0x0,0x0,
0x93,0x19,0x0,0x0,0x10,0xc,0x0,0x0,
0x93,0x19,0x0,0x0,0x60,0xa,0x0,0x0,
0x23,0xf,0x0,0x0,0x0,0x17,0x0,0x0,
0x23,0xf,0x0,0x0,0x23,0xf,0x0,0x0,
0x44,0x16,0x0,0x0,0x13,0xe,0x0,0x0,
0x40,0x1f,0x0,0x0,0x90,0x0,0x0,0x0,
0x93,0x19,0x0,0x0,0x90,0x0,0x0,0x0,
0x73,0x0,0x0,0x0,0x50,0x1,0x0,0x0,
0x93,0x19,0x0,0x0,0x60,0xa,0x0,0x0,
0x93,0x19,0x0,0x0,0x33,0x14,0x0,0x0,
0xe0,0xe,0x0,0x0,0x33,0x14,0x0,0x0,
0x0,0x14,0x0,0x0,0xb3,0x11,0x0,0x0,
0x10,0x1e,0x0,0x0,0x93,0x19,0x0,0x0,
0x33,0x14,0x0,0x0,0xb0,0xe,0x0,0x0,
0x84,0x16,0x0,0x0,0x73,0x0,0x0,0x0,
0xf0,0x0,0x0,0x0,0x53,0x1f,0x0,0x0,
0x33,0x14,0x0,0x0,0x40,0x14,0x0,0x0,
0x63,0x19,0x0,0x0,0x74,0x1f,0x0,0x0,
0x64,0x1f,0x0,0x0,0x73,0x0,0x0,0x0,
0x10,0x1,0x0,0x0,0x33,0x14,0x0,0x0,
0xf0,0xe,0x0,0x0,0x23,0xd,0x0,0x0,
0x33,0x14,0x0,0x0,0x10,0xf,0x0,0x0,
0x13,0xd,0x0,0x0,0x33,0x14,0x0,0x0,
0x10,0xf,0x0,0x0,0x13,0xd,0x0,0x0,
0xa4,0x16,0x0,0x0,0x73,0x0,0x0,0x0,
0x23,0xd,0x0,0x0,0x14,0x2,0x0,0x0,
0x33,0x14,0x0,0x0,0xc0,0xe,0x0,0x0,
0xf7,0x18,0x0,0x0,0x73,0x0,0x0,0x0,
0xf0,0x0,0x0,0x0,0x33,0x14,0x0,0x0,
0xa0,0xd,0x0,0x0,0x73,0x0,0x0,0x0,
0x30,0x1,0x0,0x0,0xe3,0x1e,0x0,0x0,
0xa0,0x1f,0x0,0x0,0x33,0x14,0x0,0x0,
0xe0,0xe,0x0,0x0,0x33,0x14,0x0,0x0,
0xd0,0xe,0x0,0x0,0x73,0x0,0x0,0x0,
0x33,0x14,0x0,0x0,0xd0,0xe,0x0,0x0,
0x34,0x2,0x0,0x0,0x73,0x0,0x0,0x0,
0xf0,0x0,0x0,0x0,0x23,0xe,0x0,0x0,
0x33,0x14,0x0,0x0,0x10,0xd,0x0,0x0,
0x71,0x17,0x0,0x0,0x73,0x0,0x0,0x0,
0xc1,0x3,0x0,0x0,0x93,0x19,0x0,0x0,
0x73,0x0,0x0,0x0,0xd0,0x2,0x0,0x0,
0x0,0x17,0x0,0x0,0x93,0x19,0x0,0x0,
0x73,0x0,0x0,0x0,0xd1,0x2,0x0,0x0,
0x93,0x19,0x0,0x0,0xc3,0x16,0x0,0x0,
0x93,0x19,0x0,0x0,0xa0,0x0,0x0,0x0,
0x93,0x14,0x0,0x0,0xa0,0x0,0x0,0x0,
0x64,0x1e,0x0,0x0,0x93,0x19,0x0,0x0,
0x73,0x0,0x0,0x0,0xf0,0x0,0x0,0x0,
0x93,0x19,0x0,0x0,0x93,0x19,0x0,0x0,
0x90,0x0,0x0,0x0,0x93,0x19,0x0,0x0,
0x40,0x13,0x0,0x0,0x93,0x19,0x0,0x0,
0xa0,0xc,0x0,0x0,0xf7,0x18,0x0,0x0,
0x73,0x0,0x0,0x0,0xd0,0x2,0x0,0x0,
0x0,0x17,0x0,0x0,0x4,0x19,0x0,0x0,
0x73,0x0,0x0,0x0,0xf0,0x0,0x0,0x0,
0x93,0x19,0x0,0x0,0x90,0x0,0x0,0x0,
0xe3,0x1e,0x0,0x0,0xf0,0x1e,0x0,0x0,
0x73,0x0,0x0,0x0,0x10,0x1,0x0,0x0,
0x93,0x19,0x0,0x0,0x90,0x0,0x0,0x0,
0xc3,0x16,0x0,0x0,0x23,0x1d,0x0,0x0,
0x64,0x1e,0x0,0x0,0x73,0x0,0x0,0x0,
0xd0,0x2,0x0,0x0,0x13,0xe,0x0,0x0,
0x40,0x1f,0x0,0x0,0x90,0x0,0x0,0x0,
0x93,0x19,0x0,0x0,0x20,0xd,0x0,0x0,
0x40,0x1b,0x0,0x0,0x73,0x0,0x0,0x0,
0x10,0x1,0x0,0x0,0x93,0x19,0x0,0x0,
0x90,0x19,0x0,0x0,0x20,0xd,0x0,0x0,
0xd0,0x1f,0x0,0x0,0x23,0xd,0x0,0x0,
0x73,0x0,0x0,0x0,0x23,0xd,0x0,0x0,
0x14,0x2,0x0,0x0,0x93,0x19,0x0,0x0,
0x20,0xd,0x0,0x0,0xe0,0x1f,0x0,0x0,
0xf4,0x1f,0x0,0x0,0x73,0x0,0x0,0x0,
0x30,0x1,0x0,0x0,0xe3,0x1e,0x0,0x0,
0x0,0x20,0x0,0x0,0x93,0x19,0x0,0x0,
0x10,0xc,0x0,0x0,0x73,0x0,0x0,0x0,
0xd1,0x2,0x0,0x0,0x13,0x17,0x0,0x0,
0x73,0x0,0x0,0x0,0xc0,0x2,0x0,0x0,
0x14,0x20,0x0,0x0,0x73,0x0,0x0,0x0,
0xd1,0x2,0x0,0x0,0x73,0x0,0x0,0x0,
0xf7,0x18,0x0,0x0,0x4,0x19,0x0,0x0,
0x21,0x4,0x0,0x0,0x93,0x4,0x0,0x0,
0x24,0x19,0x0,0x0,0x73,0x0,0x0,0x0,
0xf0,0x0,0x0,0x0,0x73,0x0,0x0,0x0,
0xf0,0x3,0x0,0x0,0x93,0x19,0x0,0x0,
0x73,0x0,0x0,0x0,0xf1,0x3,0x0,0x0,
0x93,0x19,0x0,0x0,0x23,0x15,0x0,0x0,
0xa0,0x0,0x0,0x0,0x93,0x19,0x0,0x0,
0x73,0x0,0x0,0x0,0xf0,0x0,0x0,0x0,
0x93,0x19,0x0,0x0,0x90,0x0,0x0,0x0,
0x93,0x19,0x0,0x0,0x73,0x0,0x0,0x0,
0xf0,0x3,0x0,0x0,0xf7,0x18,0x0,0x0,
0xf7,0x18,0x0,0x0,0x23,0xe,0x0,0x0,
0xf0,0x16,0x0,0x0,0x23,0xe,0x0,0x0,
0xf0,0x16,0x0,0x0,0x80,0xf,0x0,0x0,
0x4,0x19,0x0,0x0,0x73,0x0,0x0,0x0,
0xf0,0x0,0x0,0x0,0x93,0x19,0x0,0x0,
0x90,0x0,0x0,0x0,0xe3,0x1e,0x0,0x0,
0xf0,0x1e,0x0,0x0,0x73,0x0,0x0,0x0,
0xf0,0x3,0x0,0x0,0xf7,0x18,0x0,0x0,
0x13,0x17,0x0,0x0,0x50,0x19,0x0,0x0,
0x4,0x19,0x0,0x0,0xf7,0x18,0x0,0x0,
0x73,0x0,0x0,0x0,0x13,0x17,0x0,0x0,
0x23,0xe,0x0,0x0,0x70,0x17,0x0,0x0,
0x74,0x20,0x0,0x0,0x4,0x4,0x0,0x0,
0x4,0x19,0x0,0x0,0x73,0x0,0x0,0x0,
0x10,0x1,0x0,0x0,0x93,0x19,0x0,0x0,
0x10,0xc,0x0,0x0,0x73,0x0,0x0,0x0,
0xf1,0x3,0x0,0x0,0x73,0x0,0x0,0x0,
0xf0,0x3,0x0,0x0,0xf7,0x18,0x0,0x0,
0xf7,0x18,0x0,0x0,0x73,0x0,0x0,0x0,
0xf0,0x3,0x0,0x0,0x13,0x17,0x0,0x0,
0xa4,0x20,0x0,0x0,0x13,0x17,0x0,0x0,
0x23,0xe,0x0,0x0,0x70,0x17,0x0,0x0,
0xb4,0x20,0x0,0x0,0x73,0x0,0x0,0x0,
0xf1,0x3,0x0,0x0,0x73,0x0,0x0,0x0,
0xf0,0x0,0x0,0x0,0x43,0xa,0x0,0x0,
0x93,0x19,0x0,0x0,0x93,0x19,0x0,0x0,
0xb3,0x11,0x0,0x0,0xc0,0x20,0x0,0x0,
0x93,0x19,0x0,0x0,0xa0,0xc,0x0,0x0,
0x73,0x0,0x0,0x0,0x10,0x1,0x0,0x0,
0x93,0x19,0x0,0x0,0xa0,0xc,0x0,0x0,
0x33,0x15,0x0,0x0,0x41,0xa,0x0,0x0,
0x73,0x0,0x0,0x0,0x0,0x2,0x0,0x0,
0xd3,0x20,0x0,0x0,0xe0,0x20,0x0,0x0,
0xa0,0x2c,0x0,0x0,0xc0,0x2c,0x0,0x0,
0x0,0x3c,0x0,0x0,0x0,0x3c,0x0,0x0,
0x0,0x3c,0x0,0x0,0x0,0x0,0x0,0x0,
0x0,0x0,0x0,0x0,0x0,0x0,0x0,0x0,
0x0,0x0,0x0,0x0,0x0,0x40,0x61,0x3f,
0x0,0x0,0x0,0x0,0x0,0x40,0x7c,0x3f,
0x0,0x0,0x0,0x0,0x0,0x40,0x9c,0x3f,
0x0,0x0,0x0,0x0,0x0,0x40,0xf5,0x7f,
0x0,0x0,0x0,0x0,0x0,0xc8,0x46,0x3f,
0x0,0x0,0x0,0x0,0x0,0x40,0xb7,0x3f,
0x0,0x0,0x0,0x0,0x0,0x40,0xc5,0x3f,
0x0,0x0,0x0,0x0,0x0,0x40,0xdd,0x3f,
0x0,0x0,0x0,0x0,0x0,0x40,0x5,0x40,
0x0,0x0,0x0,0x0,0x0,0x40,0xd3,0x3f,
0x0,0x0,0x0,0x0,0x0,0x40,0xd5,0x3f,
0x0,0x0,0x0,0x0,0x0,0x40,0xcd,0x3f,
0x0,0x0,0x0,0x0,0x0,0x40,0xe9,0x3f,
0x0,0x0,0x0,0x0,0x0,0x40,0xf9,0x3f,
0x33,0x33,0x33,0x33,0x33,0x73,0x26,0x40,
0x0,0x0,0x0,0x0,0x0,0x80,0x77,0x3f,
0x0,0x0,0x0,0x0,0x0,0x40,0xf5,0x3f,
0x0,0x0,0x0,0x0,0x0,0x40,0xe5,0x3f,
0x0,0x0,0x0,0x0,0x0,0x40,0xfd,0x3f,
0x0,0x0,0x0,0x0,0x0,0x40,0xdf,0x3f,
0x0,0x0,0x0,0x0,0x0,0x40,0xd9,0x3f,
0x0,0x0,0x0,0x0,0x0,0x40,0xa5,0x3f,
0x0,0x0,0x0,0x0,0x0,0x40,0xc1,0x3f,
0x0,0x0,0x0,0x0,0x0,0x40,0xe1,0x3f,
0x0,0x0,0x0,0x0,0x0,0xc0,0x9e,0x3f,
0x0,0x0,0x0,0x0,0x0,0x40,0xa7,0x3f,
0x0,0x0,0x0,0x0,0x0,0x40,0xed,0x3f,
0x0,0x0,0x0,0x0,0x0,0x40,0xd1,0x3f,
0x0,0x0,0x0,0x0,0x0,0x40,0xb9,0x3f,
0x0,0x0,0x0,0x0,0x0,0x40,0xc9,0x3f,
0x0,0x0,0x0,0x0,0x0,0x40,0xbb,0x3f,
0x0,0x0,0x0,0x0,0x0,0x40,0xd7,0x3f,
0x0,0x0,0x0,0x0,0x0,0xc0,0xb3,0x3f,
0x0,0x0,0x0,0x0,0x0,0x80,0x82,0x3f,
0x0,0x0,0x0,0x0,0x0,0x40,0xb1,0x3f,
0x0,0x0,0x0,0x0,0x0,0x40,0x90,0x3f,
0x0,0x0,0x0,0x0,0x0,0xc0,0x95,0x3f,
0x0,0x0,0x0,0x0,0x0,0x40,0x91,0x3f,
0x0,0x0,0x0,0x0,0x0,0x40,0xaa,0x3f,
0x0,0x0,0x0,0x0,0x0,0x40,0xa2,0x3f,
0x0,0x0,0x0,0x0,0x0,0x40,0x92,0x3f,
0x0,0x0,0x0,0x0,0x0,0x40,0xb3,0x3f,
0x0,0x0,0x0,0x0,0x0,0x0,0x85,0x3f,
0x0,0x0,0x0,0x0,0x0,0xc0,0xbe,0x3f,
0x0,0x0,0x0,0x0,0x0,0x0,0x75,0x3f,
0x0,0x0,0x0,0x0,0x0,0x40,0xcb,0x3f,
0x0,0x0,0x0,0x0,0x0,0x40,0xac,0x3f,
0x0,0x0,0x0,0x0,0x0,0x40,0xc7,0x3f,
0x0,0x0,0x0,0x0,0x0,0x0,0x8f,0x3f,
0x0,0x0,0x0,0x0,0x0,0x80,0x67,0x3f,
0x1,0x0,0x0,0x0,0x0,0xc0,0x3,0x0,
0x2,0x0,0x0,0x0,0x0,0xc0,0x3,0x0,
0x3,0x0,0x0,0x0,0x0,0xc0,0x3,0x0,
0x4,0x0,0x0,0x0,0x0,0xc0,0x3,0x0,
0x5,0x0,0x0,0x0,0x0,0xc0,0x3,0x0,
0x0,0x0,0x0,0x0,0x0,0xc0,0x3,0x0,
0x7b,0x14,0xae,0x47,0xe1,0x3a,0x51,0x40,
0xf6,0x28,0x5c,0x8f,0xc2,0xb5,0x1d,0x40,
0x0,0x0,0x0,0x0,0x0,0x40,0x25,0x40,
0x0,0x0,0x0,0x0,0x0,0x40,0x15,0x40,
0x0,0x0,0x0,0x0,0x0,0x40,0xd,0x40,
0x9a,0x99,0x99,0x99,0x99,0xd9,0x2c,0x40,
0xfc,0xff,0xff,0xff,0x0,0xc0,0x3,0x0,
0x0,0x4,0x0,0x0,0x0,0xc0,0x3,0x0,
0x18,0x1,0x0,0x0,0x0,0xc0,0x3,0x0,
0x29,0x0,0x0,0x0,0x0,0x0,0x0,0x0,
0xff,0xff,0xff,0xff,0xff,0xff,0xff,0xff,
0x30,0x0,0x0,0x0,0x0,0x0,0x0,0x0,
0xff,0xff,0xff,0xff,0xff,0xff,0xff,0xff,
0x53,0x0,0x0,0x0,0x0,0x0,0x0,0x0,
0xff,0xff,0xff,0xff,0xff,0xff,0xff,0xff,
0x56,0x0,0x0,0x0,0x0,0x0,0x0,0x0,
0xff,0xff,0xff,0xff,0xff,0xff,0xff,0xff,
0x57,0x0,0x0,0x0,0x0,0x0,0x0,0x0,
0xff,0xff,0xff,0xff,0xff,0xff,0xff,0xff,
0x59,0x0,0x0,0x0,0x0,0x0,0x0,0x0,
0xff,0xff,0xff,0xff,0xff,0xff,0xff,0xff,
0x5a,0x0,0x0,0x0,0x0,0x0,0x0,0x0,
0xff,0xff,0xff,0xff,0xff,0xff,0xff,0xff,
0x5c,0x0,0x0,0x0,0x0,0x0,0x0,0x0,
0xff,0xff,0xff,0xff,0xff,0xff,0xff,0xff,
0x5d,0x0,0x0,0x0,0x0,0x0,0x0,0x0,
0xff,0xff,0xff,0xff,0xff,0xff,0xff,0xff,
0x5e,0x0,0x0,0x0,0x0,0x0,0x0,0x0,
0xff,0xff,0xff,0xff,0xff,0xff,0xff,0xff,
0x5f,0x0,0x0,0x0,0x0,0x0,0x0,0x0,
0xff,0xff,0xff,0xff,0xff,0xff,0xff,0xff,
0x60,0x0,0x0,0x0,0x0,0x0,0x0,0x0,
0xff,0xff,0xff,0xff,0xff,0xff,0xff,0xff,
0x61,0x0,0x0,0x0,0x0,0x0,0x0,0x0,
0xff,0xff,0xff,0xff,0xff,0xff,0xff,0xff,
0x62,0x0,0x0,0x0,0x0,0x0,0x0,0x0,
0xff,0xff,0xff,0xff,0xff,0xff,0xff,0xff,
0x63,0x0,0x0,0x0,0x0,0x0,0x0,0x0,
0xff,0xff,0xff,0xff,0xff,0xff,0xff,0xff,
0x64,0x0,0x0,0x0,0x0,0x0,0x0,0x0,
0xff,0xff,0xff,0xff,0xff,0xff,0xff,0xff,
0x65,0x0,0x0,0x0,0x0,0x0,0x0,0x0,
0xff,0xff,0xff,0xff,0xff,0xff,0xff,0xff,
0x66,0x0,0x0,0x0,0x0,0x0,0x0,0x0,
0xff,0xff,0xff,0xff,0xff,0xff,0xff,0xff,
0x67,0x0,0x0,0x0,0x0,0x0,0x0,0x0,
0xff,0xff,0xff,0xff,0xff,0xff,0xff,0xff,
0x68,0x0,0x0,0x0,0x0,0x0,0x0,0x0,
0xff,0xff,0xff,0xff,0xff,0xff,0xff,0xff,
0x69,0x0,0x0,0x0,0x0,0x0,0x0,0x0,
0xff,0xff,0xff,0xff,0xff,0xff,0xff,0xff,
0x6a,0x0,0x0,0x0,0x0,0x0,0x0,0x0,
0xff,0xff,0xff,0xff,0xff,0xff,0xff,0xff,
0x6b,0x0,0x0,0x0,0x0,0x0,0x0,0x0,
0xff,0xff,0xff,0xff,0xff,0xff,0xff,0xff,
0x6c,0x0,0x0,0x0,0x0,0x0,0x0,0x0,
0xff,0xff,0xff,0xff,0xff,0xff,0xff,0xff,
0x6d,0x0,0x0,0x0,0x0,0x0,0x0,0x0,
0xff,0xff,0xff,0xff,0xff,0xff,0xff,0xff,
0x84,0x0,0x0,0x0,0x0,0x0,0x0,0x0,
0xff,0xff,0xff,0xff,0xff,0xff,0xff,0xff,
0xda,0x0,0x0,0x0,0x0,0x0,0x0,0x0,
0xff,0xff,0xff,0xff,0xff,0xff,0xff,0xff,
0xe0,0x0,0x0,0x0,0x0,0x0,0x0,0x0,
0xff,0xff,0xff,0xff,0xff,0xff,0xff,0xff,
0x22,0x1,0x0,0x0,0x0,0x0,0x0,0x0,
0xff,0xff,0xff,0xff,0xff,0xff,0xff,0xff,
0x26,0x1,0x0,0x0,0x0,0x0,0x0,0x0,
0xff,0xff,0xff,0xff,0xff,0xff,0xff,0xff,
0x27,0x1,0x0,0x0,0x0,0x0,0x0,0x0,
0xff,0xff,0xff,0xff,0xff,0xff,0xff,0xff,
0x2d,0x1,0x0,0x0,0x0,0x0,0x0,0x0,
0xff,0xff,0xff,0xff,0xff,0xff,0xff,0xff,
0x36,0x1,0x0,0x0,0x0,0x0,0x0,0x0,
0xff,0xff,0xff,0xff,0xff,0xff,0xff,0xff,
0x38,0x1,0x0,0x0,0x0,0x0,0x0,0x0,
0xff,0xff,0xff,0xff,0xff,0xff,0xff,0xff,
0x3a,0x1,0x0,0x0,0x0,0x0,0x0,0x0,
0xff,0xff,0xff,0xff,0xff,0xff,0xff,0xff,
0x4a,0x1,0x0,0x0,0x0,0x0,0x0,0x0,
0xff,0xff,0xff,0xff,0xff,0xff,0xff,0xff,
0x4c,0x1,0x0,0x0,0x0,0x0,0x0,0x0,
0xff,0xff,0xff,0xff,0xff,0xff,0xff,0xff,
0x4e,0x1,0x0,0x0,0x0,0x0,0x0,0x0,
0xff,0xff,0xff,0xff,0xff,0xff,0xff,0xff,
0x4c,0x1,0x0,0x0,0x0,0x0,0x0,0x0,
0xff,0xff,0xff,0xff,0xff,0xff,0xff,0xff,
0x0,0x0,0x0,0x0,0x0,0x0,0x0,0x0,
0x58,0x0,0x0,0x0,0x37,0x0,0x0,0x0,
0x21,0x0,0x0,0x0,0x1,0x0,0x1,0x0,
0x38,0x0,0x0,0x0,0x0,0x0,0x0,0x0,
0x40,0x0,0x0,0x0,0x0,0x0,0x2,0x0,
0xff,0xff,0xff,0xff,0x8,0x0,0x0,0x0,
0x20,0x0,0x50,0x0,0x0,0x0,0x0,0x0,
0x0,0x0,0x8,0x0,0x0,0x0,0x0,0x0,
0x22,0x0,0x0,0x0,0x0,0x0,0x0,0x0,
0x0,0x0,0x0,0x0,0x21,0x0,0x0,0x0,
0x1,0x0,0x0,0x0,0x1f,0x0,0x0,0x0,
0x22,0x0,0x0,0x0,0x1,0x0,0x0,0x0,
0x13,0x5c,0x1,0x0,0x0,0x6c,0x6,0x50,
0x4,0x2e,0x0,0x4c,0x29,0x13,0x5d,0x1,
0x0,0x0,0x6c,0x6,0x50,0x4,0x2e,0x1,
0x4c,0x1c,0x13,0x5e,0x1,0x0,0x0,0x6c,
0x6,0x50,0x4,0x2e,0x2,0x4c,0xf,0x13,
0x5f,0x1,0x0,0x0,0x6c,0x6,0x50,0x4,
0x2e,0x3,0x4c,0x2,0x2e,0x4,0x2,0x0,
0x4c,0x0,0x0,0x0,0xd,0x0,0x0,0x0,
0x23,0x0,0x0,0x0,0x1,0x0,0x1,0x0,
0x38,0x0,0x0,0x0,0x0,0x0,0x0,0x0,
0x40,0x0,0x0,0x0,0x0,0x0,0x1,0x0,
0xff,0xff,0xff,0xff,0xc,0x0,0x0,0x0,
0x25,0x0,0x50,0x0,0x0,0x0,0x0,0x0,
0x0,0x0,0x8,0x0,0x0,0x0,0x0,0x0,
0x24,0x0,0x0,0x0,0x0,0x0,0x0,0x0,
0x0,0x0,0x0,0x0,0x25,0x0,0x0,0x0,
0x1,0x0,0x0,0x0,0x13,0x60,0x1,0x0,
0x0,0x18,0x8,0xac,0x5,0x8,0x1,0x6,
0x2,0x0,0x0,0x0,0x0,0x0,0x0,0x0,
0x70,0x0,0x0,0x0,0x35,0x0,0x0,0x0,
0x25,0x0,0x0,0x0,0x1,0x0,0x1,0x0,
0x38,0x0,0x0,0x0,0x0,0x0,0x0,0x0,
0x40,0x0,0x0,0x0,0x0,0x0,0x4,0x0,
0xff,0xff,0xff,0xff,0xf,0x0,0x0,0x0,
0x27,0x0,0x50,0x0,0x0,0x0,0x0,0x0,
0x0,0x0,0x8,0x0,0x1,0x0,0x0,0x0,
0x26,0x0,0x0,0x0,0x0,0x0,0x0,0x0,
0x0,0x0,0x0,0x0,0x28,0x0,0x0,0x0,
0x1,0x0,0x0,0x0,0x1e,0x0,0x0,0x0,
0x29,0x0,0x0,0x0,0x2,0x0,0x0,0x0,
0x28,0x0,0x0,0x0,0x2a,0x0,0x0,0x0,
0x4,0x0,0x0,0x0,0x32,0x0,0x0,0x0,
0x2b,0x0,0x0,0x0,0x5,0x0,0x0,0x0,
0xac,0x6,0x6,0x0,0x0,0x18,0xb,0xb4,
0x7,0x1,0xb,0x18,0x9,0x26,0x0,0xe,
0x1a,0xe,0xc,0x12,0x0,0x18,0xd,0xac,
0x8,0x9,0x2,0xc,0x18,0x8,0x26,0x1,
0x9,0xac,0x9,0x9,0x1,0x8,0x50,0xa,
0x14,0x32,0xb,0xac,0xa,0x8,0x1,0xb,
0x18,0x8,0x16,0x8,0x2,0x0,0x0,0x0,
0x44,0x0,0x0,0x0,0x6,0x0,0x0,0x0,
0x2e,0x0,0x0,0x0,0x0,0x0,0x0,0x0,
0x38,0x0,0x0,0x0,0x0,0x0,0x0,0x0,
0x38,0x0,0x0,0x0,0x0,0x0,0x1,0x0,
0xff,0xff,0xff,0xff,0x7,0x0,0x0,0x0,
0x35,0x0,0x50,0x0,0x0,0x0,0x0,0x0,
0x0,0x0,0x7,0x0,0x0,0x0,0x0,0x0,
0x0,0x0,0x0,0x0,0x35,0x0,0x0,0x0,
0x1,0x0,0x0,0x0,0xe8,0x0,0x0,0x18,
0x6,0x2,0x0,0x0,0x0,0x0,0x0,0x0,
0x44,0x0,0x0,0x0,0x8,0x0,0x0,0x0,
0x32,0x0,0x0,0x0,0x0,0x0,0x0,0x0,
0x38,0x0,0x0,0x0,0x0,0x0,0x0,0x0,
0x38,0x0,0x0,0x0,0x0,0x0,0x1,0x0,
0xff,0xff,0xff,0xff,0x7,0x0,0x0,0x0,
0x40,0x0,0x50,0x0,0x0,0x0,0x0,0x0,
0x0,0x0,0x7,0x0,0x0,0x0,0x0,0x0,
0x0,0x0,0x0,0x0,0x40,0x0,0x0,0x0,
0x1,0x0,0x0,0x0,0x2e,0xb,0x3c,0xc,
0x74,0x18,0x6,0x2,0x0,0x0,0x0,0x0,
0x4c,0x0,0x0,0x0,0x3b,0x0,0x0,0x0,
0x40,0x0,0x0,0x0,0x1,0x0,0x1,0x0,
0x38,0x0,0x0,0x0,0x0,0x0,0x0,0x0,
0x40,0x0,0x0,0x0,0x0,0x0,0x1,0x0,
0xff,0xff,0xff,0xff,0xf,0x0,0x0,0x0,
0x6b,0x0,0x50,0x0,0x0,0x0,0x0,0x0,
0x0,0x0,0x8,0x0,0x0,0x0,0x0,0x0,
0x41,0x0,0x0,0x0,0x0,0x0,0x0,0x0,
0x0,0x0,0x0,0x0,0x6b,0x0,0x0,0x0,
0x1,0x0,0x0,0x0,0x1a,0x6,0x8,0x10,
0x1,0x66,0x8,0x50,0x13,0x14,0x32,0xb,
0xac,0xd,0x6,0x1,0xb,0x18,0x9,0x13,
0x6b,0x1,0x0,0x0,0x80,0x9,0x4c,0x1e,
0x2e,0xe,0x18,0xa,0x1a,0x6,0xe,0x11,
0xe8,0x3,0x0,0x0,0x9c,0xe,0x18,0xd,
0xac,0xf,0xa,0x1,0xd,0x18,0xa,0x13,
0x6e,0x1,0x0,0x0,0x80,0xa,0x2,0x0,
0x0,0x0,0x0,0x0,0x0,0x0,0x0,0x0,
0x0,0x1,0x0,0x0,0xa6,0x0,0x0,0x0,
0x4e,0x0,0x0,0x0,0x0,0x0,0x0,0x0,
0x38,0x0,0x0,0x0,0x0,0x0,0x0,0x0,
0x38,0x0,0x0,0x0,0x0,0x0,0x10,0x0,
0xff,0xff,0xff,0xff,0xf,0x0,0x0,0x0,
0x7a,0x0,0x50,0x0,0x2,0x0,0x0,0x0,
0x0,0x0,0x7,0x0,0x0,0x0,0x0,0x0,
0x0,0x0,0x0,0x0,0x7a,0x0,0x0,0x0,
0x1,0x0,0x0,0x0,0x4,0x0,0x0,0x0,
0x7b,0x0,0x0,0x0,0x2,0x0,0x0,0x0,
0xa,0x0,0x0,0x0,0x7c,0x0,0x0,0x0,
0x3,0x0,0x0,0x0,0xd,0x0,0x0,0x0,
0x7c,0x0,0x0,0x0,0x4,0x0,0x0,0x0,
0x10,0x0,0x0,0x0,0x7d,0x0,0x0,0x0,
0x5,0x0,0x0,0x0,0x1a,0x0,0x0,0x0,
0x7e,0x0,0x0,0x0,0x7,0x0,0x0,0x0,
0x32,0x0,0x0,0x0,0x7f,0x0,0x0,0x0,
0x8,0x0,0x0,0x0,0x5a,0x0,0x0,0x0,
0x80,0x0,0x0,0x0,0x9,0x0,0x0,0x0,
0x5d,0x0,0x0,0x0,0x7e,0x0,0x0,0x0,
0xa,0x0,0x0,0x0,0x65,0x0,0x0,0x0,
0x81,0x0,0x0,0x0,0xb,0x0,0x0,0x0,
0x68,0x0,0x0,0x0,0x83,0x0,0x0,0x0,
0xc,0x0,0x0,0x0,0x81,0x0,0x0,0x0,
0x84,0x0,0x0,0x0,0xd,0x0,0x0,0x0,
0x95,0x0,0x0,0x0,0x85,0x0,0x0,0x0,
0xe,0x0,0x0,0x0,0x98,0x0,0x0,0x0,
0x83,0x0,0x0,0x0,0xf,0x0,0x0,0x0,
0xa0,0x0,0x0,0x0,0x86,0x0,0x0,0x0,
0x10,0x0,0x0,0x0,0xa3,0x0,0x0,0x0,
0x87,0x0,0x0,0x0,0x10,0x0,0x0,0x0,
0x21,0x0,0x0,0x0,0x79,0x0,0x0,0x0,
0x1,0x2,0x7,0x1,0x2e,0x10,0x3c,0x11,
0x18,0x7,0x74,0x50,0x3,0x10,0xff,0x2,
0x2e,0x12,0x18,0x8,0x12,0x3b,0x6e,0x8,
0x50,0x4e,0x1,0x2,0x9,0x1,0x6,0x18,
0x9,0x1a,0x9,0xa,0x16,0x7,0xc2,0x0,
0x3c,0x13,0xc2,0x0,0x3c,0x14,0x68,0xa,
0x50,0x33,0x16,0x7,0xc2,0x0,0x3c,0x15,
0x18,0xb,0x16,0x9,0x34,0xb,0x18,0xc,
0x2e,0x16,0x6c,0xc,0x50,0x17,0x16,0x7,
0xc2,0x0,0x3c,0x17,0x18,0xd,0x16,0x9,
0x34,0xd,0x18,0xe,0x12,0x0,0x6e,0xe,
0x50,0x3,0x16,0x9,0x2,0x16,0x9,0x7c,
0x18,0x9,0x56,0x4c,0xbc,0x10,0xff,0x2,
0x1,0x2,0x8,0x1,0x16,0x7,0xc2,0x0,
0x3c,0x18,0xc2,0x0,0x3c,0x19,0x7e,0x18,
0x8,0x1a,0x8,0x9,0x6,0x66,0x9,0x50,
0x1f,0x16,0x7,0xc2,0x0,0x3c,0x1a,0x18,
0xa,0x16,0x8,0x34,0xa,0x18,0xb,0x12,
0x0,0x6e,0xb,0x50,0x3,0x16,0x8,0x2,
0x16,0x8,0x7e,0x18,0x8,0x56,0x4c,0xd9,
0x10,0xff,0x2,0x16,0x6,0x2,0x0,0x0,
0x0,0x0,0x0,0x0,0x0,0x0,0x0,0x0,
0x50,0x0,0x0,0x0,0x1e,0x0,0x0,0x0,
0x2b,0x0,0x0,0x0,0x0,0x0,0x0,0x0,
0x38,0x0,0x0,0x0,0x0,0x0,0x0,0x0,
0x38,0x0,0x0,0x0,0x0,0x0,0x2,0x0,
0xff,0xff,0xff,0xff,0xc,0x0,0x0,0x0,
0x31,0x0,0x90,0x0,0x0,0x0,0x0,0x0,
0x0,0x0,0x7,0x0,0x0,0x0,0x0,0x0,
0x0,0x0,0x0,0x0,0x31,0x0,0x0,0x0,
0x0,0x0,0x0,0x0,0x1,0x0,0x0,0x0,
0x31,0x0,0x0,0x0,0x1,0x0,0x0,0x0,
0xca,0x2e,0x1b,0x18,0x7,0x2e,0x1c,0x18,
0x8,0x2e,0x1d,0x18,0xb,0xac,0x1e,0x8,
0x1,0xb,0x18,0x8,0x42,0x1f,0x7,0x1a,
0x8,0x6,0xd4,0x16,0x6,0x2,0x0,0x0,
0x68,0x0,0x0,0x0,0x34,0x0,0x0,0x0,
0x2b,0x0,0x0,0x0,0x0,0x0,0x0,0x0,
0x38,0x0,0x0,0x0,0x0,0x0,0x0,0x0,
0x38,0x0,0x0,0x0,0x0,0x0,0x4,0x0,
0xff,0xff,0xff,0xff,0xc,0x0,0x0,0x0,
0x39,0x0,0x90,0x0,0x0,0x0,0x0,0x0,
0x0,0x0,0x7,0x0,0x0,0x0,0x0,0x0,
0x0,0x0,0x0,0x0,0x39,0x0,0x0,0x0,
0x0,0x0,0x0,0x0,0x1,0x0,0x0,0x0,
0x3a,0x0,0x0,0x0,0x3,0x0,0x0,0x0,
0x15,0x0,0x0,0x0,0x3b,0x0,0x0,0x0,
0x4,0x0,0x0,0x0,0x30,0x0,0x0,0x0,
0x3c,0x0,0x0,0x0,0x4,0x0,0x0,0x0,
0xca,0x2e,0x20,0x18,0x7,0x2e,0x21,0x18,
0x8,0x2e,0x22,0x18,0xb,0xac,0x23,0x8,
0x1,0xb,0x42,0x24,0x7,0x2e,0x25,0x18,
0x7,0x2e,0x26,0x18,0x8,0x2e,0x27,0x3c,
0x28,0x18,0xb,0xac,0x29,0x8,0x1,0xb,
0x18,0x8,0x42,0x2a,0x7,0x1a,0x8,0x6,
0xd4,0x16,0x6,0x2,0x0,0x0,0x0,0x0,
0x0,0x0,0x0,0x0,0x0,0x0,0x0,0x0,
0x44,0x0,0x0,0x0,0x7,0x0,0x0,0x0,
0x35,0x0,0x0,0x0,0x0,0x0,0x0,0x0,
0x38,0x0,0x0,0x0,0x0,0x0,0x0,0x0,
0x38,0x0,0x0,0x0,0x0,0x0,0x1,0x0,
0xff,0xff,0xff,0xff,0x7,0x0,0x0,0x0,
0x43,0x0,0x0,0x1,0x0,0x0,0x0,0x0,
0x0,0x0,0x7,0x0,0x0,0x0,0x0,0x0,
0x0,0x0,0x0,0x0,0x43,0x0,0x0,0x0,
0x1,0x0,0x0,0x0,0x2e,0x2b,0x3c,0x2c,
0x18,0x6,0x2,0x0,0x0,0x0,0x0,0x0,
0x44,0x0,0x0,0x0,0xd,0x0,0x0,0x0,
0x37,0x0,0x0,0x0,0x0,0x0,0x0,0x0,
0x38,0x0,0x0,0x0,0x0,0x0,0x0,0x0,
0x38,0x0,0x0,0x0,0x0,0x0,0x1,0x0,
0xff,0xff,0xff,0xff,0x8,0x0,0x0,0x0,
0x43,0x0,0x80,0x2,0x0,0x0,0x0,0x0,
0x0,0x0,0x7,0x0,0x0,0x0,0x0,0x0,
0x0,0x0,0x0,0x0,0x43,0x0,0x0,0x0,
0x1,0x0,0x0,0x0,0x13,0x75,0x1,0x0,
0x0,0x18,0x7,0xe8,0x1,0x7,0x18,0x6,
0x2,0x0,0x0,0x0,0x0,0x0,0x0,0x0,
0x50,0x0,0x0,0x0,0x19,0x0,0x0,0x0,
0x39,0x0,0x0,0x0,0x0,0x0,0x0,0x0,
0x38,0x0,0x0,0x0,0x0,0x0,0x0,0x0,
0x38,0x0,0x0,0x0,0x0,0x0,0x2,0x0,
0xff,0xff,0xff,0xff,0xc,0x0,0x0,0x0,
0x43,0x0,0xa0,0x3,0x0,0x0,0x0,0x0,
0x0,0x0,0x7,0x0,0x0,0x0,0x0,0x0,
0x0,0x0,0x0,0x0,0x43,0x0,0x0,0x0,
0x0,0x0,0x0,0x0,0x1,0x0,0x0,0x0,
0x43,0x0,0x0,0x0,0x1,0x0,0x0,0x0,
0xca,0x2e,0x2d,0x18,0x7,0x2e,0x2e,0x3c,
0x2f,0x18,0xa,0x14,0x32,0xb,0xac,0x30,
0x7,0x2,0xa,0x18,0x6,0xd4,0x16,0x6,
0x2,0x0,0x0,0x0,0x0,0x0,0x0,0x0,
0x44,0x0,0x0,0x0,0x7,0x0,0x0,0x0,
0x35,0x0,0x0,0x0,0x0,0x0,0x0,0x0,
0x38,0x0,0x0,0x0,0x0,0x0,0x0,0x0,
0x38,0x0,0x0,0x0,0x0,0x0,0x1,0x0,
0xff,0xff,0xff,0xff,0x7,0x0,0x0,0x0,
0x44,0x0,0x0,0x1,0x0,0x0,0x0,0x0,
0x0,0x0,0x7,0x0,0x0,0x0,0x0,0x0,
0x0,0x0,0x0,0x0,0x44,0x0,0x0,0x0,
0x1,0x0,0x0,0x0,0x2e,0x31,0x3c,0x32,
0x18,0x6,0x2,0x0,0x0,0x0,0x0,0x0,
0x44,0x0,0x0,0x0,0xd,0x0,0x0,0x0,
0x37,0x0,0x0,0x0,0x0,0x0,0x0,0x0,
0x38,0x0,0x0,0x0,0x0,0x0,0x0,0x0,
0x38,0x0,0x0,0x0,0x0,0x0,0x1,0x0,
0xff,0xff,0xff,0xff,0x8,0x0,0x0,0x0,
0x44,0x0,0x80,0x2,0x0,0x0,0x0,0x0,
0x0,0x0,0x7,0x0,0x0,0x0,0x0,0x0,
0x0,0x0,0x0,0x0,0x44,0x0,0x0,0x0,
0x1,0x0,0x0,0x0,0x13,0x78,0x1,0x0,
0x0,0x18,0x7,0xe8,0x1,0x7,0x18,0x6,
0x2,0x0,0x0,0x0,0x0,0x0,0x0,0x0,
0x50,0x0,0x0,0x0,0x19,0x0,0x0,0x0,
0x39,0x0,0x0,0x0,0x0,0x0,0x0,0x0,
0x38,0x0,0x0,0x0,0x0,0x0,0x0,0x0,
0x38,0x0,0x0,0x0,0x0,0x0,0x2,0x0,
0xff,0xff,0xff,0xff,0xc,0x0,0x0,0x0,
0x44,0x0,0xa0,0x3,0x0,0x0,0x0,0x0,
0x0,0x0,0x7,0x0,0x0,0x0,0x0,0x0,
0x0,0x0,0x0,0x0,0x44,0x0,0x0,0x0,
0x0,0x0,0x0,0x0,0x1,0x0,0x0,0x0,
0x44,0x0,0x0,0x0,0x1,0x0,0x0,0x0,
0xca,0x2e,0x33,0x18,0x7,0x2e,0x34,0x3c,
0x35,0x18,0xa,0x14,0x33,0xb,0xac,0x36,
0x7,0x2,0xa,0x18,0x6,0xd4,0x16,0x6,
0x2,0x0,0x0,0x0,0x0,0x0,0x0,0x0,
0x44,0x0,0x0,0x0,0x7,0x0,0x0,0x0,
0x35,0x0,0x0,0x0,0x0,0x0,0x0,0x0,
0x38,0x0,0x0,0x0,0x0,0x0,0x0,0x0,
0x38,0x0,0x0,0x0,0x0,0x0,0x1,0x0,
0xff,0xff,0xff,0xff,0x7,0x0,0x0,0x0,
0x45,0x0,0x0,0x1,0x0,0x0,0x0,0x0,
0x0,0x0,0x7,0x0,0x0,0x0,0x0,0x0,
0x0,0x0,0x0,0x0,0x45,0x0,0x0,0x0,
0x1,0x0,0x0,0x0,0x2e,0x37,0x3c,0x38,
0x18,0x6,0x2,0x0,0x0,0x0,0x0,0x0,
0x44,0x0,0x0,0x0,0xd,0x0,0x0,0x0,
0x37,0x0,0x0,0x0,0x0,0x0,0x0,0x0,
0x38,0x0,0x0,0x0,0x0,0x0,0x0,0x0,
0x38,0x0,0x0,0x0,0x0,0x0,0x1,0x0,
0xff,0xff,0xff,0xff,0x8,0x0,0x0,0x0,
0x45,0x0,0x80,0x2,0x0,0x0,0x0,0x0,
0x0,0x0,0x7,0x0,0x0,0x0,0x0,0x0,
0x0,0x0,0x0,0x0,0x45,0x0,0x0,0x0,
0x1,0x0,0x0,0x0,0x13,0x79,0x1,0x0,
0x0,0x18,0x7,0xe8,0x1,0x7,0x18,0x6,
0x2,0x0,0x0,0x0,0x0,0x0,0x0,0x0,
0x50,0x0,0x0,0x0,0x19,0x0,0x0,0x0,
0x39,0x0,0x0,0x0,0x0,0x0,0x0,0x0,
0x38,0x0,0x0,0x0,0x0,0x0,0x0,0x0,
0x38,0x0,0x0,0x0,0x0,0x0,0x2,0x0,
0xff,0xff,0xff,0xff,0xc,0x0,0x0,0x0,
0x45,0x0,0xa0,0x3,0x0,0x0,0x0,0x0,
0x0,0x0,0x7,0x0,0x0,0x0,0x0,0x0,
0x0,0x0,0x0,0x0,0x45,0x0,0x0,0x0,
0x0,0x0,0x0,0x0,0x1,0x0,0x0,0x0,
0x45,0x0,0x0,0x0,0x1,0x0,0x0,0x0,
0xca,0x2e,0x39,0x18,0x7,0x2e,0x3a,0x3c,
0x3b,0x18,0xa,0x14,0x34,0xb,0xac,0x3c,
0x7,0x2,0xa,0x18,0x6,0xd4,0x16,0x6,
0x2,0x0,0x0,0x0,0x0,0x0,0x0,0x0,
0x44,0x0,0x0,0x0,0x7,0x0,0x0,0x0,
0x35,0x0,0x0,0x0,0x0,0x0,0x0,0x0,
0x38,0x0,0x0,0x0,0x0,0x0,0x0,0x0,
0x38,0x0,0x0,0x0,0x0,0x0,0x1,0x0,
0xff,0xff,0xff,0xff,0x7,0x0,0x0,0x0,
0x46,0x0,0x0,0x1,0x0,0x0,0x0,0x0,
0x0,0x0,0x7,0x0,0x0,0x0,0x0,0x0,
0x0,0x0,0x0,0x0,0x46,0x0,0x0,0x0,
0x1,0x0,0x0,0x0,0x2e,0x3d,0x3c,0x3e,
0x18,0x6,0x2,0x0,0x0,0x0,0x0,0x0,
0x44,0x0,0x0,0x0,0xd,0x0,0x0,0x0,
0x37,0x0,0x0,0x0,0x0,0x0,0x0,0x0,
0x38,0x0,0x0,0x0,0x0,0x0,0x0,0x0,
0x38,0x0,0x0,0x0,0x0,0x0,0x1,0x0,
0xff,0xff,0xff,0xff,0x8,0x0,0x0,0x0,
0x46,0x0,0x80,0x2,0x0,0x0,0x0,0x0,
0x0,0x0,0x7,0x0,0x0,0x0,0x0,0x0,
0x0,0x0,0x0,0x0,0x46,0x0,0x0,0x0,
0x1,0x0,0x0,0x0,0x13,0x7a,0x1,0x0,
0x0,0x18,0x7,0xe8,0x1,0x7,0x18,0x6,
0x2,0x0,0x0,0x0,0x0,0x0,0x0,0x0,
0x50,0x0,0x0,0x0,0x19,0x0,0x0,0x0,
0x39,0x0,0x0,0x0,0x0,0x0,0x0,0x0,
0x38,0x0,0x0,0x0,0x0,0x0,0x0,0x0,
0x38,0x0,0x0,0x0,0x0,0x0,0x2,0x0,
0xff,0xff,0xff,0xff,0xc,0x0,0x0,0x0,
0x46,0x0,0xa0,0x3,0x0,0x0,0x0,0x0,
0x0,0x0,0x7,0x0,0x0,0x0,0x0,0x0,
0x0,0x0,0x0,0x0,0x46,0x0,0x0,0x0,
0x0,0x0,0x0,0x0,0x1,0x0,0x0,0x0,
0x46,0x0,0x0,0x0,0x1,0x0,0x0,0x0,
0xca,0x2e,0x3f,0x18,0x7,0x2e,0x40,0x3c,
0x41,0x18,0xa,0x14,0x35,0xb,0xac,0x42,
0x7,0x2,0xa,0x18,0x6,0xd4,0x16,0x6,
0x2,0x0,0x0,0x0,0x0,0x0,0x0,0x0,
0x44,0x0,0x0,0x0,0x7,0x0,0x0,0x0,
0x35,0x0,0x0,0x0,0x0,0x0,0x0,0x0,
0x38,0x0,0x0,0x0,0x0,0x0,0x0,0x0,
0x38,0x0,0x0,0x0,0x0,0x0,0x1,0x0,
0xff,0xff,0xff,0xff,0x7,0x0,0x0,0x0,
0x47,0x0,0x0,0x1,0x0,0x0,0x0,0x0,
0x0,0x0,0x7,0x0,0x0,0x0,0x0,0x0,
0x0,0x0,0x0,0x0,0x47,0x0,0x0,0x0,
0x1,0x0,0x0,0x0,0x2e,0x43,0x3c,0x44,
0x18,0x6,0x2,0x0,0x0,0x0,0x0,0x0,
0x44,0x0,0x0,0x0,0xd,0x0,0x0,0x0,
0x37,0x0,0x0,0x0,0x0,0x0,0x0,0x0,
0x38,0x0,0x0,0x0,0x0,0x0,0x0,0x0,
0x38,0x0,0x0,0x0,0x0,0x0,0x1,0x0,
0xff,0xff,0xff,0xff,0x8,0x0,0x0,0x0,
0x47,0x0,0x80,0x2,0x0,0x0,0x0,0x0,
0x0,0x0,0x7,0x0,0x0,0x0,0x0,0x0,
0x0,0x0,0x0,0x0,0x47,0x0,0x0,0x0,
0x1,0x0,0x0,0x0,0x13,0x7b,0x1,0x0,
0x0,0x18,0x7,0xe8,0x1,0x7,0x18,0x6,
0x2,0x0,0x0,0x0,0x0,0x0,0x0,0x0,
0x50,0x0,0x0,0x0,0x19,0x0,0x0,0x0,
0x39,0x0,0x0,0x0,0x0,0x0,0x0,0x0,
0x38,0x0,0x0,0x0,0x0,0x0,0x0,0x0,
0x38,0x0,0x0,0x0,0x0,0x0,0x2,0x0,
0xff,0xff,0xff,0xff,0xc,0x0,0x0,0x0,
0x47,0x0,0xa0,0x3,0x0,0x0,0x0,0x0,
0x0,0x0,0x7,0x0,0x0,0x0,0x0,0x0,
0x0,0x0,0x0,0x0,0x47,0x0,0x0,0x0,
0x0,0x0,0x0,0x0,0x1,0x0,0x0,0x0,
0x47,0x0,0x0,0x0,0x1,0x0,0x0,0x0,
0xca,0x2e,0x45,0x18,0x7,0x2e,0x46,0x3c,
0x47,0x18,0xa,0x14,0x36,0xb,0xac,0x48,
0x7,0x2,0xa,0x18,0x6,0xd4,0x16,0x6,
0x2,0x0,0x0,0x0,0x0,0x0,0x0,0x0,
0x44,0x0,0x0,0x0,0x7,0x0,0x0,0x0,
0x35,0x0,0x0,0x0,0x0,0x0,0x0,0x0,
0x38,0x0,0x0,0x0,0x0,0x0,0x0,0x0,
0x38,0x0,0x0,0x0,0x0,0x0,0x1,0x0,
0xff,0xff,0xff,0xff,0x7,0x0,0x0,0x0,
0x48,0x0,0x0,0x1,0x0,0x0,0x0,0x0,
0x0,0x0,0x7,0x0,0x0,0x0,0x0,0x0,
0x0,0x0,0x0,0x0,0x48,0x0,0x0,0x0,
0x1,0x0,0x0,0x0,0x2e,0x49,0x3c,0x4a,
0x18,0x6,0x2,0x0,0x0,0x0,0x0,0x0,
0x44,0x0,0x0,0x0,0xd,0x0,0x0,0x0,
0x37,0x0,0x0,0x0,0x0,0x0,0x0,0x0,
0x38,0x0,0x0,0x0,0x0,0x0,0x0,0x0,
0x38,0x0,0x0,0x0,0x0,0x0,0x1,0x0,
0xff,0xff,0xff,0xff,0x8,0x0,0x0,0x0,
0x48,0x0,0x80,0x2,0x0,0x0,0x0,0x0,
0x0,0x0,0x7,0x0,0x0,0x0,0x0,0x0,
0x0,0x0,0x0,0x0,0x48,0x0,0x0,0x0,
0x1,0x0,0x0,0x0,0x13,0x7c,0x1,0x0,
0x0,0x18,0x7,0xe8,0x1,0x7,0x18,0x6,
0x2,0x0,0x0,0x0,0x0,0x0,0x0,0x0,
0x50,0x0,0x0,0x0,0x19,0x0,0x0,0x0,
0x39,0x0,0x0,0x0,0x0,0x0,0x0,0x0,
0x38,0x0,0x0,0x0,0x0,0x0,0x0,0x0,
0x38,0x0,0x0,0x0,0x0,0x0,0x2,0x0,
0xff,0xff,0xff,0xff,0xc,0x0,0x0,0x0,
0x48,0x0,0xa0,0x3,0x0,0x0,0x0,0x0,
0x0,0x0,0x7,0x0,0x0,0x0,0x0,0x0,
0x0,0x0,0x0,0x0,0x48,0x0,0x0,0x0,
0x0,0x0,0x0,0x0,0x1,0x0,0x0,0x0,
0x48,0x0,0x0,0x0,0x1,0x0,0x0,0x0,
0xca,0x2e,0x4b,0x18,0x7,0x2e,0x4c,0x3c,
0x4d,0x18,0xa,0x14,0x37,0xb,0xac,0x4e,
0x7,0x2,0xa,0x18,0x6,0xd4,0x16,0x6,
0x2,0x0,0x0,0x0,0x0,0x0,0x0,0x0,
0x44,0x0,0x0,0x0,0x7,0x0,0x0,0x0,
0x35,0x0,0x0,0x0,0x0,0x0,0x0,0x0,
0x38,0x0,0x0,0x0,0x0,0x0,0x0,0x0,
0x38,0x0,0x0,0x0,0x0,0x0,0x1,0x0,
0xff,0xff,0xff,0xff,0x7,0x0,0x0,0x0,
0x49,0x0,0x0,0x1,0x0,0x0,0x0,0x0,
0x0,0x0,0x7,0x0,0x0,0x0,0x0,0x0,
0x0,0x0,0x0,0x0,0x49,0x0,0x0,0x0,
0x1,0x0,0x0,0x0,0x2e,0x4f,0x3c,0x50,
0x18,0x6,0x2,0x0,0x0,0x0,0x0,0x0,
0x44,0x0,0x0,0x0,0xd,0x0,0x0,0x0,
0x37,0x0,0x0,0x0,0x0,0x0,0x0,0x0,
0x38,0x0,0x0,0x0,0x0,0x0,0x0,0x0,
0x38,0x0,0x0,0x0,0x0,0x0,0x1,0x0,
0xff,0xff,0xff,0xff,0x8,0x0,0x0,0x0,
0x49,0x0,0x80,0x2,0x0,0x0,0x0,0x0,
0x0,0x0,0x7,0x0,0x0,0x0,0x0,0x0,
0x0,0x0,0x0,0x0,0x49,0x0,0x0,0x0,
0x1,0x0,0x0,0x0,0x13,0x7d,0x1,0x0,
0x0,0x18,0x7,0xe8,0x1,0x7,0x18,0x6,
0x2,0x0,0x0,0x0,0x0,0x0,0x0,0x0,
0x74,0x0,0x0,0x0,0x25,0x0,0x0,0x0,
0x39,0x0,0x0,0x0,0x0,0x0,0x0,0x0,
0x38,0x0,0x0,0x0,0x0,0x0,0x0,0x0,
0x38,0x0,0x0,0x0,0x0,0x0,0x5,0x0,
0xff,0xff,0xff,0xff,0xc,0x0,0x0,0x0,
0x49,0x0,0xa0,0x3,0x0,0x0,0x0,0x0,
0x0,0x0,0x7,0x0,0x0,0x0,0x0,0x0,
0x0,0x0,0x0,0x0,0x49,0x0,0x0,0x0,
0x0,0x0,0x0,0x0,0x1,0x0,0x0,0x0,
0x49,0x0,0x0,0x0,0x1,0x0,0x0,0x0,
0xb,0x0,0x0,0x0,0x4a,0x0,0x0,0x0,
0x1,0x0,0x0,0x0,0x1a,0x0,0x0,0x0,
0x49,0x0,0x0,0x0,0x1,0x0,0x0,0x0,
0x21,0x0,0x0,0x0,0x4a,0x0,0x0,0x0,
0x1,0x0,0x0,0x0,0xca,0x2e,0x51,0x18,
0x7,0x2e,0x52,0x3c,0x53,0x18,0xa,0x2e,
0x54,0x3c,0x55,0x50,0x6,0x2e,0x56,0x3c,
0x57,0x3c,0x58,0x74,0x18,0xb,0xac,0x59,
0x7,0x2,0xa,0x18,0x6,0xd4,0x16,0x6,
0x2,0x0,0x0,0x0,0x0,0x0,0x0,0x0,
0x44,0x0,0x0,0x0,0x7,0x0,0x0,0x0,
0x35,0x0,0x0,0x0,0x0,0x0,0x0,0x0,
0x38,0x0,0x0,0x0,0x0,0x0,0x0,0x0,
0x38,0x0,0x0,0x0,0x0,0x0,0x1,0x0,
0xff,0xff,0xff,0xff,0x7,0x0,0x0,0x0,
0x4b,0x0,0x0,0x1,0x0,0x0,0x0,0x0,
0x0,0x0,0x7,0x0,0x0,0x0,0x0,0x0,
0x0,0x0,0x0,0x0,0x4b,0x0,0x0,0x0,
0x1,0x0,0x0,0x0,0x2e,0x5a,0x3c,0x5b,
0x18,0x6,0x2,0x0,0x0,0x0,0x0,0x0,
0x44,0x0,0x0,0x0,0xc,0x0,0x0,0x0,
0x37,0x0,0x0,0x0,0x0,0x0,0x0,0x0,
0x38,0x0,0x0,0x0,0x0,0x0,0x0,0x0,
0x38,0x0,0x0,0x0,0x0,0x0,0x1,0x0,
0xff,0xff,0xff,0xff,0x8,0x0,0x0,0x0,
0x4b,0x0,0x80,0x2,0x0,0x0,0x0,0x0,
0x0,0x0,0x7,0x0,0x0,0x0,0x0,0x0,
0x0,0x0,0x0,0x0,0x4b,0x0,0x0,0x0,
0x1,0x0,0x0,0x0,0x2e,0x5c,0x3c,0x5d,
0x18,0x7,0xe8,0x1,0x7,0x18,0x6,0x2,
0x0,0x0,0x0,0x0,0x0,0x0,0x0,0x0,
0x50,0x0,0x0,0x0,0x10,0x0,0x0,0x0,
0x39,0x0,0x0,0x0,0x0,0x0,0x0,0x0,
0x38,0x0,0x0,0x0,0x0,0x0,0x0,0x0,
0x38,0x0,0x0,0x0,0x0,0x0,0x2,0x0,
0xff,0xff,0xff,0xff,0xa,0x0,0x0,0x0,
0x4b,0x0,0x50,0x5,0x0,0x0,0x0,0x0,
0x0,0x0,0x7,0x0,0x0,0x0,0x0,0x0,
0x0,0x0,0x0,0x0,0x4b,0x0,0x0,0x0,
0x0,0x0,0x0,0x0,0x1,0x0,0x0,0x0,
0x4b,0x0,0x0,0x0,0x1,0x0,0x0,0x0,
0xca,0x2e,0x5e,0x18,0x7,0xac,0x5f,0x7,
0x0,0x0,0x18,0x6,0xd4,0x16,0x6,0x2,
0x44,0x0,0x0,0x0,0x7,0x0,0x0,0x0,
0x35,0x0,0x0,0x0,0x0,0x0,0x0,0x0,
0x38,0x0,0x0,0x0,0x0,0x0,0x0,0x0,
0x38,0x0,0x0,0x0,0x0,0x0,0x1,0x0,
0xff,0xff,0xff,0xff,0x7,0x0,0x0,0x0,
0x4c,0x0,0x0,0x1,0x0,0x0,0x0,0x0,
0x0,0x0,0x7,0x0,0x0,0x0,0x0,0x0,
0x0,0x0,0x0,0x0,0x4c,0x0,0x0,0x0,
0x1,0x0,0x0,0x0,0x2e,0x60,0x3c,0x61,
0x18,0x6,0x2,0x0,0x0,0x0,0x0,0x0,
0x44,0x0,0x0,0x0,0xc,0x0,0x0,0x0,
0x37,0x0,0x0,0x0,0x0,0x0,0x0,0x0,
0x38,0x0,0x0,0x0,0x0,0x0,0x0,0x0,
0x38,0x0,0x0,0x0,0x0,0x0,0x1,0x0,
0xff,0xff,0xff,0xff,0x8,0x0,0x0,0x0,
0x4c,0x0,0x80,0x2,0x0,0x0,0x0,0x0,
0x0,0x0,0x7,0x0,0x0,0x0,0x0,0x0,
0x0,0x0,0x0,0x0,0x4c,0x0,0x0,0x0,
0x1,0x0,0x0,0x0,0x2e,0x62,0x3c,0x63,
0x18,0x7,0xe8,0x1,0x7,0x18,0x6,0x2,
0x0,0x0,0x0,0x0,0x0,0x0,0x0,0x0,
0x50,0x0,0x0,0x0,0x10,0x0,0x0,0x0,
0x39,0x0,0x0,0x0,0x0,0x0,0x0,0x0,
0x38,0x0,0x0,0x0,0x0,0x0,0x0,0x0,
0x38,0x0,0x0,0x0,0x0,0x0,0x2,0x0,
0xff,0xff,0xff,0xff,0xa,0x0,0x0,0x0,
0x4c,0x0,0x10,0x5,0x0,0x0,0x0,0x0,
0x0,0x0,0x7,0x0,0x0,0x0,0x0,0x0,
0x0,0x0,0x0,0x0,0x4c,0x0,0x0,0x0,
0x0,0x0,0x0,0x0,0x1,0x0,0x0,0x0,
0x4c,0x0,0x0,0x0,0x1,0x0,0x0,0x0,
0xca,0x2e,0x64,0x18,0x7,0xac,0x65,0x7,
0x0,0x0,0x18,0x6,0xd4,0x16,0x6,0x2,
0x44,0x0,0x0,0x0,0x7,0x0,0x0,0x0,
0x35,0x0,0x0,0x0,0x0,0x0,0x0,0x0,
0x38,0x0,0x0,0x0,0x0,0x0,0x0,0x0,
0x38,0x0,0x0,0x0,0x0,0x0,0x1,0x0,
0xff,0xff,0xff,0xff,0x7,0x0,0x0,0x0,
0x50,0x0,0x0,0x1,0x0,0x0,0x0,0x0,
0x0,0x0,0x7,0x0,0x0,0x0,0x0,0x0,
0x0,0x0,0x0,0x0,0x50,0x0,0x0,0x0,
0x1,0x0,0x0,0x0,0x2e,0x66,0x3c,0x67,
0x18,0x6,0x2,0x0,0x0,0x0,0x0,0x0,
0x44,0x0,0x0,0x0,0xd,0x0,0x0,0x0,
0x37,0x0,0x0,0x0,0x0,0x0,0x0,0x0,
0x38,0x0,0x0,0x0,0x0,0x0,0x0,0x0,
0x38,0x0,0x0,0x0,0x0,0x0,0x1,0x0,
0xff,0xff,0xff,0xff,0x8,0x0,0x0,0x0,
0x50,0x0,0x80,0x2,0x0,0x0,0x0,0x0,
0x0,0x0,0x7,0x0,0x0,0x0,0x0,0x0,
0x0,0x0,0x0,0x0,0x50,0x0,0x0,0x0,
0x1,0x0,0x0,0x0,0x13,0x5c,0x1,0x0,
0x0,0x18,0x7,0xe8,0x1,0x7,0x18,0x6,
0x2,0x0,0x0,0x0,0x0,0x0,0x0,0x0,
0x50,0x0,0x0,0x0,0x16,0x0,0x0,0x0,
0x39,0x0,0x0,0x0,0x0,0x0,0x0,0x0,
0x38,0x0,0x0,0x0,0x0,0x0,0x0,0x0,
0x38,0x0,0x0,0x0,0x0,0x0,0x2,0x0,
0xff,0xff,0xff,0xff,0x9,0x0,0x0,0x0,
0x50,0x0,0xa0,0x3,0x0,0x0,0x0,0x0,
0x0,0x0,0x7,0x0,0x0,0x0,0x0,0x0,
0x0,0x0,0x0,0x0,0x50,0x0,0x0,0x0,
0x0,0x0,0x0,0x0,0x1,0x0,0x0,0x0,
0x50,0x0,0x0,0x0,0x1,0x0,0x0,0x0,
0xca,0x2e,0x68,0x18,0x7,0x13,0x5c,0x1,
0x0,0x0,0x18,0x8,0x42,0x69,0x7,0x1a,
0x8,0x6,0xd4,0x16,0x6,0x2,0x0,0x0,
0x44,0x0,0x0,0x0,0x7,0x0,0x0,0x0,
0x35,0x0,0x0,0x0,0x0,0x0,0x0,0x0,
0x38,0x0,0x0,0x0,0x0,0x0,0x0,0x0,
0x38,0x0,0x0,0x0,0x0,0x0,0x1,0x0,
0xff,0xff,0xff,0xff,0x7,0x0,0x0,0x0,
0x51,0x0,0x0,0x1,0x0,0x0,0x0,0x0,
0x0,0x0,0x7,0x0,0x0,0x0,0x0,0x0,
0x0,0x0,0x0,0x0,0x51,0x0,0x0,0x0,
0x1,0x0,0x0,0x0,0x2e,0x6a,0x3c,0x6b,
0x18,0x6,0x2,0x0,0x0,0x0,0x0,0x0,
0x44,0x0,0x0,0x0,0xd,0x0,0x0,0x0,
0x37,0x0,0x0,0x0,0x0,0x0,0x0,0x0,
0x38,0x0,0x0,0x0,0x0,0x0,0x0,0x0,
0x38,0x0,0x0,0x0,0x0,0x0,0x1,0x0,
0xff,0xff,0xff,0xff,0x8,0x0,0x0,0x0,
0x51,0x0,0x80,0x2,0x0,0x0,0x0,0x0,
0x0,0x0,0x7,0x0,0x0,0x0,0x0,0x0,
0x0,0x0,0x0,0x0,0x51,0x0,0x0,0x0,
0x1,0x0,0x0,0x0,0x13,0x5d,0x1,0x0,
0x0,0x18,0x7,0xe8,0x1,0x7,0x18,0x6,
0x2,0x0,0x0,0x0,0x0,0x0,0x0,0x0,
0x50,0x0,0x0,0x0,0x16,0x0,0x0,0x0,
0x39,0x0,0x0,0x0,0x0,0x0,0x0,0x0,
0x38,0x0,0x0,0x0,0x0,0x0,0x0,0x0,
0x38,0x0,0x0,0x0,0x0,0x0,0x2,0x0,
0xff,0xff,0xff,0xff,0x9,0x0,0x0,0x0,
0x51,0x0,0xa0,0x3,0x0,0x0,0x0,0x0,
0x0,0x0,0x7,0x0,0x0,0x0,0x0,0x0,
0x0,0x0,0x0,0x0,0x51,0x0,0x0,0x0,
0x0,0x0,0x0,0x0,0x1,0x0,0x0,0x0,
0x51,0x0,0x0,0x0,0x1,0x0,0x0,0x0,
0xca,0x2e,0x6c,0x18,0x7,0x13,0x5d,0x1,
0x0,0x0,0x18,0x8,0x42,0x6d,0x7,0x1a,
0x8,0x6,0xd4,0x16,0x6,0x2,0x0,0x0,
0x44,0x0,0x0,0x0,0x7,0x0,0x0,0x0,
0x35,0x0,0x0,0x0,0x0,0x0,0x0,0x0,
0x38,0x0,0x0,0x0,0x0,0x0,0x0,0x0,
0x38,0x0,0x0,0x0,0x0,0x0,0x1,0x0,
0xff,0xff,0xff,0xff,0x7,0x0,0x0,0x0,
0x52,0x0,0x0,0x1,0x0,0x0,0x0,0x0,
0x0,0x0,0x7,0x0,0x0,0x0,0x0,0x0,
0x0,0x0,0x0,0x0,0x52,0x0,0x0,0x0,
0x1,0x0,0x0,0x0,0x2e,0x6e,0x3c,0x6f,
0x18,0x6,0x2,0x0,0x0,0x0,0x0,0x0,
0x44,0x0,0x0,0x0,0xd,0x0,0x0,0x0,
0x37,0x0,0x0,0x0,0x0,0x0,0x0,0x0,
0x38,0x0,0x0,0x0,0x0,0x0,0x0,0x0,
0x38,0x0,0x0,0x0,0x0,0x0,0x1,0x0,
0xff,0xff,0xff,0xff,0x8,0x0,0x0,0x0,
0x52,0x0,0x80,0x2,0x0,0x0,0x0,0x0,
0x0,0x0,0x7,0x0,0x0,0x0,0x0,0x0,
0x0,0x0,0x0,0x0,0x52,0x0,0x0,0x0,
0x1,0x0,0x0,0x0,0x13,0x5e,0x1,0x0,
0x0,0x18,0x7,0xe8,0x1,0x7,0x18,0x6,
0x2,0x0,0x0,0x0,0x0,0x0,0x0,0x0,
0x50,0x0,0x0,0x0,0x16,0x0,0x0,0x0,
0x39,0x0,0x0,0x0,0x0,0x0,0x0,0x0,
0x38,0x0,0x0,0x0,0x0,0x0,0x0,0x0,
0x38,0x0,0x0,0x0,0x0,0x0,0x2,0x0,
0xff,0xff,0xff,0xff,0x9,0x0,0x0,0x0,
0x52,0x0,0xa0,0x3,0x0,0x0,0x0,0x0,
0x0,0x0,0x7,0x0,0x0,0x0,0x0,0x0,
0x0,0x0,0x0,0x0,0x52,0x0,0x0,0x0,
0x0,0x0,0x0,0x0,0x1,0x0,0x0,0x0,
0x52,0x0,0x0,0x0,0x1,0x0,0x0,0x0,
0xca,0x2e,0x70,0x18,0x7,0x13,0x5e,0x1,
0x0,0x0,0x18,0x8,0x42,0x71,0x7,0x1a,
0x8,0x6,0xd4,0x16,0x6,0x2,0x0,0x0,
0x44,0x0,0x0,0x0,0x7,0x0,0x0,0x0,
0x35,0x0,0x0,0x0,0x0,0x0,0x0,0x0,
0x38,0x0,0x0,0x0,0x0,0x0,0x0,0x0,
0x38,0x0,0x0,0x0,0x0,0x0,0x1,0x0,
0xff,0xff,0xff,0xff,0x7,0x0,0x0,0x0,
0x53,0x0,0x0,0x1,0x0,0x0,0x0,0x0,
0x0,0x0,0x7,0x0,0x0,0x0,0x0,0x0,
0x0,0x0,0x0,0x0,0x53,0x0,0x0,0x0,
0x1,0x0,0x0,0x0,0x2e,0x72,0x3c,0x73,
0x18,0x6,0x2,0x0,0x0,0x0,0x0,0x0,
0x44,0x0,0x0,0x0,0xd,0x0,0x0,0x0,
0x37,0x0,0x0,0x0,0x0,0x0,0x0,0x0,
0x38,0x0,0x0,0x0,0x0,0x0,0x0,0x0,
0x38,0x0,0x0,0x0,0x0,0x0,0x1,0x0,
0xff,0xff,0xff,0xff,0x8,0x0,0x0,0x0,
0x53,0x0,0x80,0x2,0x0,0x0,0x0,0x0,
0x0,0x0,0x7,0x0,0x0,0x0,0x0,0x0,
0x0,0x0,0x0,0x0,0x53,0x0,0x0,0x0,
0x1,0x0,0x0,0x0,0x13,0x5f,0x1,0x0,
0x0,0x18,0x7,0xe8,0x1,0x7,0x18,0x6,
0x2,0x0,0x0,0x0,0x0,0x0,0x0,0x0,
0x50,0x0,0x0,0x0,0x16,0x0,0x0,0x0,
0x39,0x0,0x0,0x0,0x0,0x0,0x0,0x0,
0x38,0x0,0x0,0x0,0x0,0x0,0x0,0x0,
0x38,0x0,0x0,0x0,0x0,0x0,0x2,0x0,
0xff,0xff,0xff,0xff,0x9,0x0,0x0,0x0,
0x53,0x0,0xa0,0x3,0x0,0x0,0x0,0x0,
0x0,0x0,0x7,0x0,0x0,0x0,0x0,0x0,
0x0,0x0,0x0,0x0,0x53,0x0,0x0,0x0,
0x0,0x0,0x0,0x0,0x1,0x0,0x0,0x0,
0x53,0x0,0x0,0x0,0x1,0x0,0x0,0x0,
0xca,0x2e,0x74,0x18,0x7,0x13,0x5f,0x1,
0x0,0x0,0x18,0x8,0x42,0x75,0x7,0x1a,
0x8,0x6,0xd4,0x16,0x6,0x2,0x0,0x0,
0x44,0x0,0x0,0x0,0x7,0x0,0x0,0x0,
0x35,0x0,0x0,0x0,0x0,0x0,0x0,0x0,
0x38,0x0,0x0,0x0,0x0,0x0,0x0,0x0,
0x38,0x0,0x0,0x0,0x0,0x0,0x1,0x0,
0xff,0xff,0xff,0xff,0x7,0x0,0x0,0x0,
0x54,0x0,0x0,0x1,0x0,0x0,0x0,0x0,
0x0,0x0,0x7,0x0,0x0,0x0,0x0,0x0,
0x0,0x0,0x0,0x0,0x54,0x0,0x0,0x0,
0x1,0x0,0x0,0x0,0x2e,0x76,0x3c,0x77,
0x18,0x6,0x2,0x0,0x0,0x0,0x0,0x0,
0x44,0x0,0x0,0x0,0xd,0x0,0x0,0x0,
0x37,0x0,0x0,0x0,0x0,0x0,0x0,0x0,
0x38,0x0,0x0,0x0,0x0,0x0,0x0,0x0,
0x38,0x0,0x0,0x0,0x0,0x0,0x1,0x0,
0xff,0xff,0xff,0xff,0x8,0x0,0x0,0x0,
0x54,0x0,0x80,0x2,0x0,0x0,0x0,0x0,
0x0,0x0,0x7,0x0,0x0,0x0,0x0,0x0,
0x0,0x0,0x0,0x0,0x54,0x0,0x0,0x0,
0x1,0x0,0x0,0x0,0x13,0x84,0x1,0x0,
0x0,0x18,0x7,0xe8,0x1,0x7,0x18,0x6,
0x2,0x0,0x0,0x0,0x0,0x0,0x0,0x0,
0x50,0x0,0x0,0x0,0x13,0x0,0x0,0x0,
0x39,0x0,0x0,0x0,0x0,0x0,0x0,0x0,
0x38,0x0,0x0,0x0,0x0,0x0,0x0,0x0,
0x38,0x0,0x0,0x0,0x0,0x0,0x2,0x0,
0xff,0xff,0xff,0xff,0x9,0x0,0x0,0x0,
0x54,0x0,0xa0,0x3,0x0,0x0,0x0,0x0,
0x0,0x0,0x7,0x0,0x0,0x0,0x0,0x0,
0x0,0x0,0x0,0x0,0x54,0x0,0x0,0x0,
0x0,0x0,0x0,0x0,0x1,0x0,0x0,0x0,
0x54,0x0,0x0,0x0,0x1,0x0,0x0,0x0,
0xca,0x2e,0x78,0x18,0x7,0x12,0x3b,0x18,
0x8,0x42,0x79,0x7,0x1a,0x8,0x6,0xd4,
0x16,0x6,0x2,0x0,0x0,0x0,0x0,0x0,
0x44,0x0,0x0,0x0,0x7,0x0,0x0,0x0,
0x35,0x0,0x0,0x0,0x0,0x0,0x0,0x0,
0x38,0x0,0x0,0x0,0x0,0x0,0x0,0x0,
0x38,0x0,0x0,0x0,0x0,0x0,0x1,0x0,
0xff,0xff,0xff,0xff,0x7,0x0,0x0,0x0,
0x55,0x0,0x0,0x1,0x0,0x0,0x0,0x0,
0x0,0x0,0x7,0x0,0x0,0x0,0x0,0x0,
0x0,0x0,0x0,0x0,0x55,0x0,0x0,0x0,
0x1,0x0,0x0,0x0,0x2e,0x7a,0x3c,0x7b,
0x18,0x6,0x2,0x0,0x0,0x0,0x0,0x0,
0x44,0x0,0x0,0x0,0xd,0x0,0x0,0x0,
0x37,0x0,0x0,0x0,0x0,0x0,0x0,0x0,
0x38,0x0,0x0,0x0,0x0,0x0,0x0,0x0,
0x38,0x0,0x0,0x0,0x0,0x0,0x1,0x0,
0xff,0xff,0xff,0xff,0x8,0x0,0x0,0x0,
0x55,0x0,0x80,0x2,0x0,0x0,0x0,0x0,
0x0,0x0,0x7,0x0,0x0,0x0,0x0,0x0,
0x0,0x0,0x0,0x0,0x55,0x0,0x0,0x0,
0x1,0x0,0x0,0x0,0x13,0x85,0x1,0x0,
0x0,0x18,0x7,0xe8,0x1,0x7,0x18,0x6,
0x2,0x0,0x0,0x0,0x0,0x0,0x0,0x0,
0x50,0x0,0x0,0x0,0x10,0x0,0x0,0x0,
0x39,0x0,0x0,0x0,0x0,0x0,0x0,0x0,
0x38,0x0,0x0,0x0,0x0,0x0,0x0,0x0,
0x38,0x0,0x0,0x0,0x0,0x0,0x2,0x0,
0xff,0xff,0xff,0xff,0xa,0x0,0x0,0x0,
0x55,0x0,0xa0,0x3,0x0,0x0,0x0,0x0,
0x0,0x0,0x7,0x0,0x0,0x0,0x0,0x0,
0x0,0x0,0x0,0x0,0x55,0x0,0x0,0x0,
0x0,0x0,0x0,0x0,0x1,0x0,0x0,0x0,
0x55,0x0,0x0,0x0,0x1,0x0,0x0,0x0,
0xca,0x2e,0x7c,0x18,0x7,0xac,0x7d,0x7,
0x0,0x0,0x18,0x6,0xd4,0x16,0x6,0x2,
0x44,0x0,0x0,0x0,0x7,0x0,0x0,0x0,
0x35,0x0,0x0,0x0,0x0,0x0,0x0,0x0,
0x38,0x0,0x0,0x0,0x0,0x0,0x0,0x0,
0x38,0x0,0x0,0x0,0x0,0x0,0x1,0x0,
0xff,0xff,0xff,0xff,0x7,0x0,0x0,0x0,
0x58,0x0,0x0,0x1,0x0,0x0,0x0,0x0,
0x0,0x0,0x7,0x0,0x0,0x0,0x0,0x0,
0x0,0x0,0x0,0x0,0x58,0x0,0x0,0x0,
0x1,0x0,0x0,0x0,0x2e,0x7e,0x3c,0x7f,
0x18,0x6,0x2,0x0,0x0,0x0,0x0,0x0,
0x44,0x0,0x0,0x0,0xd,0x0,0x0,0x0,
0x37,0x0,0x0,0x0,0x0,0x0,0x0,0x0,
0x38,0x0,0x0,0x0,0x0,0x0,0x0,0x0,
0x38,0x0,0x0,0x0,0x0,0x0,0x1,0x0,
0xff,0xff,0xff,0xff,0x8,0x0,0x0,0x0,
0x58,0x0,0x80,0x2,0x0,0x0,0x0,0x0,
0x0,0x0,0x7,0x0,0x0,0x0,0x0,0x0,
0x0,0x0,0x0,0x0,0x58,0x0,0x0,0x0,
0x1,0x0,0x0,0x0,0x13,0x87,0x1,0x0,
0x0,0x18,0x7,0xe8,0x1,0x7,0x18,0x6,
0x2,0x0,0x0,0x0,0x0,0x0,0x0,0x0,
0x50,0x0,0x0,0x0,0x1f,0x0,0x0,0x0,
0x39,0x0,0x0,0x0,0x0,0x0,0x0,0x0,
0x38,0x0,0x0,0x0,0x0,0x0,0x0,0x0,
0x38,0x0,0x0,0x0,0x0,0x0,0x2,0x0,
0xff,0xff,0xff,0xff,0xa,0x0,0x0,0x0,
0x58,0x0,0xa0,0x3,0x0,0x0,0x0,0x0,
0x0,0x0,0x7,0x0,0x0,0x0,0x0,0x0,
0x0,0x0,0x0,0x0,0x58,0x0,0x0,0x0,
0x0,0x0,0x0,0x0,0x1,0x0,0x0,0x0,
0x58,0x0,0x0,0x0,0x1,0x0,0x0,0x0,
0xca,0x2f,0x80,0x0,0x0,0x0,0x18,0x7,
0xad,0x81,0x0,0x0,0x0,0x7,0x0,0x0,
0x0,0x0,0x0,0x0,0x0,0x0,0x0,0x0,
0x0,0x18,0x6,0xd4,0x16,0x6,0x2,0x0,
0x44,0x0,0x0,0x0,0xd,0x0,0x0,0x0,
0x35,0x0,0x0,0x0,0x0,0x0,0x0,0x0,
0x38,0x0,0x0,0x0,0x0,0x0,0x0,0x0,
0x38,0x0,0x0,0x0,0x0,0x0,0x1,0x0,
0xff,0xff,0xff,0xff,0x7,0x0,0x0,0x0,
0x59,0x0,0x0,0x1,0x0,0x0,0x0,0x0,
0x0,0x0,0x7,0x0,0x0,0x0,0x0,0x0,
0x0,0x0,0x0,0x0,0x59,0x0,0x0,0x0,
0x1,0x0,0x0,0x0,0x2f,0x82,0x0,0x0,
0x0,0x3d,0x83,0x0,0x0,0x0,0x18,0x6,
0x2,0x0,0x0,0x0,0x0,0x0,0x0,0x0,
0x44,0x0,0x0,0x0,0xd,0x0,0x0,0x0,
0x37,0x0,0x0,0x0,0x0,0x0,0x0,0x0,
0x38,0x0,0x0,0x0,0x0,0x0,0x0,0x0,
0x38,0x0,0x0,0x0,0x0,0x0,0x1,0x0,
0xff,0xff,0xff,0xff,0x8,0x0,0x0,0x0,
0x59,0x0,0x80,0x2,0x0,0x0,0x0,0x0,
0x0,0x0,0x7,0x0,0x0,0x0,0x0,0x0,
0x0,0x0,0x0,0x0,0x59,0x0,0x0,0x0,
0x1,0x0,0x0,0x0,0x13,0x88,0x1,0x0,
0x0,0x18,0x7,0xe8,0x1,0x7,0x18,0x6,
0x2,0x0,0x0,0x0,0x0,0x0,0x0,0x0,
0x50,0x0,0x0,0x0,0x25,0x0,0x0,0x0,
0x39,0x0,0x0,0x0,0x0,0x0,0x0,0x0,
0x38,0x0,0x0,0x0,0x0,0x0,0x0,0x0,
0x38,0x0,0x0,0x0,0x0,0x0,0x2,0x0,
0xff,0xff,0xff,0xff,0x9,0x0,0x0,0x0,
0x59,0x0,0xa0,0x3,0x0,0x0,0x0,0x0,
0x0,0x0,0x7,0x0,0x0,0x0,0x0,0x0,
0x0,0x0,0x0,0x0,0x59,0x0,0x0,0x0,
0x0,0x0,0x0,0x0,0x1,0x0,0x0,0x0,
0x59,0x0,0x0,0x0,0x1,0x0,0x0,0x0,
0xca,0x2f,0x84,0x0,0x0,0x0,0x18,0x7,
0x2f,0x85,0x0,0x0,0x0,0x3d,0x86,0x0,
0x0,0x0,0x74,0x18,0x8,0x43,0x87,0x0,
0x0,0x0,0x7,0x0,0x0,0x0,0x1a,0x8,
0x6,0xd4,0x16,0x6,0x2,0x0,0x0,0x0,
0x44,0x0,0x0,0x0,0x19,0x0,0x0,0x0,
0x35,0x0,0x0,0x0,0x0,0x0,0x0,0x0,
0x38,0x0,0x0,0x0,0x0,0x0,0x0,0x0,
0x38,0x0,0x0,0x0,0x0,0x0,0x1,0x0,
0xff,0xff,0xff,0xff,0x7,0x0,0x0,0x0,
0x5a,0x0,0x0,0x1,0x0,0x0,0x0,0x0,
0x0,0x0,0x7,0x0,0x0,0x0,0x0,0x0,
0x0,0x0,0x0,0x0,0x5a,0x0,0x0,0x0,
0x1,0x0,0x0,0x0,0x2f,0x88,0x0,0x0,
0x0,0x3d,0x89,0x0,0x0,0x0,0x50,0xa,
0x2f,0x8a,0x0,0x0,0x0,0x3d,0x8b,0x0,
0x0,0x0,0x18,0x6,0x2,0x0,0x0,0x0,
0x0,0x0,0x0,0x0,0x0,0x0,0x0,0x0,
0x44,0x0,0x0,0x0,0xd,0x0,0x0,0x0,
0x37,0x0,0x0,0x0,0x0,0x0,0x0,0x0,
0x38,0x0,0x0,0x0,0x0,0x0,0x0,0x0,
0x38,0x0,0x0,0x0,0x0,0x0,0x1,0x0,
0xff,0xff,0xff,0xff,0x8,0x0,0x0,0x0,
0x5a,0x0,0xc0,0x3,0x0,0x0,0x0,0x0,
0x0,0x0,0x7,0x0,0x0,0x0,0x0,0x0,
0x0,0x0,0x0,0x0,0x5a,0x0,0x0,0x0,
0x1,0x0,0x0,0x0,0x13,0x89,0x1,0x0,
0x0,0x18,0x7,0xe8,0x1,0x7,0x18,0x6,
0x2,0x0,0x0,0x0,0x0,0x0,0x0,0x0,
0x50,0x0,0x0,0x0,0x25,0x0,0x0,0x0,
0x39,0x0,0x0,0x0,0x0,0x0,0x0,0x0,
0x38,0x0,0x0,0x0,0x0,0x0,0x0,0x0,
0x38,0x0,0x0,0x0,0x0,0x0,0x2,0x0,
0xff,0xff,0xff,0xff,0x9,0x0,0x0,0x0,
0x5b,0x0,0x0,0x1,0x0,0x0,0x0,0x0,
0x0,0x0,0x7,0x0,0x0,0x0,0x0,0x0,
0x0,0x0,0x0,0x0,0x5b,0x0,0x0,0x0,
0x0,0x0,0x0,0x0,0x1,0x0,0x0,0x0,
0x5b,0x0,0x0,0x0,0x1,0x0,0x0,0x0,
0xca,0x2f,0x8c,0x0,0x0,0x0,0x18,0x7,
0x2f,0x8d,0x0,0x0,0x0,0x3d,0x8e,0x0,
0x0,0x0,0x74,0x18,0x8,0x43,0x8f,0x0,
0x0,0x0,0x7,0x0,0x0,0x0,0x1a,0x8,
0x6,0xd4,0x16,0x6,0x2,0x0,0x0,0x0,
0x44,0x0,0x0,0x0,0xd,0x0,0x0,0x0,
0x35,0x0,0x0,0x0,0x0,0x0,0x0,0x0,
0x38,0x0,0x0,0x0,0x0,0x0,0x0,0x0,
0x38,0x0,0x0,0x0,0x0,0x0,0x1,0x0,
0xff,0xff,0xff,0xff,0x7,0x0,0x0,0x0,
0x5c,0x0,0x0,0x1,0x0,0x0,0x0,0x0,
0x0,0x0,0x7,0x0,0x0,0x0,0x0,0x0,
0x0,0x0,0x0,0x0,0x5c,0x0,0x0,0x0,
0x1,0x0,0x0,0x0,0x2f,0x90,0x0,0x0,
0x0,0x3d,0x91,0x0,0x0,0x0,0x18,0x6,
0x2,0x0,0x0,0x0,0x0,0x0,0x0,0x0,
0x44,0x0,0x0,0x0,0xd,0x0,0x0,0x0,
0x37,0x0,0x0,0x0,0x0,0x0,0x0,0x0,
0x38,0x0,0x0,0x0,0x0,0x0,0x0,0x0,
0x38,0x0,0x0,0x0,0x0,0x0,0x1,0x0,
0xff,0xff,0xff,0xff,0x8,0x0,0x0,0x0,
0x5c,0x0,0xb0,0x2,0x0,0x0,0x0,0x0,
0x0,0x0,0x7,0x0,0x0,0x0,0x0,0x0,
0x0,0x0,0x0,0x0,0x5c,0x0,0x0,0x0,
0x1,0x0,0x0,0x0,0x13,0x8a,0x1,0x0,
0x0,0x18,0x7,0xe8,0x1,0x7,0x18,0x6,
0x2,0x0,0x0,0x0,0x0,0x0,0x0,0x0,
0x50,0x0,0x0,0x0,0x1b,0x0,0x0,0x0,
0x39,0x0,0x0,0x0,0x0,0x0,0x0,0x0,
0x38,0x0,0x0,0x0,0x0,0x0,0x0,0x0,
0x38,0x0,0x0,0x0,0x0,0x0,0x2,0x0,
0xff,0xff,0xff,0xff,0x9,0x0,0x0,0x0,
0x5d,0x0,0x0,0x1,0x0,0x0,0x0,0x0,
0x0,0x0,0x7,0x0,0x0,0x0,0x0,0x0,
0x0,0x0,0x0,0x0,0x5d,0x0,0x0,0x0,
0x0,0x0,0x0,0x0,0x1,0x0,0x0,0x0,
0x5d,0x0,0x0,0x0,0x1,0x0,0x0,0x0,
0xca,0x2f,0x92,0x0,0x0,0x0,0x18,0x7,
0xa,0x18,0x8,0x43,0x93,0x0,0x0,0x0,
0x7,0x0,0x0,0x0,0x1a,0x8,0x6,0xd4,
0x16,0x6,0x2,0x0,0x0,0x0,0x0,0x0,
0x44,0x0,0x0,0x0,0xd,0x0,0x0,0x0,
0x35,0x0,0x0,0x0,0x0,0x0,0x0,0x0,
0x38,0x0,0x0,0x0,0x0,0x0,0x0,0x0,
0x38,0x0,0x0,0x0,0x0,0x0,0x1,0x0,
0xff,0xff,0xff,0xff,0x7,0x0,0x0,0x0,
0x62,0x0,0x0,0x1,0x0,0x0,0x0,0x0,
0x0,0x0,0x7,0x0,0x0,0x0,0x0,0x0,
0x0,0x0,0x0,0x0,0x62,0x0,0x0,0x0,
0x1,0x0,0x0,0x0,0x2f,0x94,0x0,0x0,
0x0,0x3d,0x95,0x0,0x0,0x0,0x18,0x6,
0x2,0x0,0x0,0x0,0x0,0x0,0x0,0x0,
0x44,0x0,0x0,0x0,0xd,0x0,0x0,0x0,
0x37,0x0,0x0,0x0,0x0,0x0,0x0,0x0,
0x38,0x0,0x0,0x0,0x0,0x0,0x0,0x0,
0x38,0x0,0x0,0x0,0x0,0x0,0x1,0x0,
0xff,0xff,0xff,0xff,0x8,0x0,0x0,0x0,
0x62,0x0,0x80,0x2,0x0,0x0,0x0,0x0,
0x0,0x0,0x7,0x0,0x0,0x0,0x0,0x0,
0x0,0x0,0x0,0x0,0x62,0x0,0x0,0x0,
0x1,0x0,0x0,0x0,0x13,0x8b,0x1,0x0,
0x0,0x18,0x7,0xe8,0x1,0x7,0x18,0x6,
0x2,0x0,0x0,0x0,0x0,0x0,0x0,0x0,
0x50,0x0,0x0,0x0,0x25,0x0,0x0,0x0,
0x39,0x0,0x0,0x0,0x0,0x0,0x0,0x0,
0x38,0x0,0x0,0x0,0x0,0x0,0x0,0x0,
0x38,0x0,0x0,0x0,0x0,0x0,0x2,0x0,
0xff,0xff,0xff,0xff,0x9,0x0,0x0,0x0,
0x63,0x0,0x0,0x1,0x0,0x0,0x0,0x0,
0x0,0x0,0x7,0x0,0x0,0x0,0x0,0x0,
0x0,0x0,0x0,0x0,0x63,0x0,0x0,0x0,
0x0,0x0,0x0,0x0,0x1,0x0,0x0,0x0,
0x63,0x0,0x0,0x0,0x1,0x0,0x0,0x0,
0xca,0x2f,0x96,0x0,0x0,0x0,0x18,0x7,
0x2f,0x97,0x0,0x0,0x0,0x3d,0x98,0x0,
0x0,0x0,0x74,0x18,0x8,0x43,0x99,0x0,
0x0,0x0,0x7,0x0,0x0,0x0,0x1a,0x8,
0x6,0xd4,0x16,0x6,0x2,0x0,0x0,0x0,
0x44,0x0,0x0,0x0,0xd,0x0,0x0,0x0,
0x35,0x0,0x0,0x0,0x0,0x0,0x0,0x0,
0x38,0x0,0x0,0x0,0x0,0x0,0x0,0x0,
0x38,0x0,0x0,0x0,0x0,0x0,0x1,0x0,
0xff,0xff,0xff,0xff,0x7,0x0,0x0,0x0,
0x64,0x0,0x0,0x1,0x0,0x0,0x0,0x0,
0x0,0x0,0x7,0x0,0x0,0x0,0x0,0x0,
0x0,0x0,0x0,0x0,0x64,0x0,0x0,0x0,
0x1,0x0,0x0,0x0,0x2f,0x9a,0x0,0x0,
0x0,0x3d,0x9b,0x0,0x0,0x0,0x18,0x6,
0x2,0x0,0x0,0x0,0x0,0x0,0x0,0x0,
0x44,0x0,0x0,0x0,0xd,0x0,0x0,0x0,
0x37,0x0,0x0,0x0,0x0,0x0,0x0,0x0,
0x38,0x0,0x0,0x0,0x0,0x0,0x0,0x0,
0x38,0x0,0x0,0x0,0x0,0x0,0x1,0x0,
0xff,0xff,0xff,0xff,0x8,0x0,0x0,0x0,
0x64,0x0,0x80,0x2,0x0,0x0,0x0,0x0,
0x0,0x0,0x7,0x0,0x0,0x0,0x0,0x0,
0x0,0x0,0x0,0x0,0x64,0x0,0x0,0x0,
0x1,0x0,0x0,0x0,0x13,0x8c,0x1,0x0,
0x0,0x18,0x7,0xe8,0x1,0x7,0x18,0x6,
0x2,0x0,0x0,0x0,0x0,0x0,0x0,0x0,
0x80,0x0,0x0,0x0,0x49,0x0,0x0,0x0,
0x39,0x0,0x0,0x0,0x0,0x0,0x0,0x0,
0x38,0x0,0x0,0x0,0x0,0x0,0x0,0x0,
0x38,0x0,0x0,0x0,0x0,0x0,0x6,0x0,
0xff,0xff,0xff,0xff,0xc,0x0,0x0,0x0,
0x65,0x0,0x0,0x1,0x0,0x0,0x0,0x0,
0x0,0x0,0x7,0x0,0x0,0x0,0x0,0x0,
0x0,0x0,0x0,0x0,0x65,0x0,0x0,0x0,
0x0,0x0,0x0,0x0,0x1,0x0,0x0,0x0,
0x65,0x0,0x0,0x0,0x1,0x0,0x0,0x0,
0xd,0x0,0x0,0x0,0x66,0x0,0x0,0x0,
0x2,0x0,0x0,0x0,0x20,0x0,0x0,0x0,
0x67,0x0,0x0,0x0,0x2,0x0,0x0,0x0,
0x32,0x0,0x0,0x0,0x66,0x0,0x0,0x0,
0x2,0x0,0x0,0x0,0x45,0x0,0x0,0x0,
0x67,0x0,0x0,0x0,0x2,0x0,0x0,0x0,
0xca,0x2f,0x9c,0x0,0x0,0x0,0x3d,0x9d,
0x0,0x0,0x0,0x50,0x38,0x2f,0x9e,0x0,
0x0,0x0,0x18,0x7,0x2f,0x9f,0x0,0x0,
0x0,0x3d,0xa0,0x0,0x0,0x0,0x18,0xa,
0x2f,0xa1,0x0,0x0,0x0,0x3d,0xa2,0x0,
0x0,0x0,0x3d,0xa3,0x0,0x0,0x0,0x74,
0x18,0xb,0xad,0xa4,0x0,0x0,0x0,0x7,
0x0,0x0,0x0,0x2,0x0,0x0,0x0,0xa,
0x0,0x0,0x0,0x18,0x6,0xd4,0x16,0x6,
0x2,0x0,0x0,0x0,0x0,0x0,0x0,0x0,
0x44,0x0,0x0,0x0,0x8,0x0,0x0,0x0,
0x45,0x0,0x0,0x0,0x0,0x0,0x0,0x0,
0x38,0x0,0x0,0x0,0x0,0x0,0x0,0x0,
0x38,0x0,0x0,0x0,0x0,0x0,0x1,0x0,
0xff,0xff,0xff,0xff,0x7,0x0,0x0,0x0,
0x70,0x0,0x90,0x0,0x0,0x0,0x0,0x0,
0x0,0x0,0x7,0x0,0x0,0x0,0x0,0x0,
0x0,0x0,0x0,0x0,0x70,0x0,0x0,0x0,
0x1,0x0,0x0,0x0,0x2f,0xa5,0x0,0x0,
0x0,0x18,0x6,0x2,0x0,0x0,0x0,0x0,
0x84,0x0,0x0,0x0,0xa5,0x0,0x0,0x0,
0x46,0x0,0x0,0x0,0x2,0x0,0x2,0x0,
0x38,0x0,0x0,0x0,0x0,0x0,0x0,0x0,
0x48,0x0,0x0,0x0,0x0,0x0,0x5,0x0,
0xff,0xff,0xff,0xff,0x12,0x0,0x0,0x0,
0x71,0x0,0x90,0x0,0x0,0x0,0x0,0x0,
0x0,0x0,0x9,0x0,0x0,0x0,0x0,0x0,
0x41,0x0,0x0,0x0,0x0,0x0,0x0,0x0,
0x47,0x0,0x0,0x0,0x0,0x0,0x0,0x0,
0x0,0x0,0x0,0x0,0x72,0x0,0x0,0x0,
0x2,0x0,0x0,0x0,0x1d,0x0,0x0,0x0,
0x73,0x0,0x0,0x0,0x2,0x0,0x0,0x0,
0x82,0x0,0x0,0x0,0x72,0x0,0x0,0x0,
0x2,0x0,0x0,0x0,0x8b,0x0,0x0,0x0,
0x74,0x0,0x0,0x0,0x4,0x0,0x0,0x0,
0xa3,0x0,0x0,0x0,0x75,0x0,0x0,0x0,
0x4,0x0,0x0,0x0,0x2f,0xa6,0x0,0x0,
0x0,0x18,0x9,0x13,0x8e,0x1,0x0,0x0,
0x18,0xc,0xb5,0xa7,0x0,0x0,0x0,0x1,
0x0,0x0,0x0,0xc,0x0,0x0,0x0,0x18,
0xa,0x2f,0xa8,0x0,0x0,0x0,0x18,0xe,
0xad,0xa9,0x0,0x0,0x0,0xe,0x0,0x0,
0x0,0x1,0x0,0x0,0x0,0x6,0x0,0x0,
0x0,0x18,0xd,0xad,0xaa,0x0,0x0,0x0,
0xa,0x0,0x0,0x0,0x1,0x0,0x0,0x0,
0xd,0x0,0x0,0x0,0x18,0xa,0xad,0xab,
0x0,0x0,0x0,0xa,0x0,0x0,0x0,0x1,
0x0,0x0,0x0,0x7,0x0,0x0,0x0,0x18,
0xa,0x1a,0x7,0xe,0x10,0x1,0x64,0xe,
0x50,0x7,0x13,0x91,0x1,0x0,0x0,0x4c,
0x2,0x12,0x0,0x18,0xd,0xad,0xac,0x0,
0x0,0x0,0xa,0x0,0x0,0x0,0x1,0x0,
0x0,0x0,0xd,0x0,0x0,0x0,0x43,0xad,
0x0,0x0,0x0,0x9,0x0,0x0,0x0,0x2f,
0xae,0x0,0x0,0x0,0x18,0x9,0xad,0xaf,
0x0,0x0,0x0,0x9,0x0,0x0,0x0,0x0,
0x0,0x0,0x0,0x0,0x0,0x0,0x0,0xe,
0x2,0x0,0x0,0x0,0x0,0x0,0x0,0x0,
0x50,0x0,0x0,0x0,0x1c,0x0,0x0,0x0,
0x4c,0x0,0x0,0x0,0x0,0x0,0x0,0x0,
0x38,0x0,0x0,0x0,0x0,0x0,0x0,0x0,
0x38,0x0,0x0,0x0,0x0,0x0,0x2,0x0,
0xff,0xff,0xff,0xff,0x9,0x0,0x0,0x0,
0x77,0x0,0xf0,0x2,0x0,0x0,0x0,0x0,
0x0,0x0,0x7,0x0,0x0,0x0,0x0,0x0,
0x0,0x0,0x0,0x0,0x77,0x0,0x0,0x0,
0x0,0x0,0x0,0x0,0x1,0x0,0x0,0x0,
0x77,0x0,0x0,0x0,0x1,0x0,0x0,0x0,
0xca,0x2f,0xb0,0x0,0x0,0x0,0x18,0x7,
0x12,0x0,0x18,0x8,0x43,0xb1,0x0,0x0,
0x0,0x7,0x0,0x0,0x0,0x1a,0x8,0x6,
0xd4,0x16,0x6,0x2,0x0,0x0,0x0,0x0,
0x50,0x0,0x0,0x0,0x1f,0x0,0x0,0x0,
0x4c,0x0,0x0,0x0,0x0,0x0,0x0,0x0,
0x38,0x0,0x0,0x0,0x0,0x0,0x0,0x0,
0x38,0x0,0x0,0x0,0x0,0x0,0x2,0x0,
0xff,0xff,0xff,0xff,0xa,0x0,0x0,0x0,
0x90,0x0,0x10,0x1,0x0,0x0,0x0,0x0,
0x0,0x0,0x7,0x0,0x0,0x0,0x0,0x0,
0x0,0x0,0x0,0x0,0x90,0x0,0x0,0x0,
0x0,0x0,0x0,0x0,0x1,0x0,0x0,0x0,
0x90,0x0,0x0,0x0,0x1,0x0,0x0,0x0,
0xca,0x2f,0xb2,0x0,0x0,0x0,0x18,0x7,
0xad,0xb3,0x0,0x0,0x0,0x7,0x0,0x0,
0x0,0x0,0x0,0x0,0x0,0x0,0x0,0x0,
0x0,0x18,0x6,0xd4,0x16,0x6,0x2,0x0,
0x44,0x0,0x0,0x0,0x13,0x0,0x0,0x0,
0x35,0x0,0x0,0x0,0x0,0x0,0x0,0x0,
0x38,0x0,0x0,0x0,0x0,0x0,0x0,0x0,
0x38,0x0,0x0,0x0,0x0,0x0,0x1,0x0,
0xff,0xff,0xff,0xff,0x8,0x0,0x0,0x0,
0x94,0x0,0x10,0x1,0x0,0x0,0x0,0x0,
0x0,0x0,0x7,0x0,0x0,0x0,0x0,0x0,
0x0,0x0,0x0,0x0,0x94,0x0,0x0,0x0,
0x1,0x0,0x0,0x0,0x2f,0xb4,0x0,0x0,
0x0,0x3d,0xb5,0x0,0x0,0x0,0x18,0x7,
0x12,0x0,0x6e,0x7,0x18,0x6,0x2,0x0,
0x0,0x0,0x0,0x0,0x0,0x0,0x0,0x0,
0x50,0x0,0x0,0x0,0x1f,0x0,0x0,0x0,
0x4c,0x0,0x0,0x0,0x0,0x0,0x0,0x0,
0x38,0x0,0x0,0x0,0x0,0x0,0x0,0x0,
0x38,0x0,0x0,0x0,0x0,0x0,0x2,0x0,
0xff,0xff,0xff,0xff,0xa,0x0,0x0,0x0,
0x95,0x0,0x10,0x1,0x0,0x0,0x0,0x0,
0x0,0x0,0x7,0x0,0x0,0x0,0x0,0x0,
0x0,0x0,0x0,0x0,0x95,0x0,0x0,0x0,
0x0,0x0,0x0,0x0,0x1,0x0,0x0,0x0,
0x95,0x0,0x0,0x0,0x1,0x0,0x0,0x0,
0xca,0x2f,0xb6,0x0,0x0,0x0,0x18,0x7,
0xad,0xb7,0x0,0x0,0x0,0x7,0x0,0x0,
0x0,0x0,0x0,0x0,0x0,0x0,0x0,0x0,
0x0,0x18,0x6,0xd4,0x16,0x6,0x2,0x0,
0x44,0x0,0x0,0x0,0x36,0x0,0x0,0x0,
0x5b,0x0,0x0,0x0,0x0,0x0,0x0,0x0,
0x38,0x0,0x0,0x0,0x0,0x0,0x0,0x0,
0x38,0x0,0x0,0x0,0x0,0x0,0x1,0x0,
0xff,0xff,0xff,0xff,0xb,0x0,0x0,0x0,
0x9c,0x0,0x10,0x1,0x0,0x0,0x0,0x0,
0x0,0x0,0x7,0x0,0x0,0x0,0x0,0x0,
0x0,0x0,0x0,0x0,0x9c,0x0,0x0,0x0,
0x1,0x0,0x0,0x0,0x13,0x94,0x1,0x0,
0x0,0x18,0x9,0xb5,0xb8,0x0,0x0,0x0,
0x1,0x0,0x0,0x0,0x9,0x0,0x0,0x0,
0x18,0x7,0x2f,0xb9,0x0,0x0,0x0,0x3d,
0xba,0x0,0x0,0x0,0x18,0xa,0xad,0xbb,
0x0,0x0,0x0,0x7,0x0,0x0,0x0,0x1,
0x0,0x0,0x0,0xa,0x0,0x0,0x0,0x18,
0x6,0x2,0x0,0x0,0x0,0x0,0x0,0x0,
0x44,0x0,0x0,0x0,0x12,0x0,0x0,0x0,
0x35,0x0,0x0,0x0,0x0,0x0,0x0,0x0,
0x38,0x0,0x0,0x0,0x0,0x0,0x0,0x0,
0x38,0x0,0x0,0x0,0x0,0x0,0x1,0x0,
0xff,0xff,0xff,0xff,0x8,0x0,0x0,0x0,
0x9d,0x0,0x10,0x1,0x0,0x0,0x0,0x0,
0x0,0x0,0x7,0x0,0x0,0x0,0x0,0x0,
0x0,0x0,0x0,0x0,0x9d,0x0,0x0,0x0,
0x1,0x0,0x0,0x0,0x2f,0xbc,0x0,0x0,
0x0,0x3d,0xbd,0x0,0x0,0x0,0x18,0x7,
0x6,0x64,0x7,0x18,0x6,0x2,0x0,0x0,
0x0,0x0,0x0,0x0,0x0,0x0,0x0,0x0,
0x50,0x0,0x0,0x0,0x1c,0x0,0x0,0x0,
0x4c,0x0,0x0,0x0,0x0,0x0,0x0,0x0,
0x38,0x0,0x0,0x0,0x0,0x0,0x0,0x0,
0x38,0x0,0x0,0x0,0x0,0x0,0x2,0x0,
0xff,0xff,0xff,0xff,0x9,0x0,0x0,0x0,
0x9e,0x0,0x10,0x1,0x0,0x0,0x0,0x0,
0x0,0x0,0x7,0x0,0x0,0x0,0x0,0x0,
0x0,0x0,0x0,0x0,0x9e,0x0,0x0,0x0,
0x0,0x0,0x0,0x0,0x1,0x0,0x0,0x0,
0x9e,0x0,0x0,0x0,0x1,0x0,0x0,0x0,
0xca,0x2f,0xbe,0x0,0x0,0x0,0x18,0x7,
0x10,0x2,0x18,0x8,0x43,0xbf,0x0,0x0,
0x0,0x7,0x0,0x0,0x0,0x1a,0x8,0x6,
0xd4,0x16,0x6,0x2,0x0,0x0,0x0,0x0,
0x50,0x0,0x0,0x0,0x1f,0x0,0x0,0x0,
0x4c,0x0,0x0,0x0,0x0,0x0,0x0,0x0,
0x38,0x0,0x0,0x0,0x0,0x0,0x0,0x0,
0x38,0x0,0x0,0x0,0x0,0x0,0x2,0x0,
0xff,0xff,0xff,0xff,0xa,0x0,0x0,0x0,
0xa3,0x0,0x10,0x1,0x0,0x0,0x0,0x0,
0x0,0x0,0x7,0x0,0x0,0x0,0x0,0x0,
0x0,0x0,0x0,0x0,0xa3,0x0,0x0,0x0,
0x0,0x0,0x0,0x0,0x1,0x0,0x0,0x0,
0xa3,0x0,0x0,0x0,0x1,0x0,0x0,0x0,
0xca,0x2f,0xc0,0x0,0x0,0x0,0x18,0x7,
0xad,0xc1,0x0,0x0,0x0,0x7,0x0,0x0,
0x0,0x0,0x0,0x0,0x0,0x0,0x0,0x0,
0x0,0x18,0x6,0xd4,0x16,0x6,0x2,0x0,
0x50,0x0,0x0,0x0,0x25,0x0,0x0,0x0,
0x4c,0x0,0x0,0x0,0x0,0x0,0x0,0x0,
0x38,0x0,0x0,0x0,0x0,0x0,0x0,0x0,
0x38,0x0,0x0,0x0,0x0,0x0,0x2,0x0,
0xff,0xff,0xff,0xff,0x9,0x0,0x0,0x0,
0xb0,0x0,0x10,0x1,0x0,0x0,0x0,0x0,
0x0,0x0,0x7,0x0,0x0,0x0,0x0,0x0,
0x0,0x0,0x0,0x0,0xb0,0x0,0x0,0x0,
0x0,0x0,0x0,0x0,0x1,0x0,0x0,0x0,
0xb0,0x0,0x0,0x0,0x1,0x0,0x0,0x0,
0xca,0x2f,0xc2,0x0,0x0,0x0,0x18,0x7,
0x2f,0xc3,0x0,0x0,0x0,0x3d,0xc4,0x0,
0x0,0x0,0x74,0x18,0x8,0x43,0xc5,0x0,
0x0,0x0,0x7,0x0,0x0,0x0,0x1a,0x8,
0x6,0xd4,0x16,0x6,0x2,0x0,0x0,0x0,
0x50,0x0,0x0,0x0,0x1f,0x0,0x0,0x0,
0x4c,0x0,0x0,0x0,0x0,0x0,0x0,0x0,
0x38,0x0,0x0,0x0,0x0,0x0,0x0,0x0,
0x38,0x0,0x0,0x0,0x0,0x0,0x2,0x0,
0xff,0xff,0xff,0xff,0xa,0x0,0x0,0x0,
0xb8,0x0,0x10,0x1,0x0,0x0,0x0,0x0,
0x0,0x0,0x7,0x0,0x0,0x0,0x0,0x0,
0x0,0x0,0x0,0x0,0xb8,0x0,0x0,0x0,
0x0,0x0,0x0,0x0,0x1,0x0,0x0,0x0,
0xb8,0x0,0x0,0x0,0x1,0x0,0x0,0x0,
0xca,0x2f,0xc6,0x0,0x0,0x0,0x18,0x7,
0xad,0xc7,0x0,0x0,0x0,0x7,0x0,0x0,
0x0,0x0,0x0,0x0,0x0,0x0,0x0,0x0,
0x0,0x18,0x6,0xd4,0x16,0x6,0x2,0x0,
0x50,0x0,0x0,0x0,0x25,0x0,0x0,0x0,
0x4c,0x0,0x0,0x0,0x0,0x0,0x0,0x0,
0x38,0x0,0x0,0x0,0x0,0x0,0x0,0x0,
0x38,0x0,0x0,0x0,0x0,0x0,0x2,0x0,
0xff,0xff,0xff,0xff,0x9,0x0,0x0,0x0,
0xbc,0x0,0x10,0x1,0x0,0x0,0x0,0x0,
0x0,0x0,0x7,0x0,0x0,0x0,0x0,0x0,
0x0,0x0,0x0,0x0,0xbc,0x0,0x0,0x0,
0x0,0x0,0x0,0x0,0x1,0x0,0x0,0x0,
0xbc,0x0,0x0,0x0,0x1,0x0,0x0,0x0,
0xca,0x2f,0xc8,0x0,0x0,0x0,0x18,0x7,
0x2f,0xc9,0x0,0x0,0x0,0x3d,0xca,0x0,
0x0,0x0,0x74,0x18,0x8,0x43,0xcb,0x0,
0x0,0x0,0x7,0x0,0x0,0x0,0x1a,0x8,
0x6,0xd4,0x16,0x6,0x2,0x0,0x0,0x0,
0x44,0x0,0x0,0x0,0x29,0x0,0x0,0x0,
0x35,0x0,0x0,0x0,0x0,0x0,0x0,0x0,
0x38,0x0,0x0,0x0,0x0,0x0,0x0,0x0,
0x38,0x0,0x0,0x0,0x0,0x0,0x1,0x0,
0xff,0xff,0xff,0xff,0x9,0x0,0x0,0x0,
0xc0,0x0,0x10,0x1,0x0,0x0,0x0,0x0,
0x0,0x0,0x7,0x0,0x0,0x0,0x0,0x0,
0x0,0x0,0x0,0x0,0xc0,0x0,0x0,0x0,
0x1,0x0,0x0,0x0,0x2f,0xcc,0x0,0x0,
0x0,0x3d,0xcd,0x0,0x0,0x0,0x18,0x7,
0xc,0x6e,0x7,0x50,0x15,0x2f,0xce,0x0,
0x0,0x0,0x3d,0xcf,0x0,0x0,0x0,0x3d,
0xd0,0x0,0x0,0x0,0x18,0x8,0x12,0x0,
0x6e,0x8,0x18,0x6,0x2,0x0,0x0,0x0,
0x0,0x0,0x0,0x0,0x0,0x0,0x0,0x0,
0x74,0x0,0x0,0x0,0x49,0x0,0x0,0x0,
0x4c,0x0,0x0,0x0,0x0,0x0,0x0,0x0,
0x38,0x0,0x0,0x0,0x0,0x0,0x0,0x0,
0x38,0x0,0x0,0x0,0x0,0x0,0x5,0x0,
0xff,0xff,0xff,0xff,0xc,0x0,0x0,0x0,
0xc1,0x0,0x10,0x1,0x0,0x0,0x0,0x0,
0x0,0x0,0x7,0x0,0x0,0x0,0x0,0x0,
0x0,0x0,0x0,0x0,0xc1,0x0,0x0,0x0,
0x0,0x0,0x0,0x0,0x1,0x0,0x0,0x0,
0xc1,0x0,0x0,0x0,0x1,0x0,0x0,0x0,
0x14,0x0,0x0,0x0,0xc2,0x0,0x0,0x0,
0x1,0x0,0x0,0x0,0x32,0x0,0x0,0x0,
0xc1,0x0,0x0,0x0,0x1,0x0,0x0,0x0,
0x45,0x0,0x0,0x0,0xc2,0x0,0x0,0x0,
0x1,0x0,0x0,0x0,0xca,0x2f,0xd1,0x0,
0x0,0x0,0x18,0x7,0x2f,0xd2,0x0,0x0,
0x0,0x3d,0xd3,0x0,0x0,0x0,0x18,0xa,
0x2f,0xd4,0x0,0x0,0x0,0x3d,0xd5,0x0,
0x0,0x0,0x50,0xf,0x2f,0xd6,0x0,0x0,
0x0,0x3d,0xd7,0x0,0x0,0x0,0x3d,0xd8,
0x0,0x0,0x0,0x74,0x18,0xb,0xad,0xd9,
0x0,0x0,0x0,0x7,0x0,0x0,0x0,0x2,
0x0,0x0,0x0,0xa,0x0,0x0,0x0,0x18,
0x6,0xd4,0x16,0x6,0x2,0x0,0x0,0x0,
0x0,0x0,0x0,0x0,0x0,0x0,0x0,0x0,
0x44,0x0,0x0,0x0,0x12,0x0,0x0,0x0,
0x35,0x0,0x0,0x0,0x0,0x0,0x0,0x0,
0x38,0x0,0x0,0x0,0x0,0x0,0x0,0x0,
0x38,0x0,0x0,0x0,0x0,0x0,0x1,0x0,
0xff,0xff,0xff,0xff,0x8,0x0,0x0,0x0,
0xcb,0x0,0x10,0x1,0x0,0x0,0x0,0x0,
0x0,0x0,0x7,0x0,0x0,0x0,0x0,0x0,
0x0,0x0,0x0,0x0,0xcb,0x0,0x0,0x0,
0x1,0x0,0x0,0x0,0x2f,0xda,0x0,0x0,
0x0,0x3d,0xdb,0x0,0x0,0x0,0x18,0x7,
0xc,0x6e,0x7,0x18,0x6,0x2,0x0,0x0,
0x0,0x0,0x0,0x0,0x0,0x0,0x0,0x0,
0x74,0x0,0x0,0x0,0x49,0x0,0x0,0x0,
0x4c,0x0,0x0,0x0,0x0,0x0,0x0,0x0,
0x38,0x0,0x0,0x0,0x0,0x0,0x0,0x0,
0x38,0x0,0x0,0x0,0x0,0x0,0x5,0x0,
0xff,0xff,0xff,0xff,0xc,0x0,0x0,0x0,
0xcc,0x0,0x10,0x1,0x0,0x0,0x0,0x0,
0x0,0x0,0x7,0x0,0x0,0x0,0x0,0x0,
0x0,0x0,0x0,0x0,0xcc,0x0,0x0,0x0,
0x0,0x0,0x0,0x0,0x1,0x0,0x0,0x0,
0xcc,0x0,0x0,0x0,0x1,0x0,0x0,0x0,
0x14,0x0,0x0,0x0,0xcd,0x0,0x0,0x0,
0x1,0x0,0x0,0x0,0x32,0x0,0x0,0x0,
0xcc,0x0,0x0,0x0,0x1,0x0,0x0,0x0,
0x45,0x0,0x0,0x0,0xcd,0x0,0x0,0x0,
0x1,0x0,0x0,0x0,0xca,0x2f,0xdc,0x0,
0x0,0x0,0x18,0x7,0x2f,0xdd,0x0,0x0,
0x0,0x3d,0xde,0x0,0x0,0x0,0x18,0xa,
0x2f,0xdf,0x0,0x0,0x0,0x3d,0xe0,0x0,
0x0,0x0,0x50,0xf,0x2f,0xe1,0x0,0x0,
0x0,0x3d,0xe2,0x0,0x0,0x0,0x3d,0xe3,
0x0,0x0,0x0,0x74,0x18,0xb,0xad,0xe4,
0x0,0x0,0x0,0x7,0x0,0x0,0x0,0x2,
0x0,0x0,0x0,0xa,0x0,0x0,0x0,0x18,
0x6,0xd4,0x16,0x6,0x2,0x0,0x0,0x0,
0x0,0x0,0x0,0x0,0x0,0x0,0x0,0x0,
0x44,0x0,0x0,0x0,0x12,0x0,0x0,0x0,
0x35,0x0,0x0,0x0,0x0,0x0,0x0,0x0,
0x38,0x0,0x0,0x0,0x0,0x0,0x0,0x0,
0x38,0x0,0x0,0x0,0x0,0x0,0x1,0x0,
0xff,0xff,0xff,0xff,0x8,0x0,0x0,0x0,
0xd1,0x0,0x10,0x1,0x0,0x0,0x0,0x0,
0x0,0x0,0x7,0x0,0x0,0x0,0x0,0x0,
0x0,0x0,0x0,0x0,0xd1,0x0,0x0,0x0,
0x1,0x0,0x0,0x0,0x2f,0xe5,0x0,0x0,
0x0,0x3d,0xe6,0x0,0x0,0x0,0x18,0x7,
0xc,0x6e,0x7,0x18,0x6,0x2,0x0,0x0,
0x0,0x0,0x0,0x0,0x0,0x0,0x0,0x0,
0x50,0x0,0x0,0x0,0x1f,0x0,0x0,0x0,
0x4c,0x0,0x0,0x0,0x0,0x0,0x0,0x0,
0x38,0x0,0x0,0x0,0x0,0x0,0x0,0x0,
0x38,0x0,0x0,0x0,0x0,0x0,0x2,0x0,
0xff,0xff,0xff,0xff,0xa,0x0,0x0,0x0,
0xd2,0x0,0x10,0x1,0x0,0x0,0x0,0x0,
0x0,0x0,0x7,0x0,0x0,0x0,0x0,0x0,
0x0,0x0,0x0,0x0,0xd2,0x0,0x0,0x0,
0x0,0x0,0x0,0x0,0x1,0x0,0x0,0x0,
0xd2,0x0,0x0,0x0,0x1,0x0,0x0,0x0,
0xca,0x2f,0xe7,0x0,0x0,0x0,0x18,0x7,
0xad,0xe8,0x0,0x0,0x0,0x7,0x0,0x0,
0x0,0x0,0x0,0x0,0x0,0x0,0x0,0x0,
0x0,0x18,0x6,0xd4,0x16,0x6,0x2,0x0,
0x50,0x0,0x0,0x0,0x2c,0x0,0x0,0x0,
0x35,0x0,0x0,0x0,0x0,0x0,0x0,0x0,
0x38,0x0,0x0,0x0,0x0,0x0,0x0,0x0,
0x38,0x0,0x0,0x0,0x0,0x0,0x2,0x0,
0xff,0xff,0xff,0xff,0x9,0x0,0x0,0x0,
0xd7,0x0,0x10,0x1,0x0,0x0,0x0,0x0,
0x0,0x0,0x7,0x0,0x0,0x0,0x0,0x0,
0x0,0x0,0x0,0x0,0xd7,0x0,0x0,0x0,
0x1,0x0,0x0,0x0,0xf,0x0,0x0,0x0,
0xd8,0x0,0x0,0x0,0x1,0x0,0x0,0x0,
0x2f,0xe9,0x0,0x0,0x0,0x3d,0xea,0x0,
0x0,0x0,0x18,0x7,0xc,0x6e,0x7,0x50,
0x18,0x2f,0xeb,0x0,0x0,0x0,0x3d,0xec,
0x0,0x0,0x0,0x3d,0xed,0x0,0x0,0x0,
0x18,0x8,0x13,0x98,0x1,0x0,0x0,0x6e,
0x8,0x18,0x6,0x2,0x0,0x0,0x0,0x0,
0x50,0x0,0x0,0x0,0x1c,0x0,0x0,0x0,
0x4c,0x0,0x0,0x0,0x0,0x0,0x0,0x0,
0x38,0x0,0x0,0x0,0x0,0x0,0x0,0x0,
0x38,0x0,0x0,0x0,0x0,0x0,0x2,0x0,
0xff,0xff,0xff,0xff,0x9,0x0,0x0,0x0,
0xd9,0x0,0x10,0x1,0x0,0x0,0x0,0x0,
0x0,0x0,0x7,0x0,0x0,0x0,0x0,0x0,
0x0,0x0,0x0,0x0,0xd9,0x0,0x0,0x0,
0x0,0x0,0x0,0x0,0x1,0x0,0x0,0x0,
0xd9,0x0,0x0,0x0,0x1,0x0,0x0,0x0,
0xca,0x2f,0xee,0x0,0x0,0x0,0x18,0x7,
0x10,0x1,0x18,0x8,0x43,0xef,0x0,0x0,
0x0,0x7,0x0,0x0,0x0,0x1a,0x8,0x6,
0xd4,0x16,0x6,0x2,0x0,0x0,0x0,0x0,
0x44,0x0,0x0,0x0,0x8,0x0,0x0,0x0,
0x72,0x0,0x0,0x0,0x0,0x0,0x0,0x0,
0x38,0x0,0x0,0x0,0x0,0x0,0x0,0x0,
0x38,0x0,0x0,0x0,0x0,0x0,0x1,0x0,
0xff,0xff,0xff,0xff,0x7,0x0,0x0,0x0,
0xe4,0x0,0x90,0x0,0x0,0x0,0x0,0x0,
0x0,0x0,0x7,0x0,0x0,0x0,0x0,0x0,
0x0,0x0,0x0,0x0,0xe4,0x0,0x0,0x0,
0x1,0x0,0x0,0x0,0x2f,0xf0,0x0,0x0,
0x0,0x18,0x6,0x2,0x0,0x0,0x0,0x0,
0x44,0x0,0x0,0x0,0x8,0x0,0x0,0x0,
0x72,0x0,0x0,0x0,0x0,0x0,0x0,0x0,
0x38,0x0,0x0,0x0,0x0,0x0,0x0,0x0,
0x38,0x0,0x0,0x0,0x0,0x0,0x1,0x0,
0xff,0xff,0xff,0xff,0x7,0x0,0x0,0x0,
0xed,0x0,0x10,0x1,0x0,0x0,0x0,0x0,
0x0,0x0,0x7,0x0,0x0,0x0,0x0,0x0,
0x0,0x0,0x0,0x0,0xed,0x0,0x0,0x0,
0x1,0x0,0x0,0x0,0x2f,0xf1,0x0,0x0,
0x0,0x18,0x6,0x2,0x0,0x0,0x0,0x0,
0x44,0x0,0x0,0x0,0xd,0x0,0x0,0x0,
0x7c,0x0,0x0,0x0,0x0,0x0,0x0,0x0,
0x38,0x0,0x0,0x0,0x0,0x0,0x0,0x0,
0x38,0x0,0x0,0x0,0x0,0x0,0x1,0x0,
0xff,0xff,0xff,0xff,0x7,0x0,0x0,0x0,
0xf0,0x0,0xb0,0x2,0x0,0x0,0x0,0x0,
0x0,0x0,0x7,0x0,0x0,0x0,0x0,0x0,
0x0,0x0,0x0,0x0,0xf0,0x0,0x0,0x0,
0x1,0x0,0x0,0x0,0x2f,0xf2,0x0,0x0,
0x0,0x3d,0xf3,0x0,0x0,0x0,0x18,0x6,
0x2,0x0,0x0,0x0,0x0,0x0,0x0,0x0,
0x44,0x0,0x0,0x0,0xd,0x0,0x0,0x0,
0x5b,0x0,0x0,0x0,0x0,0x0,0x0,0x0,
0x38,0x0,0x0,0x0,0x0,0x0,0x0,0x0,
0x38,0x0,0x0,0x0,0x0,0x0,0x1,0x0,
0xff,0xff,0xff,0xff,0x7,0x0,0x0,0x0,
0xf2,0x0,0x50,0x1,0x0,0x0,0x0,0x0,
0x0,0x0,0x7,0x0,0x0,0x0,0x0,0x0,
0x0,0x0,0x0,0x0,0xf2,0x0,0x0,0x0,
0x1,0x0,0x0,0x0,0x2f,0xf4,0x0,0x0,
0x0,0x3d,0xf5,0x0,0x0,0x0,0x18,0x6,
0x2,0x0,0x0,0x0,0x0,0x0,0x0,0x0,
0x44,0x0,0x0,0x0,0xd,0x0,0x0,0x0,
0x7c,0x0,0x0,0x0,0x0,0x0,0x0,0x0,
0x38,0x0,0x0,0x0,0x0,0x0,0x0,0x0,
0x38,0x0,0x0,0x0,0x0,0x0,0x1,0x0,
0xff,0xff,0xff,0xff,0x7,0x0,0x0,0x0,
0xf3,0x0,0x50,0x1,0x0,0x0,0x0,0x0,
0x0,0x0,0x7,0x0,0x0,0x0,0x0,0x0,
0x0,0x0,0x0,0x0,0xf3,0x0,0x0,0x0,
0x1,0x0,0x0,0x0,0x2f,0xf6,0x0,0x0,
0x0,0x3d,0xf7,0x0,0x0,0x0,0x18,0x6,
0x2,0x0,0x0,0x0,0x0,0x0,0x0,0x0,
0x44,0x0,0x0,0x0,0x13,0x0,0x0,0x0,
0x80,0x0,0x0,0x0,0x0,0x0,0x0,0x0,
0x38,0x0,0x0,0x0,0x0,0x0,0x0,0x0,
0x38,0x0,0x0,0x0,0x0,0x0,0x1,0x0,
0xff,0xff,0xff,0xff,0x8,0x0,0x0,0x0,
0xf5,0x0,0x50,0x1,0x0,0x0,0x0,0x0,
0x0,0x0,0x7,0x0,0x0,0x0,0x0,0x0,
0x0,0x0,0x0,0x0,0xf5,0x0,0x0,0x0,
0x1,0x0,0x0,0x0,0x2f,0xf8,0x0,0x0,
0x0,0x3d,0xf9,0x0,0x0,0x0,0x18,0x7,
0x12,0x0,0x6e,0x7,0x18,0x6,0x2,0x0,
0x0,0x0,0x0,0x0,0x0,0x0,0x0,0x0,
0x44,0x0,0x0,0x0,0x12,0x0,0x0,0x0,
0x80,0x0,0x0,0x0,0x0,0x0,0x0,0x0,
0x38,0x0,0x0,0x0,0x0,0x0,0x0,0x0,
0x38,0x0,0x0,0x0,0x0,0x0,0x1,0x0,
0xff,0xff,0xff,0xff,0x8,0x0,0x0,0x0,
0xfa,0x0,0x50,0x1,0x0,0x0,0x0,0x0,
0x0,0x0,0x7,0x0,0x0,0x0,0x0,0x0,
0x0,0x0,0x0,0x0,0xfa,0x0,0x0,0x0,
0x1,0x0,0x0,0x0,0x2f,0xfa,0x0,0x0,
0x0,0x3d,0xfb,0x0,0x0,0x0,0x18,0x7,
0x6,0x66,0x7,0x18,0x6,0x2,0x0,0x0,
0x0,0x0,0x0,0x0,0x0,0x0,0x0,0x0,
0x74,0x0,0x0,0x0,0xcf,0x0,0x0,0x0,
0x5b,0x0,0x0,0x0,0x0,0x0,0x0,0x0,
0x38,0x0,0x0,0x0,0x0,0x0,0x0,0x0,
0x38,0x0,0x0,0x0,0x0,0x0,0x5,0x0,
0xff,0xff,0xff,0xff,0x10,0x0,0x0,0x0,
0xfb,0x0,0x50,0x1,0x0,0x0,0x0,0x0,
0x0,0x0,0x7,0x0,0x0,0x0,0x0,0x0,
0x0,0x0,0x0,0x0,0xfb,0x0,0x0,0x0,
0x1,0x0,0x0,0x0,0x18,0x0,0x0,0x0,
0xfc,0x0,0x0,0x0,0x1,0x0,0x0,0x0,
0x27,0x0,0x0,0x0,0xfd,0x0,0x0,0x0,
0x1,0x0,0x0,0x0,0x60,0x0,0x0,0x0,
0xfe,0x0,0x0,0x0,0x1,0x0,0x0,0x0,
0x86,0x0,0x0,0x0,0xff,0x0,0x0,0x0,
0x1,0x0,0x0,0x0,0x2f,0xfc,0x0,0x0,
0x0,0x3d,0xfd,0x0,0x0,0x0,0x18,0x7,
0x6,0x66,0x7,0x50,0x6e,0x13,0x9c,0x1,
0x0,0x0,0x18,0xa,0xb5,0xfe,0x0,0x0,
0x0,0x1,0x0,0x0,0x0,0xa,0x0,0x0,
0x0,0x18,0x8,0x2f,0xff,0x0,0x0,0x0,
0x18,0xc,0x2f,0x0,0x1,0x0,0x0,0x3d,
0x1,0x1,0x0,0x0,0x18,0xf,0xad,0x2,
0x1,0x0,0x0,0xc,0x0,0x0,0x0,0x1,
0x0,0x0,0x0,0xf,0x0,0x0,0x0,0x18,
0xb,0xad,0x3,0x1,0x0,0x0,0x8,0x0,
0x0,0x0,0x1,0x0,0x0,0x0,0xb,0x0,
0x0,0x0,0x18,0x8,0x2f,0x4,0x1,0x0,
0x0,0x3d,0x5,0x1,0x0,0x0,0x18,0xb,
0xad,0x6,0x1,0x0,0x0,0x8,0x0,0x0,
0x0,0x1,0x0,0x0,0x0,0xb,0x0,0x0,
0x0,0x4c,0x4d,0x13,0x9d,0x1,0x0,0x0,
0x18,0xa,0xb5,0x7,0x1,0x0,0x0,0x1,
0x0,0x0,0x0,0xa,0x0,0x0,0x0,0x18,
0x8,0x2f,0x8,0x1,0x0,0x0,0x18,0xc,
0x2f,0x9,0x1,0x0,0x0,0x3d,0xa,0x1,
0x0,0x0,0x18,0xf,0xad,0xb,0x1,0x0,
0x0,0xc,0x0,0x0,0x0,0x1,0x0,0x0,
0x0,0xf,0x0,0x0,0x0,0x18,0xb,0xad,
0xc,0x1,0x0,0x0,0x8,0x0,0x0,0x0,
0x1,0x0,0x0,0x0,0xb,0x0,0x0,0x0,
0x18,0x6,0x2,0x0,0x0,0x0,0x0,0x0,
0x50,0x0,0x0,0x0,0x3c,0x0,0x0,0x0,
0x7c,0x0,0x0,0x0,0x0,0x0,0x0,0x0,
0x38,0x0,0x0,0x0,0x0,0x0,0x0,0x0,
0x38,0x0,0x0,0x0,0x0,0x0,0x2,0x0,
0xff,0xff,0xff,0xff,0x9,0x0,0x0,0x0,
0x0,0x1,0x50,0x1,0x0,0x0,0x0,0x0,
0x0,0x0,0x7,0x0,0x0,0x0,0x0,0x0,
0x0,0x0,0x0,0x0,0x0,0x1,0x0,0x0,
0x1,0x0,0x0,0x0,0x23,0x0,0x0,0x0,
0x1,0x1,0x0,0x0,0x1,0x0,0x0,0x0,
0x2f,0xd,0x1,0x0,0x0,0x3d,0xe,0x1,
0x0,0x0,0x18,0x7,0x6,0x66,0x7,0x50,
0x1e,0x2f,0xf,0x1,0x0,0x0,0x3d,0x10,
0x1,0x0,0x0,0x18,0x8,0x10,0x5,0x68,
0x8,0x50,0xc,0x2f,0x11,0x1,0x0,0x0,
0x3d,0x12,0x1,0x0,0x0,0x4c,0xa,0x2f,
0x13,0x1,0x0,0x0,0x3d,0x14,0x1,0x0,
0x0,0x18,0x6,0x2,0x0,0x0,0x0,0x0,
0x44,0x0,0x0,0x0,0xd,0x0,0x0,0x0,
0x7c,0x0,0x0,0x0,0x0,0x0,0x0,0x0,
0x38,0x0,0x0,0x0,0x0,0x0,0x0,0x0,
0x38,0x0,0x0,0x0,0x0,0x0,0x1,0x0,
0xff,0xff,0xff,0xff,0x7,0x0,0x0,0x0,
0x4,0x1,0x40,0x2,0x0,0x0,0x0,0x0,
0x0,0x0,0x7,0x0,0x0,0x0,0x0,0x0,
0x0,0x0,0x0,0x0,0x4,0x1,0x0,0x0,
0x1,0x0,0x0,0x0,0x2f,0x15,0x1,0x0,
0x0,0x3d,0x16,0x1,0x0,0x0,0x18,0x6,
0x2,0x0,0x0,0x0,0x0,0x0,0x0,0x0,
0x44,0x0,0x0,0x0,0x12,0x0,0x0,0x0,
0x80,0x0,0x0,0x0,0x0,0x0,0x0,0x0,
0x38,0x0,0x0,0x0,0x0,0x0,0x0,0x0,
0x38,0x0,0x0,0x0,0x0,0x0,0x1,0x0,
0xff,0xff,0xff,0xff,0x8,0x0,0x0,0x0,
0x4,0x1,0xe0,0x4,0x0,0x0,0x0,0x0,
0x0,0x0,0x7,0x0,0x0,0x0,0x0,0x0,
0x0,0x0,0x0,0x0,0x4,0x1,0x0,0x0,
0x1,0x0,0x0,0x0,0x2f,0x17,0x1,0x0,
0x0,0x3d,0x18,0x1,0x0,0x0,0x18,0x7,
0x6,0x66,0x7,0x18,0x6,0x2,0x0,0x0,
0x0,0x0,0x0,0x0,0x0,0x0,0x0,0x0,
0x8c,0x0,0x0,0x0,0xb1,0x0,0x0,0x0,
0x5b,0x0,0x0,0x0,0x0,0x0,0x0,0x0,
0x38,0x0,0x0,0x0,0x0,0x0,0x0,0x0,
0x38,0x0,0x0,0x0,0x0,0x0,0x7,0x0,
0xff,0xff,0xff,0xff,0xe,0x0,0x0,0x0,
0x6,0x1,0x50,0x1,0x0,0x0,0x0,0x0,
0x0,0x0,0x7,0x0,0x0,0x0,0x0,0x0,
0x0,0x0,0x0,0x0,0x6,0x1,0x0,0x0,
0x1,0x0,0x0,0x0,0x19,0x0,0x0,0x0,
0x7,0x1,0x0,0x0,0x1,0x0,0x0,0x0,
0x2b,0x0,0x0,0x0,0x8,0x1,0x0,0x0,
0x1,0x0,0x0,0x0,0x64,0x0,0x0,0x0,
0x9,0x1,0x0,0x0,0x1,0x0,0x0,0x0,
0x7c,0x0,0x0,0x0,0xa,0x1,0x0,0x0,
0x1,0x0,0x0,0x0,0xac,0x0,0x0,0x0,
0x8,0x1,0x0,0x0,0x1,0x0,0x0,0x0,
0xb0,0x0,0x0,0x0,0xa,0x1,0x0,0x0,
0x1,0x0,0x0,0x0,0x2f,0x19,0x1,0x0,
0x0,0x3d,0x1a,0x1,0x0,0x0,0x18,0x7,
0x12,0x0,0x6c,0x7,0x50,0x19,0x13,0x9e,
0x1,0x0,0x0,0x18,0xa,0xb5,0x1b,0x1,
0x0,0x0,0x1,0x0,0x0,0x0,0xa,0x0,
0x0,0x0,0x4d,0x83,0x0,0x0,0x0,0x2f,
0x1c,0x1,0x0,0x0,0x3d,0x1d,0x1,0x0,
0x0,0x18,0x8,0x13,0xa0,0x1,0x0,0x0,
0x18,0xb,0xad,0x1e,0x1,0x0,0x0,0x8,
0x0,0x0,0x0,0x1,0x0,0x0,0x0,0xb,
0x0,0x0,0x0,0x18,0x8,0xad,0x1f,0x1,
0x0,0x0,0x8,0x0,0x0,0x0,0x0,0x0,
0x0,0x0,0x0,0x0,0x0,0x0,0x18,0x8,
0x2f,0x20,0x1,0x0,0x0,0x3d,0x21,0x1,
0x0,0x0,0x18,0x9,0x6,0x64,0x9,0x50,
0x35,0x13,0xa3,0x1,0x0,0x0,0x18,0xc,
0xb5,0x22,0x1,0x0,0x0,0x1,0x0,0x0,
0x0,0xc,0x0,0x0,0x0,0x18,0xa,0x2f,
0x23,0x1,0x0,0x0,0x3d,0x24,0x1,0x0,
0x0,0x18,0xd,0xad,0x25,0x1,0x0,0x0,
0xa,0x0,0x0,0x0,0x1,0x0,0x0,0x0,
0xd,0x0,0x0,0x0,0x4c,0x2,0x12,0x0,
0x80,0x8,0x18,0x6,0x2,0x0,0x0,0x0,
0x0,0x0,0x0,0x0,0x0,0x0,0x0,0x0,
0x44,0x0,0x0,0x0,0x2b,0x0,0x0,0x0,
0x7c,0x0,0x0,0x0,0x0,0x0,0x0,0x0,
0x38,0x0,0x0,0x0,0x0,0x0,0x0,0x0,
0x38,0x0,0x0,0x0,0x0,0x0,0x1,0x0,
0xff,0xff,0xff,0xff,0x8,0x0,0x0,0x0,
0xb,0x1,0x50,0x1,0x0,0x0,0x0,0x0,
0x0,0x0,0x7,0x0,0x0,0x0,0x0,0x0,
0x0,0x0,0x0,0x0,0xb,0x1,0x0,0x0,
0x1,0x0,0x0,0x0,0x2f,0x26,0x1,0x0,
0x0,0x3d,0x27,0x1,0x0,0x0,0x18,0x7,
0x12,0x0,0x6c,0x7,0x50,0xc,0x2f,0x28,
0x1,0x0,0x0,0x3d,0x29,0x1,0x0,0x0,
0x4c,0xa,0x2f,0x2a,0x1,0x0,0x0,0x3d,
0x2b,0x1,0x0,0x0,0x18,0x6,0x2,0x0,
0x0,0x0,0x0,0x0,0x0,0x0,0x0,0x0,
0x44,0x0,0x0,0x0,0xd,0x0,0x0,0x0,
0x7c,0x0,0x0,0x0,0x0,0x0,0x0,0x0,
0x38,0x0,0x0,0x0,0x0,0x0,0x0,0x0,
0x38,0x0,0x0,0x0,0x0,0x0,0x1,0x0,
0xff,0xff,0xff,0xff,0x7,0x0,0x0,0x0,
0xe,0x1,0x40,0x2,0x0,0x0,0x0,0x0,
0x0,0x0,0x7,0x0,0x0,0x0,0x0,0x0,
0x0,0x0,0x0,0x0,0xe,0x1,0x0,0x0,
0x1,0x0,0x0,0x0,0x2f,0x2c,0x1,0x0,
0x0,0x3d,0x2d,0x1,0x0,0x0,0x18,0x6,
0x2,0x0,0x0,0x0,0x0,0x0,0x0,0x0,
0x5c,0x0,0x0,0x0,0x7a,0x0,0x0,0x0,
0x5b,0x0,0x0,0x0,0x0,0x0,0x0,0x0,
0x38,0x0,0x0,0x0,0x0,0x0,0x0,0x0,
0x38,0x0,0x0,0x0,0x0,0x0,0x3,0x0,
0xff,0xff,0xff,0xff,0xb,0x0,0x0,0x0,
0x10,0x1,0x50,0x1,0x0,0x0,0x0,0x0,
0x0,0x0,0x7,0x0,0x0,0x0,0x0,0x0,
0x0,0x0,0x0,0x0,0x10,0x1,0x0,0x0,
0x1,0x0,0x0,0x0,0xc,0x0,0x0,0x0,
0x11,0x1,0x0,0x0,0x1,0x0,0x0,0x0,
0x6a,0x0,0x0,0x0,0x12,0x1,0x0,0x0,
0x1,0x0,0x0,0x0,0x2f,0x2e,0x1,0x0,
0x0,0x3d,0x2f,0x1,0x0,0x0,0x50,0x57,
0x2f,0x30,0x1,0x0,0x0,0x3d,0x31,0x1,
0x0,0x0,0x50,0x16,0x13,0xa7,0x1,0x0,
0x0,0x18,0x9,0xb5,0x32,0x1,0x0,0x0,
0x1,0x0,0x0,0x0,0x9,0x0,0x0,0x0,
0x4c,0x33,0x13,0xa8,0x1,0x0,0x0,0x18,
0x9,0xb5,0x33,0x1,0x0,0x0,0x1,0x0,
0x0,0x0,0x9,0x0,0x0,0x0,0x18,0x7,
0x2f,0x34,0x1,0x0,0x0,0x3d,0x35,0x1,
0x0,0x0,0x18,0xa,0xad,0x36,0x1,0x0,
0x0,0x7,0x0,0x0,0x0,0x1,0x0,0x0,
0x0,0xa,0x0,0x0,0x0,0x4c,0x14,0x13,
0xaa,0x1,0x0,0x0,0x18,0x9,0xb5,0x37,
0x1,0x0,0x0,0x1,0x0,0x0,0x0,0x9,
0x0,0x0,0x0,0x18,0x6,0x2,0x0,0x0,
0x0,0x0,0x0,0x0,0x0,0x0,0x0,0x0,
0x44,0x0,0x0,0x0,0x25,0x0,0x0,0x0,
0x7c,0x0,0x0,0x0,0x0,0x0,0x0,0x0,
0x38,0x0,0x0,0x0,0x0,0x0,0x0,0x0,
0x38,0x0,0x0,0x0,0x0,0x0,0x1,0x0,
0xff,0xff,0xff,0xff,0x7,0x0,0x0,0x0,
0x13,0x1,0x50,0x1,0x0,0x0,0x0,0x0,
0x0,0x0,0x7,0x0,0x0,0x0,0x0,0x0,
0x0,0x0,0x0,0x0,0x13,0x1,0x0,0x0,
0x1,0x0,0x0,0x0,0x2f,0x38,0x1,0x0,
0x0,0x3d,0x39,0x1,0x0,0x0,0x50,0xc,
0x2f,0x3a,0x1,0x0,0x0,0x3d,0x3b,0x1,
0x0,0x0,0x4c,0xa,0x2f,0x3c,0x1,0x0,
0x0,0x3d,0x3d,0x1,0x0,0x0,0x18,0x6,
0x2,0x0,0x0,0x0,0x0,0x0,0x0,0x0,
0x44,0x0,0x0,0x0,0xd,0x0,0x0,0x0,
0x7c,0x0,0x0,0x0,0x0,0x0,0x0,0x0,
0x38,0x0,0x0,0x0,0x0,0x0,0x0,0x0,
0x38,0x0,0x0,0x0,0x0,0x0,0x1,0x0,
0xff,0xff,0xff,0xff,0x7,0x0,0x0,0x0,
0x16,0x1,0x40,0x2,0x0,0x0,0x0,0x0,
0x0,0x0,0x7,0x0,0x0,0x0,0x0,0x0,
0x0,0x0,0x0,0x0,0x16,0x1,0x0,0x0,
0x1,0x0,0x0,0x0,0x2f,0x3e,0x1,0x0,
0x0,0x3d,0x3f,0x1,0x0,0x0,0x18,0x6,
0x2,0x0,0x0,0x0,0x0,0x0,0x0,0x0,
0x44,0x0,0x0,0x0,0x25,0x0,0x0,0x0,
0x7c,0x0,0x0,0x0,0x0,0x0,0x0,0x0,
0x38,0x0,0x0,0x0,0x0,0x0,0x0,0x0,
0x38,0x0,0x0,0x0,0x0,0x0,0x1,0x0,
0xff,0xff,0xff,0xff,0x7,0x0,0x0,0x0,
0x19,0x1,0x50,0x1,0x0,0x0,0x0,0x0,
0x0,0x0,0x7,0x0,0x0,0x0,0x0,0x0,
0x0,0x0,0x0,0x0,0x19,0x1,0x0,0x0,
0x1,0x0,0x0,0x0,0x2f,0x40,0x1,0x0,
0x0,0x3d,0x41,0x1,0x0,0x0,0x50,0xc,
0x2f,0x42,0x1,0x0,0x0,0x3d,0x43,0x1,
0x0,0x0,0x4c,0xa,0x2f,0x44,0x1,0x0,
0x0,0x3d,0x45,0x1,0x0,0x0,0x18,0x6,
0x2,0x0,0x0,0x0,0x0,0x0,0x0,0x0,
0x44,0x0,0x0,0x0,0xd,0x0,0x0,0x0,
0x86,0x0,0x0,0x0,0x0,0x0,0x0,0x0,
0x38,0x0,0x0,0x0,0x0,0x0,0x0,0x0,
0x38,0x0,0x0,0x0,0x0,0x0,0x1,0x0,
0xff,0xff,0xff,0xff,0x7,0x0,0x0,0x0,
0x1b,0x1,0x50,0x1,0x0,0x0,0x0,0x0,
0x0,0x0,0x7,0x0,0x0,0x0,0x0,0x0,
0x0,0x0,0x0,0x0,0x1b,0x1,0x0,0x0,
0x1,0x0,0x0,0x0,0x2f,0x46,0x1,0x0,
0x0,0x3d,0x47,0x1,0x0,0x0,0x18,0x6,
0x2,0x0,0x0,0x0,0x0,0x0,0x0,0x0,
0x44,0x0,0x0,0x0,0xd,0x0,0x0,0x0,
0x8b,0x0,0x0,0x0,0x0,0x0,0x0,0x0,
0x38,0x0,0x0,0x0,0x0,0x0,0x0,0x0,
0x38,0x0,0x0,0x0,0x0,0x0,0x1,0x0,
0xff,0xff,0xff,0xff,0x7,0x0,0x0,0x0,
0x20,0x1,0x90,0x1,0x0,0x0,0x0,0x0,
0x0,0x0,0x7,0x0,0x0,0x0,0x0,0x0,
0x0,0x0,0x0,0x0,0x20,0x1,0x0,0x0,
0x1,0x0,0x0,0x0,0x2f,0x48,0x1,0x0,
0x0,0x3d,0x49,0x1,0x0,0x0,0x18,0x6,
0x2,0x0,0x0,0x0,0x0,0x0,0x0,0x0,
0x50,0x0,0x0,0x0,0x25,0x0,0x0,0x0,
0x8d,0x0,0x0,0x0,0x0,0x0,0x0,0x0,
0x38,0x0,0x0,0x0,0x0,0x0,0x0,0x0,
0x38,0x0,0x0,0x0,0x0,0x0,0x2,0x0,
0xff,0xff,0xff,0xff,0x9,0x0,0x0,0x0,
0x21,0x1,0x90,0x1,0x0,0x0,0x0,0x0,
0x0,0x0,0x7,0x0,0x0,0x0,0x0,0x0,
0x0,0x0,0x0,0x0,0x21,0x1,0x0,0x0,
0x0,0x0,0x0,0x0,0x1,0x0,0x0,0x0,
0x21,0x1,0x0,0x0,0x1,0x0,0x0,0x0,
0xca,0x2f,0x4a,0x1,0x0,0x0,0x18,0x7,
0x2f,0x4b,0x1,0x0,0x0,0x3d,0x4c,0x1,
0x0,0x0,0x74,0x18,0x8,0x43,0x4d,0x1,
0x0,0x0,0x7,0x0,0x0,0x0,0x1a,0x8,
0x6,0xd4,0x16,0x6,0x2,0x0,0x0,0x0,
0x44,0x0,0x0,0x0,0x8,0x0,0x0,0x0,
0x72,0x0,0x0,0x0,0x0,0x0,0x0,0x0,
0x38,0x0,0x0,0x0,0x0,0x0,0x0,0x0,
0x38,0x0,0x0,0x0,0x0,0x0,0x1,0x0,
0xff,0xff,0xff,0xff,0x7,0x0,0x0,0x0,
0x1e,0x1,0x90,0x1,0x0,0x0,0x0,0x0,
0x0,0x0,0x7,0x0,0x0,0x0,0x0,0x0,
0x0,0x0,0x0,0x0,0x1e,0x1,0x0,0x0,
0x1,0x0,0x0,0x0,0x2f,0x4e,0x1,0x0,
0x0,0x18,0x6,0x2,0x0,0x0,0x0,0x0,
0x44,0x0,0x0,0x0,0x30,0x0,0x0,0x0,
0x7c,0x0,0x0,0x0,0x0,0x0,0x0,0x0,
0x38,0x0,0x0,0x0,0x0,0x0,0x0,0x0,
0x38,0x0,0x0,0x0,0x0,0x0,0x1,0x0,
0xff,0xff,0xff,0xff,0x7,0x0,0x0,0x0,
0x2a,0x1,0x50,0x1,0x0,0x0,0x0,0x0,
0x0,0x0,0x7,0x0,0x0,0x0,0x0,0x0,
0x0,0x0,0x0,0x0,0x2a,0x1,0x0,0x0,
0x1,0x0,0x0,0x0,0x2f,0x4f,0x1,0x0,
0x0,0x3d,0x50,0x1,0x0,0x0,0x50,0xc,
0x2f,0x51,0x1,0x0,0x0,0x3d,0x52,0x1,
0x0,0x0,0x4c,0x15,0x2f,0x53,0x1,0x0,
0x0,0x3d,0x54,0x1,0x0,0x0,0x50,0x7,
0x13,0xae,0x1,0x0,0x0,0x4c,0x2,0x12,
0xe,0x18,0x6,0x2,0x0,0x0,0x0,0x0,
0x44,0x0,0x0,0x0,0x13,0x0,0x0,0x0,
0x8f,0x0,0x0,0x0,0x0,0x0,0x0,0x0,
0x38,0x0,0x0,0x0,0x0,0x0,0x0,0x0,
0x38,0x0,0x0,0x0,0x0,0x0,0x1,0x0,
0xff,0xff,0xff,0xff,0x8,0x0,0x0,0x0,
0x28,0x1,0x50,0x1,0x0,0x0,0x0,0x0,
0x0,0x0,0x7,0x0,0x0,0x0,0x0,0x0,
0x0,0x0,0x0,0x0,0x28,0x1,0x0,0x0,
0x1,0x0,0x0,0x0,0x2f,0x55,0x1,0x0,
0x0,0x3d,0x56,0x1,0x0,0x0,0x18,0x7,
0x10,0x18,0x80,0x7,0x18,0x6,0x2,0x0,
0x0,0x0,0x0,0x0,0x0,0x0,0x0,0x0,
0x44,0x0,0x0,0x0,0xd,0x0,0x0,0x0,
0x7c,0x0,0x0,0x0,0x0,0x0,0x0,0x0,
0x38,0x0,0x0,0x0,0x0,0x0,0x0,0x0,
0x38,0x0,0x0,0x0,0x0,0x0,0x1,0x0,
0xff,0xff,0xff,0xff,0x7,0x0,0x0,0x0,
0x2c,0x1,0x50,0x1,0x0,0x0,0x0,0x0,
0x0,0x0,0x7,0x0,0x0,0x0,0x0,0x0,
0x0,0x0,0x0,0x0,0x2c,0x1,0x0,0x0,
0x1,0x0,0x0,0x0,0x2f,0x57,0x1,0x0,
0x0,0x3d,0x58,0x1,0x0,0x0,0x18,0x6,
0x2,0x0,0x0,0x0,0x0,0x0,0x0,0x0,
0x44,0x0,0x0,0x0,0x8,0x0,0x0,0x0,
0x94,0x0,0x0,0x0,0x0,0x0,0x0,0x0,
0x38,0x0,0x0,0x0,0x0,0x0,0x0,0x0,
0x38,0x0,0x0,0x0,0x0,0x0,0x1,0x0,
0xff,0xff,0xff,0xff,0x7,0x0,0x0,0x0,
0x2f,0x1,0x90,0x1,0x0,0x0,0x0,0x0,
0x0,0x0,0x7,0x0,0x0,0x0,0x0,0x0,
0x0,0x0,0x0,0x0,0x2f,0x1,0x0,0x0,
0x1,0x0,0x0,0x0,0x2f,0x59,0x1,0x0,
0x0,0x18,0x6,0x2,0x0,0x0,0x0,0x0,
0x44,0x0,0x0,0x0,0x20,0x0,0x0,0x0,
0x7c,0x0,0x0,0x0,0x0,0x0,0x0,0x0,
0x38,0x0,0x0,0x0,0x0,0x0,0x0,0x0,
0x38,0x0,0x0,0x0,0x0,0x0,0x1,0x0,
0xff,0xff,0xff,0xff,0x7,0x0,0x0,0x0,
0x35,0x1,0xd0,0x1,0x0,0x0,0x0,0x0,
0x0,0x0,0x7,0x0,0x0,0x0,0x0,0x0,
0x0,0x0,0x0,0x0,0x35,0x1,0x0,0x0,
0x1,0x0,0x0,0x0,0x2f,0x5a,0x1,0x0,
0x0,0x3d,0x5b,0x1,0x0,0x0,0x50,0xc,
0x2f,0x5c,0x1,0x0,0x0,0x3d,0x5d,0x1,
0x0,0x0,0x4c,0x5,0x13,0xdb,0x0,0x0,
0x0,0x18,0x6,0x2,0x0,0x0,0x0,0x0,
0x44,0x0,0x0,0x0,0xd,0x0,0x0,0x0,
0x98,0x0,0x0,0x0,0x0,0x0,0x0,0x0,
0x38,0x0,0x0,0x0,0x0,0x0,0x0,0x0,
0x38,0x0,0x0,0x0,0x0,0x0,0x1,0x0,
0xff,0xff,0xff,0xff,0x7,0x0,0x0,0x0,
0x34,0x1,0xd0,0x1,0x0,0x0,0x0,0x0,
0x0,0x0,0x7,0x0,0x0,0x0,0x0,0x0,
0x0,0x0,0x0,0x0,0x34,0x1,0x0,0x0,
0x1,0x0,0x0,0x0,0x2f,0x5e,0x1,0x0,
0x0,0x3d,0x5f,0x1,0x0,0x0,0x18,0x6,
0x2,0x0,0x0,0x0,0x0,0x0,0x0,0x0,
0x44,0x0,0x0,0x0,0x14,0x0,0x0,0x0,
0x99,0x0,0x0,0x0,0x0,0x0,0x0,0x0,
0x38,0x0,0x0,0x0,0x0,0x0,0x0,0x0,
0x38,0x0,0x0,0x0,0x0,0x0,0x1,0x0,
0xff,0xff,0xff,0xff,0x7,0x0,0x0,0x0,
0x36,0x1,0xd0,0x1,0x0,0x0,0x0,0x0,
0x0,0x0,0x7,0x0,0x0,0x0,0x0,0x0,
0x0,0x0,0x0,0x0,0x36,0x1,0x0,0x0,
0x1,0x0,0x0,0x0,0x2f,0x60,0x1,0x0,
0x0,0x3d,0x61,0x1,0x0,0x0,0x50,0x3,
0x6,0x4c,0x2,0x10,0x1,0x18,0x6,0x2,
0x0,0x0,0x0,0x0,0x0,0x0,0x0,0x0,
0x44,0x0,0x0,0x0,0xd,0x0,0x0,0x0,
0x7c,0x0,0x0,0x0,0x0,0x0,0x0,0x0,
0x38,0x0,0x0,0x0,0x0,0x0,0x0,0x0,
0x38,0x0,0x0,0x0,0x0,0x0,0x1,0x0,
0xff,0xff,0xff,0xff,0x7,0x0,0x0,0x0,
0x37,0x1,0xd0,0x1,0x0,0x0,0x0,0x0,
0x0,0x0,0x7,0x0,0x0,0x0,0x0,0x0,
0x0,0x0,0x0,0x0,0x37,0x1,0x0,0x0,
0x1,0x0,0x0,0x0,0x2f,0x62,0x1,0x0,
0x0,0x3d,0x63,0x1,0x0,0x0,0x18,0x6,
0x2,0x0,0x0,0x0,0x0,0x0,0x0,0x0,
0x44,0x0,0x0,0x0,0xd,0x0,0x0,0x0,
0x9c,0x0,0x0,0x0,0x0,0x0,0x0,0x0,
0x38,0x0,0x0,0x0,0x0,0x0,0x0,0x0,
0x38,0x0,0x0,0x0,0x0,0x0,0x1,0x0,
0xff,0xff,0xff,0xff,0x7,0x0,0x0,0x0,
0x39,0x1,0x10,0x2,0x0,0x0,0x0,0x0,
0x0,0x0,0x7,0x0,0x0,0x0,0x0,0x0,
0x0,0x0,0x0,0x0,0x39,0x1,0x0,0x0,
0x1,0x0,0x0,0x0,0x2f,0x64,0x1,0x0,
0x0,0x3d,0x65,0x1,0x0,0x0,0x18,0x6,
0x2,0x0,0x0,0x0,0x0,0x0,0x0,0x0,
0x44,0x0,0x0,0x0,0xd,0x0,0x0,0x0,
0x9e,0x0,0x0,0x0,0x0,0x0,0x0,0x0,
0x38,0x0,0x0,0x0,0x0,0x0,0x0,0x0,
0x38,0x0,0x0,0x0,0x0,0x0,0x1,0x0,
0xff,0xff,0xff,0xff,0x7,0x0,0x0,0x0,
0x3a,0x1,0x10,0x2,0x0,0x0,0x0,0x0,
0x0,0x0,0x7,0x0,0x0,0x0,0x0,0x0,
0x0,0x0,0x0,0x0,0x3a,0x1,0x0,0x0,
0x1,0x0,0x0,0x0,0x2f,0x66,0x1,0x0,
0x0,0x3d,0x67,0x1,0x0,0x0,0x18,0x6,
0x2,0x0,0x0,0x0,0x0,0x0,0x0,0x0,
0x50,0x0,0x0,0x0,0x1c,0x0,0x0,0x0,
0xa0,0x0,0x0,0x0,0x0,0x0,0x0,0x0,
0x38,0x0,0x0,0x0,0x0,0x0,0x0,0x0,
0x38,0x0,0x0,0x0,0x0,0x0,0x2,0x0,
0xff,0xff,0xff,0xff,0x9,0x0,0x0,0x0,
0x3b,0x1,0x10,0x2,0x0,0x0,0x0,0x0,
0x0,0x0,0x7,0x0,0x0,0x0,0x0,0x0,
0x0,0x0,0x0,0x0,0x3b,0x1,0x0,0x0,
0x0,0x0,0x0,0x0,0x1,0x0,0x0,0x0,
0x3b,0x1,0x0,0x0,0x1,0x0,0x0,0x0,
0xca,0x2f,0x68,0x1,0x0,0x0,0x18,0x7,
0x10,0x1,0x18,0x8,0x43,0x69,0x1,0x0,
0x0,0x7,0x0,0x0,0x0,0x1a,0x8,0x6,
0xd4,0x16,0x6,0x2,0x0,0x0,0x0,0x0,
0x44,0x0,0x0,0x0,0x39,0x0,0x0,0x0,
0x5b,0x0,0x0,0x0,0x0,0x0,0x0,0x0,
0x38,0x0,0x0,0x0,0x0,0x0,0x0,0x0,
0x38,0x0,0x0,0x0,0x0,0x0,0x1,0x0,
0xff,0xff,0xff,0xff,0xa,0x0,0x0,0x0,
0x41,0x1,0xd0,0x1,0x0,0x0,0x0,0x0,
0x0,0x0,0x7,0x0,0x0,0x0,0x0,0x0,
0x0,0x0,0x0,0x0,0x41,0x1,0x0,0x0,
0x1,0x0,0x0,0x0,0x2f,0x6a,0x1,0x0,
0x0,0x3d,0x6b,0x1,0x0,0x0,0x50,0x16,
0x13,0xb1,0x1,0x0,0x0,0x18,0x9,0xb5,
0x6c,0x1,0x0,0x0,0x1,0x0,0x0,0x0,
0x9,0x0,0x0,0x0,0x4c,0x14,0x13,0xb2,
0x1,0x0,0x0,0x18,0x9,0xb5,0x6d,0x1,
0x0,0x0,0x1,0x0,0x0,0x0,0x9,0x0,
0x0,0x0,0x18,0x6,0x2,0x0,0x0,0x0,
0x0,0x0,0x0,0x0,0x0,0x0,0x0,0x0,
0x44,0x0,0x0,0x0,0x1d,0x0,0x0,0x0,
0x7c,0x0,0x0,0x0,0x0,0x0,0x0,0x0,
0x38,0x0,0x0,0x0,0x0,0x0,0x0,0x0,
0x38,0x0,0x0,0x0,0x0,0x0,0x1,0x0,
0xff,0xff,0xff,0xff,0x7,0x0,0x0,0x0,
0x42,0x1,0xd0,0x1,0x0,0x0,0x0,0x0,
0x0,0x0,0x7,0x0,0x0,0x0,0x0,0x0,
0x0,0x0,0x0,0x0,0x42,0x1,0x0,0x0,
0x1,0x0,0x0,0x0,0x2f,0x6e,0x1,0x0,
0x0,0x3d,0x6f,0x1,0x0,0x0,0x50,0x4,
0x12,0xe,0x4c,0xa,0x2f,0x70,0x1,0x0,
0x0,0x3d,0x71,0x1,0x0,0x0,0x18,0x6,
0x2,0x0,0x0,0x0,0x0,0x0,0x0,0x0,
0x44,0x0,0x0,0x0,0xd,0x0,0x0,0x0,
0x8b,0x0,0x0,0x0,0x0,0x0,0x0,0x0,
0x38,0x0,0x0,0x0,0x0,0x0,0x0,0x0,
0x38,0x0,0x0,0x0,0x0,0x0,0x1,0x0,
0xff,0xff,0xff,0xff,0x7,0x0,0x0,0x0,
0x4b,0x1,0x90,0x1,0x0,0x0,0x0,0x0,
0x0,0x0,0x7,0x0,0x0,0x0,0x0,0x0,
0x0,0x0,0x0,0x0,0x4b,0x1,0x0,0x0,
0x1,0x0,0x0,0x0,0x2f,0x72,0x1,0x0,
0x0,0x3d,0x73,0x1,0x0,0x0,0x18,0x6,
0x2,0x0,0x0,0x0,0x0,0x0,0x0,0x0,
0x50,0x0,0x0,0x0,0x45,0x0,0x0,0x0,
0x8d,0x0,0x0,0x0,0x0,0x0,0x0,0x0,
0x38,0x0,0x0,0x0,0x0,0x0,0x0,0x0,
0x38,0x0,0x0,0x0,0x0,0x0,0x2,0x0,
0xff,0xff,0xff,0xff,0xa,0x0,0x0,0x0,
0x4c,0x1,0x90,0x1,0x0,0x0,0x0,0x0,
0x0,0x0,0x7,0x0,0x0,0x0,0x0,0x0,
0x0,0x0,0x0,0x0,0x4c,0x1,0x0,0x0,
0x0,0x0,0x0,0x0,0x1,0x0,0x0,0x0,
0x4c,0x1,0x0,0x0,0x1,0x0,0x0,0x0,
0xca,0x2f,0x74,0x1,0x0,0x0,0x3d,0x75,
0x1,0x0,0x0,0x50,0x1a,0x2f,0x76,0x1,
0x0,0x0,0x18,0x7,0xad,0x77,0x1,0x0,
0x0,0x7,0x0,0x0,0x0,0x0,0x0,0x0,
0x0,0x0,0x0,0x0,0x0,0x4c,0x18,0x2f,
0x78,0x1,0x0,0x0,0x18,0x7,0xad,0x79,
0x1,0x0,0x0,0x7,0x0,0x0,0x0,0x0,
0x0,0x0,0x0,0x0,0x0,0x0,0x0,0x18,
0x6,0xd4,0x16,0x6,0x2,0x0,0x0,0x0,
0x44,0x0,0x0,0x0,0x8,0x0,0x0,0x0,
0x72,0x0,0x0,0x0,0x0,0x0,0x0,0x0,
0x38,0x0,0x0,0x0,0x0,0x0,0x0,0x0,
0x38,0x0,0x0,0x0,0x0,0x0,0x1,0x0,
0xff,0xff,0xff,0xff,0x7,0x0,0x0,0x0,
0x49,0x1,0x90,0x1,0x0,0x0,0x0,0x0,
0x0,0x0,0x7,0x0,0x0,0x0,0x0,0x0,
0x0,0x0,0x0,0x0,0x49,0x1,0x0,0x0,
0x1,0x0,0x0,0x0,0x2f,0x7a,0x1,0x0,
0x0,0x18,0x6,0x2,0x0,0x0,0x0,0x0,
0x44,0x0,0x0,0x0,0xd,0x0,0x0,0x0,
0x99,0x0,0x0,0x0,0x0,0x0,0x0,0x0,
0x38,0x0,0x0,0x0,0x0,0x0,0x0,0x0,
0x38,0x0,0x0,0x0,0x0,0x0,0x1,0x0,
0xff,0xff,0xff,0xff,0x7,0x0,0x0,0x0,
0x50,0x1,0x80,0x3,0x0,0x0,0x0,0x0,
0x0,0x0,0x7,0x0,0x0,0x0,0x0,0x0,
0x0,0x0,0x0,0x0,0x50,0x1,0x0,0x0,
0x1,0x0,0x0,0x0,0x2f,0x7b,0x1,0x0,
0x0,0x3d,0x7c,0x1,0x0,0x0,0x18,0x6,
0x2,0x0,0x0,0x0,0x0,0x0,0x0,0x0,
0x44,0x0,0x0,0x0,0xd,0x0,0x0,0x0,
0x7c,0x0,0x0,0x0,0x0,0x0,0x0,0x0,
0x38,0x0,0x0,0x0,0x0,0x0,0x0,0x0,
0x38,0x0,0x0,0x0,0x0,0x0,0x1,0x0,
0xff,0xff,0xff,0xff,0x7,0x0,0x0,0x0,
0x50,0x1,0x80,0x5,0x0,0x0,0x0,0x0,
0x0,0x0,0x7,0x0,0x0,0x0,0x0,0x0,
0x0,0x0,0x0,0x0,0x50,0x1,0x0,0x0,
0x1,0x0,0x0,0x0,0x2f,0x7d,0x1,0x0,
0x0,0x3d,0x7e,0x1,0x0,0x0,0x18,0x6,
0x2,0x0,0x0,0x0,0x0,0x0,0x0,0x0,
0x44,0x0,0x0,0x0,0xd,0x0,0x0,0x0,
0xa7,0x0,0x0,0x0,0x0,0x0,0x0,0x0,
0x38,0x0,0x0,0x0,0x0,0x0,0x0,0x0,
0x38,0x0,0x0,0x0,0x0,0x0,0x1,0x0,
0xff,0xff,0xff,0xff,0x7,0x0,0x0,0x0,
0x50,0x1,0x90,0x1,0x0,0x0,0x0,0x0,
0x0,0x0,0x7,0x0,0x0,0x0,0x0,0x0,
0x0,0x0,0x0,0x0,0x50,0x1,0x0,0x0,
0x1,0x0,0x0,0x0,0x2f,0x7f,0x1,0x0,
0x0,0x3d,0x80,0x1,0x0,0x0,0x18,0x6,
0x2,0x0,0x0,0x0,0x0,0x0,0x0,0x0,
0x44,0x0,0x0,0x0,0xd,0x0,0x0,0x0,
0x80,0x0,0x0,0x0,0x0,0x0,0x0,0x0,
0x38,0x0,0x0,0x0,0x0,0x0,0x0,0x0,
0x38,0x0,0x0,0x0,0x0,0x0,0x1,0x0,
0xff,0xff,0xff,0xff,0x7,0x0,0x0,0x0,
0x58,0x1,0xd0,0x0,0x0,0x0,0x0,0x0,
0x0,0x0,0x7,0x0,0x0,0x0,0x0,0x0,
0x0,0x0,0x0,0x0,0x58,0x1,0x0,0x0,
0x1,0x0,0x0,0x0,0x2f,0x81,0x1,0x0,
0x0,0x3d,0x82,0x1,0x0,0x0,0x18,0x6,
0x2,0x0,0x0,0x0,0x0,0x0,0x0,0x0,
0x44,0x0,0x0,0x0,0xf,0x0,0x0,0x0,
0xa8,0x0,0x0,0x0,0x0,0x0,0x0,0x0,
0x38,0x0,0x0,0x0,0x0,0x0,0x0,0x0,
0x38,0x0,0x0,0x0,0x0,0x0,0x1,0x0,
0xff,0xff,0xff,0xff,0x7,0x0,0x0,0x0,
0x57,0x1,0xd0,0x0,0x0,0x0,0x0,0x0,
0x0,0x0,0x7,0x0,0x0,0x0,0x0,0x0,
0x0,0x0,0x0,0x0,0x57,0x1,0x0,0x0,
0x1,0x0,0x0,0x0,0x2f,0x83,0x1,0x0,
0x0,0x50,0x4,0x10,0x1e,0x4c,0x1,0x6,
0x18,0x6,0x2,0x0,0x0,0x0,0x0,0x0,
0x44,0x0,0x0,0x0,0x8,0x0,0x0,0x0,
0x72,0x0,0x0,0x0,0x0,0x0,0x0,0x0,
0x38,0x0,0x0,0x0,0x0,0x0,0x0,0x0,
0x38,0x0,0x0,0x0,0x0,0x0,0x1,0x0,
0xff,0xff,0xff,0xff,0x7,0x0,0x0,0x0,
0x5b,0x1,0x10,0x1,0x0,0x0,0x0,0x0,
0x0,0x0,0x7,0x0,0x0,0x0,0x0,0x0,
0x0,0x0,0x0,0x0,0x5b,0x1,0x0,0x0,
0x1,0x0,0x0,0x0,0x2f,0x84,0x1,0x0,
0x0,0x18,0x6,0x2,0x0,0x0,0x0,0x0,
0x44,0x0,0x0,0x0,0x27,0x0,0x0,0x0,
0x7c,0x0,0x0,0x0,0x0,0x0,0x0,0x0,
0x38,0x0,0x0,0x0,0x0,0x0,0x0,0x0,
0x38,0x0,0x0,0x0,0x0,0x0,0x1,0x0,
0xff,0xff,0xff,0xff,0xb,0x0,0x0,0x0,
0x61,0x1,0x50,0x1,0x0,0x0,0x0,0x0,
0x0,0x0,0x7,0x0,0x0,0x0,0x0,0x0,
0x0,0x0,0x0,0x0,0x61,0x1,0x0,0x0,
0x1,0x0,0x0,0x0,0x2f,0x85,0x1,0x0,
0x0,0x18,0x7,0x2f,0x86,0x1,0x0,0x0,
0x3d,0x87,0x1,0x0,0x0,0x18,0xa,0xad,
0x88,0x1,0x0,0x0,0x7,0x0,0x0,0x0,
0x1,0x0,0x0,0x0,0xa,0x0,0x0,0x0,
0x18,0x6,0x2,0x0,0x0,0x0,0x0,0x0,
0x5c,0x0,0x0,0x0,0x88,0x0,0x0,0x0,
0x5b,0x0,0x0,0x0,0x0,0x0,0x0,0x0,
0x38,0x0,0x0,0x0,0x0,0x0,0x0,0x0,
0x38,0x0,0x0,0x0,0x0,0x0,0x3,0x0,
0xff,0xff,0xff,0xff,0xe,0x0,0x0,0x0,
0x64,0x1,0x50,0x1,0x0,0x0,0x0,0x0,
0x0,0x0,0x7,0x0,0x0,0x0,0x0,0x0,
0x0,0x0,0x0,0x0,0x64,0x1,0x0,0x0,
0x1,0x0,0x0,0x0,0x2b,0x0,0x0,0x0,
0x65,0x1,0x0,0x0,0x1,0x0,0x0,0x0,
0x7b,0x0,0x0,0x0,0x66,0x1,0x0,0x0,
0x1,0x0,0x0,0x0,0x2f,0x89,0x1,0x0,
0x0,0x3d,0x8a,0x1,0x0,0x0,0x18,0x7,
0x13,0xb7,0x1,0x0,0x0,0x6c,0x7,0x50,
0x16,0x13,0xb7,0x1,0x0,0x0,0x18,0xa,
0xb5,0x8b,0x1,0x0,0x0,0x1,0x0,0x0,
0x0,0xa,0x0,0x0,0x0,0x4c,0x5a,0x2f,
0x8c,0x1,0x0,0x0,0x3d,0x8d,0x1,0x0,
0x0,0x18,0x8,0x13,0x9b,0x0,0x0,0x0,
0x6c,0x8,0x50,0x3b,0x13,0xb8,0x1,0x0,
0x0,0x18,0xb,0xb5,0x8e,0x1,0x0,0x0,
0x1,0x0,0x0,0x0,0xb,0x0,0x0,0x0,
0x18,0x9,0x2f,0x8f,0x1,0x0,0x0,0x3d,
0x90,0x1,0x0,0x0,0x18,0xd,0x10,0x1,
0x80,0xd,0x18,0xc,0xad,0x91,0x1,0x0,
0x0,0x9,0x0,0x0,0x0,0x1,0x0,0x0,
0x0,0xc,0x0,0x0,0x0,0x4c,0xa,0x2f,
0x92,0x1,0x0,0x0,0x3d,0x93,0x1,0x0,
0x0,0x18,0x6,0x2,0x0,0x0,0x0,0x0,
0x44,0x0,0x0,0x0,0xd,0x0,0x0,0x0,
0x7c,0x0,0x0,0x0,0x0,0x0,0x0,0x0,
0x38,0x0,0x0,0x0,0x0,0x0,0x0,0x0,
0x38,0x0,0x0,0x0,0x0,0x0,0x1,0x0,
0xff,0xff,0xff,0xff,0x7,0x0,0x0,0x0,
0x67,0x1,0x50,0x1,0x0,0x0,0x0,0x0,
0x0,0x0,0x7,0x0,0x0,0x0,0x0,0x0,
0x0,0x0,0x0,0x0,0x67,0x1,0x0,0x0,
0x1,0x0,0x0,0x0,0x2f,0x94,0x1,0x0,
0x0,0x3d,0x95,0x1,0x0,0x0,0x18,0x6,
0x2,0x0,0x0,0x0,0x0,0x0,0x0,0x0,
0x44,0x0,0x0,0x0,0xd,0x0,0x0,0x0,
0x5b,0x0,0x0,0x0,0x0,0x0,0x0,0x0,
0x38,0x0,0x0,0x0,0x0,0x0,0x0,0x0,
0x38,0x0,0x0,0x0,0x0,0x0,0x1,0x0,
0xff,0xff,0xff,0xff,0x7,0x0,0x0,0x0,
0x6b,0x1,0x50,0x1,0x0,0x0,0x0,0x0,
0x0,0x0,0x7,0x0,0x0,0x0,0x0,0x0,
0x0,0x0,0x0,0x0,0x6b,0x1,0x0,0x0,
0x1,0x0,0x0,0x0,0x2f,0x96,0x1,0x0,
0x0,0x3d,0x97,0x1,0x0,0x0,0x18,0x6,
0x2,0x0,0x0,0x0,0x0,0x0,0x0,0x0,
0x44,0x0,0x0,0x0,0x27,0x0,0x0,0x0,
0x7c,0x0,0x0,0x0,0x0,0x0,0x0,0x0,
0x38,0x0,0x0,0x0,0x0,0x0,0x0,0x0,
0x38,0x0,0x0,0x0,0x0,0x0,0x1,0x0,
0xff,0xff,0xff,0xff,0xb,0x0,0x0,0x0,
0x6c,0x1,0x50,0x1,0x0,0x0,0x0,0x0,
0x0,0x0,0x7,0x0,0x0,0x0,0x0,0x0,
0x0,0x0,0x0,0x0,0x6c,0x1,0x0,0x0,
0x1,0x0,0x0,0x0,0x2f,0x98,0x1,0x0,
0x0,0x18,0x7,0x2f,0x99,0x1,0x0,0x0,
0x3d,0x9a,0x1,0x0,0x0,0x18,0xa,0xad,
0x9b,0x1,0x0,0x0,0x7,0x0,0x0,0x0,
0x1,0x0,0x0,0x0,0xa,0x0,0x0,0x0,
0x18,0x6,0x2,0x0,0x0,0x0,0x0,0x0,
0x44,0x0,0x0,0x0,0x13,0x0,0x0,0x0,
0x80,0x0,0x0,0x0,0x0,0x0,0x0,0x0,
0x38,0x0,0x0,0x0,0x0,0x0,0x0,0x0,
0x38,0x0,0x0,0x0,0x0,0x0,0x1,0x0,
0xff,0xff,0xff,0xff,0x8,0x0,0x0,0x0,
0x6e,0x1,0x50,0x1,0x0,0x0,0x0,0x0,
0x0,0x0,0x7,0x0,0x0,0x0,0x0,0x0,
0x0,0x0,0x0,0x0,0x6e,0x1,0x0,0x0,
0x1,0x0,0x0,0x0,0x2f,0x9c,0x1,0x0,
0x0,0x3d,0x9d,0x1,0x0,0x0,0x18,0x7,
0x12,0x0,0x6e,0x7,0x18,0x6,0x2,0x0,
0x0,0x0,0x0,0x0,0x0,0x0,0x0,0x0,
0x44,0x0,0x0,0x0,0x1b,0x0,0x0,0x0,
0x99,0x0,0x0,0x0,0x0,0x0,0x0,0x0,
0x38,0x0,0x0,0x0,0x0,0x0,0x0,0x0,
0x38,0x0,0x0,0x0,0x0,0x0,0x1,0x0,
0xff,0xff,0xff,0xff,0x8,0x0,0x0,0x0,
0x75,0x1,0x90,0x1,0x0,0x0,0x0,0x0,
0x0,0x0,0x7,0x0,0x0,0x0,0x0,0x0,
0x0,0x0,0x0,0x0,0x75,0x1,0x0,0x0,
0x1,0x0,0x0,0x0,0x2f,0x9e,0x1,0x0,
0x0,0x3d,0x9f,0x1,0x0,0x0,0x18,0x7,
0x2f,0xa0,0x1,0x0,0x0,0x3d,0xa1,0x1,
0x0,0x0,0x9c,0x7,0x18,0x6,0x2,0x0,
0x0,0x0,0x0,0x0,0x0,0x0,0x0,0x0,
0x44,0x0,0x0,0x0,0xd,0x0,0x0,0x0,
0xaa,0x0,0x0,0x0,0x0,0x0,0x0,0x0,
0x38,0x0,0x0,0x0,0x0,0x0,0x0,0x0,
0x38,0x0,0x0,0x0,0x0,0x0,0x1,0x0,
0xff,0xff,0xff,0xff,0x7,0x0,0x0,0x0,
0x76,0x1,0x90,0x1,0x0,0x0,0x0,0x0,
0x0,0x0,0x7,0x0,0x0,0x0,0x0,0x0,
0x0,0x0,0x0,0x0,0x76,0x1,0x0,0x0,
0x1,0x0,0x0,0x0,0x2f,0xa2,0x1,0x0,
0x0,0x3d,0xa3,0x1,0x0,0x0,0x18,0x6,
0x2,0x0,0x0,0x0,0x0,0x0,0x0,0x0,
0x44,0x0,0x0,0x0,0xd,0x0,0x0,0x0,
0x7c,0x0,0x0,0x0,0x0,0x0,0x0,0x0,
0x38,0x0,0x0,0x0,0x0,0x0,0x0,0x0,
0x38,0x0,0x0,0x0,0x0,0x0,0x1,0x0,
0xff,0xff,0xff,0xff,0x7,0x0,0x0,0x0,
0x77,0x1,0x90,0x1,0x0,0x0,0x0,0x0,
0x0,0x0,0x7,0x0,0x0,0x0,0x0,0x0,
0x0,0x0,0x0,0x0,0x77,0x1,0x0,0x0,
0x1,0x0,0x0,0x0,0x2f,0xa4,0x1,0x0,
0x0,0x3d,0xa5,0x1,0x0,0x0,0x18,0x6,
0x2,0x0,0x0,0x0,0x0,0x0,0x0,0x0,
0x5c,0x0,0x0,0x0,0x8b,0x0,0x0,0x0,
0x5b,0x0,0x0,0x0,0x0,0x0,0x0,0x0,
0x38,0x0,0x0,0x0,0x0,0x0,0x0,0x0,
0x38,0x0,0x0,0x0,0x0,0x0,0x3,0x0,
0xff,0xff,0xff,0xff,0x10,0x0,0x0,0x0,
0x7b,0x1,0x50,0x1,0x0,0x0,0x0,0x0,
0x0,0x0,0x7,0x0,0x0,0x0,0x0,0x0,
0x0,0x0,0x0,0x0,0x7b,0x1,0x0,0x0,
0x1,0x0,0x0,0x0,0x16,0x0,0x0,0x0,
0x7c,0x1,0x0,0x0,0x1,0x0,0x0,0x0,
0x55,0x0,0x0,0x0,0x7d,0x1,0x0,0x0,
0x1,0x0,0x0,0x0,0x13,0xbb,0x1,0x0,
0x0,0x18,0x9,0xb5,0xa6,0x1,0x0,0x0,
0x1,0x0,0x0,0x0,0x9,0x0,0x0,0x0,
0x18,0x7,0x2f,0xa7,0x1,0x0,0x0,0x18,
0xb,0x2f,0xa8,0x1,0x0,0x0,0x3d,0xa9,
0x1,0x0,0x0,0x18,0xf,0x10,0x64,0x9c,
0xf,0x18,0xe,0xad,0xaa,0x1,0x0,0x0,
0xb,0x0,0x0,0x0,0x1,0x0,0x0,0x0,
0xe,0x0,0x0,0x0,0x18,0xa,0xad,0xab,
0x1,0x0,0x0,0x7,0x0,0x0,0x0,0x1,
0x0,0x0,0x0,0xa,0x0,0x0,0x0,0x18,
0x7,0x2f,0xac,0x1,0x0,0x0,0x3d,0xad,
0x1,0x0,0x0,0x18,0xb,0x14,0x32,0xe,
0xad,0xae,0x1,0x0,0x0,0xb,0x0,0x0,
0x0,0x1,0x0,0x0,0x0,0xe,0x0,0x0,
0x0,0x18,0xa,0xad,0xaf,0x1,0x0,0x0,
0x7,0x0,0x0,0x0,0x1,0x0,0x0,0x0,
0xa,0x0,0x0,0x0,0x18,0x6,0x2,0x0,
0x0,0x0,0x0,0x0,0x0,0x0,0x0,0x0,
0x44,0x0,0x0,0x0,0xd,0x0,0x0,0x0,
0x7c,0x0,0x0,0x0,0x0,0x0,0x0,0x0,
0x38,0x0,0x0,0x0,0x0,0x0,0x0,0x0,
0x38,0x0,0x0,0x0,0x0,0x0,0x1,0x0,
0xff,0xff,0xff,0xff,0x7,0x0,0x0,0x0,
0x7e,0x1,0x50,0x1,0x0,0x0,0x0,0x0,
0x0,0x0,0x7,0x0,0x0,0x0,0x0,0x0,
0x0,0x0,0x0,0x0,0x7e,0x1,0x0,0x0,
0x1,0x0,0x0,0x0,0x2f,0xb0,0x1,0x0,
0x0,0x3d,0xb1,0x1,0x0,0x0,0x18,0x6,
0x2,0x0,0x0,0x0,0x0,0x0,0x0,0x0,
0x44,0x0,0x0,0x0,0xd,0x0,0x0,0x0,
0x99,0x0,0x0,0x0,0x0,0x0,0x0,0x0,
0x38,0x0,0x0,0x0,0x0,0x0,0x0,0x0,
0x38,0x0,0x0,0x0,0x0,0x0,0x1,0x0,
0xff,0xff,0xff,0xff,0x7,0x0,0x0,0x0,
0x82,0x1,0x80,0x3,0x0,0x0,0x0,0x0,
0x0,0x0,0x7,0x0,0x0,0x0,0x0,0x0,
0x0,0x0,0x0,0x0,0x82,0x1,0x0,0x0,
0x1,0x0,0x0,0x0,0x2f,0xb2,0x1,0x0,
0x0,0x3d,0xb3,0x1,0x0,0x0,0x18,0x6,
0x2,0x0,0x0,0x0,0x0,0x0,0x0,0x0,
0x44,0x0,0x0,0x0,0xd,0x0,0x0,0x0,
0x7c,0x0,0x0,0x0,0x0,0x0,0x0,0x0,
0x38,0x0,0x0,0x0,0x0,0x0,0x0,0x0,
0x38,0x0,0x0,0x0,0x0,0x0,0x1,0x0,
0xff,0xff,0xff,0xff,0x7,0x0,0x0,0x0,
0x82,0x1,0x80,0x5,0x0,0x0,0x0,0x0,
0x0,0x0,0x7,0x0,0x0,0x0,0x0,0x0,
0x0,0x0,0x0,0x0,0x82,0x1,0x0,0x0,
0x1,0x0,0x0,0x0,0x2f,0xb4,0x1,0x0,
0x0,0x3d,0xb5,0x1,0x0,0x0,0x18,0x6,
0x2,0x0,0x0,0x0,0x0,0x0,0x0,0x0,
0x44,0x0,0x0,0x0,0xd,0x0,0x0,0x0,
0xa7,0x0,0x0,0x0,0x0,0x0,0x0,0x0,
0x38,0x0,0x0,0x0,0x0,0x0,0x0,0x0,
0x38,0x0,0x0,0x0,0x0,0x0,0x1,0x0,
0xff,0xff,0xff,0xff,0x7,0x0,0x0,0x0,
0x82,0x1,0x90,0x1,0x0,0x0,0x0,0x0,
0x0,0x0,0x7,0x0,0x0,0x0,0x0,0x0,
0x0,0x0,0x0,0x0,0x82,0x1,0x0,0x0,
0x1,0x0,0x0,0x0,0x2f,0xb6,0x1,0x0,
0x0,0x3d,0xb7,0x1,0x0,0x0,0x18,0x6,
0x2,0x0,0x0,0x0,0x0,0x0,0x0,0x0,
0x44,0x0,0x0,0x0,0x2c,0x0,0x0,0x0,
0x80,0x0,0x0,0x0,0x0,0x0,0x0,0x0,
0x38,0x0,0x0,0x0,0x0,0x0,0x0,0x0,
0x38,0x0,0x0,0x0,0x0,0x0,0x1,0x0,
0xff,0xff,0xff,0xff,0x8,0x0,0x0,0x0,
0x89,0x1,0xd0,0x0,0x0,0x0,0x0,0x0,
0x0,0x0,0x7,0x0,0x0,0x0,0x0,0x0,
0x0,0x0,0x0,0x0,0x89,0x1,0x0,0x0,
0x1,0x0,0x0,0x0,0x2f,0xb8,0x1,0x0,
0x0,0x3d,0xb9,0x1,0x0,0x0,0x18,0x7,
0x12,0x0,0x6e,0x7,0x4e,0x17,0x2f,0xba,
0x1,0x0,0x0,0x3d,0xbb,0x1,0x0,0x0,
0x50,0xb,0x2f,0xbc,0x1,0x0,0x0,0x3d,
0xbd,0x1,0x0,0x0,0x74,0x18,0x6,0x2,
0x0,0x0,0x0,0x0,0x0,0x0,0x0,0x0,
0x44,0x0,0x0,0x0,0xf,0x0,0x0,0x0,
0xa8,0x0,0x0,0x0,0x0,0x0,0x0,0x0,
0x38,0x0,0x0,0x0,0x0,0x0,0x0,0x0,
0x38,0x0,0x0,0x0,0x0,0x0,0x1,0x0,
0xff,0xff,0xff,0xff,0x7,0x0,0x0,0x0,
0x88,0x1,0xd0,0x0,0x0,0x0,0x0,0x0,
0x0,0x0,0x7,0x0,0x0,0x0,0x0,0x0,
0x0,0x0,0x0,0x0,0x88,0x1,0x0,0x0,
0x1,0x0,0x0,0x0,0x2f,0xbe,0x1,0x0,
0x0,0x50,0x4,0x10,0x24,0x4c,0x1,0x6,
0x18,0x6,0x2,0x0,0x0,0x0,0x0,0x0,
0x44,0x0,0x0,0x0,0x30,0x0,0x0,0x0,
0x5b,0x0,0x0,0x0,0x0,0x0,0x0,0x0,
0x38,0x0,0x0,0x0,0x0,0x0,0x0,0x0,
0x38,0x0,0x0,0x0,0x0,0x0,0x1,0x0,
0xff,0xff,0xff,0xff,0xa,0x0,0x0,0x0,
0x8d,0x1,0x10,0x1,0x0,0x0,0x0,0x0,
0x0,0x0,0x7,0x0,0x0,0x0,0x0,0x0,
0x0,0x0,0x0,0x0,0x8d,0x1,0x0,0x0,
0x1,0x0,0x0,0x0,0x2f,0xbf,0x1,0x0,
0x0,0x3d,0xc0,0x1,0x0,0x0,0x74,0x50,
0x16,0x13,0xbf,0x1,0x0,0x0,0x18,0x9,
0xb5,0xc1,0x1,0x0,0x0,0x1,0x0,0x0,
0x0,0x9,0x0,0x0,0x0,0x4c,0xa,0x2f,
0xc2,0x1,0x0,0x0,0x3d,0xc3,0x1,0x0,
0x0,0x18,0x6,0x2,0x0,0x0,0x0,0x0,
0x44,0x0,0x0,0x0,0x8,0x0,0x0,0x0,
0x94,0x0,0x0,0x0,0x0,0x0,0x0,0x0,
0x38,0x0,0x0,0x0,0x0,0x0,0x0,0x0,
0x38,0x0,0x0,0x0,0x0,0x0,0x1,0x0,
0xff,0xff,0xff,0xff,0x7,0x0,0x0,0x0,
0x8c,0x1,0x10,0x1,0x0,0x0,0x0,0x0,
0x0,0x0,0x7,0x0,0x0,0x0,0x0,0x0,
0x0,0x0,0x0,0x0,0x8c,0x1,0x0,0x0,
0x1,0x0,0x0,0x0,0x2f,0xc4,0x1,0x0,
0x0,0x18,0x6,0x2,0x0,0x0,0x0,0x0,
0x44,0x0,0x0,0x0,0xd,0x0,0x0,0x0,
0x7c,0x0,0x0,0x0,0x0,0x0,0x0,0x0,
0x38,0x0,0x0,0x0,0x0,0x0,0x0,0x0,
0x38,0x0,0x0,0x0,0x0,0x0,0x1,0x0,
0xff,0xff,0xff,0xff,0x7,0x0,0x0,0x0,
0x99,0x1,0xd0,0x0,0x0,0x0,0x0,0x0,
0x0,0x0,0x7,0x0,0x0,0x0,0x0,0x0,
0x0,0x0,0x0,0x0,0x99,0x1,0x0,0x0,
0x1,0x0,0x0,0x0,0x2f,0xc5,0x1,0x0,
0x0,0x3d,0xc6,0x1,0x0,0x0,0x18,0x6,
0x2,0x0,0x0,0x0,0x0,0x0,0x0,0x0,
0x44,0x0,0x0,0x0,0x12,0x0,0x0,0x0,
0x80,0x0,0x0,0x0,0x0,0x0,0x0,0x0,
0x38,0x0,0x0,0x0,0x0,0x0,0x0,0x0,
0x38,0x0,0x0,0x0,0x0,0x0,0x1,0x0,
0xff,0xff,0xff,0xff,0x8,0x0,0x0,0x0,
0x9f,0x1,0x10,0x1,0x0,0x0,0x0,0x0,
0x0,0x0,0x7,0x0,0x0,0x0,0x0,0x0,
0x0,0x0,0x0,0x0,0x9f,0x1,0x0,0x0,
0x1,0x0,0x0,0x0,0x2f,0xc7,0x1,0x0,
0x0,0x3d,0xc8,0x1,0x0,0x0,0x18,0x7,
0x6,0x66,0x7,0x18,0x6,0x2,0x0,0x0,
0x0,0x0,0x0,0x0,0x0,0x0,0x0,0x0,
0x50,0x0,0x0,0x0,0x41,0x0,0x0,0x0,
0xb0,0x0,0x0,0x0,0x0,0x0,0x0,0x0,
0x38,0x0,0x0,0x0,0x0,0x0,0x0,0x0,
0x38,0x0,0x0,0x0,0x0,0x0,0x2,0x0,
0xff,0xff,0xff,0xff,0x9,0x0,0x0,0x0,
0xa0,0x1,0x10,0x1,0x0,0x0,0x0,0x0,
0x0,0x0,0x7,0x0,0x0,0x0,0x0,0x0,
0x0,0x0,0x0,0x0,0xa0,0x1,0x0,0x0,
0x1,0x0,0x0,0x0,0x1d,0x0,0x0,0x0,
0xa1,0x1,0x0,0x0,0x1,0x0,0x0,0x0,
0x2f,0xc9,0x1,0x0,0x0,0x3d,0xca,0x1,
0x0,0x0,0x18,0x7,0x6,0x66,0x7,0x50,
0x2b,0x2f,0xcb,0x1,0x0,0x0,0x3d,0xcc,
0x1,0x0,0x0,0x50,0x1f,0x2f,0xcd,0x1,
0x0,0x0,0x3d,0xce,0x1,0x0,0x0,0x3d,
0xcf,0x1,0x0,0x0,0x18,0x8,0x2f,0xd0,
0x1,0x0,0x0,0x3d,0xd1,0x1,0x0,0x0,
0x34,0x8,0x4c,0x2,0x12,0x0,0x18,0x6,
0x2,0x0,0x0,0x0,0x0,0x0,0x0,0x0,
0x50,0x0,0x0,0x0,0x45,0x0,0x0,0x0,
0xb2,0x0,0x0,0x0,0x0,0x0,0x0,0x0,
0x38,0x0,0x0,0x0,0x0,0x0,0x0,0x0,
0x38,0x0,0x0,0x0,0x0,0x0,0x2,0x0,
0xff,0xff,0xff,0xff,0x9,0x0,0x0,0x0,
0xa2,0x1,0x10,0x1,0x0,0x0,0x0,0x0,
0x0,0x0,0x7,0x0,0x0,0x0,0x0,0x0,
0x0,0x0,0x0,0x0,0xa2,0x1,0x0,0x0,
0x1,0x0,0x0,0x0,0x1d,0x0,0x0,0x0,
0xa3,0x1,0x0,0x0,0x1,0x0,0x0,0x0,
0x2f,0xd2,0x1,0x0,0x0,0x3d,0xd3,0x1,
0x0,0x0,0x18,0x7,0x6,0x66,0x7,0x50,
0x30,0x2f,0xd4,0x1,0x0,0x0,0x3d,0xd5,
0x1,0x0,0x0,0x50,0x24,0x2f,0xd6,0x1,
0x0,0x0,0x3d,0xd7,0x1,0x0,0x0,0x3d,
0xd8,0x1,0x0,0x0,0x18,0x8,0x2f,0xd9,
0x1,0x0,0x0,0x3d,0xda,0x1,0x0,0x0,
0x34,0x8,0x3d,0xdb,0x1,0x0,0x0,0x4c,
0x1,0x6,0x18,0x6,0x2,0x0,0x0,0x0,
0x50,0x0,0x0,0x0,0x45,0x0,0x0,0x0,
0xb4,0x0,0x0,0x0,0x0,0x0,0x0,0x0,
0x38,0x0,0x0,0x0,0x0,0x0,0x0,0x0,
0x38,0x0,0x0,0x0,0x0,0x0,0x2,0x0,
0xff,0xff,0xff,0xff,0x9,0x0,0x0,0x0,
0xa4,0x1,0x10,0x1,0x0,0x0,0x0,0x0,
0x0,0x0,0x7,0x0,0x0,0x0,0x0,0x0,
0x0,0x0,0x0,0x0,0xa4,0x1,0x0,0x0,
0x1,0x0,0x0,0x0,0x1d,0x0,0x0,0x0,
0xa5,0x1,0x0,0x0,0x1,0x0,0x0,0x0,
0x2f,0xdc,0x1,0x0,0x0,0x3d,0xdd,0x1,
0x0,0x0,0x18,0x7,0x6,0x66,0x7,0x50,
0x30,0x2f,0xde,0x1,0x0,0x0,0x3d,0xdf,
0x1,0x0,0x0,0x50,0x24,0x2f,0xe0,0x1,
0x0,0x0,0x3d,0xe1,0x1,0x0,0x0,0x3d,
0xe2,0x1,0x0,0x0,0x18,0x8,0x2f,0xe3,
0x1,0x0,0x0,0x3d,0xe4,0x1,0x0,0x0,
0x34,0x8,0x3d,0xe5,0x1,0x0,0x0,0x4c,
0x1,0x6,0x18,0x6,0x2,0x0,0x0,0x0,
0x44,0x0,0x0,0x0,0x22,0x0,0x0,0x0,
0xb6,0x0,0x0,0x0,0x0,0x0,0x0,0x0,
0x38,0x0,0x0,0x0,0x0,0x0,0x0,0x0,
0x38,0x0,0x0,0x0,0x0,0x0,0x1,0x0,
0xff,0xff,0xff,0xff,0x7,0x0,0x0,0x0,
0xa6,0x1,0x10,0x1,0x0,0x0,0x0,0x0,
0x0,0x0,0x7,0x0,0x0,0x0,0x0,0x0,
0x0,0x0,0x0,0x0,0xa6,0x1,0x0,0x0,
0x1,0x0,0x0,0x0,0x2f,0xe6,0x1,0x0,
0x0,0x3d,0xe7,0x1,0x0,0x0,0x50,0x11,
0x2f,0xe8,0x1,0x0,0x0,0x3d,0xe9,0x1,
0x0,0x0,0x3d,0xea,0x1,0x0,0x0,0x4c,
0x2,0x12,0x0,0x18,0x6,0x2,0x0,0x0,
0x0,0x0,0x0,0x0,0x0,0x0,0x0,0x0,
0x44,0x0,0x0,0x0,0x22,0x0,0x0,0x0,
0xb8,0x0,0x0,0x0,0x0,0x0,0x0,0x0,
0x38,0x0,0x0,0x0,0x0,0x0,0x0,0x0,
0x38,0x0,0x0,0x0,0x0,0x0,0x1,0x0,
0xff,0xff,0xff,0xff,0x7,0x0,0x0,0x0,
0xa7,0x1,0x10,0x1,0x0,0x0,0x0,0x0,
0x0,0x0,0x7,0x0,0x0,0x0,0x0,0x0,
0x0,0x0,0x0,0x0,0xa7,0x1,0x0,0x0,
0x1,0x0,0x0,0x0,0x2f,0xeb,0x1,0x0,
0x0,0x3d,0xec,0x1,0x0,0x0,0x50,0x11,
0x2f,0xed,0x1,0x0,0x0,0x3d,0xee,0x1,
0x0,0x0,0x3d,0xef,0x1,0x0,0x0,0x4c,
0x2,0x4,0x38,0x18,0x6,0x2,0x0,0x0,
0x0,0x0,0x0,0x0,0x0,0x0,0x0,0x0,
0x44,0x0,0x0,0x0,0x22,0x0,0x0,0x0,
0xba,0x0,0x0,0x0,0x0,0x0,0x0,0x0,
0x38,0x0,0x0,0x0,0x0,0x0,0x0,0x0,
0x38,0x0,0x0,0x0,0x0,0x0,0x1,0x0,
0xff,0xff,0xff,0xff,0x7,0x0,0x0,0x0,
0xa8,0x1,0x10,0x1,0x0,0x0,0x0,0x0,
0x0,0x0,0x7,0x0,0x0,0x0,0x0,0x0,
0x0,0x0,0x0,0x0,0xa8,0x1,0x0,0x0,
0x1,0x0,0x0,0x0,0x2f,0xf0,0x1,0x0,
0x0,0x3d,0xf1,0x1,0x0,0x0,0x50,0x11,
0x2f,0xf2,0x1,0x0,0x0,0x3d,0xf3,0x1,
0x0,0x0,0x3d,0xf4,0x1,0x0,0x0,0x4c,
0x2,0x4,0x39,0x18,0x6,0x2,0x0,0x0,
0x0,0x0,0x0,0x0,0x0,0x0,0x0,0x0,
0x44,0x0,0x0,0x0,0x22,0x0,0x0,0x0,
0xbc,0x0,0x0,0x0,0x0,0x0,0x0,0x0,
0x38,0x0,0x0,0x0,0x0,0x0,0x0,0x0,
0x38,0x0,0x0,0x0,0x0,0x0,0x1,0x0,
0xff,0xff,0xff,0xff,0x7,0x0,0x0,0x0,
0xa9,0x1,0x10,0x1,0x0,0x0,0x0,0x0,
0x0,0x0,0x7,0x0,0x0,0x0,0x0,0x0,
0x0,0x0,0x0,0x0,0xa9,0x1,0x0,0x0,
0x1,0x0,0x0,0x0,0x2f,0xf5,0x1,0x0,
0x0,0x3d,0xf6,0x1,0x0,0x0,0x50,0x11,
0x2f,0xf7,0x1,0x0,0x0,0x3d,0xf8,0x1,
0x0,0x0,0x3d,0xf9,0x1,0x0,0x0,0x4c,
0x2,0x4,0x3a,0x18,0x6,0x2,0x0,0x0,
0x0,0x0,0x0,0x0,0x0,0x0,0x0,0x0,
0x44,0x0,0x0,0x0,0xd,0x0,0x0,0x0,
0xbe,0x0,0x0,0x0,0x0,0x0,0x0,0x0,
0x38,0x0,0x0,0x0,0x0,0x0,0x0,0x0,
0x38,0x0,0x0,0x0,0x0,0x0,0x1,0x0,
0xff,0xff,0xff,0xff,0x7,0x0,0x0,0x0,
0xaa,0x1,0x10,0x1,0x0,0x0,0x0,0x0,
0x0,0x0,0x7,0x0,0x0,0x0,0x0,0x0,
0x0,0x0,0x0,0x0,0xaa,0x1,0x0,0x0,
0x1,0x0,0x0,0x0,0x2f,0xfa,0x1,0x0,
0x0,0x3d,0xfb,0x1,0x0,0x0,0x18,0x6,
0x2,0x0,0x0,0x0,0x0,0x0,0x0,0x0,
0x5c,0x0,0x0,0x0,0xc,0x0,0x0,0x0,
0xc0,0x0,0x0,0x0,0x0,0x0,0x0,0x0,
0x38,0x0,0x0,0x0,0x0,0x0,0x0,0x0,
0x38,0x0,0x0,0x0,0x0,0x0,0x3,0x0,
0xa6,0x0,0x0,0x0,0x7,0x0,0x0,0x0,
0xab,0x1,0x10,0x1,0x0,0x0,0x0,0x0,
0x0,0x0,0x7,0x0,0x0,0x0,0x8,0x0,
0x0,0x0,0x0,0x0,0xab,0x1,0x0,0x0,
0x0,0x0,0x0,0x0,0x1,0x0,0x0,0x0,
0xab,0x1,0x0,0x0,0x1,0x0,0x0,0x0,
0x8,0x0,0x0,0x0,0xac,0x1,0x0,0x0,
0x1,0x0,0x0,0x0,0xca,0x29,0xa6,0x0,
0x0,0x0,0x18,0x6,0xd4,0x16,0x6,0x2,
0x0,0x0,0x0,0x0,0x0,0x0,0x0,0x0,
0x5c,0x0,0x0,0x0,0x2e,0x0,0x0,0x0,
0x0,0x0,0x0,0x0,0x3,0x0,0x3,0x0,
0x38,0x0,0x0,0x0,0x0,0x0,0x0,0x0,
0x50,0x0,0x0,0x0,0x0,0x0,0x1,0x0,
0xff,0xff,0xff,0xff,0x11,0x0,0x0,0x0,
0xab,0x1,0x50,0x2,0x0,0x0,0x0,0x0,
0x0,0x0,0xa,0x0,0x0,0x0,0x2,0x0,
0x2f,0x1,0x0,0x0,0x0,0x0,0x0,0x0,
0xf,0x2,0x0,0x0,0x0,0x0,0x0,0x0,
0xc0,0x1,0x0,0x0,0x0,0x0,0x0,0x0,
0x0,0x0,0x0,0x0,0xac,0x1,0x0,0x0,
0x1,0x0,0x0,0x0,0x2f,0xfc,0x1,0x0,
0x0,0x18,0xa,0x2f,0xfd,0x1,0x0,0x0,
0x3d,0xfe,0x1,0x0,0x0,0x18,0xd,0x1a,
0x6,0xe,0x1a,0x7,0xf,0x1a,0x8,0x10,
0xad,0xff,0x1,0x0,0x0,0xa,0x0,0x0,
0x0,0x4,0x0,0x0,0x0,0xd,0x0,0x0,
0x0,0x2,0x0,0x0,0x0,0x0,0x0,0x0,
0x44,0x0,0x0,0x0,0x8,0x0,0x0,0x0,
0x72,0x0,0x0,0x0,0x0,0x0,0x0,0x0,
0x38,0x0,0x0,0x0,0x0,0x0,0x0,0x0,
0x38,0x0,0x0,0x0,0x0,0x0,0x1,0x0,
0xff,0xff,0xff,0xff,0x7,0x0,0x0,0x0,
0x9d,0x1,0x10,0x1,0x0,0x0,0x0,0x0,
0x0,0x0,0x7,0x0,0x0,0x0,0x0,0x0,
0x0,0x0,0x0,0x0,0x9d,0x1,0x0,0x0,
0x1,0x0,0x0,0x0,0x2f,0x0,0x2,0x0,
0x0,0x18,0x6,0x2,0x0,0x0,0x0,0x0,
0x44,0x0,0x0,0x0,0xd,0x0,0x0,0x0,
0xc2,0x0,0x0,0x0,0x0,0x0,0x0,0x0,
0x38,0x0,0x0,0x0,0x0,0x0,0x0,0x0,
0x38,0x0,0x0,0x0,0x0,0x0,0x1,0x0,
0xff,0xff,0xff,0xff,0x7,0x0,0x0,0x0,
0xb1,0x1,0x10,0x1,0x0,0x0,0x0,0x0,
0x0,0x0,0x7,0x0,0x0,0x0,0x0,0x0,
0x0,0x0,0x0,0x0,0xb1,0x1,0x0,0x0,
0x1,0x0,0x0,0x0,0x2f,0x1,0x2,0x0,
0x0,0x3d,0x2,0x2,0x0,0x0,0x18,0x6,
0x2,0x0,0x0,0x0,0x0,0x0,0x0,0x0,
0x44,0x0,0x0,0x0,0xd,0x0,0x0,0x0,
0xa7,0x0,0x0,0x0,0x0,0x0,0x0,0x0,
0x38,0x0,0x0,0x0,0x0,0x0,0x0,0x0,
0x38,0x0,0x0,0x0,0x0,0x0,0x1,0x0,
0xff,0xff,0xff,0xff,0x7,0x0,0x0,0x0,
0xb2,0x1,0x10,0x1,0x0,0x0,0x0,0x0,
0x0,0x0,0x7,0x0,0x0,0x0,0x0,0x0,
0x0,0x0,0x0,0x0,0xb2,0x1,0x0,0x0,
0x1,0x0,0x0,0x0,0x2f,0x3,0x2,0x0,
0x0,0x3d,0x4,0x2,0x0,0x0,0x18,0x6,
0x2,0x0,0x0,0x0,0x0,0x0,0x0,0x0,
0x44,0x0,0x0,0x0,0x1f,0x0,0x0,0x0,
0x80,0x0,0x0,0x0,0x0,0x0,0x0,0x0,
0x38,0x0,0x0,0x0,0x0,0x0,0x0,0x0,
0x38,0x0,0x0,0x0,0x0,0x0,0x1,0x0,
0xff,0xff,0xff,0xff,0x8,0x0,0x0,0x0,
0xb6,0x1,0x50,0x1,0x0,0x0,0x0,0x0,
0x0,0x0,0x7,0x0,0x0,0x0,0x0,0x0,
0x0,0x0,0x0,0x0,0xb6,0x1,0x0,0x0,
0x1,0x0,0x0,0x0,0x2f,0x5,0x2,0x0,
0x0,0x3d,0x6,0x2,0x0,0x0,0x50,0x10,
0x2f,0x7,0x2,0x0,0x0,0x3d,0x8,0x2,
0x0,0x0,0x18,0x7,0x12,0x0,0x6e,0x7,
0x18,0x6,0x2,0x0,0x0,0x0,0x0,0x0,
0x44,0x0,0x0,0x0,0x39,0x0,0x0,0x0,
0x5b,0x0,0x0,0x0,0x0,0x0,0x0,0x0,
0x38,0x0,0x0,0x0,0x0,0x0,0x0,0x0,
0x38,0x0,0x0,0x0,0x0,0x0,0x1,0x0,
0xff,0xff,0xff,0xff,0xa,0x0,0x0,0x0,
0xb7,0x1,0x50,0x1,0x0,0x0,0x0,0x0,
0x0,0x0,0x7,0x0,0x0,0x0,0x0,0x0,
0x0,0x0,0x0,0x0,0xb7,0x1,0x0,0x0,
0x1,0x0,0x0,0x0,0x2f,0x9,0x2,0x0,
0x0,0x3d,0xa,0x2,0x0,0x0,0x50,0x16,
0x13,0xc3,0x1,0x0,0x0,0x18,0x9,0xb5,
0xb,0x2,0x0,0x0,0x1,0x0,0x0,0x0,
0x9,0x0,0x0,0x0,0x4c,0x14,0x13,0xc4,
0x1,0x0,0x0,0x18,0x9,0xb5,0xc,0x2,
0x0,0x0,0x1,0x0,0x0,0x0,0x9,0x0,
0x0,0x0,0x18,0x6,0x2,0x0,0x0,0x0,
0x0,0x0,0x0,0x0,0x0,0x0,0x0,0x0,
0x44,0x0,0x0,0x0,0x18,0x0,0x0,0x0,
0x7c,0x0,0x0,0x0,0x0,0x0,0x0,0x0,
0x38,0x0,0x0,0x0,0x0,0x0,0x0,0x0,
0x38,0x0,0x0,0x0,0x0,0x0,0x1,0x0,
0xff,0xff,0xff,0xff,0x7,0x0,0x0,0x0,
0xb8,0x1,0x50,0x1,0x0,0x0,0x0,0x0,
0x0,0x0,0x7,0x0,0x0,0x0,0x0,0x0,
0x0,0x0,0x0,0x0,0xb8,0x1,0x0,0x0,
0x1,0x0,0x0,0x0,0x2f,0xd,0x2,0x0,
0x0,0x3d,0xe,0x2,0x0,0x0,0x50,0x4,
0x12,0xe,0x4c,0x5,0x13,0xcd,0x0,0x0,
0x0,0x18,0x6,0x2,0x0,0x0,0x0,0x0,
0x44,0x0,0x0,0x0,0xd,0x0,0x0,0x0,
0x86,0x0,0x0,0x0,0x0,0x0,0x0,0x0,
0x38,0x0,0x0,0x0,0x0,0x0,0x0,0x0,
0x38,0x0,0x0,0x0,0x0,0x0,0x1,0x0,
0xff,0xff,0xff,0xff,0x7,0x0,0x0,0x0,
0xba,0x1,0x50,0x1,0x0,0x0,0x0,0x0,
0x0,0x0,0x7,0x0,0x0,0x0,0x0,0x0,
0x0,0x0,0x0,0x0,0xba,0x1,0x0,0x0,
0x1,0x0,0x0,0x0,0x2f,0xf,0x2,0x0,
0x0,0x3d,0x10,0x2,0x0,0x0,0x18,0x6,
0x2,0x0,0x0,0x0,0x0,0x0,0x0,0x0,
0x44,0x0,0x0,0x0,0xd,0x0,0x0,0x0,
0x8b,0x0,0x0,0x0,0x0,0x0,0x0,0x0,
0x38,0x0,0x0,0x0,0x0,0x0,0x0,0x0,
0x38,0x0,0x0,0x0,0x0,0x0,0x1,0x0,
0xff,0xff,0xff,0xff,0x7,0x0,0x0,0x0,
0xbf,0x1,0x90,0x1,0x0,0x0,0x0,0x0,
0x0,0x0,0x7,0x0,0x0,0x0,0x0,0x0,
0x0,0x0,0x0,0x0,0xbf,0x1,0x0,0x0,
0x1,0x0,0x0,0x0,0x2f,0x11,0x2,0x0,
0x0,0x3d,0x12,0x2,0x0,0x0,0x18,0x6,
0x2,0x0,0x0,0x0,0x0,0x0,0x0,0x0,
0x50,0x0,0x0,0x0,0x25,0x0,0x0,0x0,
0x8d,0x0,0x0,0x0,0x0,0x0,0x0,0x0,
0x38,0x0,0x0,0x0,0x0,0x0,0x0,0x0,
0x38,0x0,0x0,0x0,0x0,0x0,0x2,0x0,
0xff,0xff,0xff,0xff,0x9,0x0,0x0,0x0,
0xc0,0x1,0x90,0x1,0x0,0x0,0x0,0x0,
0x0,0x0,0x7,0x0,0x0,0x0,0x0,0x0,
0x0,0x0,0x0,0x0,0xc0,0x1,0x0,0x0,
0x0,0x0,0x0,0x0,0x1,0x0,0x0,0x0,
0xc0,0x1,0x0,0x0,0x1,0x0,0x0,0x0,
0xca,0x2f,0x13,0x2,0x0,0x0,0x18,0x7,
0x2f,0x14,0x2,0x0,0x0,0x3d,0x15,0x2,
0x0,0x0,0x74,0x18,0x8,0x43,0x16,0x2,
0x0,0x0,0x7,0x0,0x0,0x0,0x1a,0x8,
0x6,0xd4,0x16,0x6,0x2,0x0,0x0,0x0,
0x44,0x0,0x0,0x0,0x8,0x0,0x0,0x0,
0x72,0x0,0x0,0x0,0x0,0x0,0x0,0x0,
0x38,0x0,0x0,0x0,0x0,0x0,0x0,0x0,
0x38,0x0,0x0,0x0,0x0,0x0,0x1,0x0,
0xff,0xff,0xff,0xff,0x7,0x0,0x0,0x0,
0xbd,0x1,0x90,0x1,0x0,0x0,0x0,0x0,
0x0,0x0,0x7,0x0,0x0,0x0,0x0,0x0,
0x0,0x0,0x0,0x0,0xbd,0x1,0x0,0x0,
0x1,0x0,0x0,0x0,0x2f,0x17,0x2,0x0,
0x0,0x18,0x6,0x2,0x0,0x0,0x0,0x0,
0x50,0x0,0x0,0x0,0x2b,0x0,0x0,0x0,
0x80,0x0,0x0,0x0,0x0,0x0,0x0,0x0,
0x38,0x0,0x0,0x0,0x0,0x0,0x0,0x0,
0x38,0x0,0x0,0x0,0x0,0x0,0x2,0x0,
0xff,0xff,0xff,0xff,0x8,0x0,0x0,0x0,
0xc4,0x1,0x50,0x1,0x0,0x0,0x0,0x0,
0x0,0x0,0x7,0x0,0x0,0x0,0x0,0x0,
0x0,0x0,0x0,0x0,0xc4,0x1,0x0,0x0,
0x1,0x0,0x0,0x0,0x1c,0x0,0x0,0x0,
0xc5,0x1,0x0,0x0,0x1,0x0,0x0,0x0,
0x2f,0x18,0x2,0x0,0x0,0x3d,0x19,0x2,
0x0,0x0,0x50,0x10,0x2f,0x1a,0x2,0x0,
0x0,0x3d,0x1b,0x2,0x0,0x0,0x18,0x7,
0x12,0x0,0x6e,0x7,0x50,0xa,0x2f,0x1c,
0x2,0x0,0x0,0x3d,0x1d,0x2,0x0,0x0,
0x18,0x6,0x2,0x0,0x0,0x0,0x0,0x0,
0x50,0x0,0x0,0x0,0x4a,0x0,0x0,0x0,
0x5b,0x0,0x0,0x0,0x0,0x0,0x0,0x0,
0x38,0x0,0x0,0x0,0x0,0x0,0x0,0x0,
0x38,0x0,0x0,0x0,0x0,0x0,0x2,0x0,
0xff,0xff,0xff,0xff,0xa,0x0,0x0,0x0,
0xc6,0x1,0x50,0x1,0x0,0x0,0x0,0x0,
0x0,0x0,0x7,0x0,0x0,0x0,0x0,0x0,
0x0,0x0,0x0,0x0,0xc6,0x1,0x0,0x0,
0x1,0x0,0x0,0x0,0x24,0x0,0x0,0x0,
0xc7,0x1,0x0,0x0,0x1,0x0,0x0,0x0,
0x2f,0x1e,0x2,0x0,0x0,0x3d,0x1f,0x2,
0x0,0x0,0x50,0x27,0x2f,0x20,0x2,0x0,
0x0,0x3d,0x21,0x2,0x0,0x0,0x3d,0x22,
0x2,0x0,0x0,0x50,0x16,0x13,0xc5,0x1,
0x0,0x0,0x18,0x9,0xb5,0x23,0x2,0x0,
0x0,0x1,0x0,0x0,0x0,0x9,0x0,0x0,
0x0,0x4c,0x14,0x13,0xc6,0x1,0x0,0x0,
0x18,0x9,0xb5,0x24,0x2,0x0,0x0,0x1,
0x0,0x0,0x0,0x9,0x0,0x0,0x0,0x18,
0x6,0x2,0x0,0x0,0x0,0x0,0x0,0x0,
0x44,0x0,0x0,0x0,0xd,0x0,0x0,0x0,
0x86,0x0,0x0,0x0,0x0,0x0,0x0,0x0,
0x38,0x0,0x0,0x0,0x0,0x0,0x0,0x0,
0x38,0x0,0x0,0x0,0x0,0x0,0x1,0x0,
0xff,0xff,0xff,0xff,0x7,0x0,0x0,0x0,
0xca,0x1,0x50,0x1,0x0,0x0,0x0,0x0,
0x0,0x0,0x7,0x0,0x0,0x0,0x0,0x0,
0x0,0x0,0x0,0x0,0xca,0x1,0x0,0x0,
0x1,0x0,0x0,0x0,0x2f,0x25,0x2,0x0,
0x0,0x3d,0x26,0x2,0x0,0x0,0x18,0x6,
0x2,0x0,0x0,0x0,0x0,0x0,0x0,0x0,
0x44,0x0,0x0,0x0,0xd,0x0,0x0,0x0,
0x8b,0x0,0x0,0x0,0x0,0x0,0x0,0x0,
0x38,0x0,0x0,0x0,0x0,0x0,0x0,0x0,
0x38,0x0,0x0,0x0,0x0,0x0,0x1,0x0,
0xff,0xff,0xff,0xff,0x7,0x0,0x0,0x0,
0xcf,0x1,0x90,0x1,0x0,0x0,0x0,0x0,
0x0,0x0,0x7,0x0,0x0,0x0,0x0,0x0,
0x0,0x0,0x0,0x0,0xcf,0x1,0x0,0x0,
0x1,0x0,0x0,0x0,0x2f,0x27,0x2,0x0,
0x0,0x3d,0x28,0x2,0x0,0x0,0x18,0x6,
0x2,0x0,0x0,0x0,0x0,0x0,0x0,0x0,
0x74,0x0,0x0,0x0,0x49,0x0,0x0,0x0,
0x8d,0x0,0x0,0x0,0x0,0x0,0x0,0x0,
0x38,0x0,0x0,0x0,0x0,0x0,0x0,0x0,
0x38,0x0,0x0,0x0,0x0,0x0,0x5,0x0,
0xff,0xff,0xff,0xff,0xc,0x0,0x0,0x0,
0xd0,0x1,0x90,0x1,0x0,0x0,0x0,0x0,
0x0,0x0,0x7,0x0,0x0,0x0,0x0,0x0,
0x0,0x0,0x0,0x0,0xd0,0x1,0x0,0x0,
0x0,0x0,0x0,0x0,0x1,0x0,0x0,0x0,
0xd0,0x1,0x0,0x0,0x1,0x0,0x0,0x0,
0x14,0x0,0x0,0x0,0xd1,0x1,0x0,0x0,
0x1,0x0,0x0,0x0,0x32,0x0,0x0,0x0,
0xd0,0x1,0x0,0x0,0x1,0x0,0x0,0x0,
0x45,0x0,0x0,0x0,0xd1,0x1,0x0,0x0,
0x1,0x0,0x0,0x0,0xca,0x2f,0x29,0x2,
0x0,0x0,0x18,0x7,0x2f,0x2a,0x2,0x0,
0x0,0x3d,0x2b,0x2,0x0,0x0,0x18,0xa,
0x2f,0x2c,0x2,0x0,0x0,0x3d,0x2d,0x2,
0x0,0x0,0x50,0xf,0x2f,0x2e,0x2,0x0,
0x0,0x3d,0x2f,0x2,0x0,0x0,0x3d,0x30,
0x2,0x0,0x0,0x74,0x18,0xb,0xad,0x31,
0x2,0x0,0x0,0x7,0x0,0x0,0x0,0x2,
0x0,0x0,0x0,0xa,0x0,0x0,0x0,0x18,
0x6,0xd4,0x16,0x6,0x2,0x0,0x0,0x0,
0x0,0x0,0x0,0x0,0x0,0x0,0x0,0x0,
0x44,0x0,0x0,0x0,0x8,0x0,0x0,0x0,
0x72,0x0,0x0,0x0,0x0,0x0,0x0,0x0,
0x38,0x0,0x0,0x0,0x0,0x0,0x0,0x0,
0x38,0x0,0x0,0x0,0x0,0x0,0x1,0x0,
0xff,0xff,0xff,0xff,0x7,0x0,0x0,0x0,
0xcd,0x1,0x90,0x1,0x0,0x0,0x0,0x0,
0x0,0x0,0x7,0x0,0x0,0x0,0x0,0x0,
0x0,0x0,0x0,0x0,0xcd,0x1,0x0,0x0,
0x1,0x0,0x0,0x0,0x2f,0x32,0x2,0x0,
0x0,0x18,0x6,0x2,0x0,0x0,0x0,0x0,
0x44,0x0,0x0,0x0,0x1e,0x0,0x0,0x0,
0x80,0x0,0x0,0x0,0x0,0x0,0x0,0x0,
0x38,0x0,0x0,0x0,0x0,0x0,0x0,0x0,
0x38,0x0,0x0,0x0,0x0,0x0,0x1,0x0,
0xff,0xff,0xff,0xff,0x8,0x0,0x0,0x0,
0xd5,0x1,0x50,0x1,0x0,0x0,0x0,0x0,
0x0,0x0,0x7,0x0,0x0,0x0,0x0,0x0,
0x0,0x0,0x0,0x0,0xd5,0x1,0x0,0x0,
0x1,0x0,0x0,0x0,0x2f,0x33,0x2,0x0,
0x0,0x3d,0x34,0x2,0x0,0x0,0x50,0xf,
0x2f,0x35,0x2,0x0,0x0,0x3d,0x36,0x2,
0x0,0x0,0x18,0x7,0x6,0x64,0x7,0x18,
0x6,0x2,0x0,0x0,0x0,0x0,0x0,0x0,
0x74,0x0,0x0,0x0,0x84,0x0,0x0,0x0,
0x5b,0x0,0x0,0x0,0x0,0x0,0x0,0x0,
0x38,0x0,0x0,0x0,0x0,0x0,0x0,0x0,
0x38,0x0,0x0,0x0,0x0,0x0,0x5,0x0,
0xff,0xff,0xff,0xff,0xc,0x0,0x0,0x0,
0xd6,0x1,0x50,0x1,0x0,0x0,0x0,0x0,
0x0,0x0,0x7,0x0,0x0,0x0,0x0,0x0,
0x0,0x0,0x0,0x0,0xd6,0x1,0x0,0x0,
0x1,0x0,0x0,0x0,0x22,0x0,0x0,0x0,
0xd7,0x1,0x0,0x0,0x1,0x0,0x0,0x0,
0x57,0x0,0x0,0x0,0xd8,0x1,0x0,0x0,
0x1,0x0,0x0,0x0,0x7f,0x0,0x0,0x0,
0xd6,0x1,0x0,0x0,0x1,0x0,0x0,0x0,
0x83,0x0,0x0,0x0,0xd8,0x1,0x0,0x0,
0x1,0x0,0x0,0x0,0x2f,0x37,0x2,0x0,
0x0,0x3d,0x38,0x2,0x0,0x0,0x50,0x16,
0x13,0xc8,0x1,0x0,0x0,0x18,0x9,0xb5,
0x39,0x2,0x0,0x0,0x1,0x0,0x0,0x0,
0x9,0x0,0x0,0x0,0x4c,0x33,0x2f,0x3a,
0x2,0x0,0x0,0x18,0x7,0x2f,0x3b,0x2,
0x0,0x0,0x3d,0x3c,0x2,0x0,0x0,0x18,
0xb,0x10,0x64,0x9c,0xb,0x18,0xa,0xad,
0x3d,0x2,0x0,0x0,0x7,0x0,0x0,0x0,
0x1,0x0,0x0,0x0,0xa,0x0,0x0,0x0,
0x18,0x7,0x13,0xca,0x1,0x0,0x0,0x80,
0x7,0x18,0x7,0x2f,0x3e,0x2,0x0,0x0,
0x3d,0x3f,0x2,0x0,0x0,0x50,0x1a,0x2f,
0x40,0x2,0x0,0x0,0x3d,0x41,0x2,0x0,
0x0,0x50,0x7,0x13,0xcb,0x1,0x0,0x0,
0x4c,0x5,0x13,0xcc,0x1,0x0,0x0,0x4c,
0x2,0x12,0x0,0x80,0x7,0x18,0x6,0x2,
0x0,0x0,0x0,0x0,0x0,0x0,0x0,0x0,
0x44,0x0,0x0,0x0,0xd,0x0,0x0,0x0,
0x8b,0x0,0x0,0x0,0x0,0x0,0x0,0x0,
0x38,0x0,0x0,0x0,0x0,0x0,0x0,0x0,
0x38,0x0,0x0,0x0,0x0,0x0,0x1,0x0,
0xff,0xff,0xff,0xff,0x7,0x0,0x0,0x0,
0xdf,0x1,0x90,0x1,0x0,0x0,0x0,0x0,
0x0,0x0,0x7,0x0,0x0,0x0,0x0,0x0,
0x0,0x0,0x0,0x0,0xdf,0x1,0x0,0x0,
0x1,0x0,0x0,0x0,0x2f,0x42,0x2,0x0,
0x0,0x3d,0x43,0x2,0x0,0x0,0x18,0x6,
0x2,0x0,0x0,0x0,0x0,0x0,0x0,0x0,
0x50,0x0,0x0,0x0,0x1f,0x0,0x0,0x0,
0x8d,0x0,0x0,0x0,0x0,0x0,0x0,0x0,
0x38,0x0,0x0,0x0,0x0,0x0,0x0,0x0,
0x38,0x0,0x0,0x0,0x0,0x0,0x2,0x0,
0xff,0xff,0xff,0xff,0xa,0x0,0x0,0x0,
0xe0,0x1,0x90,0x1,0x0,0x0,0x0,0x0,
0x0,0x0,0x7,0x0,0x0,0x0,0x0,0x0,
0x0,0x0,0x0,0x0,0xe0,0x1,0x0,0x0,
0x0,0x0,0x0,0x0,0x1,0x0,0x0,0x0,
0xe0,0x1,0x0,0x0,0x1,0x0,0x0,0x0,
0xca,0x2f,0x44,0x2,0x0,0x0,0x18,0x7,
0xad,0x45,0x2,0x0,0x0,0x7,0x0,0x0,
0x0,0x0,0x0,0x0,0x0,0x0,0x0,0x0,
0x0,0x18,0x6,0xd4,0x16,0x6,0x2,0x0,
0x44,0x0,0x0,0x0,0x8,0x0,0x0,0x0,
0x72,0x0,0x0,0x0,0x0,0x0,0x0,0x0,
0x38,0x0,0x0,0x0,0x0,0x0,0x0,0x0,
0x38,0x0,0x0,0x0,0x0,0x0,0x1,0x0,
0xff,0xff,0xff,0xff,0x7,0x0,0x0,0x0,
0xdd,0x1,0x90,0x1,0x0,0x0,0x0,0x0,
0x0,0x0,0x7,0x0,0x0,0x0,0x0,0x0,
0x0,0x0,0x0,0x0,0xdd,0x1,0x0,0x0,
0x1,0x0,0x0,0x0,0x2f,0x46,0x2,0x0,
0x0,0x18,0x6,0x2,0x0,0x0,0x0,0x0,
0x44,0x0,0x0,0x0,0x23,0x0,0x0,0x0,
0x80,0x0,0x0,0x0,0x0,0x0,0x0,0x0,
0x38,0x0,0x0,0x0,0x0,0x0,0x0,0x0,
0x38,0x0,0x0,0x0,0x0,0x0,0x1,0x0,
0xff,0xff,0xff,0xff,0x9,0x0,0x0,0x0,
0xeb,0x1,0x10,0x1,0x0,0x0,0x0,0x0,
0x0,0x0,0x7,0x0,0x0,0x0,0x0,0x0,
0x0,0x0,0x0,0x0,0xeb,0x1,0x0,0x0,
0x1,0x0,0x0,0x0,0x2f,0x47,0x2,0x0,
0x0,0x3d,0x48,0x2,0x0,0x0,0x18,0x7,
0x6,0x66,0x7,0x50,0xf,0x2f,0x49,0x2,
0x0,0x0,0x3d,0x4a,0x2,0x0,0x0,0x18,
0x8,0xc,0x6e,0x8,0x18,0x6,0x2,0x0,
0x0,0x0,0x0,0x0,0x0,0x0,0x0,0x0,
0x44,0x0,0x0,0x0,0xd,0x0,0x0,0x0,
0xc8,0x0,0x0,0x0,0x0,0x0,0x0,0x0,
0x38,0x0,0x0,0x0,0x0,0x0,0x0,0x0,
0x38,0x0,0x0,0x0,0x0,0x0,0x1,0x0,
0xff,0xff,0xff,0xff,0x7,0x0,0x0,0x0,
0xe7,0x1,0x10,0x1,0x0,0x0,0x0,0x0,
0x0,0x0,0x7,0x0,0x0,0x0,0x0,0x0,
0x0,0x0,0x0,0x0,0xe7,0x1,0x0,0x0,
0x1,0x0,0x0,0x0,0x2f,0x4b,0x2,0x0,
0x0,0x3d,0x4c,0x2,0x0,0x0,0x18,0x6,
0x2,0x0,0x0,0x0,0x0,0x0,0x0,0x0,
0x44,0x0,0x0,0x0,0xd,0x0,0x0,0x0,
0xa7,0x0,0x0,0x0,0x0,0x0,0x0,0x0,
0x38,0x0,0x0,0x0,0x0,0x0,0x0,0x0,
0x38,0x0,0x0,0x0,0x0,0x0,0x1,0x0,
0xff,0xff,0xff,0xff,0x7,0x0,0x0,0x0,
0xe8,0x1,0x10,0x1,0x0,0x0,0x0,0x0,
0x0,0x0,0x7,0x0,0x0,0x0,0x0,0x0,
0x0,0x0,0x0,0x0,0xe8,0x1,0x0,0x0,
0x1,0x0,0x0,0x0,0x2f,0x4d,0x2,0x0,
0x0,0x3d,0x4e,0x2,0x0,0x0,0x18,0x6,
0x2,0x0,0x0,0x0,0x0,0x0,0x0,0x0,
0x50,0x0,0x0,0x0,0x41,0x0,0x0,0x0,
0x5b,0x0,0x0,0x0,0x0,0x0,0x0,0x0,
0x38,0x0,0x0,0x0,0x0,0x0,0x0,0x0,
0x38,0x0,0x0,0x0,0x0,0x0,0x2,0x0,
0xff,0xff,0xff,0xff,0x9,0x0,0x0,0x0,
0xed,0x1,0x50,0x1,0x0,0x0,0x0,0x0,
0x0,0x0,0x7,0x0,0x0,0x0,0x0,0x0,
0x0,0x0,0x0,0x0,0xed,0x1,0x0,0x0,
0x1,0x0,0x0,0x0,0x1d,0x0,0x0,0x0,
0xee,0x1,0x0,0x0,0x1,0x0,0x0,0x0,
0x2f,0x4f,0x2,0x0,0x0,0x3d,0x50,0x2,
0x0,0x0,0x50,0x30,0x2f,0x51,0x2,0x0,
0x0,0x3d,0x52,0x2,0x0,0x0,0x18,0x7,
0x6,0x66,0x7,0x50,0x1f,0x2f,0x53,0x2,
0x0,0x0,0x3d,0x54,0x2,0x0,0x0,0x3d,
0x55,0x2,0x0,0x0,0x18,0x8,0x2f,0x56,
0x2,0x0,0x0,0x3d,0x57,0x2,0x0,0x0,
0x34,0x8,0x4c,0x2,0x12,0x0,0x18,0x6,
0x2,0x0,0x0,0x0,0x0,0x0,0x0,0x0,
0x44,0x0,0x0,0x0,0x22,0x0,0x0,0x0,
0x7c,0x0,0x0,0x0,0x0,0x0,0x0,0x0,
0x38,0x0,0x0,0x0,0x0,0x0,0x0,0x0,
0x38,0x0,0x0,0x0,0x0,0x0,0x1,0x0,
0xff,0xff,0xff,0xff,0xb,0x0,0x0,0x0,
0xef,0x1,0x50,0x1,0x0,0x0,0x0,0x0,
0x0,0x0,0x7,0x0,0x0,0x0,0x0,0x0,
0x0,0x0,0x0,0x0,0xef,0x1,0x0,0x0,
0x1,0x0,0x0,0x0,0x2f,0x58,0x2,0x0,
0x0,0x18,0x7,0x2f,0x59,0x2,0x0,0x0,
0x18,0xa,0xad,0x5a,0x2,0x0,0x0,0x7,
0x0,0x0,0x0,0x1,0x0,0x0,0x0,0xa,
0x0,0x0,0x0,0x18,0x6,0x2,0x0,0x0,
0x0,0x0,0x0,0x0,0x0,0x0,0x0,0x0,
0x44,0x0,0x0,0x0,0x3c,0x0,0x0,0x0,
0x5b,0x0,0x0,0x0,0x0,0x0,0x0,0x0,
0x38,0x0,0x0,0x0,0x0,0x0,0x0,0x0,
0x38,0x0,0x0,0x0,0x0,0x0,0x1,0x0,
0xff,0xff,0xff,0xff,0xb,0x0,0x0,0x0,
0xf3,0x1,0x50,0x1,0x0,0x0,0x0,0x0,
0x0,0x0,0x7,0x0,0x0,0x0,0x0,0x0,
0x0,0x0,0x0,0x0,0xf3,0x1,0x0,0x0,
0x1,0x0,0x0,0x0,0x2f,0x5b,0x2,0x0,
0x0,0x3d,0x5c,0x2,0x0,0x0,0x18,0x7,
0x12,0x3b,0x6c,0x7,0x50,0x13,0x12,0x3b,
0x18,0xa,0xb5,0x5d,0x2,0x0,0x0,0x1,
0x0,0x0,0x0,0xa,0x0,0x0,0x0,0x4c,
0x14,0x13,0xcd,0x1,0x0,0x0,0x18,0xa,
0xb5,0x5e,0x2,0x0,0x0,0x1,0x0,0x0,
0x0,0xa,0x0,0x0,0x0,0x18,0x6,0x2,
0x0,0x0,0x0,0x0,0x0,0x0,0x0,0x0,
0x44,0x0,0x0,0x0,0xd,0x0,0x0,0x0,
0x98,0x0,0x0,0x0,0x0,0x0,0x0,0x0,
0x38,0x0,0x0,0x0,0x0,0x0,0x0,0x0,
0x38,0x0,0x0,0x0,0x0,0x0,0x1,0x0,
0xff,0xff,0xff,0xff,0x7,0x0,0x0,0x0,
0xf6,0x1,0x50,0x1,0x0,0x0,0x0,0x0,
0x0,0x0,0x7,0x0,0x0,0x0,0x0,0x0,
0x0,0x0,0x0,0x0,0xf6,0x1,0x0,0x0,
0x1,0x0,0x0,0x0,0x2f,0x5f,0x2,0x0,
0x0,0x3d,0x60,0x2,0x0,0x0,0x18,0x6,
0x2,0x0,0x0,0x0,0x0,0x0,0x0,0x0,
0x44,0x0,0x0,0x0,0x23,0x0,0x0,0x0,
0x80,0x0,0x0,0x0,0x0,0x0,0x0,0x0,
0x38,0x0,0x0,0x0,0x0,0x0,0x0,0x0,
0x38,0x0,0x0,0x0,0x0,0x0,0x1,0x0,
0xff,0xff,0xff,0xff,0x9,0x0,0x0,0x0,
0xfd,0x1,0x10,0x1,0x0,0x0,0x0,0x0,
0x0,0x0,0x7,0x0,0x0,0x0,0x0,0x0,
0x0,0x0,0x0,0x0,0xfd,0x1,0x0,0x0,
0x1,0x0,0x0,0x0,0x2f,0x61,0x2,0x0,
0x0,0x3d,0x62,0x2,0x0,0x0,0x18,0x7,
0xc,0x6e,0x7,0x50,0xf,0x2f,0x63,0x2,
0x0,0x0,0x3d,0x64,0x2,0x0,0x0,0x18,
0x8,0x6,0x68,0x8,0x18,0x6,0x2,0x0,
0x0,0x0,0x0,0x0,0x0,0x0,0x0,0x0,
0x44,0x0,0x0,0x0,0x8,0x0,0x0,0x0,
0x94,0x0,0x0,0x0,0x0,0x0,0x0,0x0,
0x38,0x0,0x0,0x0,0x0,0x0,0x0,0x0,
0x38,0x0,0x0,0x0,0x0,0x0,0x1,0x0,
0xff,0xff,0xff,0xff,0x7,0x0,0x0,0x0,
0xfb,0x1,0x10,0x1,0x0,0x0,0x0,0x0,
0x0,0x0,0x7,0x0,0x0,0x0,0x0,0x0,
0x0,0x0,0x0,0x0,0xfb,0x1,0x0,0x0,
0x1,0x0,0x0,0x0,0x2f,0x65,0x2,0x0,
0x0,0x18,0x6,0x2,0x0,0x0,0x0,0x0,
0x44,0x0,0x0,0x0,0x2b,0x0,0x0,0x0,
0x5b,0x0,0x0,0x0,0x0,0x0,0x0,0x0,
0x38,0x0,0x0,0x0,0x0,0x0,0x0,0x0,
0x38,0x0,0x0,0x0,0x0,0x0,0x1,0x0,
0xff,0xff,0xff,0xff,0x8,0x0,0x0,0x0,
0x0,0x2,0x50,0x1,0x0,0x0,0x0,0x0,
0x0,0x0,0x7,0x0,0x0,0x0,0x0,0x0,
0x0,0x0,0x0,0x0,0x0,0x2,0x0,0x0,
0x1,0x0,0x0,0x0,0x2f,0x66,0x2,0x0,
0x0,0x3d,0x67,0x2,0x0,0x0,0x50,0x1a,
0x13,0xce,0x1,0x0,0x0,0x18,0x7,0x2f,
0x68,0x2,0x0,0x0,0x3d,0x69,0x2,0x0,
0x0,0x3d,0x6a,0x2,0x0,0x0,0x80,0x7,
0x4c,0x2,0x12,0x0,0x18,0x6,0x2,0x0,
0x0,0x0,0x0,0x0,0x0,0x0,0x0,0x0,
0x44,0x0,0x0,0x0,0xd,0x0,0x0,0x0,
0xcb,0x0,0x0,0x0,0x0,0x0,0x0,0x0,
0x38,0x0,0x0,0x0,0x0,0x0,0x0,0x0,
0x38,0x0,0x0,0x0,0x0,0x0,0x1,0x0,
0xff,0xff,0xff,0xff,0x7,0x0,0x0,0x0,
0xff,0x1,0x50,0x1,0x0,0x0,0x0,0x0,
0x0,0x0,0x7,0x0,0x0,0x0,0x0,0x0,
0x0,0x0,0x0,0x0,0xff,0x1,0x0,0x0,
0x1,0x0,0x0,0x0,0x2f,0x6b,0x2,0x0,
0x0,0x3d,0x6c,0x2,0x0,0x0,0x18,0x6,
0x2,0x0,0x0,0x0,0x0,0x0,0x0,0x0,
0x8c,0x0,0x0,0x0,0x99,0x0,0x0,0x0,
0x5b,0x0,0x0,0x0,0x0,0x0,0x0,0x0,
0x38,0x0,0x0,0x0,0x0,0x0,0x0,0x0,
0x38,0x0,0x0,0x0,0x0,0x0,0x7,0x0,
0xff,0xff,0xff,0xff,0xc,0x0,0x0,0x0,
0x7,0x2,0x50,0x1,0x0,0x0,0x0,0x0,
0x0,0x0,0x7,0x0,0x0,0x0,0x0,0x0,
0x0,0x0,0x0,0x0,0x7,0x2,0x0,0x0,
0x1,0x0,0x0,0x0,0xf,0x0,0x0,0x0,
0x8,0x2,0x0,0x0,0x1,0x0,0x0,0x0,
0x28,0x0,0x0,0x0,0x9,0x2,0x0,0x0,
0x1,0x0,0x0,0x0,0x56,0x0,0x0,0x0,
0xa,0x2,0x0,0x0,0x1,0x0,0x0,0x0,
0x67,0x0,0x0,0x0,0xb,0x2,0x0,0x0,
0x1,0x0,0x0,0x0,0x90,0x0,0x0,0x0,
0xa,0x2,0x0,0x0,0x1,0x0,0x0,0x0,
0x98,0x0,0x0,0x0,0xc,0x2,0x0,0x0,
0x1,0x0,0x0,0x0,0x2f,0x6d,0x2,0x0,
0x0,0x3d,0x6e,0x2,0x0,0x0,0x51,0x85,
0x0,0x0,0x0,0x2f,0x6f,0x2,0x0,0x0,
0x3d,0x70,0x2,0x0,0x0,0x18,0x7,0x12,
0x3b,0x6e,0x7,0x50,0x35,0x13,0xcf,0x1,
0x0,0x0,0x18,0xa,0xb5,0x71,0x2,0x0,
0x0,0x1,0x0,0x0,0x0,0xa,0x0,0x0,
0x0,0x18,0x8,0x2f,0x72,0x2,0x0,0x0,
0x3d,0x73,0x2,0x0,0x0,0x18,0xb,0xad,
0x74,0x2,0x0,0x0,0x8,0x0,0x0,0x0,
0x1,0x0,0x0,0x0,0xb,0x0,0x0,0x0,
0x4c,0x3c,0x2f,0x75,0x2,0x0,0x0,0x3d,
0x76,0x2,0x0,0x0,0x3d,0x77,0x2,0x0,
0x0,0x18,0x8,0x2f,0x78,0x2,0x0,0x0,
0x3d,0x79,0x2,0x0,0x0,0x3d,0x7a,0x2,
0x0,0x0,0x50,0x16,0x13,0xd0,0x1,0x0,
0x0,0x18,0xb,0xb5,0x7b,0x2,0x0,0x0,
0x1,0x0,0x0,0x0,0xb,0x0,0x0,0x0,
0x4c,0x2,0x12,0x0,0x80,0x8,0x4c,0x2,
0x12,0x0,0x18,0x6,0x2,0x0,0x0,0x0,
0x0,0x0,0x0,0x0,0x0,0x0,0x0,0x0,
0x50,0x0,0x0,0x0,0x32,0x0,0x0,0x0,
0x7c,0x0,0x0,0x0,0x0,0x0,0x0,0x0,
0x38,0x0,0x0,0x0,0x0,0x0,0x0,0x0,
0x38,0x0,0x0,0x0,0x0,0x0,0x2,0x0,
0xff,0xff,0xff,0xff,0x8,0x0,0x0,0x0,
0xd,0x2,0x50,0x1,0x0,0x0,0x0,0x0,
0x0,0x0,0x7,0x0,0x0,0x0,0x0,0x0,
0x0,0x0,0x0,0x0,0xd,0x2,0x0,0x0,
0x1,0x0,0x0,0x0,0x31,0x0,0x0,0x0,
0xe,0x2,0x0,0x0,0x1,0x0,0x0,0x0,
0x2f,0x7c,0x2,0x0,0x0,0x3d,0x7d,0x2,
0x0,0x0,0x50,0x1e,0x2f,0x7e,0x2,0x0,
0x0,0x3d,0x7f,0x2,0x0,0x0,0x3d,0x80,
0x2,0x0,0x0,0x18,0x7,0x13,0xd1,0x1,
0x0,0x0,0x6c,0x7,0x50,0x4,0x12,0xe,
0x4c,0x5,0x13,0xcd,0x0,0x0,0x0,0x18,
0x6,0x2,0x0,0x0,0x0,0x0,0x0,0x0,
0x44,0x0,0x0,0x0,0xd,0x0,0x0,0x0,
0xcb,0x0,0x0,0x0,0x0,0x0,0x0,0x0,
0x38,0x0,0x0,0x0,0x0,0x0,0x0,0x0,
0x38,0x0,0x0,0x0,0x0,0x0,0x1,0x0,
0xff,0xff,0xff,0xff,0x7,0x0,0x0,0x0,
0x6,0x2,0x50,0x1,0x0,0x0,0x0,0x0,
0x0,0x0,0x7,0x0,0x0,0x0,0x0,0x0,
0x0,0x0,0x0,0x0,0x6,0x2,0x0,0x0,
0x1,0x0,0x0,0x0,0x2f,0x81,0x2,0x0,
0x0,0x3d,0x82,0x2,0x0,0x0,0x18,0x6,
0x2,0x0,0x0,0x0,0x0,0x0,0x0,0x0,
0x44,0x0,0x0,0x0,0x12,0x0,0x0,0x0,
0x80,0x0,0x0,0x0,0x0,0x0,0x0,0x0,
0x38,0x0,0x0,0x0,0x0,0x0,0x0,0x0,
0x38,0x0,0x0,0x0,0x0,0x0,0x1,0x0,
0xff,0xff,0xff,0xff,0x8,0x0,0x0,0x0,
0x14,0x2,0x10,0x1,0x0,0x0,0x0,0x0,
0x0,0x0,0x7,0x0,0x0,0x0,0x0,0x0,
0x0,0x0,0x0,0x0,0x14,0x2,0x0,0x0,
0x1,0x0,0x0,0x0,0x2f,0x83,0x2,0x0,
0x0,0x3d,0x84,0x2,0x0,0x0,0x18,0x7,
0x6,0x6c,0x7,0x18,0x6,0x2,0x0,0x0,
0x0,0x0,0x0,0x0,0x0,0x0,0x0,0x0,
0x50,0x0,0x0,0x0,0x3f,0x0,0x0,0x0,
0x5b,0x0,0x0,0x0,0x0,0x0,0x0,0x0,
0x38,0x0,0x0,0x0,0x0,0x0,0x0,0x0,
0x38,0x0,0x0,0x0,0x0,0x0,0x2,0x0,
0xff,0xff,0xff,0xff,0xb,0x0,0x0,0x0,
0x15,0x2,0x10,0x1,0x0,0x0,0x0,0x0,
0x0,0x0,0x7,0x0,0x0,0x0,0x0,0x0,
0x0,0x0,0x0,0x0,0x15,0x2,0x0,0x0,
0x1,0x0,0x0,0x0,0x19,0x0,0x0,0x0,
0x16,0x2,0x0,0x0,0x1,0x0,0x0,0x0,
0x2f,0x85,0x2,0x0,0x0,0x3d,0x86,0x2,
0x0,0x0,0x18,0x7,0x12,0x0,0x6c,0x7,
0x50,0x16,0x13,0xd3,0x1,0x0,0x0,0x18,
0xa,0xb5,0x87,0x2,0x0,0x0,0x1,0x0,
0x0,0x0,0xa,0x0,0x0,0x0,0x4c,0x14,
0x13,0xd4,0x1,0x0,0x0,0x18,0xa,0xb5,
0x88,0x2,0x0,0x0,0x1,0x0,0x0,0x0,
0xa,0x0,0x0,0x0,0x18,0x6,0x2,0x0,
0x44,0x0,0x0,0x0,0x8,0x0,0x0,0x0,
0x94,0x0,0x0,0x0,0x0,0x0,0x0,0x0,
0x38,0x0,0x0,0x0,0x0,0x0,0x0,0x0,
0x38,0x0,0x0,0x0,0x0,0x0,0x1,0x0,
0xff,0xff,0xff,0xff,0x7,0x0,0x0,0x0,
0x13,0x2,0x10,0x1,0x0,0x0,0x0,0x0,
0x0,0x0,0x7,0x0,0x0,0x0,0x0,0x0,
0x0,0x0,0x0,0x0,0x13,0x2,0x0,0x0,
0x1,0x0,0x0,0x0,0x2f,0x89,0x2,0x0,
0x0,0x18,0x6,0x2,0x0,0x0,0x0,0x0,
0x44,0x0,0x0,0x0,0xd,0x0,0x0,0x0,
0x99,0x0,0x0,0x0,0x0,0x0,0x0,0x0,
0x38,0x0,0x0,0x0,0x0,0x0,0x0,0x0,
0x38,0x0,0x0,0x0,0x0,0x0,0x1,0x0,
0xff,0xff,0xff,0xff,0x7,0x0,0x0,0x0,
0x22,0x2,0x90,0x1,0x0,0x0,0x0,0x0,
0x0,0x0,0x7,0x0,0x0,0x0,0x0,0x0,
0x0,0x0,0x0,0x0,0x22,0x2,0x0,0x0,
0x1,0x0,0x0,0x0,0x2f,0x8a,0x2,0x0,
0x0,0x3d,0x8b,0x2,0x0,0x0,0x18,0x6,
0x2,0x0,0x0,0x0,0x0,0x0,0x0,0x0,
0x44,0x0,0x0,0x0,0xd,0x0,0x0,0x0,
0x7c,0x0,0x0,0x0,0x0,0x0,0x0,0x0,
0x38,0x0,0x0,0x0,0x0,0x0,0x0,0x0,
0x38,0x0,0x0,0x0,0x0,0x0,0x1,0x0,
0xff,0xff,0xff,0xff,0x7,0x0,0x0,0x0,
0x22,0x2,0x90,0x3,0x0,0x0,0x0,0x0,
0x0,0x0,0x7,0x0,0x0,0x0,0x0,0x0,
0x0,0x0,0x0,0x0,0x22,0x2,0x0,0x0,
0x1,0x0,0x0,0x0,0x2f,0x8c,0x2,0x0,
0x0,0x3d,0x8d,0x2,0x0,0x0,0x18,0x6,
0x2,0x0,0x0,0x0,0x0,0x0,0x0,0x0,
0x44,0x0,0x0,0x0,0x8,0x0,0x0,0x0,
0x72,0x0,0x0,0x0,0x0,0x0,0x0,0x0,
0x38,0x0,0x0,0x0,0x0,0x0,0x0,0x0,
0x38,0x0,0x0,0x0,0x0,0x0,0x1,0x0,
0xff,0xff,0xff,0xff,0x7,0x0,0x0,0x0,
0x24,0x2,0x10,0x1,0x0,0x0,0x0,0x0,
0x0,0x0,0x7,0x0,0x0,0x0,0x0,0x0,
0x0,0x0,0x0,0x0,0x24,0x2,0x0,0x0,
0x1,0x0,0x0,0x0,0x2f,0x8e,0x2,0x0,
0x0,0x18,0x6,0x2,0x0,0x0,0x0,0x0,
0x44,0x0,0x0,0x0,0x23,0x0,0x0,0x0,
0xd0,0x0,0x0,0x0,0x0,0x0,0x0,0x0,
0x38,0x0,0x0,0x0,0x0,0x0,0x0,0x0,
0x38,0x0,0x0,0x0,0x0,0x0,0x1,0x0,
0xff,0xff,0xff,0xff,0x7,0x0,0x0,0x0,
0x29,0x2,0x50,0x1,0x0,0x0,0x0,0x0,
0x0,0x0,0x7,0x0,0x0,0x0,0x0,0x0,
0x0,0x0,0x0,0x0,0x29,0x2,0x0,0x0,
0x1,0x0,0x0,0x0,0x2f,0x8f,0x2,0x0,
0x0,0x3d,0x90,0x2,0x0,0x0,0x50,0x11,
0x2f,0x91,0x2,0x0,0x0,0x3d,0x92,0x2,
0x0,0x0,0x3d,0x93,0x2,0x0,0x0,0x4c,
0x3,0xe8,0x0,0x0,0x18,0x6,0x2,0x0,
0x0,0x0,0x0,0x0,0x0,0x0,0x0,0x0,
0x44,0x0,0x0,0x0,0xd,0x0,0x0,0x0,
0x5b,0x0,0x0,0x0,0x0,0x0,0x0,0x0,
0x38,0x0,0x0,0x0,0x0,0x0,0x0,0x0,
0x38,0x0,0x0,0x0,0x0,0x0,0x1,0x0,
0xff,0xff,0xff,0xff,0x7,0x0,0x0,0x0,
0x2f,0x2,0xd0,0x1,0x0,0x0,0x0,0x0,
0x0,0x0,0x7,0x0,0x0,0x0,0x0,0x0,
0x0,0x0,0x0,0x0,0x2f,0x2,0x0,0x0,
0x1,0x0,0x0,0x0,0x2f,0x94,0x2,0x0,
0x0,0x3d,0x95,0x2,0x0,0x0,0x18,0x6,
0x2,0x0,0x0,0x0,0x0,0x0,0x0,0x0,
0x44,0x0,0x0,0x0,0x27,0x0,0x0,0x0,
0x7c,0x0,0x0,0x0,0x0,0x0,0x0,0x0,
0x38,0x0,0x0,0x0,0x0,0x0,0x0,0x0,
0x38,0x0,0x0,0x0,0x0,0x0,0x1,0x0,
0xff,0xff,0xff,0xff,0xb,0x0,0x0,0x0,
0x30,0x2,0xd0,0x1,0x0,0x0,0x0,0x0,
0x0,0x0,0x7,0x0,0x0,0x0,0x0,0x0,
0x0,0x0,0x0,0x0,0x30,0x2,0x0,0x0,
0x1,0x0,0x0,0x0,0x2f,0x96,0x2,0x0,
0x0,0x18,0x7,0x2f,0x97,0x2,0x0,0x0,
0x3d,0x98,0x2,0x0,0x0,0x18,0xa,0xad,
0x99,0x2,0x0,0x0,0x7,0x0,0x0,0x0,
0x1,0x0,0x0,0x0,0xa,0x0,0x0,0x0,
0x18,0x6,0x2,0x0,0x0,0x0,0x0,0x0,
0x44,0x0,0x0,0x0,0xd,0x0,0x0,0x0,
0x86,0x0,0x0,0x0,0x0,0x0,0x0,0x0,
0x38,0x0,0x0,0x0,0x0,0x0,0x0,0x0,
0x38,0x0,0x0,0x0,0x0,0x0,0x1,0x0,
0xff,0xff,0xff,0xff,0x7,0x0,0x0,0x0,
0x32,0x2,0xd0,0x1,0x0,0x0,0x0,0x0,
0x0,0x0,0x7,0x0,0x0,0x0,0x0,0x0,
0x0,0x0,0x0,0x0,0x32,0x2,0x0,0x0,
0x1,0x0,0x0,0x0,0x2f,0x9a,0x2,0x0,
0x0,0x3d,0x9b,0x2,0x0,0x0,0x18,0x6,
0x2,0x0,0x0,0x0,0x0,0x0,0x0,0x0,
0x44,0x0,0x0,0x0,0x1b,0x0,0x0,0x0,
0xd4,0x0,0x0,0x0,0x0,0x0,0x0,0x0,
0x38,0x0,0x0,0x0,0x0,0x0,0x0,0x0,
0x38,0x0,0x0,0x0,0x0,0x0,0x1,0x0,
0xff,0xff,0xff,0xff,0x8,0x0,0x0,0x0,
0x33,0x2,0xd0,0x1,0x0,0x0,0x0,0x0,
0x0,0x0,0x7,0x0,0x0,0x0,0x0,0x0,
0x0,0x0,0x0,0x0,0x33,0x2,0x0,0x0,
0x1,0x0,0x0,0x0,0x2f,0x9c,0x2,0x0,
0x0,0x3d,0x9d,0x2,0x0,0x0,0x18,0x7,
0x2f,0x9e,0x2,0x0,0x0,0x3d,0x9f,0x2,
0x0,0x0,0x6c,0x7,0x18,0x6,0x2,0x0,
0x0,0x0,0x0,0x0,0x0,0x0,0x0,0x0,
0x44,0x0,0x0,0x0,0xd,0x0,0x0,0x0,
0x8b,0x0,0x0,0x0,0x0,0x0,0x0,0x0,
0x38,0x0,0x0,0x0,0x0,0x0,0x0,0x0,
0x38,0x0,0x0,0x0,0x0,0x0,0x1,0x0,
0xff,0xff,0xff,0xff,0x7,0x0,0x0,0x0,
0x38,0x2,0x10,0x2,0x0,0x0,0x0,0x0,
0x0,0x0,0x7,0x0,0x0,0x0,0x0,0x0,
0x0,0x0,0x0,0x0,0x38,0x2,0x0,0x0,
0x1,0x0,0x0,0x0,0x2f,0xa0,0x2,0x0,
0x0,0x3d,0xa1,0x2,0x0,0x0,0x18,0x6,
0x2,0x0,0x0,0x0,0x0,0x0,0x0,0x0,
0x80,0x0,0x0,0x0,0x4c,0x0,0x0,0x0,
0x8d,0x0,0x0,0x0,0x0,0x0,0x0,0x0,
0x38,0x0,0x0,0x0,0x0,0x0,0x0,0x0,
0x38,0x0,0x0,0x0,0x0,0x0,0x6,0x0,
0xff,0xff,0xff,0xff,0x9,0x0,0x0,0x0,
0x39,0x2,0x10,0x2,0x0,0x0,0x0,0x0,
0x0,0x0,0x7,0x0,0x0,0x0,0x0,0x0,
0x0,0x0,0x0,0x0,0x39,0x2,0x0,0x0,
0x0,0x0,0x0,0x0,0x1,0x0,0x0,0x0,
0x39,0x2,0x0,0x0,0x1,0x0,0x0,0x0,
0x8,0x0,0x0,0x0,0x3a,0x2,0x0,0x0,
0x1,0x0,0x0,0x0,0x2b,0x0,0x0,0x0,
0x3b,0x2,0x0,0x0,0x1,0x0,0x0,0x0,
0x3a,0x0,0x0,0x0,0x39,0x2,0x0,0x0,
0x1,0x0,0x0,0x0,0x48,0x0,0x0,0x0,
0x3b,0x2,0x0,0x0,0x1,0x0,0x0,0x0,
0xca,0x2f,0xa2,0x2,0x0,0x0,0x18,0x7,
0x2f,0xa3,0x2,0x0,0x0,0x3d,0xa4,0x2,
0x0,0x0,0x18,0x8,0x2f,0xa5,0x2,0x0,
0x0,0x3d,0xa6,0x2,0x0,0x0,0x3d,0xa7,
0x2,0x0,0x0,0x6c,0x8,0x50,0x4,0x12,
0x3b,0x4c,0xf,0x2f,0xa8,0x2,0x0,0x0,
0x3d,0xa9,0x2,0x0,0x0,0x3d,0xaa,0x2,
0x0,0x0,0x18,0x8,0x43,0xab,0x2,0x0,
0x0,0x7,0x0,0x0,0x0,0x1a,0x8,0x6,
0xd4,0x16,0x6,0x2,0x0,0x0,0x0,0x0,
0x44,0x0,0x0,0x0,0x8,0x0,0x0,0x0,
0x72,0x0,0x0,0x0,0x0,0x0,0x0,0x0,
0x38,0x0,0x0,0x0,0x0,0x0,0x0,0x0,
0x38,0x0,0x0,0x0,0x0,0x0,0x1,0x0,
0xff,0xff,0xff,0xff,0x7,0x0,0x0,0x0,
0x36,0x2,0x10,0x2,0x0,0x0,0x0,0x0,
0x0,0x0,0x7,0x0,0x0,0x0,0x0,0x0,
0x0,0x0,0x0,0x0,0x36,0x2,0x0,0x0,
0x1,0x0,0x0,0x0,0x2f,0xac,0x2,0x0,
0x0,0x18,0x6,0x2,0x0,0x0,0x0,0x0,
0xa4,0x0,0x0,0x0,0x93,0x0,0x0,0x0,
0x5b,0x0,0x0,0x0,0x0,0x0,0x0,0x0,
0x38,0x0,0x0,0x0,0x0,0x0,0x0,0x0,
0x38,0x0,0x0,0x0,0x0,0x0,0x9,0x0,
0xff,0xff,0xff,0xff,0xd,0x0,0x0,0x0,
0x3f,0x2,0xd0,0x1,0x0,0x0,0x0,0x0,
0x0,0x0,0x7,0x0,0x0,0x0,0x0,0x0,
0x0,0x0,0x0,0x0,0x3f,0x2,0x0,0x0,
0x1,0x0,0x0,0x0,0x4,0x0,0x0,0x0,
0x40,0x2,0x0,0x0,0x2,0x0,0x0,0x0,
0x11,0x0,0x0,0x0,0x40,0x2,0x0,0x0,
0x3,0x0,0x0,0x0,0x14,0x0,0x0,0x0,
0x41,0x2,0x0,0x0,0x4,0x0,0x0,0x0,
0x33,0x0,0x0,0x0,0x42,0x2,0x0,0x0,
0x5,0x0,0x0,0x0,0x52,0x0,0x0,0x0,
0x43,0x2,0x0,0x0,0x6,0x0,0x0,0x0,
0x80,0x0,0x0,0x0,0x44,0x2,0x0,0x0,
0x6,0x0,0x0,0x0,0x8d,0x0,0x0,0x0,
0x43,0x2,0x0,0x0,0x6,0x0,0x0,0x0,
0x90,0x0,0x0,0x0,0x45,0x2,0x0,0x0,
0x6,0x0,0x0,0x0,0x1,0x2,0x7,0x2,
0x2f,0xad,0x2,0x0,0x0,0x3d,0xae,0x2,
0x0,0x0,0x74,0x50,0x3,0x12,0x0,0x2,
0x2f,0xaf,0x2,0x0,0x0,0x3d,0xb0,0x2,
0x0,0x0,0x3d,0xb1,0x2,0x0,0x0,0x18,
0x9,0x2f,0xb2,0x2,0x0,0x0,0x3d,0xb3,
0x2,0x0,0x0,0x34,0x9,0x18,0x7,0x2f,
0xb4,0x2,0x0,0x0,0x3d,0xb5,0x2,0x0,
0x0,0x3d,0xb6,0x2,0x0,0x0,0x18,0x9,
0x2f,0xb7,0x2,0x0,0x0,0x3d,0xb8,0x2,
0x0,0x0,0x34,0x9,0x18,0x8,0x1a,0x7,
0x9,0x6,0x66,0x9,0x50,0x1f,0x14,0x32,
0xc,0xad,0xb9,0x2,0x0,0x0,0x7,0x0,
0x0,0x0,0x1,0x0,0x0,0x0,0xc,0x0,
0x0,0x0,0x18,0xa,0x13,0xd5,0x1,0x0,
0x0,0x80,0xa,0x4c,0x5,0x13,0xd6,0x1,
0x0,0x0,0x18,0x9,0x16,0x8,0x50,0x4,
0x12,0x0,0x4c,0x5,0x13,0xd7,0x1,0x0,
0x0,0x80,0x9,0x2,0x16,0x6,0x2,0x0,
0x0,0x0,0x0,0x0,0x0,0x0,0x0,0x0,
0x44,0x0,0x0,0x0,0xd,0x0,0x0,0x0,
0x7c,0x0,0x0,0x0,0x0,0x0,0x0,0x0,
0x38,0x0,0x0,0x0,0x0,0x0,0x0,0x0,
0x38,0x0,0x0,0x0,0x0,0x0,0x1,0x0,
0xff,0xff,0xff,0xff,0x7,0x0,0x0,0x0,
0x46,0x2,0xd0,0x1,0x0,0x0,0x0,0x0,
0x0,0x0,0x7,0x0,0x0,0x0,0x0,0x0,
0x0,0x0,0x0,0x0,0x46,0x2,0x0,0x0,
0x1,0x0,0x0,0x0,0x2f,0xba,0x2,0x0,
0x0,0x3d,0xbb,0x2,0x0,0x0,0x18,0x6,
0x2,0x0,0x0,0x0,0x0,0x0,0x0,0x0,
0xa4,0x0,0x0,0x0,0xd4,0x0,0x0,0x0,
0x5b,0x0,0x0,0x0,0x0,0x0,0x0,0x0,
0x38,0x0,0x0,0x0,0x0,0x0,0x0,0x0,
0x38,0x0,0x0,0x0,0x0,0x0,0x9,0x0,
0xff,0xff,0xff,0xff,0x10,0x0,0x0,0x0,
0x4d,0x2,0x50,0x1,0x0,0x0,0x0,0x0,
0x0,0x0,0x7,0x0,0x0,0x0,0x0,0x0,
0x0,0x0,0x0,0x0,0x4d,0x2,0x0,0x0,
0x1,0x0,0x0,0x0,0x4,0x0,0x0,0x0,
0x4e,0x2,0x0,0x0,0x2,0x0,0x0,0x0,
0x22,0x0,0x0,0x0,0x4e,0x2,0x0,0x0,
0x3,0x0,0x0,0x0,0x25,0x0,0x0,0x0,
0x4f,0x2,0x0,0x0,0x4,0x0,0x0,0x0,
0x44,0x0,0x0,0x0,0x50,0x2,0x0,0x0,
0x5,0x0,0x0,0x0,0x55,0x0,0x0,0x0,
0x50,0x2,0x0,0x0,0x6,0x0,0x0,0x0,
0x58,0x0,0x0,0x0,0x51,0x2,0x0,0x0,
0x7,0x0,0x0,0x0,0x70,0x0,0x0,0x0,
0x52,0x2,0x0,0x0,0x7,0x0,0x0,0x0,
0xd1,0x0,0x0,0x0,0x53,0x2,0x0,0x0,
0x7,0x0,0x0,0x0,0x1,0x2,0x7,0x1,
0x2f,0xbc,0x2,0x0,0x0,0x3d,0xbd,0x2,
0x0,0x0,0x74,0x4e,0x11,0x2f,0xbe,0x2,
0x0,0x0,0x3d,0xbf,0x2,0x0,0x0,0x18,
0x8,0x6,0x68,0x8,0x50,0x3,0x12,0x0,
0x2,0x2f,0xc0,0x2,0x0,0x0,0x3d,0xc1,
0x2,0x0,0x0,0x3d,0xc2,0x2,0x0,0x0,
0x18,0x8,0x2f,0xc3,0x2,0x0,0x0,0x3d,
0xc4,0x2,0x0,0x0,0x34,0x8,0x18,0x7,
0x74,0x4e,0xe,0x16,0x7,0x3d,0xc5,0x2,
0x0,0x0,0x18,0x8,0x6,0x68,0x8,0x50,
0x3,0x12,0x0,0x2,0x13,0xd8,0x1,0x0,
0x0,0x18,0xa,0xb5,0xc6,0x2,0x0,0x0,
0x1,0x0,0x0,0x0,0xa,0x0,0x0,0x0,
0x18,0x8,0x16,0x7,0x3d,0xc7,0x2,0x0,
0x0,0x18,0xc,0x14,0x33,0xf,0xad,0xc8,
0x2,0x0,0x0,0xc,0x0,0x0,0x0,0x1,
0x0,0x0,0x0,0xf,0x0,0x0,0x0,0x18,
0xb,0xad,0xc9,0x2,0x0,0x0,0x8,0x0,
0x0,0x0,0x1,0x0,0x0,0x0,0xb,0x0,
0x0,0x0,0x18,0x8,0x16,0x7,0x3d,0xca,
0x2,0x0,0x0,0x18,0xc,0x14,0x33,0xf,
0xad,0xcb,0x2,0x0,0x0,0xc,0x0,0x0,
0x0,0x1,0x0,0x0,0x0,0xf,0x0,0x0,
0x0,0x18,0xb,0xad,0xcc,0x2,0x0,0x0,
0x8,0x0,0x0,0x0,0x1,0x0,0x0,0x0,
0xb,0x0,0x0,0x0,0x2,0x16,0x6,0x2,
0x0,0x0,0x0,0x0,0x0,0x0,0x0,0x0,
0x44,0x0,0x0,0x0,0xd,0x0,0x0,0x0,
0x7c,0x0,0x0,0x0,0x0,0x0,0x0,0x0,
0x38,0x0,0x0,0x0,0x0,0x0,0x0,0x0,
0x38,0x0,0x0,0x0,0x0,0x0,0x1,0x0,
0xff,0xff,0xff,0xff,0x7,0x0,0x0,0x0,
0x54,0x2,0x50,0x1,0x0,0x0,0x0,0x0,
0x0,0x0,0x7,0x0,0x0,0x0,0x0,0x0,
0x0,0x0,0x0,0x0,0x54,0x2,0x0,0x0,
0x1,0x0,0x0,0x0,0x2f,0xcd,0x2,0x0,
0x0,0x3d,0xce,0x2,0x0,0x0,0x18,0x6,
0x2,0x0,0x0,0x0,0x0,0x0,0x0,0x0,
0x44,0x0,0x0,0x0,0x12,0x0,0x0,0x0,
0x80,0x0,0x0,0x0,0x0,0x0,0x0,0x0,
0x38,0x0,0x0,0x0,0x0,0x0,0x0,0x0,
0x38,0x0,0x0,0x0,0x0,0x0,0x1,0x0,
0xff,0xff,0xff,0xff,0x8,0x0,0x0,0x0,
0x59,0x2,0x50,0x1,0x0,0x0,0x0,0x0,
0x0,0x0,0x7,0x0,0x0,0x0,0x0,0x0,
0x0,0x0,0x0,0x0,0x59,0x2,0x0,0x0,
0x1,0x0,0x0,0x0,0x2f,0xcf,0x2,0x0,
0x0,0x3d,0xd0,0x2,0x0,0x0,0x18,0x7,
0xc,0x6e,0x7,0x18,0x6,0x2,0x0,0x0,
0x0,0x0,0x0,0x0,0x0,0x0,0x0,0x0,
0x44,0x0,0x0,0x0,0x35,0x0,0x0,0x0,
0x5b,0x0,0x0,0x0,0x0,0x0,0x0,0x0,
0x38,0x0,0x0,0x0,0x0,0x0,0x0,0x0,
0x38,0x0,0x0,0x0,0x0,0x0,0x1,0x0,
0xff,0xff,0xff,0xff,0x8,0x0,0x0,0x0,
0x5e,0x2,0xd0,0x1,0x0,0x0,0x0,0x0,
0x0,0x0,0x7,0x0,0x0,0x0,0x0,0x0,
0x0,0x0,0x0,0x0,0x5e,0x2,0x0,0x0,
0x1,0x0,0x0,0x0,0x2f,0xd1,0x2,0x0,
0x0,0x3d,0xd2,0x2,0x0,0x0,0x50,0x21,
0x2f,0xd3,0x2,0x0,0x0,0x3d,0xd4,0x2,
0x0,0x0,0x3d,0xd5,0x2,0x0,0x0,0x18,
0x7,0x2f,0xd6,0x2,0x0,0x0,0x64,0x7,
0x50,0x7,0x13,0x60,0x1,0x0,0x0,0x4c,
0x5,0x13,0xd9,0x1,0x0,0x0,0x18,0x6,
0x2,0x0,0x0,0x0,0x0,0x0,0x0,0x0,
0x50,0x0,0x0,0x0,0x3f,0x0,0x0,0x0,
0x7c,0x0,0x0,0x0,0x0,0x0,0x0,0x0,
0x38,0x0,0x0,0x0,0x0,0x0,0x0,0x0,
0x38,0x0,0x0,0x0,0x0,0x0,0x2,0x0,
0xff,0xff,0xff,0xff,0x8,0x0,0x0,0x0,
0x5f,0x2,0xd0,0x1,0x0,0x0,0x0,0x0,
0x0,0x0,0x7,0x0,0x0,0x0,0x0,0x0,
0x0,0x0,0x0,0x0,0x5f,0x2,0x0,0x0,
0x1,0x0,0x0,0x0,0x26,0x0,0x0,0x0,
0x60,0x2,0x0,0x0,0x1,0x0,0x0,0x0,
0x2f,0xd7,0x2,0x0,0x0,0x3d,0xd8,0x2,
0x0,0x0,0x50,0x26,0x2f,0xd9,0x2,0x0,
0x0,0x3d,0xda,0x2,0x0,0x0,0x3d,0xdb,
0x2,0x0,0x0,0x18,0x7,0x2f,0xdc,0x2,
0x0,0x0,0x64,0x7,0x50,0xc,0x2f,0xdd,
0x2,0x0,0x0,0x3d,0xde,0x2,0x0,0x0,
0x4c,0xa,0x2f,0xdf,0x2,0x0,0x0,0x3d,
0xe0,0x2,0x0,0x0,0x18,0x6,0x2,0x0,
0x44,0x0,0x0,0x0,0xd,0x0,0x0,0x0,
0x8b,0x0,0x0,0x0,0x0,0x0,0x0,0x0,
0x38,0x0,0x0,0x0,0x0,0x0,0x0,0x0,
0x38,0x0,0x0,0x0,0x0,0x0,0x1,0x0,
0xff,0xff,0xff,0xff,0x7,0x0,0x0,0x0,
0x64,0x2,0x10,0x2,0x0,0x0,0x0,0x0,
0x0,0x0,0x7,0x0,0x0,0x0,0x0,0x0,
0x0,0x0,0x0,0x0,0x64,0x2,0x0,0x0,
0x1,0x0,0x0,0x0,0x2f,0xe1,0x2,0x0,
0x0,0x3d,0xe2,0x2,0x0,0x0,0x18,0x6,
0x2,0x0,0x0,0x0,0x0,0x0,0x0,0x0,
0x8c,0x0,0x0,0x0,0x5f,0x0,0x0,0x0,
0x8d,0x0,0x0,0x0,0x0,0x0,0x0,0x0,
0x38,0x0,0x0,0x0,0x0,0x0,0x0,0x0,
0x38,0x0,0x0,0x0,0x0,0x0,0x7,0x0,
0xff,0xff,0xff,0xff,0xe,0x0,0x0,0x0,
0x65,0x2,0x10,0x2,0x0,0x0,0x0,0x0,
0x0,0x0,0x7,0x0,0x0,0x0,0x0,0x0,
0x0,0x0,0x0,0x0,0x65,0x2,0x0,0x0,
0x0,0x0,0x0,0x0,0x1,0x0,0x0,0x0,
0x65,0x2,0x0,0x0,0x1,0x0,0x0,0x0,
0x5,0x0,0x0,0x0,0x66,0x2,0x0,0x0,
0x2,0x0,0x0,0x0,0x17,0x0,0x0,0x0,
0x67,0x2,0x0,0x0,0x3,0x0,0x0,0x0,
0x2a,0x0,0x0,0x0,0x68,0x2,0x0,0x0,
0x3,0x0,0x0,0x0,0x48,0x0,0x0,0x0,
0x67,0x2,0x0,0x0,0x3,0x0,0x0,0x0,
0x5b,0x0,0x0,0x0,0x69,0x2,0x0,0x0,
0x3,0x0,0x0,0x0,0xca,0x1,0x2,0x7,
0x1,0x2f,0xe3,0x2,0x0,0x0,0x3d,0xe4,
0x2,0x0,0x0,0x18,0x8,0x10,0x1,0x80,
0x8,0x18,0x7,0x2f,0xe5,0x2,0x0,0x0,
0x18,0x8,0x2f,0xe6,0x2,0x0,0x0,0x3d,
0xe7,0x2,0x0,0x0,0x18,0xb,0x2f,0xe8,
0x2,0x0,0x0,0x3d,0xe9,0x2,0x0,0x0,
0x3d,0xea,0x2,0x0,0x0,0x18,0xd,0x16,
0x7,0x6c,0xd,0x50,0x3,0x6,0x4c,0x2,
0x16,0x7,0x18,0xc,0xad,0xeb,0x2,0x0,
0x0,0x8,0x0,0x0,0x0,0x2,0x0,0x0,
0x0,0xb,0x0,0x0,0x0,0x18,0x6,0xd4,
0x16,0x6,0x2,0x0,0x0,0x0,0x0,0x0,
0x44,0x0,0x0,0x0,0x8,0x0,0x0,0x0,
0x72,0x0,0x0,0x0,0x0,0x0,0x0,0x0,
0x38,0x0,0x0,0x0,0x0,0x0,0x0,0x0,
0x38,0x0,0x0,0x0,0x0,0x0,0x1,0x0,
0xff,0xff,0xff,0xff,0x7,0x0,0x0,0x0,
0x63,0x2,0x10,0x2,0x0,0x0,0x0,0x0,
0x0,0x0,0x7,0x0,0x0,0x0,0x0,0x0,
0x0,0x0,0x0,0x0,0x63,0x2,0x0,0x0,
0x1,0x0,0x0,0x0,0x2f,0xec,0x2,0x0,
0x0,0x18,0x6,0x2,0x0,0x0,0x0,0x0,
0x44,0x0,0x0,0x0,0x12,0x0,0x0,0x0,
0x80,0x0,0x0,0x0,0x0,0x0,0x0,0x0,
0x38,0x0,0x0,0x0,0x0,0x0,0x0,0x0,
0x38,0x0,0x0,0x0,0x0,0x0,0x1,0x0,
0xff,0xff,0xff,0xff,0x8,0x0,0x0,0x0,
0x6f,0x2,0x50,0x1,0x0,0x0,0x0,0x0,
0x0,0x0,0x7,0x0,0x0,0x0,0x0,0x0,
0x0,0x0,0x0,0x0,0x6f,0x2,0x0,0x0,
0x1,0x0,0x0,0x0,0x2f,0xed,0x2,0x0,
0x0,0x3d,0xee,0x2,0x0,0x0,0x18,0x7,
0xc,0x6e,0x7,0x18,0x6,0x2,0x0,0x0,
0x0,0x0,0x0,0x0,0x0,0x0,0x0,0x0,
0x50,0x0,0x0,0x0,0x36,0x0,0x0,0x0,
0x7c,0x0,0x0,0x0,0x0,0x0,0x0,0x0,
0x38,0x0,0x0,0x0,0x0,0x0,0x0,0x0,
0x38,0x0,0x0,0x0,0x0,0x0,0x2,0x0,
0xff,0xff,0xff,0xff,0x7,0x0,0x0,0x0,
0x71,0x2,0x50,0x1,0x0,0x0,0x0,0x0,
0x0,0x0,0x7,0x0,0x0,0x0,0x0,0x0,
0x0,0x0,0x0,0x0,0x71,0x2,0x0,0x0,
0x1,0x0,0x0,0x0,0x1d,0x0,0x0,0x0,
0x72,0x2,0x0,0x0,0x1,0x0,0x0,0x0,
0x2f,0xef,0x2,0x0,0x0,0x3d,0xf0,0x2,
0x0,0x0,0x50,0x1d,0x2f,0xf1,0x2,0x0,
0x0,0x3d,0xf2,0x2,0x0,0x0,0x3d,0xf3,
0x2,0x0,0x0,0x50,0xc,0x2f,0xf4,0x2,
0x0,0x0,0x3d,0xf5,0x2,0x0,0x0,0x4c,
0xa,0x2f,0xf6,0x2,0x0,0x0,0x3d,0xf7,
0x2,0x0,0x0,0x18,0x6,0x2,0x0,0x0,
0x44,0x0,0x0,0x0,0x1e,0x0,0x0,0x0,
0xd4,0x0,0x0,0x0,0x0,0x0,0x0,0x0,
0x38,0x0,0x0,0x0,0x0,0x0,0x0,0x0,
0x38,0x0,0x0,0x0,0x0,0x0,0x1,0x0,
0xff,0xff,0xff,0xff,0x7,0x0,0x0,0x0,
0x74,0x2,0x50,0x1,0x0,0x0,0x0,0x0,
0x0,0x0,0x7,0x0,0x0,0x0,0x0,0x0,
0x0,0x0,0x0,0x0,0x74,0x2,0x0,0x0,
0x1,0x0,0x0,0x0,0x2f,0xf8,0x2,0x0,
0x0,0x3d,0xf9,0x2,0x0,0x0,0x50,0xf,
0x2f,0xfa,0x2,0x0,0x0,0x3d,0xfb,0x2,
0x0,0x0,0x3d,0xfc,0x2,0x0,0x0,0x18,
0x6,0x2,0x0,0x0,0x0,0x0,0x0,0x0,
0x44,0x0,0x0,0x0,0xd,0x0,0x0,0x0,
0x8b,0x0,0x0,0x0,0x0,0x0,0x0,0x0,
0x38,0x0,0x0,0x0,0x0,0x0,0x0,0x0,
0x38,0x0,0x0,0x0,0x0,0x0,0x1,0x0,
0xff,0xff,0xff,0xff,0x7,0x0,0x0,0x0,
0x77,0x2,0x90,0x1,0x0,0x0,0x0,0x0,
0x0,0x0,0x7,0x0,0x0,0x0,0x0,0x0,
0x0,0x0,0x0,0x0,0x77,0x2,0x0,0x0,
0x1,0x0,0x0,0x0,0x2f,0xfd,0x2,0x0,
0x0,0x3d,0xfe,0x2,0x0,0x0,0x18,0x6,
0x2,0x0,0x0,0x0,0x0,0x0,0x0,0x0,
0x74,0x0,0x0,0x0,0x49,0x0,0x0,0x0,
0x8d,0x0,0x0,0x0,0x0,0x0,0x0,0x0,
0x38,0x0,0x0,0x0,0x0,0x0,0x0,0x0,
0x38,0x0,0x0,0x0,0x0,0x0,0x5,0x0,
0xff,0xff,0xff,0xff,0xc,0x0,0x0,0x0,
0x78,0x2,0x90,0x1,0x0,0x0,0x0,0x0,
0x0,0x0,0x7,0x0,0x0,0x0,0x0,0x0,
0x0,0x0,0x0,0x0,0x78,0x2,0x0,0x0,
0x0,0x0,0x0,0x0,0x1,0x0,0x0,0x0,
0x78,0x2,0x0,0x0,0x1,0x0,0x0,0x0,
0x14,0x0,0x0,0x0,0x79,0x2,0x0,0x0,
0x1,0x0,0x0,0x0,0x32,0x0,0x0,0x0,
0x78,0x2,0x0,0x0,0x1,0x0,0x0,0x0,
0x45,0x0,0x0,0x0,0x79,0x2,0x0,0x0,
0x1,0x0,0x0,0x0,0xca,0x2f,0xff,0x2,
0x0,0x0,0x18,0x7,0x2f,0x0,0x3,0x0,
0x0,0x3d,0x1,0x3,0x0,0x0,0x18,0xa,
0x2f,0x2,0x3,0x0,0x0,0x3d,0x3,0x3,
0x0,0x0,0x50,0xf,0x2f,0x4,0x3,0x0,
0x0,0x3d,0x5,0x3,0x0,0x0,0x3d,0x6,
0x3,0x0,0x0,0x74,0x18,0xb,0xad,0x7,
0x3,0x0,0x0,0x7,0x0,0x0,0x0,0x2,
0x0,0x0,0x0,0xa,0x0,0x0,0x0,0x18,
0x6,0xd4,0x16,0x6,0x2,0x0,0x0,0x0,
0x0,0x0,0x0,0x0,0x0,0x0,0x0,0x0,
0x44,0x0,0x0,0x0,0x8,0x0,0x0,0x0,
0x72,0x0,0x0,0x0,0x0,0x0,0x0,0x0,
0x38,0x0,0x0,0x0,0x0,0x0,0x0,0x0,
0x38,0x0,0x0,0x0,0x0,0x0,0x1,0x0,
0xff,0xff,0xff,0xff,0x7,0x0,0x0,0x0,
0x76,0x2,0x90,0x1,0x0,0x0,0x0,0x0,
0x0,0x0,0x7,0x0,0x0,0x0,0x0,0x0,
0x0,0x0,0x0,0x0,0x76,0x2,0x0,0x0,
0x1,0x0,0x0,0x0,0x2f,0x8,0x3,0x0,
0x0,0x18,0x6,0x2,0x0,0x0,0x0,0x0,
0x44,0x0,0x0,0x0,0x12,0x0,0x0,0x0,
0x80,0x0,0x0,0x0,0x0,0x0,0x0,0x0,
0x38,0x0,0x0,0x0,0x0,0x0,0x0,0x0,
0x38,0x0,0x0,0x0,0x0,0x0,0x1,0x0,
0xff,0xff,0xff,0xff,0x8,0x0,0x0,0x0,
0x7f,0x2,0x50,0x1,0x0,0x0,0x0,0x0,
0x0,0x0,0x7,0x0,0x0,0x0,0x0,0x0,
0x0,0x0,0x0,0x0,0x7f,0x2,0x0,0x0,
0x1,0x0,0x0,0x0,0x2f,0x9,0x3,0x0,
0x0,0x3d,0xa,0x3,0x0,0x0,0x18,0x7,
0xc,0x6e,0x7,0x18,0x6,0x2,0x0,0x0,
0x0,0x0,0x0,0x0,0x0,0x0,0x0,0x0,
0x44,0x0,0x0,0x0,0x22,0x0,0x0,0x0,
0x5b,0x0,0x0,0x0,0x0,0x0,0x0,0x0,
0x38,0x0,0x0,0x0,0x0,0x0,0x0,0x0,
0x38,0x0,0x0,0x0,0x0,0x0,0x1,0x0,
0xff,0xff,0xff,0xff,0x7,0x0,0x0,0x0,
0x80,0x2,0x50,0x1,0x0,0x0,0x0,0x0,
0x0,0x0,0x7,0x0,0x0,0x0,0x0,0x0,
0x0,0x0,0x0,0x0,0x80,0x2,0x0,0x0,
0x1,0x0,0x0,0x0,0x2f,0xb,0x3,0x0,
0x0,0x3d,0xc,0x3,0x0,0x0,0x50,0x11,
0x2f,0xd,0x3,0x0,0x0,0x3d,0xe,0x3,
0x0,0x0,0x3d,0xf,0x3,0x0,0x0,0x4c,
0x2,0x12,0x0,0x18,0x6,0x2,0x0,0x0,
0x0,0x0,0x0,0x0,0x0,0x0,0x0,0x0,
0x44,0x0,0x0,0x0,0xd,0x0,0x0,0x0,
0x7c,0x0,0x0,0x0,0x0,0x0,0x0,0x0,
0x38,0x0,0x0,0x0,0x0,0x0,0x0,0x0,
0x38,0x0,0x0,0x0,0x0,0x0,0x1,0x0,
0xff,0xff,0xff,0xff,0x7,0x0,0x0,0x0,
0x83,0x2,0x50,0x1,0x0,0x0,0x0,0x0,
0x0,0x0,0x7,0x0,0x0,0x0,0x0,0x0,
0x0,0x0,0x0,0x0,0x83,0x2,0x0,0x0,
0x1,0x0,0x0,0x0,0x2f,0x10,0x3,0x0,
0x0,0x3d,0x11,0x3,0x0,0x0,0x18,0x6,
0x2,0x0,0x0,0x0,0x0,0x0,0x0,0x0,
0x68,0x0,0x0,0x0,0x28,0x0,0x0,0x0,
0xdc,0x0,0x0,0x0,0x0,0x0,0x0,0x0,
0x38,0x0,0x0,0x0,0x0,0x0,0x0,0x0,
0x38,0x0,0x0,0x0,0x0,0x0,0x4,0x0,
0xff,0xff,0xff,0xff,0x9,0x0,0x0,0x0,
0x8e,0x2,0x50,0x1,0x0,0x0,0x0,0x0,
0x0,0x0,0x7,0x0,0x0,0x0,0x0,0x0,
0x0,0x0,0x0,0x0,0x8f,0x2,0x0,0x0,
0x1,0x0,0x0,0x0,0xc,0x0,0x0,0x0,
0x90,0x2,0x0,0x0,0x4,0x0,0x0,0x0,
0x19,0x0,0x0,0x0,0x91,0x2,0x0,0x0,
0x6,0x0,0x0,0x0,0x26,0x0,0x0,0x0,
0x93,0x2,0x0,0x0,0x6,0x0,0x0,0x0,
0x2f,0x12,0x3,0x0,0x0,0x3d,0x13,0x3,
0x0,0x0,0x50,0x1a,0xb5,0x14,0x3,0x0,
0x0,0x0,0x0,0x0,0x0,0x0,0x0,0x0,
0x0,0xb5,0x15,0x3,0x0,0x0,0x0,0x0,
0x0,0x0,0x0,0x0,0x0,0x0,0xe,0x2,
0x0,0x0,0x0,0x0,0x0,0x0,0x0,0x0,
0x68,0x0,0x0,0x0,0x4a,0x0,0x0,0x0,
0x2b,0x0,0x0,0x0,0x0,0x0,0x0,0x0,
0x38,0x0,0x0,0x0,0x0,0x0,0x0,0x0,
0x38,0x0,0x0,0x0,0x0,0x0,0x4,0x0,
0xff,0xff,0xff,0xff,0xc,0x0,0x0,0x0,
0x94,0x2,0x50,0x1,0x0,0x0,0x0,0x0,
0x0,0x0,0x7,0x0,0x0,0x0,0x0,0x0,
0x0,0x0,0x0,0x0,0x94,0x2,0x0,0x0,
0x0,0x0,0x0,0x0,0x1,0x0,0x0,0x0,
0x95,0x2,0x0,0x0,0x3,0x0,0x0,0x0,
0x2c,0x0,0x0,0x0,0x96,0x2,0x0,0x0,
0x4,0x0,0x0,0x0,0x46,0x0,0x0,0x0,
0x97,0x2,0x0,0x0,0x4,0x0,0x0,0x0,
0xca,0x2f,0x16,0x3,0x0,0x0,0x18,0x7,
0x2f,0x17,0x3,0x0,0x0,0x3d,0x18,0x3,
0x0,0x0,0x18,0xa,0x2f,0x19,0x3,0x0,
0x0,0x18,0xb,0xad,0x1a,0x3,0x0,0x0,
0x7,0x0,0x0,0x0,0x2,0x0,0x0,0x0,
0xa,0x0,0x0,0x0,0x2f,0x1b,0x3,0x0,
0x0,0x18,0x7,0xad,0x1c,0x3,0x0,0x0,
0x7,0x0,0x0,0x0,0x0,0x0,0x0,0x0,
0x0,0x0,0x0,0x0,0x18,0x6,0xd4,0x16,
0x6,0x2,0x0,0x0,0x0,0x0,0x0,0x0,
0x0,0x0,0x0,0x0,0x0,0x0,0x0,0x0,
0x44,0x0,0x0,0x0,0xd,0x0,0x0,0x0,
0x99,0x0,0x0,0x0,0x0,0x0,0x0,0x0,
0x38,0x0,0x0,0x0,0x0,0x0,0x0,0x0,
0x38,0x0,0x0,0x0,0x0,0x0,0x1,0x0,
0xff,0xff,0xff,0xff,0x7,0x0,0x0,0x0,
0x89,0x2,0xd0,0x1,0x0,0x0,0x0,0x0,
0x0,0x0,0x7,0x0,0x0,0x0,0x0,0x0,
0x0,0x0,0x0,0x0,0x89,0x2,0x0,0x0,
0x1,0x0,0x0,0x0,0x2f,0x1d,0x3,0x0,
0x0,0x3d,0x1e,0x3,0x0,0x0,0x18,0x6,
0x2,0x0,0x0,0x0,0x0,0x0,0x0,0x0,
0x44,0x0,0x0,0x0,0x20,0x0,0x0,0x0,
0x7c,0x0,0x0,0x0,0x0,0x0,0x0,0x0,
0x38,0x0,0x0,0x0,0x0,0x0,0x0,0x0,
0x38,0x0,0x0,0x0,0x0,0x0,0x1,0x0,
0xff,0xff,0xff,0xff,0x7,0x0,0x0,0x0,
0x8b,0x2,0xd0,0x1,0x0,0x0,0x0,0x0,
0x0,0x0,0x7,0x0,0x0,0x0,0x0,0x0,
0x0,0x0,0x0,0x0,0x8b,0x2,0x0,0x0,
0x1,0x0,0x0,0x0,0x2f,0x1f,0x3,0x0,
0x0,0x3d,0x20,0x3,0x0,0x0,0x50,0xc,
0x2f,0x21,0x3,0x0,0x0,0x3d,0x22,0x3,
0x0,0x0,0x4c,0x5,0x13,0xdb,0x0,0x0,
0x0,0x18,0x6,0x2,0x0,0x0,0x0,0x0,
0x44,0x0,0x0,0x0,0xd,0x0,0x0,0x0,
0xa7,0x0,0x0,0x0,0x0,0x0,0x0,0x0,
0x38,0x0,0x0,0x0,0x0,0x0,0x0,0x0,
0x38,0x0,0x0,0x0,0x0,0x0,0x1,0x0,
0xff,0xff,0xff,0xff,0x7,0x0,0x0,0x0,
0x88,0x2,0xd0,0x1,0x0,0x0,0x0,0x0,
0x0,0x0,0x7,0x0,0x0,0x0,0x0,0x0,
0x0,0x0,0x0,0x0,0x88,0x2,0x0,0x0,
0x1,0x0,0x0,0x0,0x2f,0x23,0x3,0x0,
0x0,0x3d,0x24,0x3,0x0,0x0,0x18,0x6,
0x2,0x0,0x0,0x0,0x0,0x0,0x0,0x0,
0x68,0x0,0x0,0x0,0x40,0x0,0x0,0x0,
0xdf,0x0,0x0,0x0,0x0,0x0,0x0,0x0,
0x38,0x0,0x0,0x0,0x0,0x0,0x0,0x0,
0x38,0x0,0x0,0x0,0x0,0x0,0x4,0x0,
0xff,0xff,0xff,0xff,0xa,0x0,0x0,0x0,
0x98,0x2,0x50,0x1,0x0,0x0,0x0,0x0,
0x0,0x0,0x7,0x0,0x0,0x0,0x0,0x0,
0x0,0x0,0x0,0x0,0x98,0x2,0x0,0x0,
0x0,0x0,0x0,0x0,0x1,0x0,0x0,0x0,
0x99,0x2,0x0,0x0,0x3,0x0,0x0,0x0,
0x22,0x0,0x0,0x0,0x9a,0x2,0x0,0x0,
0x4,0x0,0x0,0x0,0x3c,0x0,0x0,0x0,
0x9b,0x2,0x0,0x0,0x4,0x0,0x0,0x0,
0xca,0x2f,0x25,0x3,0x0,0x0,0x3d,0x26,
0x3,0x0,0x0,0x50,0x11,0x2f,0x27,0x3,
0x0,0x0,0x3d,0x28,0x3,0x0,0x0,0x3d,
0x29,0x3,0x0,0x0,0x4c,0x2,0x12,0x0,
0x30,0x55,0x2f,0x2a,0x3,0x0,0x0,0x18,
0x7,0xad,0x2b,0x3,0x0,0x0,0x7,0x0,
0x0,0x0,0x0,0x0,0x0,0x0,0x0,0x0,
0x0,0x0,0x18,0x6,0xd4,0x16,0x6,0x2,
0x0,0x0,0x0,0x0,0x0,0x0,0x0,0x0,
0x44,0x0,0x0,0x0,0xd,0x0,0x0,0x0,
0x99,0x0,0x0,0x0,0x0,0x0,0x0,0x0,
0x38,0x0,0x0,0x0,0x0,0x0,0x0,0x0,
0x38,0x0,0x0,0x0,0x0,0x0,0x1,0x0,
0xff,0xff,0xff,0xff,0x7,0x0,0x0,0x0,
0xa5,0x2,0x90,0x1,0x0,0x0,0x0,0x0,
0x0,0x0,0x7,0x0,0x0,0x0,0x0,0x0,
0x0,0x0,0x0,0x0,0xa5,0x2,0x0,0x0,
0x1,0x0,0x0,0x0,0x2f,0x2c,0x3,0x0,
0x0,0x3d,0x2d,0x3,0x0,0x0,0x18,0x6,
0x2,0x0,0x0,0x0,0x0,0x0,0x0,0x0,
0x44,0x0,0x0,0x0,0xd,0x0,0x0,0x0,
0x7c,0x0,0x0,0x0,0x0,0x0,0x0,0x0,
0x38,0x0,0x0,0x0,0x0,0x0,0x0,0x0,
0x38,0x0,0x0,0x0,0x0,0x0,0x1,0x0,
0xff,0xff,0xff,0xff,0x7,0x0,0x0,0x0,
0xa5,0x2,0x90,0x3,0x0,0x0,0x0,0x0,
0x0,0x0,0x7,0x0,0x0,0x0,0x0,0x0,
0x0,0x0,0x0,0x0,0xa5,0x2,0x0,0x0,
0x1,0x0,0x0,0x0,0x2f,0x2e,0x3,0x0,
0x0,0x3d,0x2f,0x3,0x0,0x0,0x18,0x6,
0x2,0x0,0x0,0x0,0x0,0x0,0x0,0x0,
0x44,0x0,0x0,0x0,0x12,0x0,0x0,0x0,
0x80,0x0,0x0,0x0,0x0,0x0,0x0,0x0,
0x38,0x0,0x0,0x0,0x0,0x0,0x0,0x0,
0x38,0x0,0x0,0x0,0x0,0x0,0x1,0x0,
0xff,0xff,0xff,0xff,0x8,0x0,0x0,0x0,
0xa8,0x2,0x10,0x1,0x0,0x0,0x0,0x0,
0x0,0x0,0x7,0x0,0x0,0x0,0x0,0x0,
0x0,0x0,0x0,0x0,0xa8,0x2,0x0,0x0,
0x1,0x0,0x0,0x0,0x2f,0x30,0x3,0x0,
0x0,0x3d,0x31,0x3,0x0,0x0,0x18,0x7,
0x6,0x6c,0x7,0x18,0x6,0x2,0x0,0x0,
0x0,0x0,0x0,0x0,0x0,0x0,0x0,0x0,
0x44,0x0,0x0,0x0,0xd,0x0,0x0,0x0,
0x7c,0x0,0x0,0x0,0x0,0x0,0x0,0x0,
0x38,0x0,0x0,0x0,0x0,0x0,0x0,0x0,
0x38,0x0,0x0,0x0,0x0,0x0,0x1,0x0,
0xff,0xff,0xff,0xff,0x7,0x0,0x0,0x0,
0xaa,0x2,0x10,0x1,0x0,0x0,0x0,0x0,
0x0,0x0,0x7,0x0,0x0,0x0,0x0,0x0,
0x0,0x0,0x0,0x0,0xaa,0x2,0x0,0x0,
0x1,0x0,0x0,0x0,0x2f,0x32,0x3,0x0,
0x0,0x3d,0x33,0x3,0x0,0x0,0x18,0x6,
0x2,0x0,0x0,0x0,0x0,0x0,0x0,0x0,
0x44,0x0,0x0,0x0,0x8,0x0,0x0,0x0,
0x94,0x0,0x0,0x0,0x0,0x0,0x0,0x0,
0x38,0x0,0x0,0x0,0x0,0x0,0x0,0x0,
0x38,0x0,0x0,0x0,0x0,0x0,0x1,0x0,
0xff,0xff,0xff,0xff,0x7,0x0,0x0,0x0,
0xa7,0x2,0x10,0x1,0x0,0x0,0x0,0x0,
0x0,0x0,0x7,0x0,0x0,0x0,0x0,0x0,
0x0,0x0,0x0,0x0,0xa7,0x2,0x0,0x0,
0x1,0x0,0x0,0x0,0x2f,0x34,0x3,0x0,
0x0,0x18,0x6,0x2,0x0,0x0,0x0,0x0,
0x44,0x0,0x0,0x0,0xd,0x0,0x0,0x0,
0xe6,0x0,0x0,0x0,0x0,0x0,0x0,0x0,
0x38,0x0,0x0,0x0,0x0,0x0,0x0,0x0,
0x38,0x0,0x0,0x0,0x0,0x0,0x1,0x0,
0xff,0xff,0xff,0xff,0x7,0x0,0x0,0x0,
0xb4,0x2,0x10,0x1,0x0,0x0,0x0,0x0,
0x0,0x0,0x7,0x0,0x0,0x0,0x0,0x0,
0x0,0x0,0x0,0x0,0xb4,0x2,0x0,0x0,
0x1,0x0,0x0,0x0,0x2f,0x35,0x3,0x0,
0x0,0x3d,0x36,0x3,0x0,0x0,0x18,0x6,
0x2,0x0,0x0,0x0,0x0,0x0,0x0,0x0,
0x44,0x0,0x0,0x0,0x8,0x0,0x0,0x0,
0xd0,0x0,0x0,0x0,0x0,0x0,0x0,0x0,
0x38,0x0,0x0,0x0,0x0,0x0,0x0,0x0,
0x38,0x0,0x0,0x0,0x0,0x0,0x1,0x0,
0xff,0xff,0xff,0xff,0x7,0x0,0x0,0x0,
0xb7,0x2,0x10,0x1,0x0,0x0,0x0,0x0,
0x0,0x0,0x7,0x0,0x0,0x0,0x0,0x0,
0x0,0x0,0x0,0x0,0xb7,0x2,0x0,0x0,
0x1,0x0,0x0,0x0,0x2f,0x37,0x3,0x0,
0x0,0x18,0x6,0x2,0x0,0x0,0x0,0x0,
0x74,0x0,0x0,0x0,0x54,0x0,0x0,0x0,
0xe9,0x0,0x0,0x0,0x0,0x0,0x0,0x0,
0x38,0x0,0x0,0x0,0x0,0x0,0x0,0x0,
0x38,0x0,0x0,0x0,0x0,0x0,0x5,0x0,
0xff,0xff,0xff,0xff,0xb,0x0,0x0,0x0,
0xb8,0x2,0x10,0x1,0x0,0x0,0x0,0x0,
0x0,0x0,0x7,0x0,0x0,0x0,0x0,0x0,
0x0,0x0,0x0,0x0,0xb8,0x2,0x0,0x0,
0x0,0x0,0x0,0x0,0x1,0x0,0x0,0x0,
0xb8,0x2,0x0,0x0,0x1,0x0,0x0,0x0,
0x12,0x0,0x0,0x0,0xb8,0x2,0x0,0x0,
0x2,0x0,0x0,0x0,0x28,0x0,0x0,0x0,
0xb9,0x2,0x0,0x0,0x3,0x0,0x0,0x0,
0x40,0x0,0x0,0x0,0xb9,0x2,0x0,0x0,
0x4,0x0,0x0,0x0,0xca,0x2f,0x38,0x3,
0x0,0x0,0x3d,0x39,0x3,0x0,0x0,0x18,
0x7,0x6,0x66,0x7,0x50,0x16,0x2f,0x3a,
0x3,0x0,0x0,0x3d,0x3b,0x3,0x0,0x0,
0x18,0x8,0x31,0x77,0x1,0x0,0x0,0x1a,
0x8,0x6,0x4c,0x28,0x2f,0x3c,0x3,0x0,
0x0,0x18,0x8,0x6,0x68,0x8,0x50,0x1c,
0x2f,0x3d,0x3,0x0,0x0,0x18,0x9,0x6,
0x64,0x9,0x50,0x10,0x2f,0x3e,0x3,0x0,
0x0,0x7e,0x18,0xa,0x31,0x77,0x1,0x0,
0x0,0x1a,0xa,0x6,0xd4,0x16,0x6,0x2,
0x0,0x0,0x0,0x0,0x0,0x0,0x0,0x0,
0x44,0x0,0x0,0x0,0x8,0x0,0x0,0x0,
0x72,0x0,0x0,0x0,0x0,0x0,0x0,0x0,
0x38,0x0,0x0,0x0,0x0,0x0,0x0,0x0,
0x38,0x0,0x0,0x0,0x0,0x0,0x1,0x0,
0xff,0xff,0xff,0xff,0x7,0x0,0x0,0x0,
0xaf,0x2,0x10,0x1,0x0,0x0,0x0,0x0,
0x0,0x0,0x7,0x0,0x0,0x0,0x0,0x0,
0x0,0x0,0x0,0x0,0xaf,0x2,0x0,0x0,
0x1,0x0,0x0,0x0,0x2f,0x3f,0x3,0x0,
0x0,0x18,0x6,0x2,0x0,0x0,0x0,0x0,
0x44,0x0,0x0,0x0,0x8,0x0,0x0,0x0,
0xf9,0x0,0x0,0x0,0x0,0x0,0x0,0x0,
0x38,0x0,0x0,0x0,0x0,0x0,0x0,0x0,
0x38,0x0,0x0,0x0,0x0,0x0,0x1,0x0,
0xff,0xff,0xff,0xff,0x7,0x0,0x0,0x0,
0xcf,0x2,0x50,0x1,0x0,0x0,0x0,0x0,
0x0,0x0,0x7,0x0,0x0,0x0,0x0,0x0,
0x0,0x0,0x0,0x0,0xcf,0x2,0x0,0x0,
0x1,0x0,0x0,0x0,0x2f,0x40,0x3,0x0,
0x0,0x18,0x6,0x2,0x0,0x0,0x0,0x0,
0x44,0x0,0x0,0x0,0x8,0x0,0x0,0x0,
0xfb,0x0,0x0,0x0,0x0,0x0,0x0,0x0,
0x38,0x0,0x0,0x0,0x0,0x0,0x0,0x0,
0x38,0x0,0x0,0x0,0x0,0x0,0x1,0x0,
0xff,0xff,0xff,0xff,0x7,0x0,0x0,0x0,
0xd0,0x2,0x50,0x1,0x0,0x0,0x0,0x0,
0x0,0x0,0x7,0x0,0x0,0x0,0x0,0x0,
0x0,0x0,0x0,0x0,0xd0,0x2,0x0,0x0,
0x1,0x0,0x0,0x0,0x2f,0x41,0x3,0x0,
0x0,0x18,0x6,0x2,0x0,0x0,0x0,0x0,
0x44,0x0,0x0,0x0,0x8,0x0,0x0,0x0,
0xfd,0x0,0x0,0x0,0x0,0x0,0x0,0x0,
0x38,0x0,0x0,0x0,0x0,0x0,0x0,0x0,
0x38,0x0,0x0,0x0,0x0,0x0,0x1,0x0,
0xff,0xff,0xff,0xff,0x7,0x0,0x0,0x0,
0xd1,0x2,0x50,0x1,0x0,0x0,0x0,0x0,
0x0,0x0,0x7,0x0,0x0,0x0,0x0,0x0,
0x0,0x0,0x0,0x0,0xd1,0x2,0x0,0x0,
0x1,0x0,0x0,0x0,0x2f,0x42,0x3,0x0,
0x0,0x18,0x6,0x2,0x0,0x0,0x0,0x0,
0x44,0x0,0x0,0x0,0x8,0x0,0x0,0x0,
0xff,0x0,0x0,0x0,0x0,0x0,0x0,0x0,
0x38,0x0,0x0,0x0,0x0,0x0,0x0,0x0,
0x38,0x0,0x0,0x0,0x0,0x0,0x1,0x0,
0xff,0xff,0xff,0xff,0x7,0x0,0x0,0x0,
0xd2,0x2,0x50,0x1,0x0,0x0,0x0,0x0,
0x0,0x0,0x7,0x0,0x0,0x0,0x0,0x0,
0x0,0x0,0x0,0x0,0xd2,0x2,0x0,0x0,
0x1,0x0,0x0,0x0,0x2f,0x43,0x3,0x0,
0x0,0x18,0x6,0x2,0x0,0x0,0x0,0x0,
0x44,0x0,0x0,0x0,0x8,0x0,0x0,0x0,
0x1,0x1,0x0,0x0,0x0,0x0,0x0,0x0,
0x38,0x0,0x0,0x0,0x0,0x0,0x0,0x0,
0x38,0x0,0x0,0x0,0x0,0x0,0x1,0x0,
0xff,0xff,0xff,0xff,0x7,0x0,0x0,0x0,
0xd3,0x2,0x50,0x1,0x0,0x0,0x0,0x0,
0x0,0x0,0x7,0x0,0x0,0x0,0x0,0x0,
0x0,0x0,0x0,0x0,0xd3,0x2,0x0,0x0,
0x1,0x0,0x0,0x0,0x2f,0x44,0x3,0x0,
0x0,0x18,0x6,0x2,0x0,0x0,0x0,0x0,
0x44,0x0,0x0,0x0,0x8,0x0,0x0,0x0,
0x3,0x1,0x0,0x0,0x0,0x0,0x0,0x0,
0x38,0x0,0x0,0x0,0x0,0x0,0x0,0x0,
0x38,0x0,0x0,0x0,0x0,0x0,0x1,0x0,
0xff,0xff,0xff,0xff,0x7,0x0,0x0,0x0,
0xd4,0x2,0x50,0x1,0x0,0x0,0x0,0x0,
0x0,0x0,0x7,0x0,0x0,0x0,0x0,0x0,
0x0,0x0,0x0,0x0,0xd4,0x2,0x0,0x0,
0x1,0x0,0x0,0x0,0x2f,0x45,0x3,0x0,
0x0,0x18,0x6,0x2,0x0,0x0,0x0,0x0,
0x44,0x0,0x0,0x0,0x8,0x0,0x0,0x0,
0x5,0x1,0x0,0x0,0x0,0x0,0x0,0x0,
0x38,0x0,0x0,0x0,0x0,0x0,0x0,0x0,
0x38,0x0,0x0,0x0,0x0,0x0,0x1,0x0,
0xff,0xff,0xff,0xff,0x7,0x0,0x0,0x0,
0xd5,0x2,0x50,0x1,0x0,0x0,0x0,0x0,
0x0,0x0,0x7,0x0,0x0,0x0,0x0,0x0,
0x0,0x0,0x0,0x0,0xd5,0x2,0x0,0x0,
0x1,0x0,0x0,0x0,0x2f,0x46,0x3,0x0,
0x0,0x18,0x6,0x2,0x0,0x0,0x0,0x0,
0x44,0x0,0x0,0x0,0x8,0x0,0x0,0x0,
0x7,0x1,0x0,0x0,0x0,0x0,0x0,0x0,
0x38,0x0,0x0,0x0,0x0,0x0,0x0,0x0,
0x38,0x0,0x0,0x0,0x0,0x0,0x1,0x0,
0xff,0xff,0xff,0xff,0x7,0x0,0x0,0x0,
0xd6,0x2,0x50,0x1,0x0,0x0,0x0,0x0,
0x0,0x0,0x7,0x0,0x0,0x0,0x0,0x0,
0x0,0x0,0x0,0x0,0xd6,0x2,0x0,0x0,
0x1,0x0,0x0,0x0,0x2f,0x47,0x3,0x0,
0x0,0x18,0x6,0x2,0x0,0x0,0x0,0x0,
0x44,0x0,0x0,0x0,0x8,0x0,0x0,0x0,
0x9,0x1,0x0,0x0,0x0,0x0,0x0,0x0,
0x38,0x0,0x0,0x0,0x0,0x0,0x0,0x0,
0x38,0x0,0x0,0x0,0x0,0x0,0x1,0x0,
0xff,0xff,0xff,0xff,0x7,0x0,0x0,0x0,
0xd7,0x2,0x50,0x1,0x0,0x0,0x0,0x0,
0x0,0x0,0x7,0x0,0x0,0x0,0x0,0x0,
0x0,0x0,0x0,0x0,0xd7,0x2,0x0,0x0,
0x1,0x0,0x0,0x0,0x2f,0x48,0x3,0x0,
0x0,0x18,0x6,0x2,0x0,0x0,0x0,0x0,
0x44,0x0,0x0,0x0,0x8,0x0,0x0,0x0,
0xb,0x1,0x0,0x0,0x0,0x0,0x0,0x0,
0x38,0x0,0x0,0x0,0x0,0x0,0x0,0x0,
0x38,0x0,0x0,0x0,0x0,0x0,0x1,0x0,
0xff,0xff,0xff,0xff,0x7,0x0,0x0,0x0,
0xd8,0x2,0x50,0x1,0x0,0x0,0x0,0x0,
0x0,0x0,0x7,0x0,0x0,0x0,0x0,0x0,
0x0,0x0,0x0,0x0,0xd8,0x2,0x0,0x0,
0x1,0x0,0x0,0x0,0x2f,0x49,0x3,0x0,
0x0,0x18,0x6,0x2,0x0,0x0,0x0,0x0,
0x44,0x0,0x0,0x0,0x8,0x0,0x0,0x0,
0xd,0x1,0x0,0x0,0x0,0x0,0x0,0x0,
0x38,0x0,0x0,0x0,0x0,0x0,0x0,0x0,
0x38,0x0,0x0,0x0,0x0,0x0,0x1,0x0,
0xff,0xff,0xff,0xff,0x7,0x0,0x0,0x0,
0xd9,0x2,0x50,0x1,0x0,0x0,0x0,0x0,
0x0,0x0,0x7,0x0,0x0,0x0,0x0,0x0,
0x0,0x0,0x0,0x0,0xd9,0x2,0x0,0x0,
0x1,0x0,0x0,0x0,0x2f,0x4a,0x3,0x0,
0x0,0x18,0x6,0x2,0x0,0x0,0x0,0x0,
0x44,0x0,0x0,0x0,0x8,0x0,0x0,0x0,
0xf,0x1,0x0,0x0,0x0,0x0,0x0,0x0,
0x38,0x0,0x0,0x0,0x0,0x0,0x0,0x0,
0x38,0x0,0x0,0x0,0x0,0x0,0x1,0x0,
0xff,0xff,0xff,0xff,0x7,0x0,0x0,0x0,
0xda,0x2,0x50,0x1,0x0,0x0,0x0,0x0,
0x0,0x0,0x7,0x0,0x0,0x0,0x0,0x0,
0x0,0x0,0x0,0x0,0xda,0x2,0x0,0x0,
0x1,0x0,0x0,0x0,0x2f,0x4b,0x3,0x0,
0x0,0x18,0x6,0x2,0x0,0x0,0x0,0x0,
0x44,0x0,0x0,0x0,0x8,0x0,0x0,0x0,
0x11,0x1,0x0,0x0,0x0,0x0,0x0,0x0,
0x38,0x0,0x0,0x0,0x0,0x0,0x0,0x0,
0x38,0x0,0x0,0x0,0x0,0x0,0x1,0x0,
0xff,0xff,0xff,0xff,0x7,0x0,0x0,0x0,
0xdb,0x2,0x50,0x1,0x0,0x0,0x0,0x0,
0x0,0x0,0x7,0x0,0x0,0x0,0x0,0x0,
0x0,0x0,0x0,0x0,0xdb,0x2,0x0,0x0,
0x1,0x0,0x0,0x0,0x2f,0x4c,0x3,0x0,
0x0,0x18,0x6,0x2,0x0,0x0,0x0,0x0,
0x44,0x0,0x0,0x0,0x8,0x0,0x0,0x0,
0x13,0x1,0x0,0x0,0x0,0x0,0x0,0x0,
0x38,0x0,0x0,0x0,0x0,0x0,0x0,0x0,
0x38,0x0,0x0,0x0,0x0,0x0,0x1,0x0,
0xff,0xff,0xff,0xff,0x7,0x0,0x0,0x0,
0xdc,0x2,0x50,0x1,0x0,0x0,0x0,0x0,
0x0,0x0,0x7,0x0,0x0,0x0,0x0,0x0,
0x0,0x0,0x0,0x0,0xdc,0x2,0x0,0x0,
0x1,0x0,0x0,0x0,0x2f,0x4d,0x3,0x0,
0x0,0x18,0x6,0x2,0x0,0x0,0x0,0x0,
0x44,0x0,0x0,0x0,0x8,0x0,0x0,0x0,
0x15,0x1,0x0,0x0,0x0,0x0,0x0,0x0,
0x38,0x0,0x0,0x0,0x0,0x0,0x0,0x0,
0x38,0x0,0x0,0x0,0x0,0x0,0x1,0x0,
0xff,0xff,0xff,0xff,0x7,0x0,0x0,0x0,
0xdd,0x2,0x50,0x1,0x0,0x0,0x0,0x0,
0x0,0x0,0x7,0x0,0x0,0x0,0x0,0x0,
0x0,0x0,0x0,0x0,0xdd,0x2,0x0,0x0,
0x1,0x0,0x0,0x0,0x2f,0x4e,0x3,0x0,
0x0,0x18,0x6,0x2,0x0,0x0,0x0,0x0,
0x44,0x0,0x0,0x0,0x8,0x0,0x0,0x0,
0x17,0x1,0x0,0x0,0x0,0x0,0x0,0x0,
0x38,0x0,0x0,0x0,0x0,0x0,0x0,0x0,
0x38,0x0,0x0,0x0,0x0,0x0,0x1,0x0,
0xff,0xff,0xff,0xff,0x7,0x0,0x0,0x0,
0xde,0x2,0x50,0x1,0x0,0x0,0x0,0x0,
0x0,0x0,0x7,0x0,0x0,0x0,0x0,0x0,
0x0,0x0,0x0,0x0,0xde,0x2,0x0,0x0,
0x1,0x0,0x0,0x0,0x2f,0x4f,0x3,0x0,
0x0,0x18,0x6,0x2,0x0,0x0,0x0,0x0,
0x44,0x0,0x0,0x0,0x8,0x0,0x0,0x0,
0x19,0x1,0x0,0x0,0x0,0x0,0x0,0x0,
0x38,0x0,0x0,0x0,0x0,0x0,0x0,0x0,
0x38,0x0,0x0,0x0,0x0,0x0,0x1,0x0,
0xff,0xff,0xff,0xff,0x7,0x0,0x0,0x0,
0xdf,0x2,0x50,0x1,0x0,0x0,0x0,0x0,
0x0,0x0,0x7,0x0,0x0,0x0,0x0,0x0,
0x0,0x0,0x0,0x0,0xdf,0x2,0x0,0x0,
0x1,0x0,0x0,0x0,0x2f,0x50,0x3,0x0,
0x0,0x18,0x6,0x2,0x0,0x0,0x0,0x0,
0x44,0x0,0x0,0x0,0xd,0x0,0x0,0x0,
0xaa,0x0,0x0,0x0,0x0,0x0,0x0,0x0,
0x38,0x0,0x0,0x0,0x0,0x0,0x0,0x0,
0x38,0x0,0x0,0x0,0x0,0x0,0x1,0x0,
0xff,0xff,0xff,0xff,0x7,0x0,0x0,0x0,
0xe1,0x2,0x50,0x1,0x0,0x0,0x0,0x0,
0x0,0x0,0x7,0x0,0x0,0x0,0x0,0x0,
0x0,0x0,0x0,0x0,0xe1,0x2,0x0,0x0,
0x1,0x0,0x0,0x0,0x2f,0x51,0x3,0x0,
0x0,0x3d,0x52,0x3,0x0,0x0,0x18,0x6,
0x2,0x0,0x0,0x0,0x0,0x0,0x0,0x0,
0x44,0x0,0x0,0x0,0x8,0x0,0x0,0x0,
0x72,0x0,0x0,0x0,0x0,0x0,0x0,0x0,
0x38,0x0,0x0,0x0,0x0,0x0,0x0,0x0,
0x38,0x0,0x0,0x0,0x0,0x0,0x1,0x0,
0xff,0xff,0xff,0xff,0x7,0x0,0x0,0x0,
0xe3,0x2,0x90,0x1,0x0,0x0,0x0,0x0,
0x0,0x0,0x7,0x0,0x0,0x0,0x0,0x0,
0x0,0x0,0x0,0x0,0xe3,0x2,0x0,0x0,
0x1,0x0,0x0,0x0,0x2f,0x53,0x3,0x0,
0x0,0x18,0x6,0x2,0x0,0x0,0x0,0x0,
0x44,0x0,0x0,0x0,0xd,0x0,0x0,0x0,
0x99,0x0,0x0,0x0,0x0,0x0,0x0,0x0,
0x38,0x0,0x0,0x0,0x0,0x0,0x0,0x0,
0x38,0x0,0x0,0x0,0x0,0x0,0x1,0x0,
0xff,0xff,0xff,0xff,0x7,0x0,0x0,0x0,
0xe6,0x2,0xd0,0x1,0x0,0x0,0x0,0x0,
0x0,0x0,0x7,0x0,0x0,0x0,0x0,0x0,
0x0,0x0,0x0,0x0,0xe6,0x2,0x0,0x0,
0x1,0x0,0x0,0x0,0x2f,0x54,0x3,0x0,
0x0,0x3d,0x55,0x3,0x0,0x0,0x18,0x6,
0x2,0x0,0x0,0x0,0x0,0x0,0x0,0x0,
0x50,0x0,0x0,0x0,0x37,0x0,0x0,0x0,
0x7c,0x0,0x0,0x0,0x0,0x0,0x0,0x0,
0x38,0x0,0x0,0x0,0x0,0x0,0x0,0x0,
0x38,0x0,0x0,0x0,0x0,0x0,0x2,0x0,
0xff,0xff,0xff,0xff,0x8,0x0,0x0,0x0,
0xe8,0x2,0xd0,0x1,0x0,0x0,0x0,0x0,
0x0,0x0,0x7,0x0,0x0,0x0,0x0,0x0,
0x0,0x0,0x0,0x0,0xe8,0x2,0x0,0x0,
0x1,0x0,0x0,0x0,0x13,0x0,0x0,0x0,
0xe9,0x2,0x0,0x0,0x1,0x0,0x0,0x0,
0x2f,0x56,0x3,0x0,0x0,0x3d,0x57,0x3,
0x0,0x0,0x50,0x7,0x13,0xae,0x1,0x0,
0x0,0x4c,0x21,0x2f,0x58,0x3,0x0,0x0,
0x3d,0x59,0x3,0x0,0x0,0x18,0x7,0x13,
0x98,0x1,0x0,0x0,0x6c,0x7,0x50,0x7,
0x13,0xae,0x1,0x0,0x0,0x4c,0x5,0x13,
0x42,0x1,0x0,0x0,0x18,0x6,0x2,0x0,
0x44,0x0,0x0,0x0,0x15,0x0,0x0,0x0,
0x1a,0x1,0x0,0x0,0x0,0x0,0x0,0x0,
0x38,0x0,0x0,0x0,0x0,0x0,0x0,0x0,
0x38,0x0,0x0,0x0,0x0,0x0,0x1,0x0,
0xff,0xff,0xff,0xff,0x7,0x0,0x0,0x0,
0xea,0x2,0xd0,0x1,0x0,0x0,0x0,0x0,
0x0,0x0,0x7,0x0,0x0,0x0,0x0,0x0,
0x0,0x0,0x0,0x0,0xea,0x2,0x0,0x0,
0x1,0x0,0x0,0x0,0x2f,0x5a,0x3,0x0,
0x0,0x3d,0x5b,0x3,0x0,0x0,0x50,0x4,
0x4,0x3b,0x4c,0x2,0x10,0x1,0x18,0x6,
0x2,0x0,0x0,0x0,0x0,0x0,0x0,0x0,
0x44,0x0,0x0,0x0,0x19,0x0,0x0,0x0,
0x99,0x0,0x0,0x0,0x0,0x0,0x0,0x0,
0x38,0x0,0x0,0x0,0x0,0x0,0x0,0x0,
0x38,0x0,0x0,0x0,0x0,0x0,0x1,0x0,
0xff,0xff,0xff,0xff,0x7,0x0,0x0,0x0,
0xeb,0x2,0xd0,0x1,0x0,0x0,0x0,0x0,
0x0,0x0,0x7,0x0,0x0,0x0,0x0,0x0,
0x0,0x0,0x0,0x0,0xeb,0x2,0x0,0x0,
0x1,0x0,0x0,0x0,0x2f,0x5c,0x3,0x0,
0x0,0x3d,0x5d,0x3,0x0,0x0,0x3d,0x5e,
0x3,0x0,0x0,0x50,0x4,0x4,0x3c,0x4c,
0x1,0x6,0x18,0x6,0x2,0x0,0x0,0x0,
0x0,0x0,0x0,0x0,0x0,0x0,0x0,0x0,
0x44,0x0,0x0,0x0,0xd,0x0,0x0,0x0,
0x7c,0x0,0x0,0x0,0x0,0x0,0x0,0x0,
0x38,0x0,0x0,0x0,0x0,0x0,0x0,0x0,
0x38,0x0,0x0,0x0,0x0,0x0,0x1,0x0,
0xff,0xff,0xff,0xff,0x7,0x0,0x0,0x0,
0xec,0x2,0xd0,0x1,0x0,0x0,0x0,0x0,
0x0,0x0,0x7,0x0,0x0,0x0,0x0,0x0,
0x0,0x0,0x0,0x0,0xec,0x2,0x0,0x0,
0x1,0x0,0x0,0x0,0x2f,0x5f,0x3,0x0,
0x0,0x3d,0x60,0x3,0x0,0x0,0x18,0x6,
0x2,0x0,0x0,0x0,0x0,0x0,0x0,0x0,
0x84,0x0,0x0,0x0,0x7a,0x0,0x0,0x0,
0x1d,0x1,0x0,0x0,0x0,0x0,0x0,0x0,
0x38,0x0,0x0,0x0,0x0,0x0,0x0,0x0,
0x38,0x0,0x0,0x0,0x0,0x0,0x6,0x0,
0xff,0xff,0xff,0xff,0x13,0x0,0x0,0x0,
0xf0,0x2,0x10,0x2,0x1,0x0,0x0,0x0,
0x0,0x0,0x7,0x0,0x0,0x0,0x0,0x0,
0x0,0x0,0x0,0x0,0xf1,0x2,0x0,0x0,
0x2,0x0,0x0,0x0,0x1d,0x0,0x0,0x0,
0xf2,0x2,0x0,0x0,0x3,0x0,0x0,0x0,
0x35,0x0,0x0,0x0,0xf3,0x2,0x0,0x0,
0x4,0x0,0x0,0x0,0x6c,0x0,0x0,0x0,
0xf1,0x2,0x0,0x0,0x5,0x0,0x0,0x0,
0x74,0x0,0x0,0x0,0xf4,0x2,0x0,0x0,
0x6,0x0,0x0,0x0,0x77,0x0,0x0,0x0,
0xf5,0x2,0x0,0x0,0x6,0x0,0x0,0x0,
0x7,0x0,0x0,0x0,0x1,0x2,0x7,0x1,
0x6,0x18,0x7,0x1a,0x7,0x8,0x2f,0x61,
0x3,0x0,0x0,0x3d,0x62,0x3,0x0,0x0,
0x3d,0x63,0x3,0x0,0x0,0x68,0x8,0x50,
0x57,0x2f,0x64,0x3,0x0,0x0,0x3d,0x65,
0x3,0x0,0x0,0x18,0x9,0x16,0x7,0x34,
0x9,0x18,0xa,0x12,0x0,0x6e,0xa,0x50,
0x37,0x13,0xdf,0x1,0x0,0x0,0x18,0xb,
0x2f,0x66,0x3,0x0,0x0,0x3d,0x67,0x3,
0x0,0x0,0x18,0xc,0x16,0x7,0x34,0xc,
0x18,0xd,0x26,0x2,0x12,0x1a,0x12,0x10,
0x12,0x0,0x18,0x11,0xad,0x68,0x3,0x0,
0x0,0xd,0x0,0x0,0x0,0x2,0x0,0x0,
0x0,0x10,0x0,0x0,0x0,0x80,0xb,0x2,
0x16,0x7,0x7c,0x18,0x7,0x56,0x4c,0x93,
0x12,0x0,0x2,0x16,0x6,0x2,0x0,0x0,
0x0,0x0,0x0,0x0,0x0,0x0,0x0,0x0,
0x44,0x0,0x0,0x0,0xd,0x0,0x0,0x0,
0x20,0x1,0x0,0x0,0x0,0x0,0x0,0x0,
0x38,0x0,0x0,0x0,0x0,0x0,0x0,0x0,
0x38,0x0,0x0,0x0,0x0,0x0,0x1,0x0,
0xff,0xff,0xff,0xff,0x7,0x0,0x0,0x0,
0xf7,0x2,0x10,0x2,0x0,0x0,0x0,0x0,
0x0,0x0,0x7,0x0,0x0,0x0,0x0,0x0,
0x0,0x0,0x0,0x0,0xf7,0x2,0x0,0x0,
0x1,0x0,0x0,0x0,0x2f,0x69,0x3,0x0,
0x0,0x3d,0x6a,0x3,0x0,0x0,0x18,0x6,
0x2,0x0,0x0,0x0,0x0,0x0,0x0,0x0,
0x44,0x0,0x0,0x0,0x15,0x0,0x0,0x0,
0x1a,0x1,0x0,0x0,0x0,0x0,0x0,0x0,
0x38,0x0,0x0,0x0,0x0,0x0,0x0,0x0,
0x38,0x0,0x0,0x0,0x0,0x0,0x1,0x0,
0xff,0xff,0xff,0xff,0x7,0x0,0x0,0x0,
0xf9,0x2,0x10,0x2,0x0,0x0,0x0,0x0,
0x0,0x0,0x7,0x0,0x0,0x0,0x0,0x0,
0x0,0x0,0x0,0x0,0xf9,0x2,0x0,0x0,
0x1,0x0,0x0,0x0,0x2f,0x6b,0x3,0x0,
0x0,0x3d,0x6c,0x3,0x0,0x0,0x50,0x4,
0x4,0x3d,0x4c,0x2,0x10,0x1,0x18,0x6,
0x2,0x0,0x0,0x0,0x0,0x0,0x0,0x0,
0x44,0x0,0x0,0x0,0x8,0x0,0x0,0x0,
0x72,0x0,0x0,0x0,0x0,0x0,0x0,0x0,
0x38,0x0,0x0,0x0,0x0,0x0,0x0,0x0,
0x38,0x0,0x0,0x0,0x0,0x0,0x1,0x0,
0xff,0xff,0xff,0xff,0x7,0x0,0x0,0x0,
0xef,0x2,0x10,0x2,0x0,0x0,0x0,0x0,
0x0,0x0,0x7,0x0,0x0,0x0,0x0,0x0,
0x0,0x0,0x0,0x0,0xef,0x2,0x0,0x0,
0x1,0x0,0x0,0x0,0x2f,0x6d,0x3,0x0,
0x0,0x18,0x6,0x2,0x0,0x0,0x0,0x0,
0x44,0x0,0x0,0x0,0x16,0x0,0x0,0x0,
0x80,0x0,0x0,0x0,0x0,0x0,0x0,0x0,
0x38,0x0,0x0,0x0,0x0,0x0,0x0,0x0,
0x38,0x0,0x0,0x0,0x0,0x0,0x1,0x0,
0xff,0xff,0xff,0xff,0x8,0x0,0x0,0x0,
0xfd,0x2,0x10,0x2,0x0,0x0,0x0,0x0,
0x0,0x0,0x7,0x0,0x0,0x0,0x0,0x0,
0x0,0x0,0x0,0x0,0xfd,0x2,0x0,0x0,
0x1,0x0,0x0,0x0,0x2f,0x6e,0x3,0x0,
0x0,0x3d,0x6f,0x3,0x0,0x0,0x18,0x7,
0x13,0x98,0x1,0x0,0x0,0x6c,0x7,0x18,
0x6,0x2,0x0,0x0,0x0,0x0,0x0,0x0,
0x44,0x0,0x0,0x0,0xd,0x0,0x0,0x0,
0x7c,0x0,0x0,0x0,0x0,0x0,0x0,0x0,
0x38,0x0,0x0,0x0,0x0,0x0,0x0,0x0,
0x38,0x0,0x0,0x0,0x0,0x0,0x1,0x0,
0xff,0xff,0xff,0xff,0x7,0x0,0x0,0x0,
0xff,0x2,0x10,0x2,0x0,0x0,0x0,0x0,
0x0,0x0,0x7,0x0,0x0,0x0,0x0,0x0,
0x0,0x0,0x0,0x0,0xff,0x2,0x0,0x0,
0x1,0x0,0x0,0x0,0x2f,0x70,0x3,0x0,
0x0,0x3d,0x71,0x3,0x0,0x0,0x18,0x6,
0x2,0x0,0x0,0x0,0x0,0x0,0x0,0x0,
0x44,0x0,0x0,0x0,0x8,0x0,0x0,0x0,
0x94,0x0,0x0,0x0,0x0,0x0,0x0,0x0,
0x38,0x0,0x0,0x0,0x0,0x0,0x0,0x0,
0x38,0x0,0x0,0x0,0x0,0x0,0x1,0x0,
0xff,0xff,0xff,0xff,0x7,0x0,0x0,0x0,
0xfc,0x2,0x10,0x2,0x0,0x0,0x0,0x0,
0x0,0x0,0x7,0x0,0x0,0x0,0x0,0x0,
0x0,0x0,0x0,0x0,0xfc,0x2,0x0,0x0,
0x1,0x0,0x0,0x0,0x2f,0x72,0x3,0x0,
0x0,0x18,0x6,0x2,0x0,0x0,0x0,0x0,
0x44,0x0,0x0,0x0,0xd,0x0,0x0,0x0,
0xd0,0x0,0x0,0x0,0x0,0x0,0x0,0x0,
0x38,0x0,0x0,0x0,0x0,0x0,0x0,0x0,
0x38,0x0,0x0,0x0,0x0,0x0,0x1,0x0,
0xff,0xff,0xff,0xff,0x7,0x0,0x0,0x0,
0x6,0x3,0x10,0x2,0x0,0x0,0x0,0x0,
0x0,0x0,0x7,0x0,0x0,0x0,0x0,0x0,
0x0,0x0,0x0,0x0,0x6,0x3,0x0,0x0,
0x1,0x0,0x0,0x0,0x2f,0x73,0x3,0x0,
0x0,0x3d,0x74,0x3,0x0,0x0,0x18,0x6,
0x2,0x0,0x0,0x0,0x0,0x0,0x0,0x0,
0x50,0x0,0x0,0x0,0x3e,0x0,0x0,0x0,
0x7c,0x0,0x0,0x0,0x0,0x0,0x0,0x0,
0x38,0x0,0x0,0x0,0x0,0x0,0x0,0x0,
0x38,0x0,0x0,0x0,0x0,0x0,0x2,0x0,
0xff,0xff,0xff,0xff,0xc,0x0,0x0,0x0,
0xc,0x3,0x50,0x2,0x0,0x0,0x0,0x0,
0x0,0x0,0x7,0x0,0x0,0x0,0x0,0x0,
0x0,0x0,0x0,0x0,0xc,0x3,0x0,0x0,
0x1,0x0,0x0,0x0,0x15,0x0,0x0,0x0,
0xd,0x3,0x0,0x0,0x1,0x0,0x0,0x0,
0x2f,0x75,0x3,0x0,0x0,0x3d,0x76,0x3,
0x0,0x0,0x18,0x7,0x2f,0x77,0x3,0x0,
0x0,0x34,0x7,0x50,0x21,0x2f,0x78,0x3,
0x0,0x0,0x18,0x8,0x2f,0x79,0x3,0x0,
0x0,0x18,0xb,0xad,0x7a,0x3,0x0,0x0,
0x8,0x0,0x0,0x0,0x1,0x0,0x0,0x0,
0xb,0x0,0x0,0x0,0x4c,0x5,0x13,0xe2,
0x1,0x0,0x0,0x18,0x6,0x2,0x0,0x0,
0x68,0x0,0x0,0x0,0x45,0x0,0x0,0x0,
0x5b,0x0,0x0,0x0,0x0,0x0,0x0,0x0,
0x38,0x0,0x0,0x0,0x0,0x0,0x0,0x0,
0x38,0x0,0x0,0x0,0x0,0x0,0x4,0x0,
0xff,0xff,0xff,0xff,0xc,0x0,0x0,0x0,
0x12,0x3,0xd0,0x1,0x0,0x0,0x0,0x0,
0x0,0x0,0x7,0x0,0x0,0x0,0x0,0x0,
0x0,0x0,0x0,0x0,0x12,0x3,0x0,0x0,
0x1,0x0,0x0,0x0,0x2b,0x0,0x0,0x0,
0x13,0x3,0x0,0x0,0x1,0x0,0x0,0x0,
0x40,0x0,0x0,0x0,0x12,0x3,0x0,0x0,
0x1,0x0,0x0,0x0,0x44,0x0,0x0,0x0,
0x13,0x3,0x0,0x0,0x1,0x0,0x0,0x0,
0x13,0xe3,0x1,0x0,0x0,0x18,0x7,0x2f,
0x7b,0x3,0x0,0x0,0x3d,0x7c,0x3,0x0,
0x0,0x80,0x7,0x18,0x8,0x14,0x3e,0xb,
0xad,0x7d,0x3,0x0,0x0,0x8,0x0,0x0,
0x0,0x1,0x0,0x0,0x0,0xb,0x0,0x0,
0x0,0x18,0x7,0x2f,0x7e,0x3,0x0,0x0,
0x3d,0x7f,0x3,0x0,0x0,0x50,0x7,0x13,
0xe4,0x1,0x0,0x0,0x4c,0x2,0x12,0x0,
0x80,0x7,0x18,0x6,0x2,0x0,0x0,0x0,
0x44,0x0,0x0,0x0,0x2a,0x0,0x0,0x0,
0x7c,0x0,0x0,0x0,0x0,0x0,0x0,0x0,
0x38,0x0,0x0,0x0,0x0,0x0,0x0,0x0,
0x38,0x0,0x0,0x0,0x0,0x0,0x1,0x0,
0xff,0xff,0xff,0xff,0x7,0x0,0x0,0x0,
0x14,0x3,0xd0,0x1,0x0,0x0,0x0,0x0,
0x0,0x0,0x7,0x0,0x0,0x0,0x0,0x0,
0x0,0x0,0x0,0x0,0x14,0x3,0x0,0x0,
0x1,0x0,0x0,0x0,0x2f,0x80,0x3,0x0,
0x0,0x3d,0x81,0x3,0x0,0x0,0x3d,0x82,
0x3,0x0,0x0,0x50,0xc,0x2f,0x83,0x3,
0x0,0x0,0x3d,0x84,0x3,0x0,0x0,0x4c,
0xa,0x2f,0x85,0x3,0x0,0x0,0x3d,0x86,
0x3,0x0,0x0,0x18,0x6,0x2,0x0,0x0,
0x0,0x0,0x0,0x0,0x0,0x0,0x0,0x0,
0x44,0x0,0x0,0x0,0x12,0x0,0x0,0x0,
0x80,0x0,0x0,0x0,0x0,0x0,0x0,0x0,
0x38,0x0,0x0,0x0,0x0,0x0,0x0,0x0,
0x38,0x0,0x0,0x0,0x0,0x0,0x1,0x0,
0xff,0xff,0xff,0xff,0x8,0x0,0x0,0x0,
0x18,0x3,0xd0,0x1,0x0,0x0,0x0,0x0,
0x0,0x0,0x7,0x0,0x0,0x0,0x0,0x0,
0x0,0x0,0x0,0x0,0x18,0x3,0x0,0x0,
0x1,0x0,0x0,0x0,0x2f,0x87,0x3,0x0,
0x0,0x3d,0x88,0x3,0x0,0x0,0x18,0x7,
0x6,0x64,0x7,0x18,0x6,0x2,0x0,0x0,
0x0,0x0,0x0,0x0,0x0,0x0,0x0,0x0,
0x44,0x0,0x0,0x0,0x27,0x0,0x0,0x0,
0x5b,0x0,0x0,0x0,0x0,0x0,0x0,0x0,
0x38,0x0,0x0,0x0,0x0,0x0,0x0,0x0,
0x38,0x0,0x0,0x0,0x0,0x0,0x1,0x0,
0xff,0xff,0xff,0xff,0xb,0x0,0x0,0x0,
0x19,0x3,0xd0,0x1,0x0,0x0,0x0,0x0,
0x0,0x0,0x7,0x0,0x0,0x0,0x0,0x0,
0x0,0x0,0x0,0x0,0x19,0x3,0x0,0x0,
0x1,0x0,0x0,0x0,0x2f,0x89,0x3,0x0,
0x0,0x18,0x7,0x2f,0x8a,0x3,0x0,0x0,
0x3d,0x8b,0x3,0x0,0x0,0x18,0xa,0xad,
0x8c,0x3,0x0,0x0,0x7,0x0,0x0,0x0,
0x1,0x0,0x0,0x0,0xa,0x0,0x0,0x0,
0x18,0x6,0x2,0x0,0x0,0x0,0x0,0x0,
0x44,0x0,0x0,0x0,0x2a,0x0,0x0,0x0,
0x7c,0x0,0x0,0x0,0x0,0x0,0x0,0x0,
0x38,0x0,0x0,0x0,0x0,0x0,0x0,0x0,
0x38,0x0,0x0,0x0,0x0,0x0,0x1,0x0,
0xff,0xff,0xff,0xff,0x7,0x0,0x0,0x0,
0x1a,0x3,0xd0,0x1,0x0,0x0,0x0,0x0,
0x0,0x0,0x7,0x0,0x0,0x0,0x0,0x0,
0x0,0x0,0x0,0x0,0x1a,0x3,0x0,0x0,
0x1,0x0,0x0,0x0,0x2f,0x8d,0x3,0x0,
0x0,0x3d,0x8e,0x3,0x0,0x0,0x3d,0x8f,
0x3,0x0,0x0,0x50,0xc,0x2f,0x90,0x3,
0x0,0x0,0x3d,0x91,0x3,0x0,0x0,0x4c,
0xa,0x2f,0x92,0x3,0x0,0x0,0x3d,0x93,
0x3,0x0,0x0,0x18,0x6,0x2,0x0,0x0,
0x0,0x0,0x0,0x0,0x0,0x0,0x0,0x0,
0x50,0x0,0x0,0x0,0x24,0x0,0x0,0x0,
0x8d,0x0,0x0,0x0,0x0,0x0,0x0,0x0,
0x38,0x0,0x0,0x0,0x0,0x0,0x0,0x0,
0x38,0x0,0x0,0x0,0x0,0x0,0x2,0x0,
0xff,0xff,0xff,0xff,0x9,0x0,0x0,0x0,
0x20,0x3,0x90,0x1,0x0,0x0,0x0,0x0,
0x0,0x0,0x7,0x0,0x0,0x0,0x0,0x0,
0x0,0x0,0x0,0x0,0x20,0x3,0x0,0x0,
0x0,0x0,0x0,0x0,0x1,0x0,0x0,0x0,
0x20,0x3,0x0,0x0,0x1,0x0,0x0,0x0,
0xca,0x2f,0x94,0x3,0x0,0x0,0x18,0x7,
0x2f,0x95,0x3,0x0,0x0,0x3d,0x96,0x3,
0x0,0x0,0x18,0x8,0x43,0x97,0x3,0x0,
0x0,0x7,0x0,0x0,0x0,0x1a,0x8,0x6,
0xd4,0x16,0x6,0x2,0x0,0x0,0x0,0x0,
0x44,0x0,0x0,0x0,0x8,0x0,0x0,0x0,
0x72,0x0,0x0,0x0,0x0,0x0,0x0,0x0,
0x38,0x0,0x0,0x0,0x0,0x0,0x0,0x0,
0x38,0x0,0x0,0x0,0x0,0x0,0x1,0x0,
0xff,0xff,0xff,0xff,0x7,0x0,0x0,0x0,
0x1f,0x3,0x90,0x1,0x0,0x0,0x0,0x0,
0x0,0x0,0x7,0x0,0x0,0x0,0x0,0x0,
0x0,0x0,0x0,0x0,0x1f,0x3,0x0,0x0,
0x1,0x0,0x0,0x0,0x2f,0x98,0x3,0x0,
0x0,0x18,0x6,0x2,0x0,0x0,0x0,0x0,
0x44,0x0,0x0,0x0,0x1f,0x0,0x0,0x0,
0x80,0x0,0x0,0x0,0x0,0x0,0x0,0x0,
0x38,0x0,0x0,0x0,0x0,0x0,0x0,0x0,
0x38,0x0,0x0,0x0,0x0,0x0,0x1,0x0,
0xff,0xff,0xff,0xff,0x8,0x0,0x0,0x0,
0x29,0x3,0x90,0x0,0x0,0x0,0x0,0x0,
0x0,0x0,0x7,0x0,0x0,0x0,0x0,0x0,
0x0,0x0,0x0,0x0,0x29,0x3,0x0,0x0,
0x1,0x0,0x0,0x0,0x2f,0x99,0x3,0x0,
0x0,0x3d,0x9a,0x3,0x0,0x0,0x4e,0x10,
0x2f,0x9b,0x3,0x0,0x0,0x3d,0x9c,0x3,
0x0,0x0,0x18,0x7,0x12,0x0,0x6e,0x7,
0x18,0x6,0x2,0x0,0x0,0x0,0x0,0x0,
0x44,0x0,0x0,0x0,0x8,0x0,0x0,0x0,
0x72,0x0,0x0,0x0,0x0,0x0,0x0,0x0,
0x38,0x0,0x0,0x0,0x0,0x0,0x0,0x0,
0x38,0x0,0x0,0x0,0x0,0x0,0x1,0x0,
0xff,0xff,0xff,0xff,0x7,0x0,0x0,0x0,
0x2a,0x3,0x90,0x0,0x0,0x0,0x0,0x0,
0x0,0x0,0x7,0x0,0x0,0x0,0x0,0x0,
0x0,0x0,0x0,0x0,0x2a,0x3,0x0,0x0,
0x1,0x0,0x0,0x0,0x2f,0x9d,0x3,0x0,
0x0,0x18,0x6,0x2,0x0,0x0,0x0,0x0,
0x44,0x0,0x0,0x0,0x30,0x0,0x0,0x0,
0x99,0x0,0x0,0x0,0x0,0x0,0x0,0x0,
0x38,0x0,0x0,0x0,0x0,0x0,0x0,0x0,
0x38,0x0,0x0,0x0,0x0,0x0,0x1,0x0,
0xff,0xff,0xff,0xff,0xd,0x0,0x0,0x0,
0x33,0x3,0xd0,0x0,0x0,0x0,0x0,0x0,
0x0,0x0,0x7,0x0,0x0,0x0,0x0,0x0,
0x0,0x0,0x0,0x0,0x33,0x3,0x0,0x0,
0x1,0x0,0x0,0x0,0x2f,0x9e,0x3,0x0,
0x0,0x18,0x7,0x2f,0x9f,0x3,0x0,0x0,
0x3d,0xa0,0x3,0x0,0x0,0x18,0xc,0x10,
0x60,0xa2,0xc,0x18,0xa,0x14,0x3f,0xb,
0xad,0xa1,0x3,0x0,0x0,0x7,0x0,0x0,
0x0,0x2,0x0,0x0,0x0,0xa,0x0,0x0,
0x0,0x18,0x6,0x2,0x0,0x0,0x0,0x0,
0x44,0x0,0x0,0x0,0x8,0x0,0x0,0x0,
0x94,0x0,0x0,0x0,0x0,0x0,0x0,0x0,
0x38,0x0,0x0,0x0,0x0,0x0,0x0,0x0,
0x38,0x0,0x0,0x0,0x0,0x0,0x1,0x0,
0xff,0xff,0xff,0xff,0x7,0x0,0x0,0x0,
0x31,0x3,0xd0,0x0,0x0,0x0,0x0,0x0,
0x0,0x0,0x7,0x0,0x0,0x0,0x0,0x0,
0x0,0x0,0x0,0x0,0x31,0x3,0x0,0x0,
0x1,0x0,0x0,0x0,0x2f,0xa2,0x3,0x0,
0x0,0x18,0x6,0x2,0x0,0x0,0x0,0x0,
0x44,0x0,0x0,0x0,0xd,0x0,0x0,0x0,
0x99,0x0,0x0,0x0,0x0,0x0,0x0,0x0,
0x38,0x0,0x0,0x0,0x0,0x0,0x0,0x0,
0x38,0x0,0x0,0x0,0x0,0x0,0x1,0x0,
0xff,0xff,0xff,0xff,0x7,0x0,0x0,0x0,
0x36,0x3,0x10,0x1,0x0,0x0,0x0,0x0,
0x0,0x0,0x7,0x0,0x0,0x0,0x0,0x0,
0x0,0x0,0x0,0x0,0x36,0x3,0x0,0x0,
0x1,0x0,0x0,0x0,0x2f,0xa3,0x3,0x0,
0x0,0x3d,0xa4,0x3,0x0,0x0,0x18,0x6,
0x2,0x0,0x0,0x0,0x0,0x0,0x0,0x0,
0x44,0x0,0x0,0x0,0x39,0x0,0x0,0x0,
0x5b,0x0,0x0,0x0,0x0,0x0,0x0,0x0,
0x38,0x0,0x0,0x0,0x0,0x0,0x0,0x0,
0x38,0x0,0x0,0x0,0x0,0x0,0x1,0x0,
0xff,0xff,0xff,0xff,0xa,0x0,0x0,0x0,
0x3f,0x3,0x50,0x1,0x0,0x0,0x0,0x0,
0x0,0x0,0x7,0x0,0x0,0x0,0x0,0x0,
0x0,0x0,0x0,0x0,0x3f,0x3,0x0,0x0,
0x1,0x0,0x0,0x0,0x2f,0xa5,0x3,0x0,
0x0,0x3d,0xa6,0x3,0x0,0x0,0x50,0x16,
0x13,0xe7,0x1,0x0,0x0,0x18,0x9,0xb5,
0xa7,0x3,0x0,0x0,0x1,0x0,0x0,0x0,
0x9,0x0,0x0,0x0,0x4c,0x14,0x13,0xe8,
0x1,0x0,0x0,0x18,0x9,0xb5,0xa8,0x3,
0x0,0x0,0x1,0x0,0x0,0x0,0x9,0x0,
0x0,0x0,0x18,0x6,0x2,0x0,0x0,0x0,
0x0,0x0,0x0,0x0,0x0,0x0,0x0,0x0,
0x44,0x0,0x0,0x0,0x20,0x0,0x0,0x0,
0x7c,0x0,0x0,0x0,0x0,0x0,0x0,0x0,
0x38,0x0,0x0,0x0,0x0,0x0,0x0,0x0,
0x38,0x0,0x0,0x0,0x0,0x0,0x1,0x0,
0xff,0xff,0xff,0xff,0x7,0x0,0x0,0x0,
0x40,0x3,0x50,0x1,0x0,0x0,0x0,0x0,
0x0,0x0,0x7,0x0,0x0,0x0,0x0,0x0,
0x0,0x0,0x0,0x0,0x40,0x3,0x0,0x0,
0x1,0x0,0x0,0x0,0x2f,0xa9,0x3,0x0,
0x0,0x3d,0xaa,0x3,0x0,0x0,0x50,0x7,
0x13,0xcd,0x0,0x0,0x0,0x4c,0xa,0x2f,
0xab,0x3,0x0,0x0,0x3d,0xac,0x3,0x0,
0x0,0x18,0x6,0x2,0x0,0x0,0x0,0x0,
0x44,0x0,0x0,0x0,0xd,0x0,0x0,0x0,
0x86,0x0,0x0,0x0,0x0,0x0,0x0,0x0,
0x38,0x0,0x0,0x0,0x0,0x0,0x0,0x0,
0x38,0x0,0x0,0x0,0x0,0x0,0x1,0x0,
0xff,0xff,0xff,0xff,0x7,0x0,0x0,0x0,
0x48,0x3,0x50,0x1,0x0,0x0,0x0,0x0,
0x0,0x0,0x7,0x0,0x0,0x0,0x0,0x0,
0x0,0x0,0x0,0x0,0x48,0x3,0x0,0x0,
0x1,0x0,0x0,0x0,0x2f,0xad,0x3,0x0,
0x0,0x3d,0xae,0x3,0x0,0x0,0x18,0x6,
0x2,0x0,0x0,0x0,0x0,0x0,0x0,0x0,
0x44,0x0,0x0,0x0,0xd,0x0,0x0,0x0,
0x8b,0x0,0x0,0x0,0x0,0x0,0x0,0x0,
0x38,0x0,0x0,0x0,0x0,0x0,0x0,0x0,
0x38,0x0,0x0,0x0,0x0,0x0,0x1,0x0,
0xff,0xff,0xff,0xff,0x7,0x0,0x0,0x0,
0x4d,0x3,0x90,0x1,0x0,0x0,0x0,0x0,
0x0,0x0,0x7,0x0,0x0,0x0,0x0,0x0,
0x0,0x0,0x0,0x0,0x4d,0x3,0x0,0x0,
0x1,0x0,0x0,0x0,0x2f,0xaf,0x3,0x0,
0x0,0x3d,0xb0,0x3,0x0,0x0,0x18,0x6,
0x2,0x0,0x0,0x0,0x0,0x0,0x0,0x0,
0x50,0x0,0x0,0x0,0x1f,0x0,0x0,0x0,
0x8d,0x0,0x0,0x0,0x0,0x0,0x0,0x0,
0x38,0x0,0x0,0x0,0x0,0x0,0x0,0x0,
0x38,0x0,0x0,0x0,0x0,0x0,0x2,0x0,
0xff,0xff,0xff,0xff,0xa,0x0,0x0,0x0,
0x4e,0x3,0x90,0x1,0x0,0x0,0x0,0x0,
0x0,0x0,0x7,0x0,0x0,0x0,0x0,0x0,
0x0,0x0,0x0,0x0,0x4e,0x3,0x0,0x0,
0x0,0x0,0x0,0x0,0x1,0x0,0x0,0x0,
0x4e,0x3,0x0,0x0,0x1,0x0,0x0,0x0,
0xca,0x2f,0xb1,0x3,0x0,0x0,0x18,0x7,
0xad,0xb2,0x3,0x0,0x0,0x7,0x0,0x0,
0x0,0x0,0x0,0x0,0x0,0x0,0x0,0x0,
0x0,0x18,0x6,0xd4,0x16,0x6,0x2,0x0,
0x44,0x0,0x0,0x0,0x8,0x0,0x0,0x0,
0x72,0x0,0x0,0x0,0x0,0x0,0x0,0x0,
0x38,0x0,0x0,0x0,0x0,0x0,0x0,0x0,
0x38,0x0,0x0,0x0,0x0,0x0,0x1,0x0,
0xff,0xff,0xff,0xff,0x7,0x0,0x0,0x0,
0x4b,0x3,0x90,0x1,0x0,0x0,0x0,0x0,
0x0,0x0,0x7,0x0,0x0,0x0,0x0,0x0,
0x0,0x0,0x0,0x0,0x4b,0x3,0x0,0x0,
0x1,0x0,0x0,0x0,0x2f,0xb3,0x3,0x0,
0x0,0x18,0x6,0x2,0x0,0x0,0x0,0x0,
0x44,0x0,0x0,0x0,0xd,0x0,0x0,0x0,
0x99,0x0,0x0,0x0,0x0,0x0,0x0,0x0,
0x38,0x0,0x0,0x0,0x0,0x0,0x0,0x0,
0x38,0x0,0x0,0x0,0x0,0x0,0x1,0x0,
0xff,0xff,0xff,0xff,0x7,0x0,0x0,0x0,
0x55,0x3,0x10,0x1,0x0,0x0,0x0,0x0,
0x0,0x0,0x7,0x0,0x0,0x0,0x0,0x0,
0x0,0x0,0x0,0x0,0x55,0x3,0x0,0x0,
0x1,0x0,0x0,0x0,0x2f,0xb4,0x3,0x0,
0x0,0x3d,0xb5,0x3,0x0,0x0,0x18,0x6,
0x2,0x0,0x0,0x0,0x0,0x0,0x0,0x0,
0x44,0x0,0x0,0x0,0x16,0x0,0x0,0x0,
0x1d,0x1,0x0,0x0,0x0,0x0,0x0,0x0,
0x38,0x0,0x0,0x0,0x0,0x0,0x0,0x0,
0x38,0x0,0x0,0x0,0x0,0x0,0x1,0x0,
0xff,0xff,0xff,0xff,0x8,0x0,0x0,0x0,
0x5d,0x3,0x50,0x1,0x0,0x0,0x0,0x0,
0x0,0x0,0x7,0x0,0x0,0x0,0x0,0x0,
0x0,0x0,0x0,0x0,0x5d,0x3,0x0,0x0,
0x1,0x0,0x0,0x0,0x13,0xe9,0x1,0x0,
0x0,0x18,0x7,0x2f,0xb6,0x3,0x0,0x0,
0x3d,0xb7,0x3,0x0,0x0,0x80,0x7,0x18,
0x6,0x2,0x0,0x0,0x0,0x0,0x0,0x0,
0x44,0x0,0x0,0x0,0xd,0x0,0x0,0x0,
0x20,0x1,0x0,0x0,0x0,0x0,0x0,0x0,
0x38,0x0,0x0,0x0,0x0,0x0,0x0,0x0,
0x38,0x0,0x0,0x0,0x0,0x0,0x1,0x0,
0xff,0xff,0xff,0xff,0x7,0x0,0x0,0x0,
0x5f,0x3,0x50,0x1,0x0,0x0,0x0,0x0,
0x0,0x0,0x7,0x0,0x0,0x0,0x0,0x0,
0x0,0x0,0x0,0x0,0x5f,0x3,0x0,0x0,
0x1,0x0,0x0,0x0,0x2f,0xb8,0x3,0x0,
0x0,0x3d,0xb9,0x3,0x0,0x0,0x18,0x6,
0x2,0x0,0x0,0x0,0x0,0x0,0x0,0x0,
0x44,0x0,0x0,0x0,0x8,0x0,0x0,0x0,
0x72,0x0,0x0,0x0,0x0,0x0,0x0,0x0,
0x38,0x0,0x0,0x0,0x0,0x0,0x0,0x0,
0x38,0x0,0x0,0x0,0x0,0x0,0x1,0x0,
0xff,0xff,0xff,0xff,0x7,0x0,0x0,0x0,
0x5b,0x3,0x50,0x1,0x0,0x0,0x0,0x0,
0x0,0x0,0x7,0x0,0x0,0x0,0x0,0x0,
0x0,0x0,0x0,0x0,0x5b,0x3,0x0,0x0,
0x1,0x0,0x0,0x0,0x2f,0xba,0x3,0x0,
0x0,0x18,0x6,0x2,0x0,0x0,0x0,0x0,
0x44,0x0,0x0,0x0,0xd,0x0,0x0,0x0,
0x99,0x0,0x0,0x0,0x0,0x0,0x0,0x0,
0x38,0x0,0x0,0x0,0x0,0x0,0x0,0x0,
0x38,0x0,0x0,0x0,0x0,0x0,0x1,0x0,
0xff,0xff,0xff,0xff,0x7,0x0,0x0,0x0,
0x66,0x3,0x10,0x1,0x0,0x0,0x0,0x0,
0x0,0x0,0x7,0x0,0x0,0x0,0x0,0x0,
0x0,0x0,0x0,0x0,0x66,0x3,0x0,0x0,
0x1,0x0,0x0,0x0,0x2f,0xbb,0x3,0x0,
0x0,0x3d,0xbc,0x3,0x0,0x0,0x18,0x6,
0x2,0x0,0x0,0x0,0x0,0x0,0x0,0x0,
0x44,0x0,0x0,0x0,0x38,0x0,0x0,0x0,
0x99,0x0,0x0,0x0,0x0,0x0,0x0,0x0,
0x38,0x0,0x0,0x0,0x0,0x0,0x0,0x0,
0x38,0x0,0x0,0x0,0x0,0x0,0x1,0x0,
0xff,0xff,0xff,0xff,0xd,0x0,0x0,0x0,
0x72,0x3,0x90,0x1,0x0,0x0,0x0,0x0,
0x0,0x0,0x7,0x0,0x0,0x0,0x0,0x0,
0x0,0x0,0x0,0x0,0x72,0x3,0x0,0x0,
0x1,0x0,0x0,0x0,0x2f,0xbd,0x3,0x0,
0x0,0x3d,0xbe,0x3,0x0,0x0,0x18,0x7,
0x2f,0xbf,0x3,0x0,0x0,0x18,0x8,0x14,
0x32,0xb,0x2f,0xc0,0x3,0x0,0x0,0x3d,
0xc1,0x3,0x0,0x0,0x18,0xc,0xad,0xc2,
0x3,0x0,0x0,0x8,0x0,0x0,0x0,0x2,
0x0,0x0,0x0,0xb,0x0,0x0,0x0,0x9c,
0x7,0x18,0x6,0x2,0x0,0x0,0x0,0x0,
0x44,0x0,0x0,0x0,0xd,0x0,0x0,0x0,
0xaa,0x0,0x0,0x0,0x0,0x0,0x0,0x0,
0x38,0x0,0x0,0x0,0x0,0x0,0x0,0x0,
0x38,0x0,0x0,0x0,0x0,0x0,0x1,0x0,
0xff,0xff,0xff,0xff,0x7,0x0,0x0,0x0,
0x73,0x3,0x90,0x1,0x0,0x0,0x0,0x0,
0x0,0x0,0x7,0x0,0x0,0x0,0x0,0x0,
0x0,0x0,0x0,0x0,0x73,0x3,0x0,0x0,
0x1,0x0,0x0,0x0,0x2f,0xc3,0x3,0x0,
0x0,0x3d,0xc4,0x3,0x0,0x0,0x18,0x6,
0x2,0x0,0x0,0x0,0x0,0x0,0x0,0x0,
0x44,0x0,0x0,0x0,0x39,0x0,0x0,0x0,
0x30,0x1,0x0,0x0,0x0,0x0,0x0,0x0,
0x38,0x0,0x0,0x0,0x0,0x0,0x0,0x0,
0x38,0x0,0x0,0x0,0x0,0x0,0x1,0x0,
0xff,0xff,0xff,0xff,0xd,0x0,0x0,0x0,
0x78,0x3,0x90,0x1,0x0,0x0,0x0,0x0,
0x0,0x0,0x7,0x0,0x0,0x0,0x0,0x0,
0x0,0x0,0x0,0x0,0x78,0x3,0x0,0x0,
0x1,0x0,0x0,0x0,0x2f,0xc5,0x3,0x0,
0x0,0x3d,0xc6,0x3,0x0,0x0,0x18,0x7,
0x2f,0xc7,0x3,0x0,0x0,0x18,0x8,0x14,
0x32,0xb,0x2f,0xc8,0x3,0x0,0x0,0x3d,
0xc9,0x3,0x0,0x0,0x18,0xc,0xad,0xca,
0x3,0x0,0x0,0x8,0x0,0x0,0x0,0x2,
0x0,0x0,0x0,0xb,0x0,0x0,0x0,0x9c,
0x7,0x7e,0x18,0x6,0x2,0x0,0x0,0x0,
0x0,0x0,0x0,0x0,0x0,0x0,0x0,0x0,
0x44,0x0,0x0,0x0,0xd,0x0,0x0,0x0,
0xaa,0x0,0x0,0x0,0x0,0x0,0x0,0x0,
0x38,0x0,0x0,0x0,0x0,0x0,0x0,0x0,
0x38,0x0,0x0,0x0,0x0,0x0,0x1,0x0,
0xff,0xff,0xff,0xff,0x7,0x0,0x0,0x0,
0x7a,0x3,0x90,0x1,0x0,0x0,0x0,0x0,
0x0,0x0,0x7,0x0,0x0,0x0,0x0,0x0,
0x0,0x0,0x0,0x0,0x7a,0x3,0x0,0x0,
0x1,0x0,0x0,0x0,0x2f,0xcb,0x3,0x0,
0x0,0x3d,0xcc,0x3,0x0,0x0,0x18,0x6,
0x2,0x0,0x0,0x0,0x0,0x0,0x0,0x0,
0x44,0x0,0x0,0x0,0xd,0x0,0x0,0x0,
0x7c,0x0,0x0,0x0,0x0,0x0,0x0,0x0,
0x38,0x0,0x0,0x0,0x0,0x0,0x0,0x0,
0x38,0x0,0x0,0x0,0x0,0x0,0x1,0x0,
0xff,0xff,0xff,0xff,0x7,0x0,0x0,0x0,
0x7b,0x3,0x90,0x1,0x0,0x0,0x0,0x0,
0x0,0x0,0x7,0x0,0x0,0x0,0x0,0x0,
0x0,0x0,0x0,0x0,0x7b,0x3,0x0,0x0,
0x1,0x0,0x0,0x0,0x2f,0xcd,0x3,0x0,
0x0,0x3d,0xce,0x3,0x0,0x0,0x18,0x6,
0x2,0x0,0x0,0x0,0x0,0x0,0x0,0x0,
0x80,0x0,0x0,0x0,0x6b,0x0,0x0,0x0,
0x5b,0x0,0x0,0x0,0x0,0x0,0x0,0x0,
0x38,0x0,0x0,0x0,0x0,0x0,0x0,0x0,
0x38,0x0,0x0,0x0,0x0,0x0,0x6,0x0,
0xff,0xff,0xff,0xff,0xe,0x0,0x0,0x0,
0x7f,0x3,0x50,0x1,0x0,0x0,0x0,0x0,
0x0,0x0,0x7,0x0,0x0,0x0,0x0,0x0,
0x0,0x0,0x0,0x0,0x7f,0x3,0x0,0x0,
0x1,0x0,0x0,0x0,0x2f,0x0,0x0,0x0,
0x80,0x3,0x0,0x0,0x1,0x0,0x0,0x0,
0x3c,0x0,0x0,0x0,0x7f,0x3,0x0,0x0,
0x1,0x0,0x0,0x0,0x40,0x0,0x0,0x0,
0x80,0x3,0x0,0x0,0x1,0x0,0x0,0x0,
0x66,0x0,0x0,0x0,0x7f,0x3,0x0,0x0,
0x1,0x0,0x0,0x0,0x6a,0x0,0x0,0x0,
0x80,0x3,0x0,0x0,0x1,0x0,0x0,0x0,
0x2f,0xcf,0x3,0x0,0x0,0x3d,0xd0,0x3,
0x0,0x0,0x18,0x7,0x10,0x64,0x9c,0x7,
0x18,0x8,0x14,0x32,0xb,0xad,0xd1,0x3,
0x0,0x0,0x8,0x0,0x0,0x0,0x1,0x0,
0x0,0x0,0xb,0x0,0x0,0x0,0x18,0x7,
0x13,0xed,0x1,0x0,0x0,0x18,0xa,0xb5,
0xd2,0x3,0x0,0x0,0x1,0x0,0x0,0x0,
0xa,0x0,0x0,0x0,0x80,0x7,0x18,0x8,
0x2f,0xd3,0x3,0x0,0x0,0x3d,0xd4,0x3,
0x0,0x0,0x18,0x9,0x10,0x64,0x9c,0x9,
0x18,0xa,0x14,0x32,0xd,0xad,0xd5,0x3,
0x0,0x0,0xa,0x0,0x0,0x0,0x1,0x0,
0x0,0x0,0xd,0x0,0x0,0x0,0x80,0x8,
0x18,0x6,0x2,0x0,0x0,0x0,0x0,0x0,
0x44,0x0,0x0,0x0,0x13,0x0,0x0,0x0,
0x80,0x0,0x0,0x0,0x0,0x0,0x0,0x0,
0x38,0x0,0x0,0x0,0x0,0x0,0x0,0x0,
0x38,0x0,0x0,0x0,0x0,0x0,0x1,0x0,
0xff,0xff,0xff,0xff,0x8,0x0,0x0,0x0,
0x87,0x3,0x10,0x1,0x0,0x0,0x0,0x0,
0x0,0x0,0x7,0x0,0x0,0x0,0x0,0x0,
0x0,0x0,0x0,0x0,0x87,0x3,0x0,0x0,
0x1,0x0,0x0,0x0,0x2f,0xd6,0x3,0x0,
0x0,0x3d,0xd7,0x3,0x0,0x0,0x18,0x7,
0x12,0x0,0x6e,0x7,0x18,0x6,0x2,0x0,
0x0,0x0,0x0,0x0,0x0,0x0,0x0,0x0,
0x44,0x0,0x0,0x0,0xd,0x0,0x0,0x0,
0x99,0x0,0x0,0x0,0x0,0x0,0x0,0x0,
0x38,0x0,0x0,0x0,0x0,0x0,0x0,0x0,
0x38,0x0,0x0,0x0,0x0,0x0,0x1,0x0,
0xff,0xff,0xff,0xff,0x7,0x0,0x0,0x0,
0x88,0x3,0x10,0x1,0x0,0x0,0x0,0x0,
0x0,0x0,0x7,0x0,0x0,0x0,0x0,0x0,
0x0,0x0,0x0,0x0,0x88,0x3,0x0,0x0,
0x1,0x0,0x0,0x0,0x2f,0xd8,0x3,0x0,
0x0,0x3d,0xd9,0x3,0x0,0x0,0x18,0x6,
0x2,0x0,0x0,0x0,0x0,0x0,0x0,0x0,
0x44,0x0,0x0,0x0,0xd,0x0,0x0,0x0,
0x32,0x1,0x0,0x0,0x0,0x0,0x0,0x0,
0x38,0x0,0x0,0x0,0x0,0x0,0x0,0x0,
0x38,0x0,0x0,0x0,0x0,0x0,0x1,0x0,
0xff,0xff,0xff,0xff,0x7,0x0,0x0,0x0,
0x89,0x3,0x10,0x1,0x0,0x0,0x0,0x0,
0x0,0x0,0x7,0x0,0x0,0x0,0x0,0x0,
0x0,0x0,0x0,0x0,0x89,0x3,0x0,0x0,
0x1,0x0,0x0,0x0,0x2f,0xda,0x3,0x0,
0x0,0x3d,0xdb,0x3,0x0,0x0,0x18,0x6,
0x2,0x0,0x0,0x0,0x0,0x0,0x0,0x0,
0x44,0x0,0x0,0x0,0xd,0x0,0x0,0x0,
0x5b,0x0,0x0,0x0,0x0,0x0,0x0,0x0,
0x38,0x0,0x0,0x0,0x0,0x0,0x0,0x0,
0x38,0x0,0x0,0x0,0x0,0x0,0x1,0x0,
0xff,0xff,0xff,0xff,0x7,0x0,0x0,0x0,
0x8a,0x3,0x10,0x1,0x0,0x0,0x0,0x0,
0x0,0x0,0x7,0x0,0x0,0x0,0x0,0x0,
0x0,0x0,0x0,0x0,0x8a,0x3,0x0,0x0,
0x1,0x0,0x0,0x0,0x2f,0xdc,0x3,0x0,
0x0,0x3d,0xdd,0x3,0x0,0x0,0x18,0x6,
0x2,0x0,0x0,0x0,0x0,0x0,0x0,0x0,
0x44,0x0,0x0,0x0,0xd,0x0,0x0,0x0,
0x7c,0x0,0x0,0x0,0x0,0x0,0x0,0x0,
0x38,0x0,0x0,0x0,0x0,0x0,0x0,0x0,
0x38,0x0,0x0,0x0,0x0,0x0,0x1,0x0,
0xff,0xff,0xff,0xff,0x7,0x0,0x0,0x0,
0x8b,0x3,0x10,0x1,0x0,0x0,0x0,0x0,
0x0,0x0,0x7,0x0,0x0,0x0,0x0,0x0,
0x0,0x0,0x0,0x0,0x8b,0x3,0x0,0x0,
0x1,0x0,0x0,0x0,0x2f,0xde,0x3,0x0,
0x0,0x3d,0xdf,0x3,0x0,0x0,0x18,0x6,
0x2,0x0,0x0,0x0,0x0,0x0,0x0,0x0,
0x44,0x0,0x0,0x0,0xd,0x0,0x0,0x0,
0x80,0x0,0x0,0x0,0x0,0x0,0x0,0x0,
0x38,0x0,0x0,0x0,0x0,0x0,0x0,0x0,
0x38,0x0,0x0,0x0,0x0,0x0,0x1,0x0,
0xff,0xff,0xff,0xff,0x7,0x0,0x0,0x0,
0x93,0x3,0x90,0x0,0x0,0x0,0x0,0x0,
0x0,0x0,0x7,0x0,0x0,0x0,0x0,0x0,
0x0,0x0,0x0,0x0,0x93,0x3,0x0,0x0,
0x1,0x0,0x0,0x0,0x2f,0xe0,0x3,0x0,
0x0,0x3d,0xe1,0x3,0x0,0x0,0x18,0x6,
0x2,0x0,0x0,0x0,0x0,0x0,0x0,0x0,
0x44,0x0,0x0,0x0,0x8,0x0,0x0,0x0,
0x72,0x0,0x0,0x0,0x0,0x0,0x0,0x0,
0x38,0x0,0x0,0x0,0x0,0x0,0x0,0x0,
0x38,0x0,0x0,0x0,0x0,0x0,0x1,0x0,
0xff,0xff,0xff,0xff,0x7,0x0,0x0,0x0,
0x94,0x3,0x90,0x0,0x0,0x0,0x0,0x0,
0x0,0x0,0x7,0x0,0x0,0x0,0x0,0x0,
0x0,0x0,0x0,0x0,0x94,0x3,0x0,0x0,
0x1,0x0,0x0,0x0,0x2f,0xe2,0x3,0x0,
0x0,0x18,0x6,0x2,0x0,0x0,0x0,0x0,
0x44,0x0,0x0,0x0,0xd,0x0,0x0,0x0,
0x35,0x1,0x0,0x0,0x0,0x0,0x0,0x0,
0x38,0x0,0x0,0x0,0x0,0x0,0x0,0x0,
0x38,0x0,0x0,0x0,0x0,0x0,0x1,0x0,
0xff,0xff,0xff,0xff,0x7,0x0,0x0,0x0,
0x9c,0x3,0xd0,0x0,0x0,0x0,0x0,0x0,
0x0,0x0,0x7,0x0,0x0,0x0,0x0,0x0,
0x0,0x0,0x0,0x0,0x9c,0x3,0x0,0x0,
0x1,0x0,0x0,0x0,0x2f,0xe3,0x3,0x0,
0x0,0x3d,0xe4,0x3,0x0,0x0,0x18,0x6,
0x2,0x0,0x0,0x0,0x0,0x0,0x0,0x0,
0x44,0x0,0x0,0x0,0xd,0x0,0x0,0x0,
0xc8,0x0,0x0,0x0,0x0,0x0,0x0,0x0,
0x38,0x0,0x0,0x0,0x0,0x0,0x0,0x0,
0x38,0x0,0x0,0x0,0x0,0x0,0x1,0x0,
0xff,0xff,0xff,0xff,0x7,0x0,0x0,0x0,
0x9d,0x3,0xd0,0x0,0x0,0x0,0x0,0x0,
0x0,0x0,0x7,0x0,0x0,0x0,0x0,0x0,
0x0,0x0,0x0,0x0,0x9d,0x3,0x0,0x0,
0x1,0x0,0x0,0x0,0x2f,0xe5,0x3,0x0,
0x0,0x3d,0xe6,0x3,0x0,0x0,0x18,0x6,
0x2,0x0,0x0,0x0,0x0,0x0,0x0,0x0,
0x44,0x0,0x0,0x0,0xd,0x0,0x0,0x0,
0xc2,0x0,0x0,0x0,0x0,0x0,0x0,0x0,
0x38,0x0,0x0,0x0,0x0,0x0,0x0,0x0,
0x38,0x0,0x0,0x0,0x0,0x0,0x1,0x0,
0xff,0xff,0xff,0xff,0x7,0x0,0x0,0x0,
0x9e,0x3,0xd0,0x0,0x0,0x0,0x0,0x0,
0x0,0x0,0x7,0x0,0x0,0x0,0x0,0x0,
0x0,0x0,0x0,0x0,0x9e,0x3,0x0,0x0,
0x1,0x0,0x0,0x0,0x2f,0xe7,0x3,0x0,
0x0,0x3d,0xe8,0x3,0x0,0x0,0x18,0x6,
0x2,0x0,0x0,0x0,0x0,0x0,0x0,0x0,
0x44,0x0,0x0,0x0,0x39,0x0,0x0,0x0,
0x5b,0x0,0x0,0x0,0x0,0x0,0x0,0x0,
0x38,0x0,0x0,0x0,0x0,0x0,0x0,0x0,
0x38,0x0,0x0,0x0,0x0,0x0,0x1,0x0,
0xff,0xff,0xff,0xff,0xa,0x0,0x0,0x0,
0xa2,0x3,0x10,0x1,0x0,0x0,0x0,0x0,
0x0,0x0,0x7,0x0,0x0,0x0,0x0,0x0,
0x0,0x0,0x0,0x0,0xa2,0x3,0x0,0x0,
0x1,0x0,0x0,0x0,0x2f,0xe9,0x3,0x0,
0x0,0x3d,0xea,0x3,0x0,0x0,0x50,0x16,
0x13,0xf0,0x1,0x0,0x0,0x18,0x9,0xb5,
0xeb,0x3,0x0,0x0,0x1,0x0,0x0,0x0,
0x9,0x0,0x0,0x0,0x4c,0x14,0x13,0xf1,
0x1,0x0,0x0,0x18,0x9,0xb5,0xec,0x3,
0x0,0x0,0x1,0x0,0x0,0x0,0x9,0x0,
0x0,0x0,0x18,0x6,0x2,0x0,0x0,0x0,
0x0,0x0,0x0,0x0,0x0,0x0,0x0,0x0,
0x44,0x0,0x0,0x0,0xd,0x0,0x0,0x0,
0x7c,0x0,0x0,0x0,0x0,0x0,0x0,0x0,
0x38,0x0,0x0,0x0,0x0,0x0,0x0,0x0,
0x38,0x0,0x0,0x0,0x0,0x0,0x1,0x0,
0xff,0xff,0xff,0xff,0x7,0x0,0x0,0x0,
0xa3,0x3,0x10,0x1,0x0,0x0,0x0,0x0,
0x0,0x0,0x7,0x0,0x0,0x0,0x0,0x0,
0x0,0x0,0x0,0x0,0xa3,0x3,0x0,0x0,
0x1,0x0,0x0,0x0,0x2f,0xed,0x3,0x0,
0x0,0x3d,0xee,0x3,0x0,0x0,0x18,0x6,
0x2,0x0,0x0,0x0,0x0,0x0,0x0,0x0,
0x44,0x0,0x0,0x0,0x25,0x0,0x0,0x0,
0x7c,0x0,0x0,0x0,0x0,0x0,0x0,0x0,
0x38,0x0,0x0,0x0,0x0,0x0,0x0,0x0,
0x38,0x0,0x0,0x0,0x0,0x0,0x1,0x0,
0xff,0xff,0xff,0xff,0x7,0x0,0x0,0x0,
0xaa,0x3,0x10,0x1,0x0,0x0,0x0,0x0,
0x0,0x0,0x7,0x0,0x0,0x0,0x0,0x0,
0x0,0x0,0x0,0x0,0xaa,0x3,0x0,0x0,
0x1,0x0,0x0,0x0,0x2f,0xef,0x3,0x0,
0x0,0x3d,0xf0,0x3,0x0,0x0,0x50,0xc,
0x2f,0xf1,0x3,0x0,0x0,0x3d,0xf2,0x3,
0x0,0x0,0x4c,0xa,0x2f,0xf3,0x3,0x0,
0x0,0x3d,0xf4,0x3,0x0,0x0,0x18,0x6,
0x2,0x0,0x0,0x0,0x0,0x0,0x0,0x0,
0x44,0x0,0x0,0x0,0xd,0x0,0x0,0x0,
0x86,0x0,0x0,0x0,0x0,0x0,0x0,0x0,
0x38,0x0,0x0,0x0,0x0,0x0,0x0,0x0,
0x38,0x0,0x0,0x0,0x0,0x0,0x1,0x0,
0xff,0xff,0xff,0xff,0x7,0x0,0x0,0x0,
0xac,0x3,0x10,0x1,0x0,0x0,0x0,0x0,
0x0,0x0,0x7,0x0,0x0,0x0,0x0,0x0,
0x0,0x0,0x0,0x0,0xac,0x3,0x0,0x0,
0x1,0x0,0x0,0x0,0x2f,0xf5,0x3,0x0,
0x0,0x3d,0xf6,0x3,0x0,0x0,0x18,0x6,
0x2,0x0,0x0,0x0,0x0,0x0,0x0,0x0,
0x44,0x0,0x0,0x0,0xd,0x0,0x0,0x0,
0x8b,0x0,0x0,0x0,0x0,0x0,0x0,0x0,
0x38,0x0,0x0,0x0,0x0,0x0,0x0,0x0,
0x38,0x0,0x0,0x0,0x0,0x0,0x1,0x0,
0xff,0xff,0xff,0xff,0x7,0x0,0x0,0x0,
0xb1,0x3,0x50,0x1,0x0,0x0,0x0,0x0,
0x0,0x0,0x7,0x0,0x0,0x0,0x0,0x0,
0x0,0x0,0x0,0x0,0xb1,0x3,0x0,0x0,
0x1,0x0,0x0,0x0,0x2f,0xf7,0x3,0x0,
0x0,0x3d,0xf8,0x3,0x0,0x0,0x18,0x6,
0x2,0x0,0x0,0x0,0x0,0x0,0x0,0x0,
0x50,0x0,0x0,0x0,0x1b,0x0,0x0,0x0,
0x8d,0x0,0x0,0x0,0x0,0x0,0x0,0x0,
0x38,0x0,0x0,0x0,0x0,0x0,0x0,0x0,
0x38,0x0,0x0,0x0,0x0,0x0,0x2,0x0,
0xff,0xff,0xff,0xff,0x9,0x0,0x0,0x0,
0xb2,0x3,0x50,0x1,0x0,0x0,0x0,0x0,
0x0,0x0,0x7,0x0,0x0,0x0,0x0,0x0,
0x0,0x0,0x0,0x0,0xb2,0x3,0x0,0x0,
0x0,0x0,0x0,0x0,0x1,0x0,0x0,0x0,
0xb2,0x3,0x0,0x0,0x1,0x0,0x0,0x0,
0xca,0x2f,0xf9,0x3,0x0,0x0,0x18,0x7,
0xa,0x18,0x8,0x43,0xfa,0x3,0x0,0x0,
0x7,0x0,0x0,0x0,0x1a,0x8,0x6,0xd4,
0x16,0x6,0x2,0x0,0x0,0x0,0x0,0x0,
0x44,0x0,0x0,0x0,0x8,0x0,0x0,0x0,
0x72,0x0,0x0,0x0,0x0,0x0,0x0,0x0,
0x38,0x0,0x0,0x0,0x0,0x0,0x0,0x0,
0x38,0x0,0x0,0x0,0x0,0x0,0x1,0x0,
0xff,0xff,0xff,0xff,0x7,0x0,0x0,0x0,
0xaf,0x3,0x50,0x1,0x0,0x0,0x0,0x0,
0x0,0x0,0x7,0x0,0x0,0x0,0x0,0x0,
0x0,0x0,0x0,0x0,0xaf,0x3,0x0,0x0,
0x1,0x0,0x0,0x0,0x2f,0xfb,0x3,0x0,
0x0,0x18,0x6,0x2,0x0,0x0,0x0,0x0,
0x44,0x0,0x0,0x0,0x25,0x0,0x0,0x0,
0x7c,0x0,0x0,0x0,0x0,0x0,0x0,0x0,
0x38,0x0,0x0,0x0,0x0,0x0,0x0,0x0,
0x38,0x0,0x0,0x0,0x0,0x0,0x1,0x0,
0xff,0xff,0xff,0xff,0x7,0x0,0x0,0x0,
0xb7,0x3,0x10,0x1,0x0,0x0,0x0,0x0,
0x0,0x0,0x7,0x0,0x0,0x0,0x0,0x0,
0x0,0x0,0x0,0x0,0xb7,0x3,0x0,0x0,
0x1,0x0,0x0,0x0,0x2f,0xfc,0x3,0x0,
0x0,0x3d,0xfd,0x3,0x0,0x0,0x50,0xc,
0x2f,0xfe,0x3,0x0,0x0,0x3d,0xff,0x3,
0x0,0x0,0x4c,0xa,0x2f,0x0,0x4,0x0,
0x0,0x3d,0x1,0x4,0x0,0x0,0x18,0x6,
0x2,0x0,0x0,0x0,0x0,0x0,0x0,0x0,
0x44,0x0,0x0,0x0,0xd,0x0,0x0,0x0,
0x86,0x0,0x0,0x0,0x0,0x0,0x0,0x0,
0x38,0x0,0x0,0x0,0x0,0x0,0x0,0x0,
0x38,0x0,0x0,0x0,0x0,0x0,0x1,0x0,
0xff,0xff,0xff,0xff,0x7,0x0,0x0,0x0,
0xb9,0x3,0x10,0x1,0x0,0x0,0x0,0x0,
0x0,0x0,0x7,0x0,0x0,0x0,0x0,0x0,
0x0,0x0,0x0,0x0,0xb9,0x3,0x0,0x0,
0x1,0x0,0x0,0x0,0x2f,0x2,0x4,0x0,
0x0,0x3d,0x3,0x4,0x0,0x0,0x18,0x6,
0x2,0x0,0x0,0x0,0x0,0x0,0x0,0x0,
0x44,0x0,0x0,0x0,0xd,0x0,0x0,0x0,
0x8b,0x0,0x0,0x0,0x0,0x0,0x0,0x0,
0x38,0x0,0x0,0x0,0x0,0x0,0x0,0x0,
0x38,0x0,0x0,0x0,0x0,0x0,0x1,0x0,
0xff,0xff,0xff,0xff,0x7,0x0,0x0,0x0,
0xbe,0x3,0x50,0x1,0x0,0x0,0x0,0x0,
0x0,0x0,0x7,0x0,0x0,0x0,0x0,0x0,
0x0,0x0,0x0,0x0,0xbe,0x3,0x0,0x0,
0x1,0x0,0x0,0x0,0x2f,0x4,0x4,0x0,
0x0,0x3d,0x5,0x4,0x0,0x0,0x18,0x6,
0x2,0x0,0x0,0x0,0x0,0x0,0x0,0x0,
0x50,0x0,0x0,0x0,0x1b,0x0,0x0,0x0,
0x8d,0x0,0x0,0x0,0x0,0x0,0x0,0x0,
0x38,0x0,0x0,0x0,0x0,0x0,0x0,0x0,
0x38,0x0,0x0,0x0,0x0,0x0,0x2,0x0,
0xff,0xff,0xff,0xff,0x9,0x0,0x0,0x0,
0xbf,0x3,0x50,0x1,0x0,0x0,0x0,0x0,
0x0,0x0,0x7,0x0,0x0,0x0,0x0,0x0,
0x0,0x0,0x0,0x0,0xbf,0x3,0x0,0x0,
0x0,0x0,0x0,0x0,0x1,0x0,0x0,0x0,
0xbf,0x3,0x0,0x0,0x1,0x0,0x0,0x0,
0xca,0x2f,0x6,0x4,0x0,0x0,0x18,0x7,
0x8,0x18,0x8,0x43,0x7,0x4,0x0,0x0,
0x7,0x0,0x0,0x0,0x1a,0x8,0x6,0xd4,
0x16,0x6,0x2,0x0,0x0,0x0,0x0,0x0,
0x44,0x0,0x0,0x0,0x8,0x0,0x0,0x0,
0x72,0x0,0x0,0x0,0x0,0x0,0x0,0x0,
0x38,0x0,0x0,0x0,0x0,0x0,0x0,0x0,
0x38,0x0,0x0,0x0,0x0,0x0,0x1,0x0,
0xff,0xff,0xff,0xff,0x7,0x0,0x0,0x0,
0xbc,0x3,0x50,0x1,0x0,0x0,0x0,0x0,
0x0,0x0,0x7,0x0,0x0,0x0,0x0,0x0,
0x0,0x0,0x0,0x0,0xbc,0x3,0x0,0x0,
0x1,0x0,0x0,0x0,0x2f,0x8,0x4,0x0,
0x0,0x18,0x6,0x2,0x0,0x0,0x0,0x0,
0x44,0x0,0x0,0x0,0xd,0x0,0x0,0x0,
0x7c,0x0,0x0,0x0,0x0,0x0,0x0,0x0,
0x38,0x0,0x0,0x0,0x0,0x0,0x0,0x0,
0x38,0x0,0x0,0x0,0x0,0x0,0x1,0x0,
0xff,0xff,0xff,0xff,0x7,0x0,0x0,0x0,
0xc4,0x3,0x10,0x1,0x0,0x0,0x0,0x0,
0x0,0x0,0x7,0x0,0x0,0x0,0x0,0x0,
0x0,0x0,0x0,0x0,0xc4,0x3,0x0,0x0,
0x1,0x0,0x0,0x0,0x2f,0x9,0x4,0x0,
0x0,0x3d,0xa,0x4,0x0,0x0,0x18,0x6,
0x2,0x0,0x0,0x0,0x0,0x0,0x0,0x0,
0x44,0x0,0x0,0x0,0xd,0x0,0x0,0x0,
0x86,0x0,0x0,0x0,0x0,0x0,0x0,0x0,
0x38,0x0,0x0,0x0,0x0,0x0,0x0,0x0,
0x38,0x0,0x0,0x0,0x0,0x0,0x1,0x0,
0xff,0xff,0xff,0xff,0x7,0x0,0x0,0x0,
0xc6,0x3,0x10,0x1,0x0,0x0,0x0,0x0,
0x0,0x0,0x7,0x0,0x0,0x0,0x0,0x0,
0x0,0x0,0x0,0x0,0xc6,0x3,0x0,0x0,
0x1,0x0,0x0,0x0,0x2f,0xb,0x4,0x0,
0x0,0x3d,0xc,0x4,0x0,0x0,0x18,0x6,
0x2,0x0,0x0,0x0,0x0,0x0,0x0,0x0,
0x44,0x0,0x0,0x0,0xd,0x0,0x0,0x0,
0x8b,0x0,0x0,0x0,0x0,0x0,0x0,0x0,
0x38,0x0,0x0,0x0,0x0,0x0,0x0,0x0,
0x38,0x0,0x0,0x0,0x0,0x0,0x1,0x0,
0xff,0xff,0xff,0xff,0x7,0x0,0x0,0x0,
0xcc,0x3,0x50,0x1,0x0,0x0,0x0,0x0,
0x0,0x0,0x7,0x0,0x0,0x0,0x0,0x0,
0x0,0x0,0x0,0x0,0xcc,0x3,0x0,0x0,
0x1,0x0,0x0,0x0,0x2f,0xd,0x4,0x0,
0x0,0x3d,0xe,0x4,0x0,0x0,0x18,0x6,
0x2,0x0,0x0,0x0,0x0,0x0,0x0,0x0,
0x50,0x0,0x0,0x0,0x1b,0x0,0x0,0x0,
0x8d,0x0,0x0,0x0,0x0,0x0,0x0,0x0,
0x38,0x0,0x0,0x0,0x0,0x0,0x0,0x0,
0x38,0x0,0x0,0x0,0x0,0x0,0x2,0x0,
0xff,0xff,0xff,0xff,0x9,0x0,0x0,0x0,
0xcd,0x3,0x50,0x1,0x0,0x0,0x0,0x0,
0x0,0x0,0x7,0x0,0x0,0x0,0x0,0x0,
0x0,0x0,0x0,0x0,0xcd,0x3,0x0,0x0,
0x0,0x0,0x0,0x0,0x1,0x0,0x0,0x0,
0xcd,0x3,0x0,0x0,0x1,0x0,0x0,0x0,
0xca,0x2f,0xf,0x4,0x0,0x0,0x18,0x7,
0xa,0x18,0x8,0x43,0x10,0x4,0x0,0x0,
0x7,0x0,0x0,0x0,0x1a,0x8,0x6,0xd4,
0x16,0x6,0x2,0x0,0x0,0x0,0x0,0x0,
0x44,0x0,0x0,0x0,0x8,0x0,0x0,0x0,
0x72,0x0,0x0,0x0,0x0,0x0,0x0,0x0,
0x38,0x0,0x0,0x0,0x0,0x0,0x0,0x0,
0x38,0x0,0x0,0x0,0x0,0x0,0x1,0x0,
0xff,0xff,0xff,0xff,0x7,0x0,0x0,0x0,
0xca,0x3,0x50,0x1,0x0,0x0,0x0,0x0,
0x0,0x0,0x7,0x0,0x0,0x0,0x0,0x0,
0x0,0x0,0x0,0x0,0xca,0x3,0x0,0x0,
0x1,0x0,0x0,0x0,0x2f,0x11,0x4,0x0,
0x0,0x18,0x6,0x2,0x0,0x0,0x0,0x0,
0x44,0x0,0x0,0x0,0xe,0x0,0x0,0x0,
0x80,0x0,0x0,0x0,0x0,0x0,0x0,0x0,
0x38,0x0,0x0,0x0,0x0,0x0,0x0,0x0,
0x38,0x0,0x0,0x0,0x0,0x0,0x1,0x0,
0xff,0xff,0xff,0xff,0x7,0x0,0x0,0x0,
0xd3,0x3,0xd0,0x0,0x0,0x0,0x0,0x0,
0x0,0x0,0x7,0x0,0x0,0x0,0x0,0x0,
0x0,0x0,0x0,0x0,0xd3,0x3,0x0,0x0,
0x1,0x0,0x0,0x0,0x2f,0x12,0x4,0x0,
0x0,0x3d,0x13,0x4,0x0,0x0,0x74,0x18,
0x6,0x2,0x0,0x0,0x0,0x0,0x0,0x0,
0x44,0x0,0x0,0x0,0x8,0x0,0x0,0x0,
0xd0,0x0,0x0,0x0,0x0,0x0,0x0,0x0,
0x38,0x0,0x0,0x0,0x0,0x0,0x0,0x0,
0x38,0x0,0x0,0x0,0x0,0x0,0x1,0x0,
0xff,0xff,0xff,0xff,0x7,0x0,0x0,0x0,
0xdc,0x3,0xd0,0x0,0x0,0x0,0x0,0x0,
0x0,0x0,0x7,0x0,0x0,0x0,0x0,0x0,
0x0,0x0,0x0,0x0,0xdc,0x3,0x0,0x0,
0x1,0x0,0x0,0x0,0x2f,0x14,0x4,0x0,
0x0,0x18,0x6,0x2,0x0,0x0,0x0,0x0,
0x44,0x0,0x0,0x0,0xd,0x0,0x0,0x0,
0x35,0x1,0x0,0x0,0x0,0x0,0x0,0x0,
0x38,0x0,0x0,0x0,0x0,0x0,0x0,0x0,
0x38,0x0,0x0,0x0,0x0,0x0,0x1,0x0,
0xff,0xff,0xff,0xff,0x7,0x0,0x0,0x0,
0xd4,0x3,0xd0,0x0,0x0,0x0,0x0,0x0,
0x0,0x0,0x7,0x0,0x0,0x0,0x0,0x0,
0x0,0x0,0x0,0x0,0xd4,0x3,0x0,0x0,
0x1,0x0,0x0,0x0,0x2f,0x15,0x4,0x0,
0x0,0x3d,0x16,0x4,0x0,0x0,0x18,0x6,
0x2,0x0,0x0,0x0,0x0,0x0,0x0,0x0,
0x44,0x0,0x0,0x0,0xd,0x0,0x0,0x0,
0xc8,0x0,0x0,0x0,0x0,0x0,0x0,0x0,
0x38,0x0,0x0,0x0,0x0,0x0,0x0,0x0,
0x38,0x0,0x0,0x0,0x0,0x0,0x1,0x0,
0xff,0xff,0xff,0xff,0x7,0x0,0x0,0x0,
0xd5,0x3,0xd0,0x0,0x0,0x0,0x0,0x0,
0x0,0x0,0x7,0x0,0x0,0x0,0x0,0x0,
0x0,0x0,0x0,0x0,0xd5,0x3,0x0,0x0,
0x1,0x0,0x0,0x0,0x2f,0x17,0x4,0x0,
0x0,0x3d,0x18,0x4,0x0,0x0,0x18,0x6,
0x2,0x0,0x0,0x0,0x0,0x0,0x0,0x0,
0x44,0x0,0x0,0x0,0xd,0x0,0x0,0x0,
0xc2,0x0,0x0,0x0,0x0,0x0,0x0,0x0,
0x38,0x0,0x0,0x0,0x0,0x0,0x0,0x0,
0x38,0x0,0x0,0x0,0x0,0x0,0x1,0x0,
0xff,0xff,0xff,0xff,0x7,0x0,0x0,0x0,
0xd6,0x3,0xd0,0x0,0x0,0x0,0x0,0x0,
0x0,0x0,0x7,0x0,0x0,0x0,0x0,0x0,
0x0,0x0,0x0,0x0,0xd6,0x3,0x0,0x0,
0x1,0x0,0x0,0x0,0x2f,0x19,0x4,0x0,
0x0,0x3d,0x1a,0x4,0x0,0x0,0x18,0x6,
0x2,0x0,0x0,0x0,0x0,0x0,0x0,0x0,
0x44,0x0,0x0,0x0,0xd,0x0,0x0,0x0,
0xa7,0x0,0x0,0x0,0x0,0x0,0x0,0x0,
0x38,0x0,0x0,0x0,0x0,0x0,0x0,0x0,
0x38,0x0,0x0,0x0,0x0,0x0,0x1,0x0,
0xff,0xff,0xff,0xff,0x7,0x0,0x0,0x0,
0xd7,0x3,0xd0,0x0,0x0,0x0,0x0,0x0,
0x0,0x0,0x7,0x0,0x0,0x0,0x0,0x0,
0x0,0x0,0x0,0x0,0xd7,0x3,0x0,0x0,
0x1,0x0,0x0,0x0,0x2f,0x1b,0x4,0x0,
0x0,0x3d,0x1c,0x4,0x0,0x0,0x18,0x6,
0x2,0x0,0x0,0x0,0x0,0x0,0x0,0x0,
0x84,0x0,0x0,0x0,0x6b,0x0,0x0,0x0,
0x41,0x1,0x0,0x0,0x0,0x0,0x0,0x0,
0x38,0x0,0x0,0x0,0x0,0x0,0x0,0x0,
0x38,0x0,0x0,0x0,0x0,0x0,0x6,0x0,
0xff,0xff,0xff,0xff,0x13,0x0,0x0,0x0,
0xe5,0x3,0x10,0x1,0x1,0x0,0x0,0x0,
0x0,0x0,0x7,0x0,0x0,0x0,0x0,0x0,
0x0,0x0,0x0,0x0,0xe6,0x3,0x0,0x0,
0x2,0x0,0x0,0x0,0x18,0x0,0x0,0x0,
0xe7,0x3,0x0,0x0,0x3,0x0,0x0,0x0,
0x2b,0x0,0x0,0x0,0xe8,0x3,0x0,0x0,
0x4,0x0,0x0,0x0,0x5d,0x0,0x0,0x0,
0xe6,0x3,0x0,0x0,0x5,0x0,0x0,0x0,
0x65,0x0,0x0,0x0,0xe9,0x3,0x0,0x0,
0x6,0x0,0x0,0x0,0x68,0x0,0x0,0x0,
0xea,0x3,0x0,0x0,0x6,0x0,0x0,0x0,
0x7,0x0,0x0,0x0,0x1,0x2,0x7,0x1,
0x6,0x18,0x7,0x1a,0x7,0x8,0x2f,0x1d,
0x4,0x0,0x0,0x3d,0x1e,0x4,0x0,0x0,
0x68,0x8,0x50,0x4d,0x2f,0x1f,0x4,0x0,
0x0,0x18,0x9,0x16,0x7,0x34,0x9,0x18,
0xa,0x12,0x0,0x6e,0xa,0x50,0x32,0x13,
0xdf,0x1,0x0,0x0,0x18,0xb,0x2f,0x20,
0x4,0x0,0x0,0x18,0xc,0x16,0x7,0x34,
0xc,0x18,0xd,0x26,0x3,0x12,0x1a,0x12,
0x10,0x12,0x0,0x18,0x11,0xad,0x21,0x4,
0x0,0x0,0xd,0x0,0x0,0x0,0x2,0x0,
0x0,0x0,0x10,0x0,0x0,0x0,0x80,0xb,
0x2,0x16,0x7,0x7c,0x18,0x7,0x56,0x4c,
0xa2,0x12,0x0,0x2,0x16,0x6,0x2,0x0,
0x0,0x0,0x0,0x0,0x0,0x0,0x0,0x0,
0x44,0x0,0x0,0x0,0x15,0x0,0x0,0x0,
0x1a,0x1,0x0,0x0,0x0,0x0,0x0,0x0,
0x38,0x0,0x0,0x0,0x0,0x0,0x0,0x0,
0x38,0x0,0x0,0x0,0x0,0x0,0x1,0x0,
0xff,0xff,0xff,0xff,0x7,0x0,0x0,0x0,
0xf3,0x3,0x90,0x1,0x0,0x0,0x0,0x0,
0x0,0x0,0x7,0x0,0x0,0x0,0x0,0x0,
0x0,0x0,0x0,0x0,0xf3,0x3,0x0,0x0,
0x1,0x0,0x0,0x0,0x2f,0x22,0x4,0x0,
0x0,0x3d,0x23,0x4,0x0,0x0,0x50,0x4,
0x4,0x3d,0x4c,0x2,0x10,0x1,0x18,0x6,
0x2,0x0,0x0,0x0,0x0,0x0,0x0,0x0,
0x44,0x0,0x0,0x0,0xd,0x0,0x0,0x0,
0x1d,0x1,0x0,0x0,0x0,0x0,0x0,0x0,
0x38,0x0,0x0,0x0,0x0,0x0,0x0,0x0,
0x38,0x0,0x0,0x0,0x0,0x0,0x1,0x0,
0xff,0xff,0xff,0xff,0x7,0x0,0x0,0x0,
0xf7,0x3,0xd0,0x1,0x0,0x0,0x0,0x0,
0x0,0x0,0x7,0x0,0x0,0x0,0x0,0x0,
0x0,0x0,0x0,0x0,0xf7,0x3,0x0,0x0,
0x1,0x0,0x0,0x0,0x2f,0x24,0x4,0x0,
0x0,0x3d,0x25,0x4,0x0,0x0,0x18,0x6,
0x2,0x0,0x0,0x0,0x0,0x0,0x0,0x0,
0x44,0x0,0x0,0x0,0xd,0x0,0x0,0x0,
0x20,0x1,0x0,0x0,0x0,0x0,0x0,0x0,
0x38,0x0,0x0,0x0,0x0,0x0,0x0,0x0,
0x38,0x0,0x0,0x0,0x0,0x0,0x1,0x0,
0xff,0xff,0xff,0xff,0x7,0x0,0x0,0x0,
0xf9,0x3,0xd0,0x1,0x0,0x0,0x0,0x0,
0x0,0x0,0x7,0x0,0x0,0x0,0x0,0x0,
0x0,0x0,0x0,0x0,0xf9,0x3,0x0,0x0,
0x1,0x0,0x0,0x0,0x2f,0x26,0x4,0x0,
0x0,0x3d,0x27,0x4,0x0,0x0,0x18,0x6,
0x2,0x0,0x0,0x0,0x0,0x0,0x0,0x0,
0x44,0x0,0x0,0x0,0x8,0x0,0x0,0x0,
0x72,0x0,0x0,0x0,0x0,0x0,0x0,0x0,
0x38,0x0,0x0,0x0,0x0,0x0,0x0,0x0,
0x38,0x0,0x0,0x0,0x0,0x0,0x1,0x0,
0xff,0xff,0xff,0xff,0x7,0x0,0x0,0x0,
0xf6,0x3,0xd0,0x1,0x0,0x0,0x0,0x0,
0x0,0x0,0x7,0x0,0x0,0x0,0x0,0x0,
0x0,0x0,0x0,0x0,0xf6,0x3,0x0,0x0,
0x1,0x0,0x0,0x0,0x2f,0x28,0x4,0x0,
0x0,0x18,0x6,0x2,0x0,0x0,0x0,0x0,
0x98,0x0,0x0,0x0,0xbc,0x0,0x0,0x0,
0x5b,0x0,0x0,0x0,0x0,0x0,0x0,0x0,
0x38,0x0,0x0,0x0,0x0,0x0,0x0,0x0,
0x38,0x0,0x0,0x0,0x0,0x0,0x8,0x0,
0xff,0xff,0xff,0xff,0xf,0x0,0x0,0x0,
0xfe,0x3,0x90,0x1,0x0,0x0,0x0,0x0,
0x0,0x0,0x7,0x0,0x0,0x0,0x0,0x0,
0x0,0x0,0x0,0x0,0xfe,0x3,0x0,0x0,
0x1,0x0,0x0,0x0,0x2b,0x0,0x0,0x0,
0xff,0x3,0x0,0x0,0x1,0x0,0x0,0x0,
0x40,0x0,0x0,0x0,0xfe,0x3,0x0,0x0,
0x1,0x0,0x0,0x0,0x44,0x0,0x0,0x0,
0x0,0x4,0x0,0x0,0x1,0x0,0x0,0x0,
0x86,0x0,0x0,0x0,0xfe,0x3,0x0,0x0,
0x1,0x0,0x0,0x0,0x8a,0x0,0x0,0x0,
0x1,0x4,0x0,0x0,0x1,0x0,0x0,0x0,
0xb7,0x0,0x0,0x0,0xfe,0x3,0x0,0x0,
0x1,0x0,0x0,0x0,0xbb,0x0,0x0,0x0,
0x1,0x4,0x0,0x0,0x1,0x0,0x0,0x0,
0x13,0xe3,0x1,0x0,0x0,0x18,0x7,0x2f,
0x29,0x4,0x0,0x0,0x3d,0x2a,0x4,0x0,
0x0,0x80,0x7,0x18,0x8,0x14,0x3e,0xb,
0xad,0x2b,0x4,0x0,0x0,0x8,0x0,0x0,
0x0,0x1,0x0,0x0,0x0,0xb,0x0,0x0,
0x0,0x18,0x7,0x2f,0x2c,0x4,0x0,0x0,
0x3d,0x2d,0x4,0x0,0x0,0x50,0x7,0x13,
0xe4,0x1,0x0,0x0,0x4c,0x2,0x12,0x0,
0x80,0x7,0x18,0x8,0x2f,0x2e,0x4,0x0,
0x0,0x3d,0x2f,0x4,0x0,0x0,0x18,0x9,
0x6,0x64,0x9,0x50,0x2f,0x13,0xf2,0x1,
0x0,0x0,0x18,0xa,0x2f,0x30,0x4,0x0,
0x0,0x18,0xb,0x2f,0x31,0x4,0x0,0x0,
0x3d,0x32,0x4,0x0,0x0,0x18,0xe,0xad,
0x33,0x4,0x0,0x0,0xb,0x0,0x0,0x0,
0x1,0x0,0x0,0x0,0xe,0x0,0x0,0x0,
0x80,0xa,0x4c,0x2,0x12,0x0,0x80,0x8,
0x18,0x9,0x2f,0x34,0x4,0x0,0x0,0x3d,
0x35,0x4,0x0,0x0,0x18,0xa,0x13,0xd1,
0x1,0x0,0x0,0x6c,0xa,0x50,0x16,0x13,
0xf3,0x1,0x0,0x0,0x18,0xd,0xb5,0x36,
0x4,0x0,0x0,0x1,0x0,0x0,0x0,0xd,
0x0,0x0,0x0,0x4c,0x2,0x12,0x0,0x80,
0x9,0x18,0x6,0x2,0x0,0x0,0x0,0x0,
0x44,0x0,0x0,0x0,0xd,0x0,0x0,0x0,
0x7c,0x0,0x0,0x0,0x0,0x0,0x0,0x0,
0x38,0x0,0x0,0x0,0x0,0x0,0x0,0x0,
0x38,0x0,0x0,0x0,0x0,0x0,0x1,0x0,
0xff,0xff,0xff,0xff,0x7,0x0,0x0,0x0,
0x2,0x4,0x90,0x1,0x0,0x0,0x0,0x0,
0x0,0x0,0x7,0x0,0x0,0x0,0x0,0x0,
0x0,0x0,0x0,0x0,0x2,0x4,0x0,0x0,
0x1,0x0,0x0,0x0,0x2f,0x37,0x4,0x0,
0x0,0x3d,0x38,0x4,0x0,0x0,0x18,0x6,
0x2,0x0,0x0,0x0,0x0,0x0,0x0,0x0,
0x5c,0x0,0x0,0x0,0x35,0x0,0x0,0x0,
0x8d,0x0,0x0,0x0,0x0,0x0,0x0,0x0,
0x38,0x0,0x0,0x0,0x0,0x0,0x0,0x0,
0x38,0x0,0x0,0x0,0x0,0x0,0x3,0x0,
0xff,0xff,0xff,0xff,0x9,0x0,0x0,0x0,
0x8,0x4,0x50,0x1,0x0,0x0,0x0,0x0,
0x0,0x0,0x7,0x0,0x0,0x0,0x0,0x0,
0x0,0x0,0x0,0x0,0x8,0x4,0x0,0x0,
0x0,0x0,0x0,0x0,0x1,0x0,0x0,0x0,
0x8,0x4,0x0,0x0,0x3,0x0,0x0,0x0,
0x1b,0x0,0x0,0x0,0x8,0x4,0x0,0x0,
0x4,0x0,0x0,0x0,0xca,0x2f,0x39,0x4,
0x0,0x0,0x18,0x7,0x2f,0x3a,0x4,0x0,
0x0,0x3d,0x3b,0x4,0x0,0x0,0x43,0x3c,
0x4,0x0,0x0,0x7,0x0,0x0,0x0,0x2f,
0x3d,0x4,0x0,0x0,0x18,0x7,0xa,0x18,
0x8,0x43,0x3e,0x4,0x0,0x0,0x7,0x0,
0x0,0x0,0x1a,0x8,0x6,0xd4,0x16,0x6,
0x2,0x0,0x0,0x0,0x0,0x0,0x0,0x0,
0x44,0x0,0x0,0x0,0x8,0x0,0x0,0x0,
0x72,0x0,0x0,0x0,0x0,0x0,0x0,0x0,
0x38,0x0,0x0,0x0,0x0,0x0,0x0,0x0,
0x38,0x0,0x0,0x0,0x0,0x0,0x1,0x0,
0xff,0xff,0xff,0xff,0x7,0x0,0x0,0x0,
0x7,0x4,0x50,0x1,0x0,0x0,0x0,0x0,
0x0,0x0,0x7,0x0,0x0,0x0,0x0,0x0,
0x0,0x0,0x0,0x0,0x7,0x4,0x0,0x0,
0x1,0x0,0x0,0x0,0x2f,0x3f,0x4,0x0,
0x0,0x18,0x6,0x2,0x0,0x0,0x0,0x0,
0x44,0x0,0x0,0x0,0xd,0x0,0x0,0x0,
0x80,0x0,0x0,0x0,0x0,0x0,0x0,0x0,
0x38,0x0,0x0,0x0,0x0,0x0,0x0,0x0,
0x38,0x0,0x0,0x0,0x0,0x0,0x1,0x0,
0xff,0xff,0xff,0xff,0x7,0x0,0x0,0x0,
0xe,0x4,0xd0,0x0,0x0,0x0,0x0,0x0,
0x0,0x0,0x7,0x0,0x0,0x0,0x0,0x0,
0x0,0x0,0x0,0x0,0xe,0x4,0x0,0x0,
0x1,0x0,0x0,0x0,0x2f,0x40,0x4,0x0,
0x0,0x3d,0x41,0x4,0x0,0x0,0x18,0x6,
0x2,0x0,0x0,0x0,0x0,0x0,0x0,0x0,
0x44,0x0,0x0,0x0,0x8,0x0,0x0,0x0,
0xd0,0x0,0x0,0x0,0x0,0x0,0x0,0x0,
0x38,0x0,0x0,0x0,0x0,0x0,0x0,0x0,
0x38,0x0,0x0,0x0,0x0,0x0,0x1,0x0,
0xff,0xff,0xff,0xff,0x7,0x0,0x0,0x0,
0x16,0x4,0xd0,0x0,0x0,0x0,0x0,0x0,
0x0,0x0,0x7,0x0,0x0,0x0,0x0,0x0,
0x0,0x0,0x0,0x0,0x16,0x4,0x0,0x0,
0x1,0x0,0x0,0x0,0x2f,0x42,0x4,0x0,
0x0,0x18,0x6,0x2,0x0,0x0,0x0,0x0,
0x44,0x0,0x0,0x0,0xd,0x0,0x0,0x0,
0x35,0x1,0x0,0x0,0x0,0x0,0x0,0x0,
0x38,0x0,0x0,0x0,0x0,0x0,0x0,0x0,
0x38,0x0,0x0,0x0,0x0,0x0,0x1,0x0,
0xff,0xff,0xff,0xff,0x7,0x0,0x0,0x0,
0xf,0x4,0xd0,0x0,0x0,0x0,0x0,0x0,
0x0,0x0,0x7,0x0,0x0,0x0,0x0,0x0,
0x0,0x0,0x0,0x0,0xf,0x4,0x0,0x0,
0x1,0x0,0x0,0x0,0x2f,0x43,0x4,0x0,
0x0,0x3d,0x44,0x4,0x0,0x0,0x18,0x6,
0x2,0x0,0x0,0x0,0x0,0x0,0x0,0x0,
0x44,0x0,0x0,0x0,0xd,0x0,0x0,0x0,
0xc8,0x0,0x0,0x0,0x0,0x0,0x0,0x0,
0x38,0x0,0x0,0x0,0x0,0x0,0x0,0x0,
0x38,0x0,0x0,0x0,0x0,0x0,0x1,0x0,
0xff,0xff,0xff,0xff,0x7,0x0,0x0,0x0,
0x10,0x4,0xd0,0x0,0x0,0x0,0x0,0x0,
0x0,0x0,0x7,0x0,0x0,0x0,0x0,0x0,
0x0,0x0,0x0,0x0,0x10,0x4,0x0,0x0,
0x1,0x0,0x0,0x0,0x2f,0x45,0x4,0x0,
0x0,0x3d,0x46,0x4,0x0,0x0,0x18,0x6,
0x2,0x0,0x0,0x0,0x0,0x0,0x0,0x0,
0x44,0x0,0x0,0x0,0xd,0x0,0x0,0x0,
0xc2,0x0,0x0,0x0,0x0,0x0,0x0,0x0,
0x38,0x0,0x0,0x0,0x0,0x0,0x0,0x0,
0x38,0x0,0x0,0x0,0x0,0x0,0x1,0x0,
0xff,0xff,0xff,0xff,0x7,0x0,0x0,0x0,
0x11,0x4,0xd0,0x0,0x0,0x0,0x0,0x0,
0x0,0x0,0x7,0x0,0x0,0x0,0x0,0x0,
0x0,0x0,0x0,0x0,0x11,0x4,0x0,0x0,
0x1,0x0,0x0,0x0,0x2f,0x47,0x4,0x0,
0x0,0x3d,0x48,0x4,0x0,0x0,0x18,0x6,
0x2,0x0,0x0,0x0,0x0,0x0,0x0,0x0,
0x44,0x0,0x0,0x0,0xd,0x0,0x0,0x0,
0xa7,0x0,0x0,0x0,0x0,0x0,0x0,0x0,
0x38,0x0,0x0,0x0,0x0,0x0,0x0,0x0,
0x38,0x0,0x0,0x0,0x0,0x0,0x1,0x0,
0xff,0xff,0xff,0xff,0x7,0x0,0x0,0x0,
0x12,0x4,0xd0,0x0,0x0,0x0,0x0,0x0,
0x0,0x0,0x7,0x0,0x0,0x0,0x0,0x0,
0x0,0x0,0x0,0x0,0x12,0x4,0x0,0x0,
0x1,0x0,0x0,0x0,0x2f,0x49,0x4,0x0,
0x0,0x3d,0x4a,0x4,0x0,0x0,0x18,0x6,
0x2,0x0,0x0,0x0,0x0,0x0,0x0,0x0,
0x84,0x0,0x0,0x0,0x6b,0x0,0x0,0x0,
0x41,0x1,0x0,0x0,0x0,0x0,0x0,0x0,
0x38,0x0,0x0,0x0,0x0,0x0,0x0,0x0,
0x38,0x0,0x0,0x0,0x0,0x0,0x6,0x0,
0xff,0xff,0xff,0xff,0x13,0x0,0x0,0x0,
0x23,0x4,0x10,0x1,0x1,0x0,0x0,0x0,
0x0,0x0,0x7,0x0,0x0,0x0,0x0,0x0,
0x0,0x0,0x0,0x0,0x24,0x4,0x0,0x0,
0x2,0x0,0x0,0x0,0x18,0x0,0x0,0x0,
0x25,0x4,0x0,0x0,0x3,0x0,0x0,0x0,
0x2b,0x0,0x0,0x0,0x26,0x4,0x0,0x0,
0x4,0x0,0x0,0x0,0x5d,0x0,0x0,0x0,
0x24,0x4,0x0,0x0,0x5,0x0,0x0,0x0,
0x65,0x0,0x0,0x0,0x27,0x4,0x0,0x0,
0x6,0x0,0x0,0x0,0x68,0x0,0x0,0x0,
0x28,0x4,0x0,0x0,0x6,0x0,0x0,0x0,
0x7,0x0,0x0,0x0,0x1,0x2,0x7,0x1,
0x6,0x18,0x7,0x1a,0x7,0x8,0x2f,0x4b,
0x4,0x0,0x0,0x3d,0x4c,0x4,0x0,0x0,
0x68,0x8,0x50,0x4d,0x2f,0x4d,0x4,0x0,
0x0,0x18,0x9,0x16,0x7,0x34,0x9,0x18,
0xa,0x12,0x0,0x6e,0xa,0x50,0x32,0x13,
0xdf,0x1,0x0,0x0,0x18,0xb,0x2f,0x4e,
0x4,0x0,0x0,0x18,0xc,0x16,0x7,0x34,
0xc,0x18,0xd,0x26,0x4,0x12,0x1a,0x12,
0x10,0x12,0x0,0x18,0x11,0xad,0x4f,0x4,
0x0,0x0,0xd,0x0,0x0,0x0,0x2,0x0,
0x0,0x0,0x10,0x0,0x0,0x0,0x80,0xb,
0x2,0x16,0x7,0x7c,0x18,0x7,0x56,0x4c,
0xa2,0x12,0x0,0x2,0x16,0x6,0x2,0x0,
0x0,0x0,0x0,0x0,0x0,0x0,0x0,0x0,
0x44,0x0,0x0,0x0,0x12,0x0,0x0,0x0,
0x99,0x0,0x0,0x0,0x0,0x0,0x0,0x0,
0x38,0x0,0x0,0x0,0x0,0x0,0x0,0x0,
0x38,0x0,0x0,0x0,0x0,0x0,0x1,0x0,
0xff,0xff,0xff,0xff,0x7,0x0,0x0,0x0,
0x29,0x4,0x10,0x1,0x0,0x0,0x0,0x0,
0x0,0x0,0x7,0x0,0x0,0x0,0x0,0x0,
0x0,0x0,0x0,0x0,0x29,0x4,0x0,0x0,
0x1,0x0,0x0,0x0,0x2f,0x50,0x4,0x0,
0x0,0x3d,0x51,0x4,0x0,0x0,0x3d,0x52,
0x4,0x0,0x0,0x18,0x6,0x2,0x0,0x0,
0x0,0x0,0x0,0x0,0x0,0x0,0x0,0x0,
0x44,0x0,0x0,0x0,0xd,0x0,0x0,0x0,
0x99,0x0,0x0,0x0,0x0,0x0,0x0,0x0,
0x38,0x0,0x0,0x0,0x0,0x0,0x0,0x0,
0x38,0x0,0x0,0x0,0x0,0x0,0x1,0x0,
0xff,0xff,0xff,0xff,0x7,0x0,0x0,0x0,
0x2c,0x4,0xc0,0x3,0x0,0x0,0x0,0x0,
0x0,0x0,0x7,0x0,0x0,0x0,0x0,0x0,
0x0,0x0,0x0,0x0,0x2c,0x4,0x0,0x0,
0x1,0x0,0x0,0x0,0x2f,0x53,0x4,0x0,
0x0,0x3d,0x54,0x4,0x0,0x0,0x18,0x6,
0x2,0x0,0x0,0x0,0x0,0x0,0x0,0x0,
0x44,0x0,0x0,0x0,0xd,0x0,0x0,0x0,
0x7c,0x0,0x0,0x0,0x0,0x0,0x0,0x0,
0x38,0x0,0x0,0x0,0x0,0x0,0x0,0x0,
0x38,0x0,0x0,0x0,0x0,0x0,0x1,0x0,
0xff,0xff,0xff,0xff,0x7,0x0,0x0,0x0,
0x2c,0x4,0xc0,0x5,0x0,0x0,0x0,0x0,
0x0,0x0,0x7,0x0,0x0,0x0,0x0,0x0,
0x0,0x0,0x0,0x0,0x2c,0x4,0x0,0x0,
0x1,0x0,0x0,0x0,0x2f,0x55,0x4,0x0,
0x0,0x3d,0x56,0x4,0x0,0x0,0x18,0x6,
0x2,0x0,0x0,0x0,0x0,0x0,0x0,0x0,
0x44,0x0,0x0,0x0,0xd,0x0,0x0,0x0,
0xa7,0x0,0x0,0x0,0x0,0x0,0x0,0x0,
0x38,0x0,0x0,0x0,0x0,0x0,0x0,0x0,
0x38,0x0,0x0,0x0,0x0,0x0,0x1,0x0,
0xff,0xff,0xff,0xff,0x7,0x0,0x0,0x0,
0x2c,0x4,0xd0,0x1,0x0,0x0,0x0,0x0,
0x0,0x0,0x7,0x0,0x0,0x0,0x0,0x0,
0x0,0x0,0x0,0x0,0x2c,0x4,0x0,0x0,
0x1,0x0,0x0,0x0,0x2f,0x57,0x4,0x0,
0x0,0x3d,0x58,0x4,0x0,0x0,0x18,0x6,
0x2,0x0,0x0,0x0,0x0,0x0,0x0,0x0,
0x44,0x0,0x0,0x0,0x8,0x0,0x0,0x0,
0x72,0x0,0x0,0x0,0x0,0x0,0x0,0x0,
0x38,0x0,0x0,0x0,0x0,0x0,0x0,0x0,
0x38,0x0,0x0,0x0,0x0,0x0,0x1,0x0,
0xff,0xff,0xff,0xff,0x7,0x0,0x0,0x0,
0x2e,0x4,0x50,0x1,0x0,0x0,0x0,0x0,
0x0,0x0,0x7,0x0,0x0,0x0,0x0,0x0,
0x0,0x0,0x0,0x0,0x2e,0x4,0x0,0x0,
0x1,0x0,0x0,0x0,0x2f,0x59,0x4,0x0,
0x0,0x18,0x6,0x2,0x0,0x0,0x0,0x0,
0x44,0x0,0x0,0x0,0x15,0x0,0x0,0x0,
0x1a,0x1,0x0,0x0,0x0,0x0,0x0,0x0,
0x38,0x0,0x0,0x0,0x0,0x0,0x0,0x0,
0x38,0x0,0x0,0x0,0x0,0x0,0x1,0x0,
0xff,0xff,0xff,0xff,0x7,0x0,0x0,0x0,
0x35,0x4,0x90,0x1,0x0,0x0,0x0,0x0,
0x0,0x0,0x7,0x0,0x0,0x0,0x0,0x0,
0x0,0x0,0x0,0x0,0x35,0x4,0x0,0x0,
0x1,0x0,0x0,0x0,0x2f,0x5a,0x4,0x0,
0x0,0x3d,0x5b,0x4,0x0,0x0,0x50,0x4,
0x4,0x3d,0x4c,0x2,0x10,0x1,0x18,0x6,
0x2,0x0,0x0,0x0,0x0,0x0,0x0,0x0,
0x44,0x0,0x0,0x0,0xd,0x0,0x0,0x0,
0x1d,0x1,0x0,0x0,0x0,0x0,0x0,0x0,
0x38,0x0,0x0,0x0,0x0,0x0,0x0,0x0,
0x38,0x0,0x0,0x0,0x0,0x0,0x1,0x0,
0xff,0xff,0xff,0xff,0x7,0x0,0x0,0x0,
0x39,0x4,0xd0,0x1,0x0,0x0,0x0,0x0,
0x0,0x0,0x7,0x0,0x0,0x0,0x0,0x0,
0x0,0x0,0x0,0x0,0x39,0x4,0x0,0x0,
0x1,0x0,0x0,0x0,0x2f,0x5c,0x4,0x0,
0x0,0x3d,0x5d,0x4,0x0,0x0,0x18,0x6,
0x2,0x0,0x0,0x0,0x0,0x0,0x0,0x0,
0x44,0x0,0x0,0x0,0xd,0x0,0x0,0x0,
0x20,0x1,0x0,0x0,0x0,0x0,0x0,0x0,
0x38,0x0,0x0,0x0,0x0,0x0,0x0,0x0,
0x38,0x0,0x0,0x0,0x0,0x0,0x1,0x0,
0xff,0xff,0xff,0xff,0x7,0x0,0x0,0x0,
0x3b,0x4,0xd0,0x1,0x0,0x0,0x0,0x0,
0x0,0x0,0x7,0x0,0x0,0x0,0x0,0x0,
0x0,0x0,0x0,0x0,0x3b,0x4,0x0,0x0,
0x1,0x0,0x0,0x0,0x2f,0x5e,0x4,0x0,
0x0,0x3d,0x5f,0x4,0x0,0x0,0x18,0x6,
0x2,0x0,0x0,0x0,0x0,0x0,0x0,0x0,
0x44,0x0,0x0,0x0,0x8,0x0,0x0,0x0,
0x72,0x0,0x0,0x0,0x0,0x0,0x0,0x0,
0x38,0x0,0x0,0x0,0x0,0x0,0x0,0x0,
0x38,0x0,0x0,0x0,0x0,0x0,0x1,0x0,
0xff,0xff,0xff,0xff,0x7,0x0,0x0,0x0,
0x38,0x4,0xd0,0x1,0x0,0x0,0x0,0x0,
0x0,0x0,0x7,0x0,0x0,0x0,0x0,0x0,
0x0,0x0,0x0,0x0,0x38,0x4,0x0,0x0,
0x1,0x0,0x0,0x0,0x2f,0x60,0x4,0x0,
0x0,0x18,0x6,0x2,0x0,0x0,0x0,0x0,
0x44,0x0,0x0,0x0,0x2c,0x0,0x0,0x0,
0x5b,0x0,0x0,0x0,0x0,0x0,0x0,0x0,
0x38,0x0,0x0,0x0,0x0,0x0,0x0,0x0,
0x38,0x0,0x0,0x0,0x0,0x0,0x1,0x0,
0xff,0xff,0xff,0xff,0xc,0x0,0x0,0x0,
0x40,0x4,0x90,0x1,0x0,0x0,0x0,0x0,
0x0,0x0,0x7,0x0,0x0,0x0,0x0,0x0,
0x0,0x0,0x0,0x0,0x40,0x4,0x0,0x0,
0x1,0x0,0x0,0x0,0x13,0xe3,0x1,0x0,
0x0,0x18,0x7,0x2f,0x61,0x4,0x0,0x0,
0x3d,0x62,0x4,0x0,0x0,0x80,0x7,0x18,
0x8,0x14,0x3e,0xb,0xad,0x63,0x4,0x0,
0x0,0x8,0x0,0x0,0x0,0x1,0x0,0x0,
0x0,0xb,0x0,0x0,0x0,0x18,0x6,0x2,
0x0,0x0,0x0,0x0,0x0,0x0,0x0,0x0,
0x44,0x0,0x0,0x0,0xd,0x0,0x0,0x0,
0x7c,0x0,0x0,0x0,0x0,0x0,0x0,0x0,
0x38,0x0,0x0,0x0,0x0,0x0,0x0,0x0,
0x38,0x0,0x0,0x0,0x0,0x0,0x1,0x0,
0xff,0xff,0xff,0xff,0x7,0x0,0x0,0x0,
0x41,0x4,0x90,0x1,0x0,0x0,0x0,0x0,
0x0,0x0,0x7,0x0,0x0,0x0,0x0,0x0,
0x0,0x0,0x0,0x0,0x41,0x4,0x0,0x0,
0x1,0x0,0x0,0x0,0x2f,0x64,0x4,0x0,
0x0,0x3d,0x65,0x4,0x0,0x0,0x18,0x6,
0x2,0x0,0x0,0x0,0x0,0x0,0x0,0x0,
0x44,0x0,0x0,0x0,0x50,0x0,0x0,0x0,
0x5b,0x0,0x0,0x0,0x0,0x0,0x0,0x0,
0x38,0x0,0x0,0x0,0x0,0x0,0x0,0x0,
0x38,0x0,0x0,0x0,0x0,0x0,0x1,0x0,
0xff,0xff,0xff,0xff,0xf,0x0,0x0,0x0,
0x45,0x4,0x90,0x1,0x0,0x0,0x0,0x0,
0x0,0x0,0x7,0x0,0x0,0x0,0x0,0x0,
0x0,0x0,0x0,0x0,0x45,0x4,0x0,0x0,
0x1,0x0,0x0,0x0,0x2f,0x66,0x4,0x0,
0x0,0x18,0x7,0x2f,0x67,0x4,0x0,0x0,
0x3d,0x68,0x4,0x0,0x0,0x18,0x8,0x16,
0x7,0xb8,0x7,0x1,0x8,0x18,0x7,0x2f,
0x69,0x4,0x0,0x0,0x18,0xc,0xad,0x6a,
0x4,0x0,0x0,0xc,0x0,0x0,0x0,0x0,
0x0,0x0,0x0,0x0,0x0,0x0,0x0,0x18,
0xa,0x13,0xf8,0x1,0x0,0x0,0x18,0xb,
0xad,0x6b,0x4,0x0,0x0,0x7,0x0,0x0,
0x0,0x2,0x0,0x0,0x0,0xa,0x0,0x0,
0x0,0x18,0x6,0x2,0x0,0x0,0x0,0x0,
0x44,0x0,0x0,0x0,0xd,0x0,0x0,0x0,
0x7c,0x0,0x0,0x0,0x0,0x0,0x0,0x0,
0x38,0x0,0x0,0x0,0x0,0x0,0x0,0x0,
0x38,0x0,0x0,0x0,0x0,0x0,0x1,0x0,
0xff,0xff,0xff,0xff,0x7,0x0,0x0,0x0,
0x46,0x4,0x90,0x1,0x0,0x0,0x0,0x0,
0x0,0x0,0x7,0x0,0x0,0x0,0x0,0x0,
0x0,0x0,0x0,0x0,0x46,0x4,0x0,0x0,
0x1,0x0,0x0,0x0,0x2f,0x6c,0x4,0x0,
0x0,0x3d,0x6d,0x4,0x0,0x0,0x18,0x6,
0x2,0x0,0x0,0x0,0x0,0x0,0x0,0x0,
0x44,0x0,0x0,0x0,0xd,0x0,0x0,0x0,
0xd0,0x0,0x0,0x0,0x0,0x0,0x0,0x0,
0x38,0x0,0x0,0x0,0x0,0x0,0x0,0x0,
0x38,0x0,0x0,0x0,0x0,0x0,0x1,0x0,
0xff,0xff,0xff,0xff,0x7,0x0,0x0,0x0,
0x4c,0x4,0xd0,0x1,0x0,0x0,0x0,0x0,
0x0,0x0,0x7,0x0,0x0,0x0,0x0,0x0,
0x0,0x0,0x0,0x0,0x4c,0x4,0x0,0x0,
0x1,0x0,0x0,0x0,0x2f,0x6e,0x4,0x0,
0x0,0x3d,0x6f,0x4,0x0,0x0,0x18,0x6,
0x2,0x0,0x0,0x0,0x0,0x0,0x0,0x0,
0x74,0x0,0x0,0x0,0x68,0x0,0x0,0x0,
0x5b,0x0,0x0,0x0,0x0,0x0,0x0,0x0,
0x38,0x0,0x0,0x0,0x0,0x0,0x0,0x0,
0x38,0x0,0x0,0x0,0x0,0x0,0x5,0x0,
0xff,0xff,0xff,0xff,0x10,0x0,0x0,0x0,
0x50,0x4,0x10,0x2,0x0,0x0,0x0,0x0,
0x0,0x0,0x7,0x0,0x0,0x0,0x0,0x0,
0x0,0x0,0x0,0x0,0x50,0x4,0x0,0x0,
0x1,0x0,0x0,0x0,0x10,0x0,0x0,0x0,
0x51,0x4,0x0,0x0,0x1,0x0,0x0,0x0,
0x2a,0x0,0x0,0x0,0x52,0x4,0x0,0x0,
0x1,0x0,0x0,0x0,0x63,0x0,0x0,0x0,
0x50,0x4,0x0,0x0,0x1,0x0,0x0,0x0,
0x67,0x0,0x0,0x0,0x52,0x4,0x0,0x0,
0x1,0x0,0x0,0x0,0x2f,0x70,0x4,0x0,
0x0,0x18,0x7,0x13,0xf9,0x1,0x0,0x0,
0x80,0x7,0x18,0x8,0x2f,0x71,0x4,0x0,
0x0,0x3d,0x72,0x4,0x0,0x0,0x18,0x9,
0x2f,0x73,0x4,0x0,0x0,0x34,0x9,0x18,
0xa,0x6,0x66,0xa,0x50,0x34,0x2f,0x74,
0x4,0x0,0x0,0x3d,0x75,0x4,0x0,0x0,
0x18,0xb,0x2f,0x76,0x4,0x0,0x0,0x34,
0xb,0x18,0xc,0x14,0x32,0xf,0xad,0x77,
0x4,0x0,0x0,0xc,0x0,0x0,0x0,0x1,
0x0,0x0,0x0,0xf,0x0,0x0,0x0,0x18,
0xb,0x13,0x91,0x1,0x0,0x0,0x80,0xb,
0x4c,0x5,0x13,0xd6,0x1,0x0,0x0,0x80,
0x8,0x18,0x6,0x2,0x0,0x0,0x0,0x0,
0x44,0x0,0x0,0x0,0x22,0x0,0x0,0x0,
0x7c,0x0,0x0,0x0,0x0,0x0,0x0,0x0,
0x38,0x0,0x0,0x0,0x0,0x0,0x0,0x0,
0x38,0x0,0x0,0x0,0x0,0x0,0x1,0x0,
0xff,0xff,0xff,0xff,0xb,0x0,0x0,0x0,
0x53,0x4,0x10,0x2,0x0,0x0,0x0,0x0,
0x0,0x0,0x7,0x0,0x0,0x0,0x0,0x0,
0x0,0x0,0x0,0x0,0x53,0x4,0x0,0x0,
0x1,0x0,0x0,0x0,0x2f,0x78,0x4,0x0,
0x0,0x18,0x7,0x2f,0x79,0x4,0x0,0x0,
0x18,0xa,0xad,0x7a,0x4,0x0,0x0,0x7,
0x0,0x0,0x0,0x1,0x0,0x0,0x0,0xa,
0x0,0x0,0x0,0x18,0x6,0x2,0x0,0x0,
0x0,0x0,0x0,0x0,0x0,0x0,0x0,0x0,
0x44,0x0,0x0,0x0,0x30,0x0,0x0,0x0,
0x5b,0x0,0x0,0x0,0x0,0x0,0x0,0x0,
0x38,0x0,0x0,0x0,0x0,0x0,0x0,0x0,
0x38,0x0,0x0,0x0,0x0,0x0,0x1,0x0,
0xff,0xff,0xff,0xff,0xb,0x0,0x0,0x0,
0x59,0x4,0x90,0x1,0x0,0x0,0x0,0x0,
0x0,0x0,0x7,0x0,0x0,0x0,0x0,0x0,
0x0,0x0,0x0,0x0,0x59,0x4,0x0,0x0,
0x1,0x0,0x0,0x0,0x2f,0x7b,0x4,0x0,
0x0,0x3d,0x7c,0x4,0x0,0x0,0x18,0x7,
0x13,0xd1,0x1,0x0,0x0,0x6c,0x7,0x50,
0x16,0x13,0xd1,0x1,0x0,0x0,0x18,0xa,
0xb5,0x7d,0x4,0x0,0x0,0x1,0x0,0x0,
0x0,0xa,0x0,0x0,0x0,0x4c,0x2,0x12,
0x0,0x18,0x6,0x2,0x0,0x0,0x0,0x0,
0x44,0x0,0x0,0x0,0xd,0x0,0x0,0x0,
0x7c,0x0,0x0,0x0,0x0,0x0,0x0,0x0,
0x38,0x0,0x0,0x0,0x0,0x0,0x0,0x0,
0x38,0x0,0x0,0x0,0x0,0x0,0x1,0x0,
0xff,0xff,0xff,0xff,0x7,0x0,0x0,0x0,
0x5a,0x4,0x90,0x1,0x0,0x0,0x0,0x0,
0x0,0x0,0x7,0x0,0x0,0x0,0x0,0x0,
0x0,0x0,0x0,0x0,0x5a,0x4,0x0,0x0,
0x1,0x0,0x0,0x0,0x2f,0x7e,0x4,0x0,
0x0,0x3d,0x7f,0x4,0x0,0x0,0x18,0x6,
0x2,0x0,0x0,0x0,0x0,0x0,0x0,0x0,
0x44,0x0,0x0,0x0,0xd,0x0,0x0,0x0,
0x5b,0x0,0x0,0x0,0x0,0x0,0x0,0x0,
0x38,0x0,0x0,0x0,0x0,0x0,0x0,0x0,
0x38,0x0,0x0,0x0,0x0,0x0,0x1,0x0,
0xff,0xff,0xff,0xff,0x7,0x0,0x0,0x0,
0x5f,0x4,0x90,0x1,0x0,0x0,0x0,0x0,
0x0,0x0,0x7,0x0,0x0,0x0,0x0,0x0,
0x0,0x0,0x0,0x0,0x5f,0x4,0x0,0x0,
0x1,0x0,0x0,0x0,0x2f,0x80,0x4,0x0,
0x0,0x3d,0x81,0x4,0x0,0x0,0x18,0x6,
0x2,0x0,0x0,0x0,0x0,0x0,0x0,0x0,
0x44,0x0,0x0,0x0,0xd,0x0,0x0,0x0,
0x7c,0x0,0x0,0x0,0x0,0x0,0x0,0x0,
0x38,0x0,0x0,0x0,0x0,0x0,0x0,0x0,
0x38,0x0,0x0,0x0,0x0,0x0,0x1,0x0,
0xff,0xff,0xff,0xff,0x7,0x0,0x0,0x0,
0x60,0x4,0x90,0x1,0x0,0x0,0x0,0x0,
0x0,0x0,0x7,0x0,0x0,0x0,0x0,0x0,
0x0,0x0,0x0,0x0,0x60,0x4,0x0,0x0,
0x1,0x0,0x0,0x0,0x2f,0x82,0x4,0x0,
0x0,0x3d,0x83,0x4,0x0,0x0,0x18,0x6,
0x2,0x0,0x0,0x0,0x0,0x0,0x0,0x0,
0x44,0x0,0x0,0x0,0xd,0x0,0x0,0x0,
0x46,0x1,0x0,0x0,0x0,0x0,0x0,0x0,
0x38,0x0,0x0,0x0,0x0,0x0,0x0,0x0,
0x38,0x0,0x0,0x0,0x0,0x0,0x1,0x0,
0xff,0xff,0xff,0xff,0x7,0x0,0x0,0x0,
0x62,0x4,0x90,0x1,0x0,0x0,0x0,0x0,
0x0,0x0,0x7,0x0,0x0,0x0,0x0,0x0,
0x0,0x0,0x0,0x0,0x62,0x4,0x0,0x0,
0x1,0x0,0x0,0x0,0x2f,0x84,0x4,0x0,
0x0,0x3d,0x85,0x4,0x0,0x0,0x18,0x6,
0x2,0x0,0x0,0x0,0x0,0x0,0x0,0x0,
0x68,0x0,0x0,0x0,0x55,0x0,0x0,0x0,
0x5b,0x0,0x0,0x0,0x0,0x0,0x0,0x0,
0x38,0x0,0x0,0x0,0x0,0x0,0x0,0x0,
0x38,0x0,0x0,0x0,0x0,0x0,0x4,0x0,
0xff,0xff,0xff,0xff,0xd,0x0,0x0,0x0,
0x66,0x4,0x90,0x1,0x0,0x0,0x0,0x0,
0x0,0x0,0x7,0x0,0x0,0x0,0x0,0x0,
0x0,0x0,0x0,0x0,0x66,0x4,0x0,0x0,
0x1,0x0,0x0,0x0,0x17,0x0,0x0,0x0,
0x67,0x4,0x0,0x0,0x1,0x0,0x0,0x0,
0x50,0x0,0x0,0x0,0x66,0x4,0x0,0x0,
0x1,0x0,0x0,0x0,0x54,0x0,0x0,0x0,
0x67,0x4,0x0,0x0,0x1,0x0,0x0,0x0,
0x2f,0x86,0x4,0x0,0x0,0x3d,0x87,0x4,
0x0,0x0,0x50,0x7,0x13,0xfb,0x1,0x0,
0x0,0x4c,0x2,0x12,0x0,0x18,0x7,0x2f,
0x88,0x4,0x0,0x0,0x3d,0x89,0x4,0x0,
0x0,0x18,0x8,0x6,0x64,0x8,0x50,0x26,
0x2f,0x8a,0x4,0x0,0x0,0x18,0x9,0x2f,
0x8b,0x4,0x0,0x0,0x3d,0x8c,0x4,0x0,
0x0,0x18,0xc,0xad,0x8d,0x4,0x0,0x0,
0x9,0x0,0x0,0x0,0x1,0x0,0x0,0x0,
0xc,0x0,0x0,0x0,0x4c,0x2,0x12,0x0,
0x80,0x7,0x18,0x6,0x2,0x0,0x0,0x0,
0x44,0x0,0x0,0x0,0xd,0x0,0x0,0x0,
0x7c,0x0,0x0,0x0,0x0,0x0,0x0,0x0,
0x38,0x0,0x0,0x0,0x0,0x0,0x0,0x0,
0x38,0x0,0x0,0x0,0x0,0x0,0x1,0x0,
0xff,0xff,0xff,0xff,0x7,0x0,0x0,0x0,
0x68,0x4,0x90,0x1,0x0,0x0,0x0,0x0,
0x0,0x0,0x7,0x0,0x0,0x0,0x0,0x0,
0x0,0x0,0x0,0x0,0x68,0x4,0x0,0x0,
0x1,0x0,0x0,0x0,0x2f,0x8e,0x4,0x0,
0x0,0x3d,0x8f,0x4,0x0,0x0,0x18,0x6,
0x2,0x0,0x0,0x0,0x0,0x0,0x0,0x0,
0x5c,0x0,0x0,0x0,0x35,0x0,0x0,0x0,
0x8d,0x0,0x0,0x0,0x0,0x0,0x0,0x0,
0x38,0x0,0x0,0x0,0x0,0x0,0x0,0x0,
0x38,0x0,0x0,0x0,0x0,0x0,0x3,0x0,
0xff,0xff,0xff,0xff,0x9,0x0,0x0,0x0,
0x6e,0x4,0x50,0x1,0x0,0x0,0x0,0x0,
0x0,0x0,0x7,0x0,0x0,0x0,0x0,0x0,
0x0,0x0,0x0,0x0,0x6e,0x4,0x0,0x0,
0x0,0x0,0x0,0x0,0x1,0x0,0x0,0x0,
0x6e,0x4,0x0,0x0,0x3,0x0,0x0,0x0,
0x1b,0x0,0x0,0x0,0x6e,0x4,0x0,0x0,
0x4,0x0,0x0,0x0,0xca,0x2f,0x90,0x4,
0x0,0x0,0x18,0x7,0x2f,0x91,0x4,0x0,
0x0,0x3d,0x92,0x4,0x0,0x0,0x43,0x93,
0x4,0x0,0x0,0x7,0x0,0x0,0x0,0x2f,
0x94,0x4,0x0,0x0,0x18,0x7,0xa,0x18,
0x8,0x43,0x95,0x4,0x0,0x0,0x7,0x0,
0x0,0x0,0x1a,0x8,0x6,0xd4,0x16,0x6,
0x2,0x0,0x0,0x0,0x0,0x0,0x0,0x0,
0x44,0x0,0x0,0x0,0x8,0x0,0x0,0x0,
0x72,0x0,0x0,0x0,0x0,0x0,0x0,0x0,
0x38,0x0,0x0,0x0,0x0,0x0,0x0,0x0,
0x38,0x0,0x0,0x0,0x0,0x0,0x1,0x0,
0xff,0xff,0xff,0xff,0x7,0x0,0x0,0x0,
0x6d,0x4,0x50,0x1,0x0,0x0,0x0,0x0,
0x0,0x0,0x7,0x0,0x0,0x0,0x0,0x0,
0x0,0x0,0x0,0x0,0x6d,0x4,0x0,0x0,
0x1,0x0,0x0,0x0,0x2f,0x96,0x4,0x0,
0x0,0x18,0x6,0x2,0x0,0x0,0x0,0x0,
0x44,0x0,0x0,0x0,0x17,0x0,0x0,0x0,
0x80,0x0,0x0,0x0,0x0,0x0,0x0,0x0,
0x38,0x0,0x0,0x0,0x0,0x0,0x0,0x0,
0x38,0x0,0x0,0x0,0x0,0x0,0x1,0x0,
0xff,0xff,0xff,0xff,0x8,0x0,0x0,0x0,
0x76,0x4,0x90,0x0,0x0,0x0,0x0,0x0,
0x0,0x0,0x7,0x0,0x0,0x0,0x0,0x0,
0x0,0x0,0x0,0x0,0x76,0x4,0x0,0x0,
0x1,0x0,0x0,0x0,0x2f,0x97,0x4,0x0,
0x0,0x3d,0x98,0x4,0x0,0x0,0x3d,0x99,
0x4,0x0,0x0,0x18,0x7,0x6,0x64,0x7,
0x18,0x6,0x2,0x0,0x0,0x0,0x0,0x0,
0x44,0x0,0x0,0x0,0x8,0x0,0x0,0x0,
0x72,0x0,0x0,0x0,0x0,0x0,0x0,0x0,
0x38,0x0,0x0,0x0,0x0,0x0,0x0,0x0,
0x38,0x0,0x0,0x0,0x0,0x0,0x1,0x0,
0xff,0xff,0xff,0xff,0x7,0x0,0x0,0x0,
0x77,0x4,0x90,0x0,0x0,0x0,0x0,0x0,
0x0,0x0,0x7,0x0,0x0,0x0,0x0,0x0,
0x0,0x0,0x0,0x0,0x77,0x4,0x0,0x0,
0x1,0x0,0x0,0x0,0x2f,0x9a,0x4,0x0,
0x0,0x18,0x6,0x2,0x0,0x0,0x0,0x0,
0x50,0x0,0x0,0x0,0x1d,0x0,0x0,0x0,
0x8d,0x0,0x0,0x0,0x0,0x0,0x0,0x0,
0x38,0x0,0x0,0x0,0x0,0x0,0x0,0x0,
0x38,0x0,0x0,0x0,0x0,0x0,0x2,0x0,
0xff,0xff,0xff,0xff,0x9,0x0,0x0,0x0,
0x7a,0x4,0xb0,0x2,0x0,0x0,0x0,0x0,
0x0,0x0,0x7,0x0,0x0,0x0,0x0,0x0,
0x0,0x0,0x0,0x0,0x7a,0x4,0x0,0x0,
0x0,0x0,0x0,0x0,0x1,0x0,0x0,0x0,
0x7a,0x4,0x0,0x0,0x1,0x0,0x0,0x0,
0xca,0x2f,0x9b,0x4,0x0,0x0,0x18,0x7,
0xe8,0x0,0x0,0x18,0x8,0x43,0x9c,0x4,
0x0,0x0,0x7,0x0,0x0,0x0,0x1a,0x8,
0x6,0xd4,0x16,0x6,0x2,0x0,0x0,0x0,
0x44,0x0,0x0,0x0,0x8,0x0,0x0,0x0,
0x72,0x0,0x0,0x0,0x0,0x0,0x0,0x0,
0x38,0x0,0x0,0x0,0x0,0x0,0x0,0x0,
0x38,0x0,0x0,0x0,0x0,0x0,0x1,0x0,
0xff,0xff,0xff,0xff,0x7,0x0,0x0,0x0,
0x7a,0x4,0x50,0x1,0x0,0x0,0x0,0x0,
0x0,0x0,0x7,0x0,0x0,0x0,0x0,0x0,
0x0,0x0,0x0,0x0,0x7a,0x4,0x0,0x0,
0x1,0x0,0x0,0x0,0x2f,0x9d,0x4,0x0,
0x0,0x18,0x6,0x2,0x0,0x0,0x0,0x0,
0x44,0x0,0x0,0x0,0x3f,0x0,0x0,0x0,
0xaa,0x0,0x0,0x0,0x0,0x0,0x0,0x0,
0x38,0x0,0x0,0x0,0x0,0x0,0x0,0x0,
0x38,0x0,0x0,0x0,0x0,0x0,0x1,0x0,
0xff,0xff,0xff,0xff,0xd,0x0,0x0,0x0,
0x7f,0x4,0xd0,0x0,0x0,0x0,0x0,0x0,
0x0,0x0,0x7,0x0,0x0,0x0,0x0,0x0,
0x0,0x0,0x0,0x0,0x7f,0x4,0x0,0x0,
0x1,0x0,0x0,0x0,0x2f,0x9e,0x4,0x0,
0x0,0x18,0x7,0x2f,0x9f,0x4,0x0,0x0,
0x3d,0xa0,0x4,0x0,0x0,0x18,0xc,0x10,
0x78,0xa2,0xc,0x18,0xa,0x2f,0xa1,0x4,
0x0,0x0,0x3d,0xa2,0x4,0x0,0x0,0x18,
0xc,0x10,0x30,0x80,0xc,0x18,0xb,0xad,
0xa3,0x4,0x0,0x0,0x7,0x0,0x0,0x0,
0x2,0x0,0x0,0x0,0xa,0x0,0x0,0x0,
0x18,0x6,0x2,0x0,0x0,0x0,0x0,0x0,
0x44,0x0,0x0,0x0,0x8,0x0,0x0,0x0,
0x94,0x0,0x0,0x0,0x0,0x0,0x0,0x0,
0x38,0x0,0x0,0x0,0x0,0x0,0x0,0x0,
0x38,0x0,0x0,0x0,0x0,0x0,0x1,0x0,
0xff,0xff,0xff,0xff,0x7,0x0,0x0,0x0,
0x7d,0x4,0xd0,0x0,0x0,0x0,0x0,0x0,
0x0,0x0,0x7,0x0,0x0,0x0,0x0,0x0,
0x0,0x0,0x0,0x0,0x7d,0x4,0x0,0x0,
0x1,0x0,0x0,0x0,0x2f,0xa4,0x4,0x0,
0x0,0x18,0x6,0x2,0x0,0x0,0x0,0x0,
0x44,0x0,0x0,0x0,0xd,0x0,0x0,0x0,
0x7c,0x0,0x0,0x0,0x0,0x0,0x0,0x0,
0x38,0x0,0x0,0x0,0x0,0x0,0x0,0x0,
0x38,0x0,0x0,0x0,0x0,0x0,0x1,0x0,
0xff,0xff,0xff,0xff,0x7,0x0,0x0,0x0,
0x82,0x4,0xd0,0x0,0x0,0x0,0x0,0x0,
0x0,0x0,0x7,0x0,0x0,0x0,0x0,0x0,
0x0,0x0,0x0,0x0,0x82,0x4,0x0,0x0,
0x1,0x0,0x0,0x0,0x2f,0xa5,0x4,0x0,
0x0,0x3d,0xa6,0x4,0x0,0x0,0x18,0x6,
0x2,0x0,0x0,0x0,0x0,0x0,0x0,0x0,
0x44,0x0,0x0,0x0,0x8,0x0,0x0,0x0,
0x72,0x0,0x0,0x0,0x0,0x0,0x0,0x0,
0x38,0x0,0x0,0x0,0x0,0x0,0x0,0x0,
0x38,0x0,0x0,0x0,0x0,0x0,0x1,0x0,
0xff,0xff,0xff,0xff,0x7,0x0,0x0,0x0,
0x83,0x4,0x90,0x1,0x0,0x0,0x0,0x0,
0x0,0x0,0x7,0x0,0x0,0x0,0x0,0x0,
0x0,0x0,0x0,0x0,0x83,0x4,0x0,0x0,
0x1,0x0,0x0,0x0,0x2f,0xa7,0x4,0x0,
0x0,0x18,0x6,0x2,0x0,0x0,0x0,0x0,
0x44,0x0,0x0,0x0,0x13,0x0,0x0,0x0,
0x99,0x0,0x0,0x0,0x0,0x0,0x0,0x0,
0x38,0x0,0x0,0x0,0x0,0x0,0x0,0x0,
0x38,0x0,0x0,0x0,0x0,0x0,0x1,0x0,
0xff,0xff,0xff,0xff,0x8,0x0,0x0,0x0,
0x89,0x4,0x10,0x1,0x0,0x0,0x0,0x0,
0x0,0x0,0x7,0x0,0x0,0x0,0x0,0x0,
0x0,0x0,0x0,0x0,0x89,0x4,0x0,0x0,
0x1,0x0,0x0,0x0,0x2f,0xa8,0x4,0x0,
0x0,0x3d,0xa9,0x4,0x0,0x0,0x18,0x7,
0x10,0x30,0xa2,0x7,0x18,0x6,0x2,0x0,
0x0,0x0,0x0,0x0,0x0,0x0,0x0,0x0,
0x44,0x0,0x0,0x0,0xd,0x0,0x0,0x0,
0x35,0x1,0x0,0x0,0x0,0x0,0x0,0x0,
0x38,0x0,0x0,0x0,0x0,0x0,0x0,0x0,
0x38,0x0,0x0,0x0,0x0,0x0,0x1,0x0,
0xff,0xff,0xff,0xff,0x7,0x0,0x0,0x0,
0x86,0x4,0x10,0x1,0x0,0x0,0x0,0x0,
0x0,0x0,0x7,0x0,0x0,0x0,0x0,0x0,
0x0,0x0,0x0,0x0,0x86,0x4,0x0,0x0,
0x1,0x0,0x0,0x0,0x2f,0xaa,0x4,0x0,
0x0,0x3d,0xab,0x4,0x0,0x0,0x18,0x6,
0x2,0x0,0x0,0x0,0x0,0x0,0x0,0x0,
0x44,0x0,0x0,0x0,0xd,0x0,0x0,0x0,
0xcb,0x0,0x0,0x0,0x0,0x0,0x0,0x0,
0x38,0x0,0x0,0x0,0x0,0x0,0x0,0x0,
0x38,0x0,0x0,0x0,0x0,0x0,0x1,0x0,
0xff,0xff,0xff,0xff,0x7,0x0,0x0,0x0,
0x87,0x4,0x10,0x1,0x0,0x0,0x0,0x0,
0x0,0x0,0x7,0x0,0x0,0x0,0x0,0x0,
0x0,0x0,0x0,0x0,0x87,0x4,0x0,0x0,
0x1,0x0,0x0,0x0,0x2f,0xac,0x4,0x0,
0x0,0x3d,0xad,0x4,0x0,0x0,0x18,0x6,
0x2,0x0,0x0,0x0,0x0,0x0,0x0,0x0,
0x50,0x0,0x0,0x0,0x3b,0x0,0x0,0x0,
0x5b,0x0,0x0,0x0,0x0,0x0,0x0,0x0,
0x38,0x0,0x0,0x0,0x0,0x0,0x0,0x0,
0x38,0x0,0x0,0x0,0x0,0x0,0x2,0x0,
0xff,0xff,0xff,0xff,0xb,0x0,0x0,0x0,
0x8c,0x4,0x50,0x1,0x0,0x0,0x0,0x0,
0x0,0x0,0x7,0x0,0x0,0x0,0x0,0x0,
0x0,0x0,0x0,0x0,0x8c,0x4,0x0,0x0,
0x1,0x0,0x0,0x0,0x16,0x0,0x0,0x0,
0x8d,0x4,0x0,0x0,0x1,0x0,0x0,0x0,
0x13,0xfc,0x1,0x0,0x0,0x18,0x9,0xb5,
0xae,0x4,0x0,0x0,0x1,0x0,0x0,0x0,
0x9,0x0,0x0,0x0,0x18,0x7,0x2f,0xaf,
0x4,0x0,0x0,0x3d,0xb0,0x4,0x0,0x0,
0x3d,0xb1,0x4,0x0,0x0,0x18,0xa,0xad,
0xb2,0x4,0x0,0x0,0x7,0x0,0x0,0x0,
0x1,0x0,0x0,0x0,0xa,0x0,0x0,0x0,
0x18,0x6,0x2,0x0,0x0,0x0,0x0,0x0,
0x44,0x0,0x0,0x0,0xd,0x0,0x0,0x0,
0x7c,0x0,0x0,0x0,0x0,0x0,0x0,0x0,
0x38,0x0,0x0,0x0,0x0,0x0,0x0,0x0,
0x38,0x0,0x0,0x0,0x0,0x0,0x1,0x0,
0xff,0xff,0xff,0xff,0x7,0x0,0x0,0x0,
0x8e,0x4,0x50,0x1,0x0,0x0,0x0,0x0,
0x0,0x0,0x7,0x0,0x0,0x0,0x0,0x0,
0x0,0x0,0x0,0x0,0x8e,0x4,0x0,0x0,
0x1,0x0,0x0,0x0,0x2f,0xb3,0x4,0x0,
0x0,0x3d,0xb4,0x4,0x0,0x0,0x18,0x6,
0x2,0x0,0x0,0x0,0x0,0x0,0x0,0x0,
0x44,0x0,0x0,0x0,0xd,0x0,0x0,0x0,
0x99,0x0,0x0,0x0,0x0,0x0,0x0,0x0,
0x38,0x0,0x0,0x0,0x0,0x0,0x0,0x0,
0x38,0x0,0x0,0x0,0x0,0x0,0x1,0x0,
0xff,0xff,0xff,0xff,0x7,0x0,0x0,0x0,
0x93,0x4,0x50,0x1,0x0,0x0,0x0,0x0,
0x0,0x0,0x7,0x0,0x0,0x0,0x0,0x0,
0x0,0x0,0x0,0x0,0x93,0x4,0x0,0x0,
0x1,0x0,0x0,0x0,0x2f,0xb5,0x4,0x0,
0x0,0x3d,0xb6,0x4,0x0,0x0,0x18,0x6,
0x2,0x0,0x0,0x0,0x0,0x0,0x0,0x0,
0x44,0x0,0x0,0x0,0xd,0x0,0x0,0x0,
0x32,0x1,0x0,0x0,0x0,0x0,0x0,0x0,
0x38,0x0,0x0,0x0,0x0,0x0,0x0,0x0,
0x38,0x0,0x0,0x0,0x0,0x0,0x1,0x0,
0xff,0xff,0xff,0xff,0x7,0x0,0x0,0x0,
0x94,0x4,0x50,0x1,0x0,0x0,0x0,0x0,
0x0,0x0,0x7,0x0,0x0,0x0,0x0,0x0,
0x0,0x0,0x0,0x0,0x94,0x4,0x0,0x0,
0x1,0x0,0x0,0x0,0x2f,0xb7,0x4,0x0,
0x0,0x3d,0xb8,0x4,0x0,0x0,0x18,0x6,
0x2,0x0,0x0,0x0,0x0,0x0,0x0,0x0,
0x44,0x0,0x0,0x0,0xd,0x0,0x0,0x0,
0x7c,0x0,0x0,0x0,0x0,0x0,0x0,0x0,
0x38,0x0,0x0,0x0,0x0,0x0,0x0,0x0,
0x38,0x0,0x0,0x0,0x0,0x0,0x1,0x0,
0xff,0xff,0xff,0xff,0x7,0x0,0x0,0x0,
0x96,0x4,0x50,0x1,0x0,0x0,0x0,0x0,
0x0,0x0,0x7,0x0,0x0,0x0,0x0,0x0,
0x0,0x0,0x0,0x0,0x96,0x4,0x0,0x0,
0x1,0x0,0x0,0x0,0x2f,0xb9,0x4,0x0,
0x0,0x3d,0xba,0x4,0x0,0x0,0x18,0x6,
0x2,0x0,0x0,0x0,0x0,0x0,0x0,0x0,
0x44,0x0,0x0,0x0,0xd,0x0,0x0,0x0,
0x99,0x0,0x0,0x0,0x0,0x0,0x0,0x0,
0x38,0x0,0x0,0x0,0x0,0x0,0x0,0x0,
0x38,0x0,0x0,0x0,0x0,0x0,0x1,0x0,
0xff,0xff,0xff,0xff,0x7,0x0,0x0,0x0,
0x9a,0x4,0x50,0x1,0x0,0x0,0x0,0x0,
0x0,0x0,0x7,0x0,0x0,0x0,0x0,0x0,
0x0,0x0,0x0,0x0,0x9a,0x4,0x0,0x0,
0x1,0x0,0x0,0x0,0x2f,0xbb,0x4,0x0,
0x0,0x3d,0xbc,0x4,0x0,0x0,0x18,0x6,
0x2,0x0,0x0,0x0,0x0,0x0,0x0,0x0,
0x44,0x0,0x0,0x0,0x2b,0x0,0x0,0x0,
0xaa,0x0,0x0,0x0,0x0,0x0,0x0,0x0,
0x38,0x0,0x0,0x0,0x0,0x0,0x0,0x0,
0x38,0x0,0x0,0x0,0x0,0x0,0x1,0x0,
0xff,0xff,0xff,0xff,0xd,0x0,0x0,0x0,
0x9b,0x4,0x50,0x1,0x0,0x0,0x0,0x0,
0x0,0x0,0x7,0x0,0x0,0x0,0x0,0x0,
0x0,0x0,0x0,0x0,0x9b,0x4,0x0,0x0,
0x1,0x0,0x0,0x0,0x2f,0xbd,0x4,0x0,
0x0,0x18,0x7,0x14,0x40,0xa,0x2f,0xbe,
0x4,0x0,0x0,0x18,0xc,0x10,0x1e,0x9c,
0xc,0x18,0xb,0xad,0xbf,0x4,0x0,0x0,
0x7,0x0,0x0,0x0,0x2,0x0,0x0,0x0,
0xa,0x0,0x0,0x0,0x18,0x6,0x2,0x0,
0x0,0x0,0x0,0x0,0x0,0x0,0x0,0x0,
0x44,0x0,0x0,0x0,0xd,0x0,0x0,0x0,
0xd0,0x0,0x0,0x0,0x0,0x0,0x0,0x0,
0x38,0x0,0x0,0x0,0x0,0x0,0x0,0x0,
0x38,0x0,0x0,0x0,0x0,0x0,0x1,0x0,
0xff,0xff,0xff,0xff,0x7,0x0,0x0,0x0,
0x9d,0x4,0x50,0x1,0x0,0x0,0x0,0x0,
0x0,0x0,0x7,0x0,0x0,0x0,0x0,0x0,
0x0,0x0,0x0,0x0,0x9d,0x4,0x0,0x0,
0x1,0x0,0x0,0x0,0x2f,0xc0,0x4,0x0,
0x0,0x3d,0xc1,0x4,0x0,0x0,0x18,0x6,
0x2,0x0,0x0,0x0,0x0,0x0,0x0,0x0,
0x44,0x0,0x0,0x0,0x12,0x0,0x0,0x0,
0x99,0x0,0x0,0x0,0x0,0x0,0x0,0x0,
0x38,0x0,0x0,0x0,0x0,0x0,0x0,0x0,
0x38,0x0,0x0,0x0,0x0,0x0,0x1,0x0,
0xff,0xff,0xff,0xff,0x7,0x0,0x0,0x0,
0xa0,0x4,0x90,0x1,0x0,0x0,0x0,0x0,
0x0,0x0,0x7,0x0,0x0,0x0,0x0,0x0,
0x0,0x0,0x0,0x0,0xa0,0x4,0x0,0x0,
0x1,0x0,0x0,0x0,0x2f,0xc2,0x4,0x0,
0x0,0x3d,0xc3,0x4,0x0,0x0,0x3d,0xc4,
0x4,0x0,0x0,0x18,0x6,0x2,0x0,0x0,
0x0,0x0,0x0,0x0,0x0,0x0,0x0,0x0,
0x44,0x0,0x0,0x0,0x12,0x0,0x0,0x0,
0x5b,0x0,0x0,0x0,0x0,0x0,0x0,0x0,
0x38,0x0,0x0,0x0,0x0,0x0,0x0,0x0,
0x38,0x0,0x0,0x0,0x0,0x0,0x1,0x0,
0xff,0xff,0xff,0xff,0x7,0x0,0x0,0x0,
0xa4,0x4,0xd0,0x1,0x0,0x0,0x0,0x0,
0x0,0x0,0x7,0x0,0x0,0x0,0x0,0x0,
0x0,0x0,0x0,0x0,0xa4,0x4,0x0,0x0,
0x1,0x0,0x0,0x0,0x2f,0xc5,0x4,0x0,
0x0,0x3d,0xc6,0x4,0x0,0x0,0x3d,0xc7,
0x4,0x0,0x0,0x18,0x6,0x2,0x0,0x0,
0x0,0x0,0x0,0x0,0x0,0x0,0x0,0x0,
0x44,0x0,0x0,0x0,0xd,0x0,0x0,0x0,
0x7c,0x0,0x0,0x0,0x0,0x0,0x0,0x0,
0x38,0x0,0x0,0x0,0x0,0x0,0x0,0x0,
0x38,0x0,0x0,0x0,0x0,0x0,0x1,0x0,
0xff,0xff,0xff,0xff,0x7,0x0,0x0,0x0,
0xa5,0x4,0xd0,0x1,0x0,0x0,0x0,0x0,
0x0,0x0,0x7,0x0,0x0,0x0,0x0,0x0,
0x0,0x0,0x0,0x0,0xa5,0x4,0x0,0x0,
0x1,0x0,0x0,0x0,0x2f,0xc8,0x4,0x0,
0x0,0x3d,0xc9,0x4,0x0,0x0,0x18,0x6,
0x2,0x0,0x0,0x0,0x0,0x0,0x0,0x0,
0x44,0x0,0x0,0x0,0x17,0x0,0x0,0x0,
0xd0,0x0,0x0,0x0,0x0,0x0,0x0,0x0,
0x38,0x0,0x0,0x0,0x0,0x0,0x0,0x0,
0x38,0x0,0x0,0x0,0x0,0x0,0x1,0x0,
0xff,0xff,0xff,0xff,0x7,0x0,0x0,0x0,
0xab,0x4,0x10,0x2,0x0,0x0,0x0,0x0,
0x0,0x0,0x7,0x0,0x0,0x0,0x0,0x0,
0x0,0x0,0x0,0x0,0xab,0x4,0x0,0x0,
0x1,0x0,0x0,0x0,0x2f,0xca,0x4,0x0,
0x0,0x3d,0xcb,0x4,0x0,0x0,0x3d,0xcc,
0x4,0x0,0x0,0x3d,0xcd,0x4,0x0,0x0,
0x18,0x6,0x2,0x0,0x0,0x0,0x0,0x0,
0x44,0x0,0x0,0x0,0x8,0x0,0x0,0x0,
0x5b,0x0,0x0,0x0,0x0,0x0,0x0,0x0,
0x38,0x0,0x0,0x0,0x0,0x0,0x0,0x0,
0x38,0x0,0x0,0x0,0x0,0x0,0x1,0x0,
0xff,0xff,0xff,0xff,0x7,0x0,0x0,0x0,
0xae,0x4,0x50,0x2,0x0,0x0,0x0,0x0,
0x0,0x0,0x7,0x0,0x0,0x0,0x0,0x0,
0x0,0x0,0x0,0x0,0xae,0x4,0x0,0x0,
0x1,0x0,0x0,0x0,0x2f,0xce,0x4,0x0,
0x0,0x18,0x6,0x2,0x0,0x0,0x0,0x0,
0x44,0x0,0x0,0x0,0x22,0x0,0x0,0x0,
0x7c,0x0,0x0,0x0,0x0,0x0,0x0,0x0,
0x38,0x0,0x0,0x0,0x0,0x0,0x0,0x0,
0x38,0x0,0x0,0x0,0x0,0x0,0x1,0x0,
0xff,0xff,0xff,0xff,0xb,0x0,0x0,0x0,
0xaf,0x4,0x50,0x2,0x0,0x0,0x0,0x0,
0x0,0x0,0x7,0x0,0x0,0x0,0x0,0x0,
0x0,0x0,0x0,0x0,0xaf,0x4,0x0,0x0,
0x1,0x0,0x0,0x0,0x2f,0xcf,0x4,0x0,
0x0,0x18,0x7,0x2f,0xd0,0x4,0x0,0x0,
0x18,0xa,0xad,0xd1,0x4,0x0,0x0,0x7,
0x0,0x0,0x0,0x1,0x0,0x0,0x0,0xa,
0x0,0x0,0x0,0x18,0x6,0x2,0x0,0x0,
0x0,0x0,0x0,0x0,0x0,0x0,0x0,0x0,
0x44,0x0,0x0,0x0,0x2c,0x0,0x0,0x0,
0x5b,0x0,0x0,0x0,0x0,0x0,0x0,0x0,
0x38,0x0,0x0,0x0,0x0,0x0,0x0,0x0,
0x38,0x0,0x0,0x0,0x0,0x0,0x1,0x0,
0xff,0xff,0xff,0xff,0xb,0x0,0x0,0x0,
0xb6,0x4,0xd0,0x1,0x0,0x0,0x0,0x0,
0x0,0x0,0x7,0x0,0x0,0x0,0x0,0x0,
0x0,0x0,0x0,0x0,0xb6,0x4,0x0,0x0,
0x1,0x0,0x0,0x0,0x2f,0xd2,0x4,0x0,
0x0,0x3d,0xd3,0x4,0x0,0x0,0x3d,0xd4,
0x4,0x0,0x0,0x18,0x7,0x13,0xf2,0x1,
0x0,0x0,0x18,0xa,0xad,0xd5,0x4,0x0,
0x0,0x7,0x0,0x0,0x0,0x1,0x0,0x0,
0x0,0xa,0x0,0x0,0x0,0x18,0x6,0x2,
0x0,0x0,0x0,0x0,0x0,0x0,0x0,0x0,
0x44,0x0,0x0,0x0,0xd,0x0,0x0,0x0,
0x7c,0x0,0x0,0x0,0x0,0x0,0x0,0x0,
0x38,0x0,0x0,0x0,0x0,0x0,0x0,0x0,
0x38,0x0,0x0,0x0,0x0,0x0,0x1,0x0,
0xff,0xff,0xff,0xff,0x7,0x0,0x0,0x0,
0xb7,0x4,0xd0,0x1,0x0,0x0,0x0,0x0,
0x0,0x0,0x7,0x0,0x0,0x0,0x0,0x0,
0x0,0x0,0x0,0x0,0xb7,0x4,0x0,0x0,
0x1,0x0,0x0,0x0,0x2f,0xd6,0x4,0x0,
0x0,0x3d,0xd7,0x4,0x0,0x0,0x18,0x6,
0x2,0x0,0x0,0x0,0x0,0x0,0x0,0x0,
0x44,0x0,0x0,0x0,0xd,0x0,0x0,0x0,
0x46,0x1,0x0,0x0,0x0,0x0,0x0,0x0,
0x38,0x0,0x0,0x0,0x0,0x0,0x0,0x0,
0x38,0x0,0x0,0x0,0x0,0x0,0x1,0x0,
0xff,0xff,0xff,0xff,0x7,0x0,0x0,0x0,
0xb9,0x4,0xd0,0x1,0x0,0x0,0x0,0x0,
0x0,0x0,0x7,0x0,0x0,0x0,0x0,0x0,
0x0,0x0,0x0,0x0,0xb9,0x4,0x0,0x0,
0x1,0x0,0x0,0x0,0x2f,0xd8,0x4,0x0,
0x0,0x3d,0xd9,0x4,0x0,0x0,0x18,0x6,
0x2,0x0,0x0,0x0,0x0,0x0,0x0,0x0,
0x44,0x0,0x0,0x0,0xd,0x0,0x0,0x0,
0xc2,0x0,0x0,0x0,0x0,0x0,0x0,0x0,
0x38,0x0,0x0,0x0,0x0,0x0,0x0,0x0,
0x38,0x0,0x0,0x0,0x0,0x0,0x1,0x0,
0xff,0xff,0xff,0xff,0x7,0x0,0x0,0x0,
0xbf,0x4,0x50,0x1,0x0,0x0,0x0,0x0,
0x0,0x0,0x7,0x0,0x0,0x0,0x0,0x0,
0x0,0x0,0x0,0x0,0xbf,0x4,0x0,0x0,
0x1,0x0,0x0,0x0,0x2f,0xda,0x4,0x0,
0x0,0x3d,0xdb,0x4,0x0,0x0,0x18,0x6,
0x2,0x0,0x0,0x0,0x0,0x0,0x0,0x0,
0x50,0x0,0x0,0x0,0x1d,0x0,0x0,0x0,
0x8d,0x0,0x0,0x0,0x0,0x0,0x0,0x0,
0x38,0x0,0x0,0x0,0x0,0x0,0x0,0x0,
0x38,0x0,0x0,0x0,0x0,0x0,0x2,0x0,
0xff,0xff,0xff,0xff,0x9,0x0,0x0,0x0,
0xc4,0x4,0x90,0x1,0x0,0x0,0x0,0x0,
0x0,0x0,0x7,0x0,0x0,0x0,0x0,0x0,
0x0,0x0,0x0,0x0,0xc4,0x4,0x0,0x0,
0x0,0x0,0x0,0x0,0x1,0x0,0x0,0x0,
0xc4,0x4,0x0,0x0,0x1,0x0,0x0,0x0,
0xca,0x2f,0xdc,0x4,0x0,0x0,0x18,0x7,
0xe8,0x0,0x0,0x18,0x8,0x43,0xdd,0x4,
0x0,0x0,0x7,0x0,0x0,0x0,0x1a,0x8,
0x6,0xd4,0x16,0x6,0x2,0x0,0x0,0x0,
0x8c,0x0,0x0,0x0,0x93,0x0,0x0,0x0,
0x8d,0x0,0x0,0x0,0x0,0x0,0x0,0x0,
0x38,0x0,0x0,0x0,0x0,0x0,0x0,0x0,
0x38,0x0,0x0,0x0,0x0,0x0,0x7,0x0,
0xff,0xff,0xff,0xff,0xd,0x0,0x0,0x0,
0xcb,0x4,0x90,0x1,0x0,0x0,0x0,0x0,
0x0,0x0,0x7,0x0,0x0,0x0,0x0,0x0,
0x0,0x0,0x0,0x0,0xcb,0x4,0x0,0x0,
0x0,0x0,0x0,0x0,0x1,0x0,0x0,0x0,
0xcb,0x4,0x0,0x0,0x1,0x0,0x0,0x0,
0x5,0x0,0x0,0x0,0xcc,0x4,0x0,0x0,
0x2,0x0,0x0,0x0,0x2b,0x0,0x0,0x0,
0xcd,0x4,0x0,0x0,0x4,0x0,0x0,0x0,
0x3e,0x0,0x0,0x0,0xce,0x4,0x0,0x0,
0x6,0x0,0x0,0x0,0x75,0x0,0x0,0x0,
0xcf,0x4,0x0,0x0,0x7,0x0,0x0,0x0,
0x8f,0x0,0x0,0x0,0xd0,0x4,0x0,0x0,
0x7,0x0,0x0,0x0,0xca,0x1,0x2,0x7,
0x1,0x2f,0xde,0x4,0x0,0x0,0x18,0x8,
0x2f,0xdf,0x4,0x0,0x0,0x3d,0xe0,0x4,
0x0,0x0,0x18,0xb,0xad,0xe1,0x4,0x0,
0x0,0x8,0x0,0x0,0x0,0x1,0x0,0x0,
0x0,0xb,0x0,0x0,0x0,0x18,0x7,0x2f,
0xe2,0x4,0x0,0x0,0x18,0x8,0xe8,0x0,
0x0,0x43,0xe3,0x4,0x0,0x0,0x8,0x0,
0x0,0x0,0x2f,0xe4,0x4,0x0,0x0,0x18,
0x8,0x13,0x2,0x2,0x0,0x0,0x18,0xb,
0xb5,0xe5,0x4,0x0,0x0,0x1,0x0,0x0,
0x0,0xb,0x0,0x0,0x0,0x18,0x9,0xad,
0xe6,0x4,0x0,0x0,0x9,0x0,0x0,0x0,
0x1,0x0,0x0,0x0,0x7,0x0,0x0,0x0,
0x43,0xe7,0x4,0x0,0x0,0x8,0x0,0x0,
0x0,0x2f,0xe8,0x4,0x0,0x0,0x18,0x8,
0xad,0xe9,0x4,0x0,0x0,0x8,0x0,0x0,
0x0,0x0,0x0,0x0,0x0,0x0,0x0,0x0,
0x0,0x18,0x6,0xd4,0x16,0x6,0x2,0x0,
0x0,0x0,0x0,0x0,0x0,0x0,0x0,0x0,
0x44,0x0,0x0,0x0,0xd,0x0,0x0,0x0,
0x51,0x1,0x0,0x0,0x0,0x0,0x0,0x0,
0x38,0x0,0x0,0x0,0x0,0x0,0x0,0x0,
0x38,0x0,0x0,0x0,0x0,0x0,0x1,0x0,
0xff,0xff,0xff,0xff,0x7,0x0,0x0,0x0,
0xca,0x4,0x90,0x1,0x0,0x0,0x0,0x0,
0x0,0x0,0x7,0x0,0x0,0x0,0x0,0x0,
0x0,0x0,0x0,0x0,0xca,0x4,0x0,0x0,
0x1,0x0,0x0,0x0,0x2f,0xea,0x4,0x0,
0x0,0x3d,0xeb,0x4,0x0,0x0,0x18,0x6,
0x2,0x0,0x0,0x0,0x0,0x0,0x0,0x0,
0x44,0x0,0x0,0x0,0x12,0x0,0x0,0x0,
0x80,0x0,0x0,0x0,0x0,0x0,0x0,0x0,
0x38,0x0,0x0,0x0,0x0,0x0,0x0,0x0,
0x38,0x0,0x0,0x0,0x0,0x0,0x1,0x0,
0xff,0xff,0xff,0xff,0x8,0x0,0x0,0x0,
0xd9,0x4,0x90,0x0,0x0,0x0,0x0,0x0,
0x0,0x0,0x7,0x0,0x0,0x0,0x0,0x0,
0x0,0x0,0x0,0x0,0xd9,0x4,0x0,0x0,
0x1,0x0,0x0,0x0,0x2f,0xec,0x4,0x0,
0x0,0x3d,0xed,0x4,0x0,0x0,0x18,0x7,
0x6,0x64,0x7,0x18,0x6,0x2,0x0,0x0,
0x0,0x0,0x0,0x0,0x0,0x0,0x0,0x0,
0x44,0x0,0x0,0x0,0x8,0x0,0x0,0x0,
0x72,0x0,0x0,0x0,0x0,0x0,0x0,0x0,
0x38,0x0,0x0,0x0,0x0,0x0,0x0,0x0,
0x38,0x0,0x0,0x0,0x0,0x0,0x1,0x0,
0xff,0xff,0xff,0xff,0x7,0x0,0x0,0x0,
0xda,0x4,0x90,0x0,0x0,0x0,0x0,0x0,
0x0,0x0,0x7,0x0,0x0,0x0,0x0,0x0,
0x0,0x0,0x0,0x0,0xda,0x4,0x0,0x0,
0x1,0x0,0x0,0x0,0x2f,0xee,0x4,0x0,
0x0,0x18,0x6,0x2,0x0,0x0,0x0,0x0,
0x50,0x0,0x0,0x0,0x1b,0x0,0x0,0x0,
0x8d,0x0,0x0,0x0,0x0,0x0,0x0,0x0,
0x38,0x0,0x0,0x0,0x0,0x0,0x0,0x0,
0x38,0x0,0x0,0x0,0x0,0x0,0x2,0x0,
0xff,0xff,0xff,0xff,0x9,0x0,0x0,0x0,
0xdd,0x4,0xb0,0x2,0x0,0x0,0x0,0x0,
0x0,0x0,0x7,0x0,0x0,0x0,0x0,0x0,
0x0,0x0,0x0,0x0,0xdd,0x4,0x0,0x0,
0x0,0x0,0x0,0x0,0x1,0x0,0x0,0x0,
0xdd,0x4,0x0,0x0,0x1,0x0,0x0,0x0,
0xca,0x2f,0xef,0x4,0x0,0x0,0x18,0x7,
0x6,0x18,0x8,0x43,0xf0,0x4,0x0,0x0,
0x7,0x0,0x0,0x0,0x1a,0x8,0x6,0xd4,
0x16,0x6,0x2,0x0,0x0,0x0,0x0,0x0,
0x44,0x0,0x0,0x0,0x8,0x0,0x0,0x0,
0x72,0x0,0x0,0x0,0x0,0x0,0x0,0x0,
0x38,0x0,0x0,0x0,0x0,0x0,0x0,0x0,
0x38,0x0,0x0,0x0,0x0,0x0,0x1,0x0,
0xff,0xff,0xff,0xff,0x7,0x0,0x0,0x0,
0xdd,0x4,0x50,0x1,0x0,0x0,0x0,0x0,
0x0,0x0,0x7,0x0,0x0,0x0,0x0,0x0,
0x0,0x0,0x0,0x0,0xdd,0x4,0x0,0x0,
0x1,0x0,0x0,0x0,0x2f,0xf1,0x4,0x0,
0x0,0x18,0x6,0x2,0x0,0x0,0x0,0x0,
0x44,0x0,0x0,0x0,0x13,0x0,0x0,0x0,
0xaa,0x0,0x0,0x0,0x0,0x0,0x0,0x0,
0x38,0x0,0x0,0x0,0x0,0x0,0x0,0x0,
0x38,0x0,0x0,0x0,0x0,0x0,0x1,0x0,
0xff,0xff,0xff,0xff,0x8,0x0,0x0,0x0,
0xe2,0x4,0xd0,0x0,0x0,0x0,0x0,0x0,
0x0,0x0,0x7,0x0,0x0,0x0,0x0,0x0,
0x0,0x0,0x0,0x0,0xe2,0x4,0x0,0x0,
0x1,0x0,0x0,0x0,0x2f,0xf2,0x4,0x0,
0x0,0x3d,0xf3,0x4,0x0,0x0,0x18,0x7,
0x10,0x30,0x80,0x7,0x18,0x6,0x2,0x0,
0x0,0x0,0x0,0x0,0x0,0x0,0x0,0x0,
0x44,0x0,0x0,0x0,0x8,0x0,0x0,0x0,
0x94,0x0,0x0,0x0,0x0,0x0,0x0,0x0,
0x38,0x0,0x0,0x0,0x0,0x0,0x0,0x0,
0x38,0x0,0x0,0x0,0x0,0x0,0x1,0x0,
0xff,0xff,0xff,0xff,0x7,0x0,0x0,0x0,
0xe0,0x4,0xd0,0x0,0x0,0x0,0x0,0x0,
0x0,0x0,0x7,0x0,0x0,0x0,0x0,0x0,
0x0,0x0,0x0,0x0,0xe0,0x4,0x0,0x0,
0x1,0x0,0x0,0x0,0x2f,0xf4,0x4,0x0,
0x0,0x18,0x6,0x2,0x0,0x0,0x0,0x0,
0x44,0x0,0x0,0x0,0xd,0x0,0x0,0x0,
0x7c,0x0,0x0,0x0,0x0,0x0,0x0,0x0,
0x38,0x0,0x0,0x0,0x0,0x0,0x0,0x0,
0x38,0x0,0x0,0x0,0x0,0x0,0x1,0x0,
0xff,0xff,0xff,0xff,0x7,0x0,0x0,0x0,
0xe5,0x4,0xd0,0x0,0x0,0x0,0x0,0x0,
0x0,0x0,0x7,0x0,0x0,0x0,0x0,0x0,
0x0,0x0,0x0,0x0,0xe5,0x4,0x0,0x0,
0x1,0x0,0x0,0x0,0x2f,0xf5,0x4,0x0,
0x0,0x3d,0xf6,0x4,0x0,0x0,0x18,0x6,
0x2,0x0,0x0,0x0,0x0,0x0,0x0,0x0,
0x44,0x0,0x0,0x0,0x13,0x0,0x0,0x0,
0x99,0x0,0x0,0x0,0x0,0x0,0x0,0x0,
0x38,0x0,0x0,0x0,0x0,0x0,0x0,0x0,
0x38,0x0,0x0,0x0,0x0,0x0,0x1,0x0,
0xff,0xff,0xff,0xff,0x8,0x0,0x0,0x0,
0xe9,0x4,0x10,0x1,0x0,0x0,0x0,0x0,
0x0,0x0,0x7,0x0,0x0,0x0,0x0,0x0,
0x0,0x0,0x0,0x0,0xe9,0x4,0x0,0x0,
0x1,0x0,0x0,0x0,0x2f,0xf7,0x4,0x0,
0x0,0x3d,0xf8,0x4,0x0,0x0,0x18,0x7,
0x10,0x30,0xa2,0x7,0x18,0x6,0x2,0x0,
0x0,0x0,0x0,0x0,0x0,0x0,0x0,0x0,
0x44,0x0,0x0,0x0,0x8,0x0,0x0,0x0,
0x94,0x0,0x0,0x0,0x0,0x0,0x0,0x0,
0x38,0x0,0x0,0x0,0x0,0x0,0x0,0x0,
0x38,0x0,0x0,0x0,0x0,0x0,0x1,0x0,
0xff,0xff,0xff,0xff,0x7,0x0,0x0,0x0,
0xe8,0x4,0x10,0x1,0x0,0x0,0x0,0x0,
0x0,0x0,0x7,0x0,0x0,0x0,0x0,0x0,
0x0,0x0,0x0,0x0,0xe8,0x4,0x0,0x0,
0x1,0x0,0x0,0x0,0x2f,0xf9,0x4,0x0,
0x0,0x18,0x6,0x2,0x0,0x0,0x0,0x0,
0x5c,0x0,0x0,0x0,0x73,0x0,0x0,0x0,
0x5b,0x0,0x0,0x0,0x0,0x0,0x0,0x0,
0x38,0x0,0x0,0x0,0x0,0x0,0x0,0x0,
0x38,0x0,0x0,0x0,0x0,0x0,0x3,0x0,
0xff,0xff,0xff,0xff,0xc,0x0,0x0,0x0,
0xec,0x4,0x50,0x1,0x0,0x0,0x0,0x0,
0x0,0x0,0x7,0x0,0x0,0x0,0x0,0x0,
0x0,0x0,0x0,0x0,0xec,0x4,0x0,0x0,
0x1,0x0,0x0,0x0,0x19,0x0,0x0,0x0,
0xed,0x4,0x0,0x0,0x1,0x0,0x0,0x0,
0x2f,0x0,0x0,0x0,0xee,0x4,0x0,0x0,
0x1,0x0,0x0,0x0,0x2f,0xfa,0x4,0x0,
0x0,0x3d,0xfb,0x4,0x0,0x0,0x18,0x7,
0x10,0x2,0x6c,0x7,0x50,0x16,0x13,0x3,
0x2,0x0,0x0,0x18,0xa,0xb5,0xfc,0x4,
0x0,0x0,0x1,0x0,0x0,0x0,0xa,0x0,
0x0,0x0,0x4c,0x48,0x13,0x4,0x2,0x0,
0x0,0x18,0xa,0xb5,0xfd,0x4,0x0,0x0,
0x1,0x0,0x0,0x0,0xa,0x0,0x0,0x0,
0x18,0x8,0x2f,0xfe,0x4,0x0,0x0,0x3d,
0xff,0x4,0x0,0x0,0x50,0x11,0x2f,0x0,
0x5,0x0,0x0,0x3d,0x1,0x5,0x0,0x0,
0x3d,0x2,0x5,0x0,0x0,0x4c,0x2,0x12,
0x0,0x18,0xb,0xad,0x3,0x5,0x0,0x0,
0x8,0x0,0x0,0x0,0x1,0x0,0x0,0x0,
0xb,0x0,0x0,0x0,0x18,0x6,0x2,0x0,
0x0,0x0,0x0,0x0,0x0,0x0,0x0,0x0,
0x44,0x0,0x0,0x0,0xd,0x0,0x0,0x0,
0x7c,0x0,0x0,0x0,0x0,0x0,0x0,0x0,
0x38,0x0,0x0,0x0,0x0,0x0,0x0,0x0,
0x38,0x0,0x0,0x0,0x0,0x0,0x1,0x0,
0xff,0xff,0xff,0xff,0x7,0x0,0x0,0x0,
0xef,0x4,0x50,0x1,0x0,0x0,0x0,0x0,
0x0,0x0,0x7,0x0,0x0,0x0,0x0,0x0,
0x0,0x0,0x0,0x0,0xef,0x4,0x0,0x0,
0x1,0x0,0x0,0x0,0x2f,0x4,0x5,0x0,
0x0,0x3d,0x5,0x5,0x0,0x0,0x18,0x6,
0x2,0x0,0x0,0x0,0x0,0x0,0x0,0x0,
0x44,0x0,0x0,0x0,0xd,0x0,0x0,0x0,
0x99,0x0,0x0,0x0,0x0,0x0,0x0,0x0,
0x38,0x0,0x0,0x0,0x0,0x0,0x0,0x0,
0x38,0x0,0x0,0x0,0x0,0x0,0x1,0x0,
0xff,0xff,0xff,0xff,0x7,0x0,0x0,0x0,
0xf4,0x4,0x50,0x1,0x0,0x0,0x0,0x0,
0x0,0x0,0x7,0x0,0x0,0x0,0x0,0x0,
0x0,0x0,0x0,0x0,0xf4,0x4,0x0,0x0,
0x1,0x0,0x0,0x0,0x2f,0x6,0x5,0x0,
0x0,0x3d,0x7,0x5,0x0,0x0,0x18,0x6,
0x2,0x0,0x0,0x0,0x0,0x0,0x0,0x0,
0x44,0x0,0x0,0x0,0xd,0x0,0x0,0x0,
0x32,0x1,0x0,0x0,0x0,0x0,0x0,0x0,
0x38,0x0,0x0,0x0,0x0,0x0,0x0,0x0,
0x38,0x0,0x0,0x0,0x0,0x0,0x1,0x0,
0xff,0xff,0xff,0xff,0x7,0x0,0x0,0x0,
0xf5,0x4,0x50,0x1,0x0,0x0,0x0,0x0,
0x0,0x0,0x7,0x0,0x0,0x0,0x0,0x0,
0x0,0x0,0x0,0x0,0xf5,0x4,0x0,0x0,
0x1,0x0,0x0,0x0,0x2f,0x8,0x5,0x0,
0x0,0x3d,0x9,0x5,0x0,0x0,0x18,0x6,
0x2,0x0,0x0,0x0,0x0,0x0,0x0,0x0,
0x74,0x0,0x0,0x0,0xb1,0x0,0x0,0x0,
0x5b,0x0,0x0,0x0,0x0,0x0,0x0,0x0,
0x38,0x0,0x0,0x0,0x0,0x0,0x0,0x0,
0x38,0x0,0x0,0x0,0x0,0x0,0x5,0x0,
0xff,0xff,0xff,0xff,0x14,0x0,0x0,0x0,
0xf6,0x4,0x50,0x1,0x0,0x0,0x0,0x0,
0x0,0x0,0x7,0x0,0x0,0x0,0x0,0x0,
0x0,0x0,0x0,0x0,0xf6,0x4,0x0,0x0,
0x1,0x0,0x0,0x0,0x19,0x0,0x0,0x0,
0xf7,0x4,0x0,0x0,0x1,0x0,0x0,0x0,
0x28,0x0,0x0,0x0,0xf8,0x4,0x0,0x0,
0x1,0x0,0x0,0x0,0x4e,0x0,0x0,0x0,
0xf9,0x4,0x0,0x0,0x1,0x0,0x0,0x0,
0x5d,0x0,0x0,0x0,0xfa,0x4,0x0,0x0,
0x1,0x0,0x0,0x0,0x2f,0xa,0x5,0x0,
0x0,0x3d,0xb,0x5,0x0,0x0,0x18,0x7,
0x10,0x2,0x6c,0x7,0x50,0x35,0x13,0x5,
0x2,0x0,0x0,0x18,0xa,0xb5,0xc,0x5,
0x0,0x0,0x1,0x0,0x0,0x0,0xa,0x0,
0x0,0x0,0x18,0x8,0x2f,0xd,0x5,0x0,
0x0,0x3d,0xe,0x5,0x0,0x0,0x18,0xb,
0xad,0xf,0x5,0x0,0x0,0x8,0x0,0x0,
0x0,0x1,0x0,0x0,0x0,0xb,0x0,0x0,
0x0,0x4c,0x67,0x13,0x6,0x2,0x0,0x0,
0x18,0xa,0xb5,0x10,0x5,0x0,0x0,0x1,
0x0,0x0,0x0,0xa,0x0,0x0,0x0,0x18,
0x8,0x2f,0x11,0x5,0x0,0x0,0x18,0xc,
0x2f,0x12,0x5,0x0,0x0,0x18,0x10,0x2f,
0x13,0x5,0x0,0x0,0x3d,0x14,0x5,0x0,
0x0,0x18,0x13,0xad,0x15,0x5,0x0,0x0,
0x10,0x0,0x0,0x0,0x1,0x0,0x0,0x0,
0x13,0x0,0x0,0x0,0x18,0xf,0xad,0x16,
0x5,0x0,0x0,0xc,0x0,0x0,0x0,0x1,
0x0,0x0,0x0,0xf,0x0,0x0,0x0,0x18,
0xb,0xad,0x17,0x5,0x0,0x0,0x8,0x0,
0x0,0x0,0x1,0x0,0x0,0x0,0xb,0x0,
0x0,0x0,0x18,0x6,0x2,0x0,0x0,0x0,
0x0,0x0,0x0,0x0,0x0,0x0,0x0,0x0,
0x44,0x0,0x0,0x0,0xd,0x0,0x0,0x0,
0x7c,0x0,0x0,0x0,0x0,0x0,0x0,0x0,
0x38,0x0,0x0,0x0,0x0,0x0,0x0,0x0,
0x38,0x0,0x0,0x0,0x0,0x0,0x1,0x0,
0xff,0xff,0xff,0xff,0x7,0x0,0x0,0x0,
0xfb,0x4,0x50,0x1,0x0,0x0,0x0,0x0,
0x0,0x0,0x7,0x0,0x0,0x0,0x0,0x0,
0x0,0x0,0x0,0x0,0xfb,0x4,0x0,0x0,
0x1,0x0,0x0,0x0,0x2f,0x18,0x5,0x0,
0x0,0x3d,0x19,0x5,0x0,0x0,0x18,0x6,
0x2,0x0,0x0,0x0,0x0,0x0,0x0,0x0,
0x44,0x0,0x0,0x0,0xd,0x0,0x0,0x0,
0xc2,0x0,0x0,0x0,0x0,0x0,0x0,0x0,
0x38,0x0,0x0,0x0,0x0,0x0,0x0,0x0,
0x38,0x0,0x0,0x0,0x0,0x0,0x1,0x0,
0xff,0xff,0xff,0xff,0x7,0x0,0x0,0x0,
0x0,0x5,0x50,0x1,0x0,0x0,0x0,0x0,
0x0,0x0,0x7,0x0,0x0,0x0,0x0,0x0,
0x0,0x0,0x0,0x0,0x0,0x5,0x0,0x0,
0x1,0x0,0x0,0x0,0x2f,0x1a,0x5,0x0,
0x0,0x3d,0x1b,0x5,0x0,0x0,0x18,0x6,
0x2,0x0,0x0,0x0,0x0,0x0,0x0,0x0,
0x50,0x0,0x0,0x0,0x1b,0x0,0x0,0x0,
0x8d,0x0,0x0,0x0,0x0,0x0,0x0,0x0,
0x38,0x0,0x0,0x0,0x0,0x0,0x0,0x0,
0x38,0x0,0x0,0x0,0x0,0x0,0x2,0x0,
0xff,0xff,0xff,0xff,0x9,0x0,0x0,0x0,
0x5,0x5,0x90,0x1,0x0,0x0,0x0,0x0,
0x0,0x0,0x7,0x0,0x0,0x0,0x0,0x0,
0x0,0x0,0x0,0x0,0x5,0x5,0x0,0x0,
0x0,0x0,0x0,0x0,0x1,0x0,0x0,0x0,
0x5,0x5,0x0,0x0,0x1,0x0,0x0,0x0,
0xca,0x2f,0x1c,0x5,0x0,0x0,0x18,0x7,
0x6,0x18,0x8,0x43,0x1d,0x5,0x0,0x0,
0x7,0x0,0x0,0x0,0x1a,0x8,0x6,0xd4,
0x16,0x6,0x2,0x0,0x0,0x0,0x0,0x0,
0x44,0x0,0x0,0x0,0x3f,0x0,0x0,0x0,
0x5b,0x0,0x0,0x0,0x0,0x0,0x0,0x0,
0x38,0x0,0x0,0x0,0x0,0x0,0x0,0x0,
0x38,0x0,0x0,0x0,0x0,0x0,0x1,0x0,
0xff,0xff,0xff,0xff,0xb,0x0,0x0,0x0,
0x8,0x5,0x90,0x1,0x0,0x0,0x0,0x0,
0x0,0x0,0x7,0x0,0x0,0x0,0x0,0x0,
0x0,0x0,0x0,0x0,0x8,0x5,0x0,0x0,
0x1,0x0,0x0,0x0,0x2f,0x1e,0x5,0x0,
0x0,0x3d,0x1f,0x5,0x0,0x0,0x18,0x7,
0x10,0x2,0x6c,0x7,0x50,0x16,0x13,0x8,
0x2,0x0,0x0,0x18,0xa,0xb5,0x20,0x5,
0x0,0x0,0x1,0x0,0x0,0x0,0xa,0x0,
0x0,0x0,0x4c,0x14,0x13,0x9,0x2,0x0,
0x0,0x18,0xa,0xb5,0x21,0x5,0x0,0x0,
0x1,0x0,0x0,0x0,0xa,0x0,0x0,0x0,
0x18,0x6,0x2,0x0,0x0,0x0,0x0,0x0,
0x80,0x0,0x0,0x0,0x6b,0x0,0x0,0x0,
0x8d,0x0,0x0,0x0,0x0,0x0,0x0,0x0,
0x38,0x0,0x0,0x0,0x0,0x0,0x0,0x0,
0x38,0x0,0x0,0x0,0x0,0x0,0x6,0x0,
0xff,0xff,0xff,0xff,0xc,0x0,0x0,0x0,
0xc,0x5,0x90,0x1,0x0,0x0,0x0,0x0,
0x0,0x0,0x7,0x0,0x0,0x0,0x0,0x0,
0x0,0x0,0x0,0x0,0xc,0x5,0x0,0x0,
0x0,0x0,0x0,0x0,0x1,0x0,0x0,0x0,
0xd,0x5,0x0,0x0,0x2,0x0,0x0,0x0,
0x13,0x0,0x0,0x0,0xe,0x5,0x0,0x0,
0x4,0x0,0x0,0x0,0x2d,0x0,0x0,0x0,
0x10,0x5,0x0,0x0,0x6,0x0,0x0,0x0,
0x51,0x0,0x0,0x0,0x11,0x5,0x0,0x0,
0x7,0x0,0x0,0x0,0x67,0x0,0x0,0x0,
0x12,0x5,0x0,0x0,0x7,0x0,0x0,0x0,
0xca,0x2f,0x22,0x5,0x0,0x0,0x3d,0x23,
0x5,0x0,0x0,0x18,0x7,0x10,0x2,0x6c,
0x7,0x50,0x1a,0x2f,0x24,0x5,0x0,0x0,
0x18,0x8,0xad,0x25,0x5,0x0,0x0,0x8,
0x0,0x0,0x0,0x0,0x0,0x0,0x0,0x0,
0x0,0x0,0x0,0x4c,0x24,0x2f,0x26,0x5,
0x0,0x0,0x18,0x8,0x2f,0x27,0x5,0x0,
0x0,0x3d,0x28,0x5,0x0,0x0,0x18,0xb,
0xad,0x29,0x5,0x0,0x0,0x8,0x0,0x0,
0x0,0x1,0x0,0x0,0x0,0xb,0x0,0x0,
0x0,0x2f,0x2a,0x5,0x0,0x0,0x18,0x7,
0x6,0x18,0x8,0x43,0x2b,0x5,0x0,0x0,
0x7,0x0,0x0,0x0,0x1a,0x8,0x6,0xd4,
0x16,0x6,0x2,0x0,0x0,0x0,0x0,0x0,
0x0,0x0,0x0,0x0,0x0,0x0,0x0,0x0,
0x44,0x0,0x0,0x0,0xd,0x0,0x0,0x0,
0x51,0x1,0x0,0x0,0x0,0x0,0x0,0x0,
0x38,0x0,0x0,0x0,0x0,0x0,0x0,0x0,
0x38,0x0,0x0,0x0,0x0,0x0,0x1,0x0,
0xff,0xff,0xff,0xff,0x7,0x0,0x0,0x0,
0xb,0x5,0x90,0x1,0x0,0x0,0x0,0x0,
0x0,0x0,0x7,0x0,0x0,0x0,0x0,0x0,
0x0,0x0,0x0,0x0,0xb,0x5,0x0,0x0,
0x1,0x0,0x0,0x0,0x2f,0x2c,0x5,0x0,
0x0,0x3d,0x2d,0x5,0x0,0x0,0x18,0x6,
0x2,0x0,0x0,0x0,0x0,0x0,0x0,0x0,
0x5c,0x0,0x0,0x0,0x19,0x0,0x0,0x0,
0x5b,0x1,0x0,0x0,0x0,0x0,0x0,0x0,
0x38,0x0,0x0,0x0,0x0,0x0,0x0,0x0,
0x38,0x0,0x0,0x0,0x0,0x0,0x3,0x0,
0xff,0xff,0xff,0xff,0x9,0x0,0x0,0x0,
0x3b,0x5,0x90,0x0,0x0,0x0,0x0,0x0,
0x0,0x0,0x7,0x0,0x0,0x0,0x0,0x0,
0x0,0x0,0x0,0x0,0x3b,0x5,0x0,0x0,
0x0,0x0,0x0,0x0,0x1,0x0,0x0,0x0,
0x3b,0x5,0x0,0x0,0x1,0x0,0x0,0x0,
0xd,0x0,0x0,0x0,0x3b,0x5,0x0,0x0,
0x2,0x0,0x0,0x0,0xca,0x2f,0x2e,0x5,
0x0,0x0,0x18,0x7,0x6,0x6c,0x7,0x50,
0x8,0xa,0x18,0x8,0x30,0x8,0x1a,0x8,
0x6,0xd4,0x16,0x6,0x2,0x0,0x0,0x0,
0x0,0x0,0x0,0x0,0x0,0x0,0x0,0x0,
0x44,0x0,0x0,0x0,0x8,0x0,0x0,0x0,
0x72,0x0,0x0,0x0,0x0,0x0,0x0,0x0,
0x38,0x0,0x0,0x0,0x0,0x0,0x0,0x0,
0x38,0x0,0x0,0x0,0x0,0x0,0x1,0x0,
0xff,0xff,0xff,0xff,0x7,0x0,0x0,0x0,
0x1c,0x5,0x90,0x0,0x0,0x0,0x0,0x0,
0x0,0x0,0x7,0x0,0x0,0x0,0x0,0x0,
0x0,0x0,0x0,0x0,0x1c,0x5,0x0,0x0,
0x1,0x0,0x0,0x0,0x2f,0x2f,0x5,0x0,
0x0,0x18,0x6,0x2,0x0,0x0,0x0,0x0,
0x44,0x0,0x0,0x0,0x8,0x0,0x0,0x0,
0x94,0x0,0x0,0x0,0x0,0x0,0x0,0x0,
0x38,0x0,0x0,0x0,0x0,0x0,0x0,0x0,
0x38,0x0,0x0,0x0,0x0,0x0,0x1,0x0,
0xff,0xff,0xff,0xff,0x7,0x0,0x0,0x0,
0x21,0x5,0xd0,0x0,0x0,0x0,0x0,0x0,
0x0,0x0,0x7,0x0,0x0,0x0,0x0,0x0,
0x0,0x0,0x0,0x0,0x21,0x5,0x0,0x0,
0x1,0x0,0x0,0x0,0x2f,0x30,0x5,0x0,
0x0,0x18,0x6,0x2,0x0,0x0,0x0,0x0,
0x44,0x0,0x0,0x0,0xd,0x0,0x0,0x0,
0x20,0x1,0x0,0x0,0x0,0x0,0x0,0x0,
0x38,0x0,0x0,0x0,0x0,0x0,0x0,0x0,
0x38,0x0,0x0,0x0,0x0,0x0,0x1,0x0,
0xff,0xff,0xff,0xff,0x7,0x0,0x0,0x0,
0x27,0x5,0x10,0x1,0x0,0x0,0x0,0x0,
0x0,0x0,0x7,0x0,0x0,0x0,0x0,0x0,
0x0,0x0,0x0,0x0,0x27,0x5,0x0,0x0,
0x1,0x0,0x0,0x0,0x2f,0x31,0x5,0x0,
0x0,0x3d,0x32,0x5,0x0,0x0,0x18,0x6,
0x2,0x0,0x0,0x0,0x0,0x0,0x0,0x0,
0x44,0x0,0x0,0x0,0xd,0x0,0x0,0x0,
0xcb,0x0,0x0,0x0,0x0,0x0,0x0,0x0,
0x38,0x0,0x0,0x0,0x0,0x0,0x0,0x0,
0x38,0x0,0x0,0x0,0x0,0x0,0x1,0x0,
0xff,0xff,0xff,0xff,0x7,0x0,0x0,0x0,
0x28,0x5,0x10,0x1,0x0,0x0,0x0,0x0,
0x0,0x0,0x7,0x0,0x0,0x0,0x0,0x0,
0x0,0x0,0x0,0x0,0x28,0x5,0x0,0x0,
0x1,0x0,0x0,0x0,0x2f,0x33,0x5,0x0,
0x0,0x3d,0x34,0x5,0x0,0x0,0x18,0x6,
0x2,0x0,0x0,0x0,0x0,0x0,0x0,0x0,
0x44,0x0,0x0,0x0,0xd,0x0,0x0,0x0,
0x7c,0x0,0x0,0x0,0x0,0x0,0x0,0x0,
0x38,0x0,0x0,0x0,0x0,0x0,0x0,0x0,
0x38,0x0,0x0,0x0,0x0,0x0,0x1,0x0,
0xff,0xff,0xff,0xff,0x7,0x0,0x0,0x0,
0x2d,0x5,0x10,0x1,0x0,0x0,0x0,0x0,
0x0,0x0,0x7,0x0,0x0,0x0,0x0,0x0,
0x0,0x0,0x0,0x0,0x2d,0x5,0x0,0x0,
0x1,0x0,0x0,0x0,0x2f,0x35,0x5,0x0,
0x0,0x3d,0x36,0x5,0x0,0x0,0x18,0x6,
0x2,0x0,0x0,0x0,0x0,0x0,0x0,0x0,
0x44,0x0,0x0,0x0,0xd,0x0,0x0,0x0,
0xcb,0x0,0x0,0x0,0x0,0x0,0x0,0x0,
0x38,0x0,0x0,0x0,0x0,0x0,0x0,0x0,
0x38,0x0,0x0,0x0,0x0,0x0,0x1,0x0,
0xff,0xff,0xff,0xff,0x7,0x0,0x0,0x0,
0x2b,0x5,0x10,0x1,0x0,0x0,0x0,0x0,
0x0,0x0,0x7,0x0,0x0,0x0,0x0,0x0,
0x0,0x0,0x0,0x0,0x2b,0x5,0x0,0x0,
0x1,0x0,0x0,0x0,0x2f,0x37,0x5,0x0,
0x0,0x3d,0x38,0x5,0x0,0x0,0x18,0x6,
0x2,0x0,0x0,0x0,0x0,0x0,0x0,0x0,
0x50,0x0,0x0,0x0,0x1b,0x0,0x0,0x0,
0x4c,0x0,0x0,0x0,0x0,0x0,0x0,0x0,
0x38,0x0,0x0,0x0,0x0,0x0,0x0,0x0,
0x38,0x0,0x0,0x0,0x0,0x0,0x2,0x0,
0xff,0xff,0xff,0xff,0x9,0x0,0x0,0x0,
0x36,0x5,0xd0,0x0,0x0,0x0,0x0,0x0,
0x0,0x0,0x7,0x0,0x0,0x0,0x0,0x0,
0x0,0x0,0x0,0x0,0x36,0x5,0x0,0x0,
0x0,0x0,0x0,0x0,0x1,0x0,0x0,0x0,
0x36,0x5,0x0,0x0,0x1,0x0,0x0,0x0,
0xca,0x2f,0x39,0x5,0x0,0x0,0x18,0x7,
0x6,0x18,0x8,0x43,0x3a,0x5,0x0,0x0,
0x7,0x0,0x0,0x0,0x1a,0x8,0x6,0xd4,
0x16,0x6,0x2,0x0,0x0,0x0,0x0,0x0,
0x44,0x0,0x0,0x0,0xd,0x0,0x0,0x0,
0x56,0x1,0x0,0x0,0x0,0x0,0x0,0x0,
0x38,0x0,0x0,0x0,0x0,0x0,0x0,0x0,
0x38,0x0,0x0,0x0,0x0,0x0,0x1,0x0,
0xff,0xff,0xff,0xff,0x7,0x0,0x0,0x0,
0x39,0x5,0xf0,0x1,0x0,0x0,0x0,0x0,
0x0,0x0,0x7,0x0,0x0,0x0,0x0,0x0,
0x0,0x0,0x0,0x0,0x39,0x5,0x0,0x0,
0x1,0x0,0x0,0x0,0x2f,0x3b,0x5,0x0,
0x0,0x3d,0x3c,0x5,0x0,0x0,0x18,0x6,
0x2,0x0,0x0,0x0,0x0,0x0,0x0,0x0,
0x44,0x0,0x0,0x0,0xd,0x0,0x0,0x0,
0x59,0x1,0x0,0x0,0x0,0x0,0x0,0x0,
0x38,0x0,0x0,0x0,0x0,0x0,0x0,0x0,
0x38,0x0,0x0,0x0,0x0,0x0,0x1,0x0,
0xff,0xff,0xff,0xff,0x7,0x0,0x0,0x0,
0x39,0x5,0x60,0x3,0x0,0x0,0x0,0x0,
0x0,0x0,0x7,0x0,0x0,0x0,0x0,0x0,
0x0,0x0,0x0,0x0,0x39,0x5,0x0,0x0,
0x1,0x0,0x0,0x0,0x2f,0x3d,0x5,0x0,
0x0,0x3d,0x3e,0x5,0x0,0x0,0x18,0x6,
0x2,0x0,0x0,0x0,0x0,0x0,0x0,0x0,
0x0,0x0,0x0,0x0,0x10,0x0,0x0,0x0,
0x0,0x0,0x0,0x0,0x0,0x0,0x0,0x0,
0x0,0x0,0x0,0x0,0x10,0x0,0x0,0x0,
0x0,0x0,0x0,0x0,0x0,0x0,0x0,0x0,
0x0,0x0,0x0,0x0,0x10,0x0,0x0,0x0,
0x0,0x0,0x0,0x0,0x0,0x0,0x0,0x0,
0x0,0x0,0x0,0x0,0x10,0x0,0x0,0x0,
0x0,0x0,0x0,0x0,0x0,0x0,0x0,0x0,
0x0,0x0,0x0,0x0,0x10,0x0,0x0,0x0,
0x0,0x0,0x0,0x0,0x0,0x0,0x0,0x0,
0x0,0x0,0x0,0x0,0x10,0x0,0x0,0x0,
0x0,0x0,0x0,0x0,0x0,0x0,0x0,0x0,
0x0,0x0,0x0,0x0,0x10,0x0,0x0,0x0,
0x0,0x0,0x0,0x0,0x0,0x0,0x0,0x0,
0x0,0x0,0x0,0x0,0x10,0x0,0x0,0x0,
0x0,0x0,0x0,0x0,0x0,0x0,0x0,0x0,
0x0,0x0,0x0,0x0,0x10,0x0,0x0,0x0,
0x0,0x0,0x0,0x0,0x0,0x0,0x0,0x0,
0x0,0x0,0x0,0x0,0x10,0x0,0x0,0x0,
0x0,0x0,0x0,0x0,0x0,0x0,0x0,0x0,
0x0,0x0,0x0,0x0,0x10,0x0,0x0,0x0,
0x0,0x0,0x0,0x0,0x0,0x0,0x0,0x0,
0x0,0x0,0x0,0x0,0x10,0x0,0x0,0x0,
0x0,0x0,0x0,0x0,0x0,0x0,0x0,0x0,
0x0,0x0,0x0,0x0,0x10,0x0,0x0,0x0,
0x0,0x0,0x0,0x0,0x0,0x0,0x0,0x0,
0x0,0x0,0x0,0x0,0x10,0x0,0x0,0x0,
0x0,0x0,0x0,0x0,0x0,0x0,0x0,0x0,
0x0,0x0,0x0,0x0,0x10,0x0,0x0,0x0,
0x0,0x0,0x0,0x0,0x0,0x0,0x0,0x0,
0x0,0x0,0x0,0x0,0x10,0x0,0x0,0x0,
0x0,0x0,0x0,0x0,0x0,0x0,0x0,0x0,
0x0,0x0,0x0,0x0,0x10,0x0,0x0,0x0,
0x0,0x0,0x0,0x0,0x0,0x0,0x0,0x0,
0x0,0x0,0x0,0x0,0x10,0x0,0x0,0x0,
0x0,0x0,0x0,0x0,0x0,0x0,0x0,0x0,
0x0,0x0,0x0,0x0,0x10,0x0,0x0,0x0,
0x0,0x0,0x0,0x0,0x0,0x0,0x0,0x0,
0x0,0x0,0x0,0x0,0x10,0x0,0x0,0x0,
0x0,0x0,0x0,0x0,0x0,0x0,0x0,0x0,
0x0,0x0,0x0,0x0,0x10,0x0,0x0,0x0,
0x0,0x0,0x0,0x0,0x0,0x0,0x0,0x0,
0x0,0x0,0x0,0x0,0x10,0x0,0x0,0x0,
0x0,0x0,0x0,0x0,0x0,0x0,0x0,0x0,
0x0,0x0,0x0,0x0,0x10,0x0,0x0,0x0,
0x0,0x0,0x0,0x0,0x0,0x0,0x0,0x0,
0x0,0x0,0x0,0x0,0x10,0x0,0x0,0x0,
0x0,0x0,0x0,0x0,0x0,0x0,0x0,0x0,
0x0,0x0,0x0,0x0,0x10,0x0,0x0,0x0,
0x0,0x0,0x0,0x0,0x0,0x0,0x0,0x0,
0x0,0x0,0x0,0x0,0x10,0x0,0x0,0x0,
0x0,0x0,0x0,0x0,0x0,0x0,0x0,0x0,
0x0,0x0,0x0,0x0,0x10,0x0,0x0,0x0,
0x0,0x0,0x0,0x0,0x0,0x0,0x0,0x0,
0x0,0x0,0x0,0x0,0x10,0x0,0x0,0x0,
0x0,0x0,0x0,0x0,0x0,0x0,0x0,0x0,
0x0,0x0,0x0,0x0,0x10,0x0,0x0,0x0,
0x0,0x0,0x0,0x0,0x0,0x0,0x0,0x0,
0x0,0x0,0x0,0x0,0x10,0x0,0x0,0x0,
0x0,0x0,0x0,0x0,0x0,0x0,0x0,0x0,
0x0,0x0,0x0,0x0,0x10,0x0,0x0,0x0,
0x0,0x0,0x0,0x0,0x0,0x0,0x0,0x0,
0x0,0x0,0x0,0x0,0x10,0x0,0x0,0x0,
0x0,0x0,0x0,0x0,0x0,0x0,0x0,0x0,
0x0,0x0,0x0,0x0,0x10,0x0,0x0,0x0,
0x0,0x0,0x0,0x0,0x0,0x0,0x0,0x0,
0x0,0x0,0x0,0x0,0x10,0x0,0x0,0x0,
0x0,0x0,0x0,0x0,0x0,0x0,0x0,0x0,
0x0,0x0,0x0,0x0,0x10,0x0,0x0,0x0,
0x0,0x0,0x0,0x0,0x0,0x0,0x0,0x0,
0x0,0x0,0x0,0x0,0x10,0x0,0x0,0x0,
0x0,0x0,0x0,0x0,0x0,0x0,0x0,0x0,
0x0,0x0,0x0,0x0,0x10,0x0,0x0,0x0,
0x0,0x0,0x0,0x0,0x0,0x0,0x0,0x0,
0x0,0x0,0x0,0x0,0x10,0x0,0x0,0x0,
0x0,0x0,0x0,0x0,0x0,0x0,0x0,0x0,
0x0,0x0,0x0,0x0,0x10,0x0,0x0,0x0,
0x0,0x0,0x0,0x0,0x0,0x0,0x0,0x0,
0x0,0x0,0x0,0x0,0x10,0x0,0x0,0x0,
0x0,0x0,0x0,0x0,0x0,0x0,0x0,0x0,
0x0,0x0,0x0,0x0,0x10,0x0,0x0,0x0,
0x0,0x0,0x0,0x0,0x0,0x0,0x0,0x0,
0x0,0x0,0x0,0x0,0x10,0x0,0x0,0x0,
0x0,0x0,0x0,0x0,0x0,0x0,0x0,0x0,
0x0,0x0,0x0,0x0,0x10,0x0,0x0,0x0,
0x0,0x0,0x0,0x0,0x0,0x0,0x0,0x0,
0x0,0x0,0x0,0x0,0x10,0x0,0x0,0x0,
0x0,0x0,0x0,0x0,0x0,0x0,0x0,0x0,
0x0,0x0,0x0,0x0,0x10,0x0,0x0,0x0,
0x0,0x0,0x0,0x0,0x0,0x0,0x0,0x0,
0x0,0x0,0x0,0x0,0x10,0x0,0x0,0x0,
0x0,0x0,0x0,0x0,0x0,0x0,0x0,0x0,
0x0,0x0,0x0,0x0,0x10,0x0,0x0,0x0,
0x0,0x0,0x0,0x0,0x0,0x0,0x0,0x0,
0x0,0x0,0x0,0x0,0x10,0x0,0x0,0x0,
0x0,0x0,0x0,0x0,0x0,0x0,0x0,0x0,
0x0,0x0,0x0,0x0,0x10,0x0,0x0,0x0,
0x0,0x0,0x0,0x0,0x0,0x0,0x0,0x0,
0x0,0x0,0x0,0x0,0x10,0x0,0x0,0x0,
0x0,0x0,0x0,0x0,0x0,0x0,0x0,0x0,
0x0,0x0,0x0,0x0,0x10,0x0,0x0,0x0,
0x0,0x0,0x0,0x0,0x0,0x0,0x0,0x0,
0x0,0x0,0x0,0x0,0x10,0x0,0x0,0x0,
0x0,0x0,0x0,0x0,0x0,0x0,0x0,0x0,
0x0,0x0,0x0,0x0,0x10,0x0,0x0,0x0,
0x0,0x0,0x0,0x0,0x0,0x0,0x0,0x0,
0x0,0x0,0x0,0x0,0x10,0x0,0x0,0x0,
0x0,0x0,0x0,0x0,0x0,0x0,0x0,0x0,
0x0,0x0,0x0,0x0,0x10,0x0,0x0,0x0,
0x0,0x0,0x0,0x0,0x0,0x0,0x0,0x0,
0x0,0x0,0x0,0x0,0x10,0x0,0x0,0x0,
0x0,0x0,0x0,0x0,0x0,0x0,0x0,0x0,
0x0,0x0,0x0,0x0,0x10,0x0,0x0,0x0,
0x0,0x0,0x0,0x0,0x0,0x0,0x0,0x0,
0x0,0x0,0x0,0x0,0x10,0x0,0x0,0x0,
0x0,0x0,0x0,0x0,0x0,0x0,0x0,0x0,
0x0,0x0,0x0,0x0,0x10,0x0,0x0,0x0,
0x0,0x0,0x0,0x0,0x0,0x0,0x0,0x0,
0x0,0x0,0x0,0x0,0x10,0x0,0x0,0x0,
0x0,0x0,0x0,0x0,0x0,0x0,0x0,0x0,
0x0,0x0,0x0,0x0,0x10,0x0,0x0,0x0,
0x0,0x0,0x0,0x0,0x0,0x0,0x0,0x0,
0x0,0x0,0x0,0x0,0x10,0x0,0x0,0x0,
0x0,0x0,0x0,0x0,0x0,0x0,0x0,0x0,
0x0,0x0,0x0,0x0,0x10,0x0,0x0,0x0,
0x0,0x0,0x0,0x0,0x0,0x0,0x0,0x0,
0xd8,0xec,0x0,0x0,0xe0,0xec,0x0,0x0,
0xf8,0xec,0x0,0x0,0x20,0xed,0x0,0x0,
0x48,0xed,0x0,0x0,0x70,0xed,0x0,0x0,
0xa0,0xed,0x0,0x0,0xc8,0xed,0x0,0x0,
0xd8,0xed,0x0,0x0,0xf0,0xed,0x0,0x0,
0x0,0xee,0x0,0x0,0x18,0xee,0x0,0x0,
0x28,0xee,0x0,0x0,0x50,0xee,0x0,0x0,
0x60,0xee,0x0,0x0,0x78,0xee,0x0,0x0,
0x88,0xee,0x0,0x0,0xa0,0xee,0x0,0x0,
0xb8,0xee,0x0,0x0,0xd0,0xee,0x0,0x0,
0xe8,0xee,0x0,0x0,0x0,0xef,0x0,0x0,
0x18,0xef,0x0,0x0,0x30,0xef,0x0,0x0,
0x50,0xef,0x0,0x0,0x68,0xef,0x0,0x0,
0x78,0xef,0x0,0x0,0x90,0xef,0x0,0x0,
0xa0,0xef,0x0,0x0,0xb8,0xef,0x0,0x0,
0xc8,0xef,0x0,0x0,0xe0,0xef,0x0,0x0,
0xf0,0xef,0x0,0x0,0x8,0xf0,0x0,0x0,
0x28,0xf0,0x0,0x0,0x38,0xf0,0x0,0x0,
0x48,0xf0,0x0,0x0,0x50,0xf0,0x0,0x0,
0x70,0xf0,0x0,0x0,0x78,0xf0,0x0,0x0,
0x98,0xf0,0x0,0x0,0xb8,0xf0,0x0,0x0,
0xe0,0xf0,0x0,0x0,0x0,0xf1,0x0,0x0,
0x38,0xf1,0x0,0x0,0x58,0xf1,0x0,0x0,
0x80,0xf1,0x0,0x0,0xc8,0xf1,0x0,0x0,
0xe8,0xf1,0x0,0x0,0x10,0xf2,0x0,0x0,
0x28,0xf2,0x0,0x0,0x60,0xf2,0x0,0x0,
0x78,0xf2,0x0,0x0,0x90,0xf2,0x0,0x0,
0xc8,0xf2,0x0,0x0,0xe0,0xf2,0x0,0x0,
0x18,0xf3,0x0,0x0,0x38,0xf3,0x0,0x0,
0x78,0xf3,0x0,0x0,0x98,0xf3,0x0,0x0,
0xa8,0xf3,0x0,0x0,0xc8,0xf3,0x0,0x0,
0xf0,0xf3,0x0,0x0,0x8,0xf4,0x0,0x0,
0x28,0xf4,0x0,0x0,0x38,0xf4,0x0,0x0,
0x48,0xf4,0x0,0x0,0x68,0xf4,0x0,0x0,
0x88,0xf4,0x0,0x0,0xa0,0xf4,0x0,0x0,
0xd0,0xf4,0x0,0x0,0xf0,0xf4,0x0,0x0,
0x8,0xf5,0x0,0x0,0x18,0xf5,0x0,0x0,
0x38,0xf5,0x0,0x0,0x50,0xf5,0x0,0x0,
0x70,0xf5,0x0,0x0,0xb0,0xf5,0x0,0x0,
0xc8,0xf5,0x0,0x0,0x0,0xf6,0x0,0x0,
0x18,0xf6,0x0,0x0,0x30,0xf6,0x0,0x0,
0x50,0xf6,0x0,0x0,0x60,0xf6,0x0,0x0,
0x70,0xf6,0x0,0x0,0x88,0xf6,0x0,0x0,
0x98,0xf6,0x0,0x0,0xc8,0xf6,0x0,0x0,
0xf0,0xf6,0x0,0x0,0x10,0xf7,0x0,0x0,
0x38,0xf7,0x0,0x0,0x60,0xf7,0x0,0x0,
0x90,0xf7,0x0,0x0,0xa0,0xf7,0x0,0x0,
0xb0,0xf7,0x0,0x0,0xc0,0xf7,0x0,0x0,
0xe0,0xf7,0x0,0x0,0xf0,0xf7,0x0,0x0,
0x30,0xf8,0x0,0x0,0x70,0xf8,0x0,0x0,
0xc8,0xf8,0x0,0x0,0x28,0xf9,0x0,0x0,
0x60,0xf9,0x0,0x0,0x80,0xf9,0x0,0x0,
0x98,0xf9,0x0,0x0,0xc8,0xf9,0x0,0x0,
0xe0,0xf9,0x0,0x0,0xf8,0xf9,0x0,0x0,
0x18,0xfa,0x0,0x0,0x28,0xfa,0x0,0x0,
0x58,0xfa,0x0,0x0,0x70,0xfa,0x0,0x0,
0x90,0xfa,0x0,0x0,0xa8,0xfa,0x0,0x0,
0xb8,0xfa,0x0,0x0,0xe8,0xfa,0x0,0x0,
0x0,0xfb,0x0,0x0,0x18,0xfb,0x0,0x0,
0x30,0xfb,0x0,0x0,0x58,0xfb,0x0,0x0,
0x70,0xfb,0x0,0x0,0x90,0xfb,0x0,0x0,
0xb0,0xfb,0x0,0x0,0xc0,0xfb,0x0,0x0,
0xd8,0xfb,0x0,0x0,0x8,0xfc,0x0,0x0,
0x18,0xfc,0x0,0x0,0x30,0xfc,0x0,0x0,
0x50,0xfc,0x0,0x0,0x88,0xfc,0x0,0x0,
0xa8,0xfc,0x0,0x0,0xb8,0xfc,0x0,0x0,
0xc0,0xfc,0x0,0x0,0xd8,0xfc,0x0,0x0,
0xf0,0xfc,0x0,0x0,0x28,0xfd,0x0,0x0,
0x40,0xfd,0x0,0x0,0x58,0xfd,0x0,0x0,
0x78,0xfd,0x0,0x0,0x98,0xfd,0x0,0x0,
0xd8,0xfd,0x0,0x0,0xf0,0xfd,0x0,0x0,
0x28,0xfe,0x0,0x0,0x50,0xfe,0x0,0x0,
0x90,0xfe,0x0,0x0,0xa8,0xfe,0x0,0x0,
0xb8,0xfe,0x0,0x0,0xd0,0xfe,0x0,0x0,
0xe8,0xfe,0x0,0x0,0x20,0xff,0x0,0x0,
0x38,0xff,0x0,0x0,0x50,0xff,0x0,0x0,
0x78,0xff,0x0,0x0,0xb8,0xff,0x0,0x0,
0xe8,0xff,0x0,0x0,0x18,0x0,0x1,0x0,
0x30,0x0,0x1,0x0,0x68,0x0,0x1,0x0,
0x78,0x0,0x1,0x0,0xa8,0x0,0x1,0x0,
0xc0,0x0,0x1,0x0,0xf8,0x0,0x1,0x0,
0x20,0x1,0x1,0x0,0x30,0x1,0x1,0x0,
0x48,0x1,0x1,0x0,0x60,0x1,0x1,0x0,
0x78,0x1,0x1,0x0,0x90,0x1,0x1,0x0,
0xc0,0x1,0x1,0x0,0x8,0x2,0x1,0x0,
0x20,0x2,0x1,0x0,0x50,0x2,0x1,0x0,
0x70,0x2,0x1,0x0,0x88,0x2,0x1,0x0,
0xa0,0x2,0x1,0x0,0xb8,0x2,0x1,0x0,
0xd0,0x2,0x1,0x0,0x8,0x3,0x1,0x0,
0x18,0x3,0x1,0x0,0x48,0x3,0x1,0x0,
0x58,0x3,0x1,0x0,0x88,0x3,0x1,0x0,
0xa8,0x3,0x1,0x0,0xe0,0x3,0x1,0x0,
0xf0,0x3,0x1,0x0,0x20,0x4,0x1,0x0,
0x30,0x4,0x1,0x0,0x60,0x4,0x1,0x0,
0x70,0x4,0x1,0x0,0xa0,0x4,0x1,0x0,
0xc0,0x4,0x1,0x0,0x0,0x5,0x1,0x0,
0x30,0x5,0x1,0x0,0x78,0x5,0x1,0x0,
0x88,0x5,0x1,0x0,0xb8,0x5,0x1,0x0,
0xd0,0x5,0x1,0x0,0xe8,0x5,0x1,0x0,
0x0,0x6,0x1,0x0,0x18,0x6,0x1,0x0,
0x28,0x6,0x1,0x0,0x58,0x6,0x1,0x0,
0x70,0x6,0x1,0x0,0x98,0x6,0x1,0x0,
0xe0,0x6,0x1,0x0,0xf8,0x6,0x1,0x0,
0x10,0x7,0x1,0x0,0x28,0x7,0x1,0x0,
0x38,0x7,0x1,0x0,0x68,0x7,0x1,0x0,
0x78,0x7,0x1,0x0,0x90,0x7,0x1,0x0,
0xa0,0x7,0x1,0x0,0xd0,0x7,0x1,0x0,
0xe8,0x7,0x1,0x0,0xf0,0x7,0x1,0x0,
0x8,0x8,0x1,0x0,0x20,0x8,0x1,0x0,
0x48,0x8,0x1,0x0,0x58,0x8,0x1,0x0,
0x78,0x8,0x1,0x0,0x90,0x8,0x1,0x0,
0xa0,0x8,0x1,0x0,0xc8,0x8,0x1,0x0,
0x10,0x9,0x1,0x0,0x50,0x9,0x1,0x0,
0x68,0x9,0x1,0x0,0x78,0x9,0x1,0x0,
0x90,0x9,0x1,0x0,0xb0,0x9,0x1,0x0,
0xd0,0x9,0x1,0x0,0x10,0xa,0x1,0x0,
0x20,0xa,0x1,0x0,0x48,0xa,0x1,0x0,
0x88,0xa,0x1,0x0,0x98,0xa,0x1,0x0,
0xa8,0xa,0x1,0x0,0xc8,0xa,0x1,0x0,
0xe0,0xa,0x1,0x0,0xf8,0xa,0x1,0x0,
0x18,0xb,0x1,0x0,0x38,0xb,0x1,0x0,
0x58,0xb,0x1,0x0,0x78,0xb,0x1,0x0,
0x90,0xb,0x1,0x0,0xa8,0xb,0x1,0x0,
0xc8,0xb,0x1,0x0,0xe0,0xb,0x1,0x0,
0xf8,0xb,0x1,0x0,0x8,0xc,0x1,0x0,
0x38,0xc,0x1,0x0,0x50,0xc,0x1,0x0,
0x80,0xc,0x1,0x0,0x98,0xc,0x1,0x0,
0xd0,0xc,0x1,0x0,0xe8,0xc,0x1,0x0,
0x20,0xd,0x1,0x0,0x30,0xd,0x1,0x0,
0x60,0xd,0x1,0x0,0x80,0xd,0x1,0x0,
0xc0,0xd,0x1,0x0,0xe0,0xd,0x1,0x0,
0x20,0xe,0x1,0x0,0x48,0xe,0x1,0x0,
0x88,0xe,0x1,0x0,0xa8,0xe,0x1,0x0,
0xe8,0xe,0x1,0x0,0x8,0xf,0x1,0x0,
0x40,0xf,0x1,0x0,0x58,0xf,0x1,0x0,
0x90,0xf,0x1,0x0,0xb8,0xf,0x1,0x0,
0xf8,0xf,0x1,0x0,0x10,0x10,0x1,0x0,
0x48,0x10,0x1,0x0,0x60,0x10,0x1,0x0,
0x90,0x10,0x1,0x0,0xa8,0x10,0x1,0x0,
0xd8,0x10,0x1,0x0,0xf0,0x10,0x1,0x0,
0x20,0x11,0x1,0x0,0x40,0x11,0x1,0x0,
0x78,0x11,0x1,0x0,0xb0,0x11,0x1,0x0,
0xc0,0x11,0x1,0x0,0xd8,0x11,0x1,0x0,
0x8,0x12,0x1,0x0,0x28,0x12,0x1,0x0,
0x40,0x12,0x1,0x0,0x78,0x12,0x1,0x0,
0x98,0x12,0x1,0x0,0xa8,0x12,0x1,0x0,
0xc0,0x12,0x1,0x0,0xd8,0x12,0x1,0x0,
0xe0,0x12,0x1,0x0,0x0,0x13,0x1,0x0,
0x18,0x13,0x1,0x0,0x30,0x13,0x1,0x0,
0x48,0x13,0x1,0x0,0x60,0x13,0x1,0x0,
0x70,0x13,0x1,0x0,0x88,0x13,0x1,0x0,
0x98,0x13,0x1,0x0,0xb0,0x13,0x1,0x0,
0xb8,0x13,0x1,0x0,0xe0,0x13,0x1,0x0,
0xf8,0x13,0x1,0x0,0x30,0x14,0x1,0x0,
0x48,0x14,0x1,0x0,0x58,0x14,0x1,0x0,
0x88,0x14,0x1,0x0,0x98,0x14,0x1,0x0,
0xb0,0x14,0x1,0x0,0xc8,0x14,0x1,0x0,
0xe0,0x14,0x1,0x0,0xf8,0x14,0x1,0x0,
0x18,0x15,0x1,0x0,0x30,0x15,0x1,0x0,
0x48,0x15,0x1,0x0,0x68,0x15,0x1,0x0,
0x78,0x15,0x1,0x0,0x98,0x15,0x1,0x0,
0xd8,0x15,0x1,0x0,0xf0,0x15,0x1,0x0,
0x0,0x16,0x1,0x0,0x20,0x16,0x1,0x0,
0x30,0x16,0x1,0x0,0x60,0x16,0x1,0x0,
0x80,0x16,0x1,0x0,0x98,0x16,0x1,0x0,
0xb0,0x16,0x1,0x0,0xf8,0x17,0x1,0x0,
0x10,0x18,0x1,0x0,0x28,0x18,0x1,0x0,
0x38,0x18,0x1,0x0,0x58,0x18,0x1,0x0,
0x70,0x18,0x1,0x0,0x90,0x18,0x1,0x0,
0xc8,0x18,0x1,0x0,0xe8,0x18,0x1,0x0,
0x0,0x19,0x1,0x0,0x70,0x19,0x1,0x0,
0x88,0x19,0x1,0x0,0xc0,0x19,0x1,0x0,
0xd8,0x19,0x1,0x0,0xe8,0x19,0x1,0x0,
0x18,0x1a,0x1,0x0,0x40,0x1a,0x1,0x0,
0x88,0x1a,0x1,0x0,0x90,0x1a,0x1,0x0,
0x98,0x1a,0x1,0x0,0xa0,0x1a,0x1,0x0,
0xa8,0x1a,0x1,0x0,0xb0,0x1a,0x1,0x0,
0xc8,0x1a,0x1,0x0,0xe0,0x1a,0x1,0x0,
0x10,0x1b,0x1,0x0,0x28,0x1b,0x1,0x0,
0x48,0x1b,0x1,0x0,0x68,0x1b,0x1,0x0,
0x78,0x1b,0x1,0x0,0x88,0x1b,0x1,0x0,
0xa8,0x1b,0x1,0x0,0xc0,0x1b,0x1,0x0,
0xd0,0x1b,0x1,0x0,0xe0,0x1b,0x1,0x0,
0xf0,0x1b,0x1,0x0,0x0,0x1c,0x1,0x0,
0x20,0x1c,0x1,0x0,0x38,0x1c,0x1,0x0,
0x50,0x1c,0x1,0x0,0x70,0x1c,0x1,0x0,
0x98,0x1c,0x1,0x0,0xb8,0x1c,0x1,0x0,
0xc0,0x1c,0x1,0x0,0xd8,0x1c,0x1,0x0,
0xf8,0x1c,0x1,0x0,0x0,0x1d,0x1,0x0,
0x8,0x1d,0x1,0x0,0x10,0x1d,0x1,0x0,
0x18,0x1d,0x1,0x0,0x20,0x1d,0x1,0x0,
0x28,0x1d,0x1,0x0,0x48,0x1d,0x1,0x0,
0x68,0x1d,0x1,0x0,0x98,0x1d,0x1,0x0,
0xc8,0x1d,0x1,0x0,0xf0,0x1d,0x1,0x0,
0x20,0x1e,0x1,0x0,0x28,0x1e,0x1,0x0,
0x30,0x1e,0x1,0x0,0x48,0x1e,0x1,0x0,
0x50,0x1e,0x1,0x0,0x58,0x1e,0x1,0x0,
0x60,0x1e,0x1,0x0,0x78,0x1e,0x1,0x0,
0x80,0x1e,0x1,0x0,0x88,0x1e,0x1,0x0,
0xa8,0x1e,0x1,0x0,0xf8,0x1e,0x1,0x0,
0x8,0x1f,0x1,0x0,0x18,0x1f,0x1,0x0,
0x20,0x1f,0x1,0x0,0x38,0x1f,0x1,0x0,
0x48,0x1f,0x1,0x0,0x90,0x1f,0x1,0x0,
0xb0,0x1f,0x1,0x0,0xc0,0x1f,0x1,0x0,
0xd0,0x1f,0x1,0x0,0xe0,0x1f,0x1,0x0,
0xf8,0x1f,0x1,0x0,0x10,0x20,0x1,0x0,
0x38,0x20,0x1,0x0,0x70,0x20,0x1,0x0,
0x90,0x20,0x1,0x0,0xb8,0x20,0x1,0x0,
0xc8,0x20,0x1,0x0,0xd0,0x20,0x1,0x0,
0xe0,0x20,0x1,0x0,0x0,0x21,0x1,0x0,
0x28,0x21,0x1,0x0,0x38,0x21,0x1,0x0,
0x50,0x21,0x1,0x0,0x60,0x21,0x1,0x0,
0x80,0x21,0x1,0x0,0xa0,0x21,0x1,0x0,
0xb0,0x21,0x1,0x0,0xd8,0x21,0x1,0x0,
0xf8,0x21,0x1,0x0,0x28,0x22,0x1,0x0,
0x38,0x22,0x1,0x0,0x50,0x22,0x1,0x0,
0x68,0x22,0x1,0x0,0x80,0x22,0x1,0x0,
0xa0,0x22,0x1,0x0,0xb0,0x22,0x1,0x0,
0xc0,0x22,0x1,0x0,0xd0,0x22,0x1,0x0,
0xf0,0x22,0x1,0x0,0x0,0x23,0x1,0x0,
0x18,0x23,0x1,0x0,0x48,0x23,0x1,0x0,
0x60,0x23,0x1,0x0,0x78,0x23,0x1,0x0,
0x90,0x23,0x1,0x0,0xb0,0x23,0x1,0x0,
0xc8,0x23,0x1,0x0,0xe0,0x23,0x1,0x0,
0xf8,0x23,0x1,0x0,0x0,0x24,0x1,0x0,
0x8,0x24,0x1,0x0,0x30,0x24,0x1,0x0,
0x48,0x24,0x1,0x0,0x60,0x24,0x1,0x0,
0x70,0x24,0x1,0x0,0x80,0x24,0x1,0x0,
0x90,0x24,0x1,0x0,0xa0,0x24,0x1,0x0,
0xb0,0x24,0x1,0x0,0xc0,0x24,0x1,0x0,
0xd8,0x24,0x1,0x0,0xf0,0x24,0x1,0x0,
0x0,0x25,0x1,0x0,0x18,0x25,0x1,0x0,
0x40,0x25,0x1,0x0,0x60,0x25,0x1,0x0,
0x78,0x25,0x1,0x0,0x88,0x25,0x1,0x0,
0xc8,0x25,0x1,0x0,0xf0,0x25,0x1,0x0,
0x0,0x26,0x1,0x0,0x8,0x26,0x1,0x0,
0x18,0x26,0x1,0x0,0x40,0x26,0x1,0x0,
0x48,0x26,0x1,0x0,0x70,0x26,0x1,0x0,
0x88,0x26,0x1,0x0,0xa0,0x26,0x1,0x0,
0xc0,0x26,0x1,0x0,0xe0,0x26,0x1,0x0,
0xf8,0x26,0x1,0x0,0x8,0x27,0x1,0x0,
0x38,0x27,0x1,0x0,0x50,0x27,0x1,0x0,
0x60,0x27,0x1,0x0,0x70,0x27,0x1,0x0,
0x80,0x27,0x1,0x0,0x90,0x27,0x1,0x0,
0xb8,0x27,0x1,0x0,0xe8,0x27,0x1,0x0,
0x10,0x28,0x1,0x0,0x30,0x28,0x1,0x0,
0x48,0x28,0x1,0x0,0x60,0x28,0x1,0x0,
0x78,0x28,0x1,0x0,0x88,0x28,0x1,0x0,
0x98,0x28,0x1,0x0,0xc8,0x28,0x1,0x0,
0xf0,0x28,0x1,0x0,0x0,0x29,0x1,0x0,
0x18,0x29,0x1,0x0,0x28,0x29,0x1,0x0,
0x38,0x29,0x1,0x0,0x68,0x29,0x1,0x0,
0x80,0x29,0x1,0x0,0x98,0x29,0x1,0x0,
0xa0,0x29,0x1,0x0,0xc0,0x29,0x1,0x0,
0xd0,0x29,0x1,0x0,0x28,0x2a,0x1,0x0,
0x40,0x2a,0x1,0x0,0x50,0x2a,0x1,0x0,
0x60,0x2a,0x1,0x0,0x80,0x2a,0x1,0x0,
0xa0,0x2a,0x1,0x0,0xd8,0x2a,0x1,0x0,
0x0,0x2b,0x1,0x0,0x28,0x2b,0x1,0x0,
0x0,0x2c,0x1,0x0,0xb0,0x2c,0x1,0x0,
0xc8,0x2c,0x1,0x0,0xf8,0x2c,0x1,0x0,
0x28,0x2d,0x1,0x0,0x50,0x2d,0x1,0x0,
0x70,0x2d,0x1,0x0,0x98,0x2d,0x1,0x0,
0xb0,0x2d,0x1,0x0,0xc8,0x2d,0x1,0x0,
0x0,0x0,0x0,0x0,0x0,0x0,0x0,0x0,
0x7,0x0,0x0,0x0,0x51,0x0,0x74,0x0,
0x51,0x0,0x75,0x0,0x69,0x0,0x63,0x0,
0x6b,0x0,0x0,0x0,0x0,0x0,0x0,0x0,
0x10,0x0,0x0,0x0,0x51,0x0,0x74,0x0,
0x51,0x0,0x75,0x0,0x69,0x0,0x63,0x0,
0x6b,0x0,0x2e,0x0,0x43,0x0,0x6f,0x0,
0x6e,0x0,0x74,0x0,0x72,0x0,0x6f,0x0,
0x6c,0x0,0x73,0x0,0x0,0x0,0x0,0x0,
0xf,0x0,0x0,0x0,0x51,0x0,0x74,0x0,
0x51,0x0,0x75,0x0,0x69,0x0,0x63,0x0,
0x6b,0x0,0x2e,0x0,0x44,0x0,0x69,0x0,
0x61,0x0,0x6c,0x0,0x6f,0x0,0x67,0x0,
0x73,0x0,0x0,0x0,0x0,0x0,0x0,0x0,
0xf,0x0,0x0,0x0,0x51,0x0,0x74,0x0,
0x51,0x0,0x75,0x0,0x69,0x0,0x63,0x0,
0x6b,0x0,0x2e,0x0,0x4c,0x0,0x61,0x0,
0x79,0x0,0x6f,0x0,0x75,0x0,0x74,0x0,
0x73,0x0,0x0,0x0,0x0,0x0,0x0,0x0,
0x12,0x0,0x0,0x0,0x58,0x0,0x79,0x0,
0x6c,0x0,0x6f,0x0,0x73,0x0,0x6f,0x0,
0x6d,0x0,0x65,0x0,0x53,0x0,0x75,0x0,
0x69,0x0,0x74,0x0,0x65,0x0,0x2e,0x0,
0x4c,0x0,0x69,0x0,0x6e,0x0,0x6b,0x0,
0x0,0x0,0x0,0x0,0x0,0x0,0x0,0x0,
0x11,0x0,0x0,0x0,0x41,0x0,0x70,0x0,
0x70,0x0,0x6c,0x0,0x69,0x0,0x63,0x0,
0x61,0x0,0x74,0x0,0x69,0x0,0x6f,0x0,
0x6e,0x0,0x57,0x0,0x69,0x0,0x6e,0x0,
0x64,0x0,0x6f,0x0,0x77,0x0,0x0,0x0,
0x4,0x0,0x0,0x0,0x72,0x0,0x6f,0x0,
0x6f,0x0,0x74,0x0,0x0,0x0,0x0,0x0,
0x7,0x0,0x0,0x0,0x76,0x0,0x69,0x0,
0x73,0x0,0x69,0x0,0x62,0x0,0x6c,0x0,
0x65,0x0,0x0,0x0,0x0,0x0,0x0,0x0,
0x5,0x0,0x0,0x0,0x77,0x0,0x69,0x0,
0x64,0x0,0x74,0x0,0x68,0x0,0x0,0x0,
0x6,0x0,0x0,0x0,0x68,0x0,0x65,0x0,
0x69,0x0,0x67,0x0,0x68,0x0,0x74,0x0,
0x0,0x0,0x0,0x0,0x0,0x0,0x0,0x0,
0x5,0x0,0x0,0x0,0x74,0x0,0x69,0x0,
0x74,0x0,0x6c,0x0,0x65,0x0,0x0,0x0,
0xe,0x0,0x0,0x0,0x58,0x0,0x79,0x0,
0x6c,0x0,0x6f,0x0,0x73,0x0,0x6f,0x0,
0x6d,0x0,0x65,0x0,0x20,0x0,0x53,0x0,
0x75,0x0,0x69,0x0,0x74,0x0,0x65,0x0,
0x0,0x0,0x0,0x0,0x0,0x0,0x0,0x0,
0x5,0x0,0x0,0x0,0x63,0x0,0x6f,0x0,
0x6c,0x0,0x6f,0x0,0x72,0x0,0x0,0x0,
0x7,0x0,0x0,0x0,0x23,0x0,0x46,0x0,
0x46,0x0,0x46,0x0,0x46,0x0,0x46,0x0,
0x46,0x0,0x0,0x0,0x0,0x0,0x0,0x0,
0x3,0x0,0x0,0x0,0x69,0x0,0x6e,0x0,
0x6b,0x0,0x0,0x0,0x0,0x0,0x0,0x0,
0x7,0x0,0x0,0x0,0x23,0x0,0x31,0x0,
0x41,0x0,0x31,0x0,0x41,0x0,0x31,0x0,
0x41,0x0,0x0,0x0,0x0,0x0,0x0,0x0,
0x8,0x0,0x0,0x0,0x69,0x0,0x6e,0x0,
0x6b,0x0,0x4d,0x0,0x75,0x0,0x74,0x0,
0x65,0x0,0x64,0x0,0x0,0x0,0x0,0x0,
0x7,0x0,0x0,0x0,0x23,0x0,0x36,0x0,
0x36,0x0,0x36,0x0,0x36,0x0,0x36,0x0,
0x36,0x0,0x0,0x0,0x0,0x0,0x0,0x0,
0x8,0x0,0x0,0x0,0x69,0x0,0x6e,0x0,
0x6b,0x0,0x46,0x0,0x61,0x0,0x69,0x0,
0x6e,0x0,0x74,0x0,0x0,0x0,0x0,0x0,
0x7,0x0,0x0,0x0,0x23,0x0,0x39,0x0,
0x39,0x0,0x39,0x0,0x39,0x0,0x39,0x0,
0x39,0x0,0x0,0x0,0x0,0x0,0x0,0x0,
0x8,0x0,0x0,0x0,0x68,0x0,0x61,0x0,
0x69,0x0,0x72,0x0,0x6c,0x0,0x69,0x0,
0x6e,0x0,0x65,0x0,0x0,0x0,0x0,0x0,
0x7,0x0,0x0,0x0,0x23,0x0,0x45,0x0,
0x38,0x0,0x45,0x0,0x38,0x0,0x45,0x0,
0x38,0x0,0x0,0x0,0x0,0x0,0x0,0x0,
0xa,0x0,0x0,0x0,0x69,0x0,0x6d,0x0,
0x61,0x0,0x67,0x0,0x65,0x0,0x46,0x0,
0x69,0x0,0x65,0x0,0x6c,0x0,0x64,0x0,
0x0,0x0,0x0,0x0,0x0,0x0,0x0,0x0,
0x7,0x0,0x0,0x0,0x23,0x0,0x38,0x0,
0x41,0x0,0x38,0x0,0x41,0x0,0x38,0x0,
0x41,0x0,0x0,0x0,0x0,0x0,0x0,0x0,
0x3,0x0,0x0,0x0,0x63,0x0,0x68,0x0,
0x52,0x0,0x0,0x0,0x0,0x0,0x0,0x0,
0x7,0x0,0x0,0x0,0x23,0x0,0x45,0x0,
0x32,0x0,0x34,0x0,0x42,0x0,0x34,0x0,
0x41,0x0,0x0,0x0,0x0,0x0,0x0,0x0,
0x3,0x0,0x0,0x0,0x63,0x0,0x68,0x0,
0x47,0x0,0x0,0x0,0x0,0x0,0x0,0x0,
0x7,0x0,0x0,0x0,0x23,0x0,0x31,0x0,
0x44,0x0,0x39,0x0,0x45,0x0,0x37,0x0,
0x35,0x0,0x0,0x0,0x0,0x0,0x0,0x0,
0x3,0x0,0x0,0x0,0x63,0x0,0x68,0x0,
0x42,0x0,0x0,0x0,0x0,0x0,0x0,0x0,
0x7,0x0,0x0,0x0,0x23,0x0,0x33,0x0,
0x37,0x0,0x38,0x0,0x41,0x0,0x44,0x0,
0x44,0x0,0x0,0x0,0x0,0x0,0x0,0x0,
0x3,0x0,0x0,0x0,0x63,0x0,0x68,0x0,
0x43,0x0,0x0,0x0,0x0,0x0,0x0,0x0,
0x6,0x0,0x0,0x0,0x65,0x0,0x61,0x0,
0x73,0x0,0x65,0x0,0x4d,0x0,0x73,0x0,
0x0,0x0,0x0,0x0,0x0,0x0,0x0,0x0,
0xb,0x0,0x0,0x0,0x66,0x0,0x69,0x0,
0x6c,0x0,0x74,0x0,0x65,0x0,0x72,0x0,
0x43,0x0,0x6f,0x0,0x6c,0x0,0x6f,0x0,
0x72,0x0,0x0,0x0,0x0,0x0,0x0,0x0,
0x4,0x0,0x0,0x0,0x6e,0x0,0x61,0x0,
0x6d,0x0,0x65,0x0,0x0,0x0,0x0,0x0,
0x5,0x0,0x0,0x0,0x73,0x0,0x74,0x0,
0x61,0x0,0x72,0x0,0x73,0x0,0x0,0x0,
0x1,0x0,0x0,0x0,0x6e,0x0,0x0,0x0,
0xd,0x0,0x0,0x0,0x66,0x0,0x6f,0x0,
0x6c,0x0,0x64,0x0,0x65,0x0,0x72,0x0,
0x46,0x0,0x72,0x0,0x6f,0x0,0x6d,0x0,
0x55,0x0,0x72,0x0,0x6c,0x0,0x0,0x0,
0x1,0x0,0x0,0x0,0x75,0x0,0x0,0x0,
0xc,0x0,0x0,0x0,0x46,0x0,0x6f,0x0,
0x6c,0x0,0x64,0x0,0x65,0x0,0x72,0x0,
0x44,0x0,0x69,0x0,0x61,0x0,0x6c,0x0,
0x6f,0x0,0x67,0x0,0x0,0x0,0x0,0x0,
0xd,0x0,0x0,0x0,0x63,0x0,0x61,0x0,
0x70,0x0,0x74,0x0,0x75,0x0,0x72,0x0,
0x65,0x0,0x44,0x0,0x69,0x0,0x61,0x0,
0x6c,0x0,0x6f,0x0,0x67,0x0,0x0,0x0,
0xe,0x0,0x0,0x0,0x43,0x0,0x61,0x0,
0x70,0x0,0x74,0x0,0x75,0x0,0x72,0x0,
0x65,0x0,0x20,0x0,0x66,0x0,0x6f,0x0,
0x6c,0x0,0x64,0x0,0x65,0x0,0x72,0x0,
0x0,0x0,0x0,0x0,0x0,0x0,0x0,0x0,
0xa,0x0,0x0,0x0,0x6f,0x0,0x6e,0x0,
0x41,0x0,0x63,0x0,0x63,0x0,0x65,0x0,
0x70,0x0,0x74,0x0,0x65,0x0,0x64,0x0,
0x0,0x0,0x0,0x0,0x0,0x0,0x0,0x0,
0x19,0x0,0x0,0x0,0x65,0x0,0x78,0x0,
0x70,0x0,0x72,0x0,0x65,0x0,0x73,0x0,
0x73,0x0,0x69,0x0,0x6f,0x0,0x6e,0x0,
0x20,0x0,0x66,0x0,0x6f,0x0,0x72,0x0,
0x20,0x0,0x6f,0x0,0x6e,0x0,0x41,0x0,
0x63,0x0,0x63,0x0,0x65,0x0,0x70,0x0,
0x74,0x0,0x65,0x0,0x64,0x0,0x0,0x0,
0xa,0x0,0x0,0x0,0x61,0x0,0x72,0x0,
0x63,0x0,0x68,0x0,0x69,0x0,0x76,0x0,
0x65,0x0,0x44,0x0,0x69,0x0,0x72,0x0,
0x0,0x0,0x0,0x0,0x0,0x0,0x0,0x0,
0x10,0x0,0x0,0x0,0x61,0x0,0x72,0x0,
0x63,0x0,0x68,0x0,0x69,0x0,0x76,0x0,
0x65,0x0,0x50,0x0,0x72,0x0,0x6f,0x0,
0x70,0x0,0x6f,0x0,0x73,0x0,0x61,0x0,
0x6c,0x0,0x73,0x0,0x0,0x0,0x0,0x0,
0x1f,0x0,0x0,0x0,0x65,0x0,0x78,0x0,
0x70,0x0,0x72,0x0,0x65,0x0,0x73,0x0,
0x73,0x0,0x69,0x0,0x6f,0x0,0x6e,0x0,
0x20,0x0,0x66,0x0,0x6f,0x0,0x72,0x0,
0x20,0x0,0x61,0x0,0x72,0x0,0x63,0x0,
0x68,0x0,0x69,0x0,0x76,0x0,0x65,0x0,
0x50,0x0,0x72,0x0,0x6f,0x0,0x70,0x0,
0x6f,0x0,0x73,0x0,0x61,0x0,0x6c,0x0,
0x73,0x0,0x0,0x0,0x0,0x0,0x0,0x0,
0xd,0x0,0x0,0x0,0x61,0x0,0x72,0x0,
0x63,0x0,0x68,0x0,0x69,0x0,0x76,0x0,
0x65,0x0,0x44,0x0,0x69,0x0,0x61,0x0,
0x6c,0x0,0x6f,0x0,0x67,0x0,0x0,0x0,
0xe,0x0,0x0,0x0,0x41,0x0,0x72,0x0,
0x63,0x0,0x68,0x0,0x69,0x0,0x76,0x0,
0x65,0x0,0x20,0x0,0x66,0x0,0x6f,0x0,
0x6c,0x0,0x64,0x0,0x65,0x0,0x72,0x0,
0x0,0x0,0x0,0x0,0x0,0x0,0x0,0x0,
0x8,0x0,0x0,0x0,0x6b,0x0,0x65,0x0,
0x79,0x0,0x73,0x0,0x4c,0x0,0x69,0x0,
0x76,0x0,0x65,0x0,0x0,0x0,0x0,0x0,
0x17,0x0,0x0,0x0,0x65,0x0,0x78,0x0,
0x70,0x0,0x72,0x0,0x65,0x0,0x73,0x0,
0x73,0x0,0x69,0x0,0x6f,0x0,0x6e,0x0,
0x20,0x0,0x66,0x0,0x6f,0x0,0x72,0x0,
0x20,0x0,0x6b,0x0,0x65,0x0,0x79,0x0,
0x73,0x0,0x4c,0x0,0x69,0x0,0x76,0x0,
0x65,0x0,0x0,0x0,0x0,0x0,0x0,0x0,
0x8,0x0,0x0,0x0,0x53,0x0,0x68,0x0,
0x6f,0x0,0x72,0x0,0x74,0x0,0x63,0x0,
0x75,0x0,0x74,0x0,0x0,0x0,0x0,0x0,
0x7,0x0,0x0,0x0,0x65,0x0,0x6e,0x0,
0x61,0x0,0x62,0x0,0x6c,0x0,0x65,0x0,
0x64,0x0,0x0,0x0,0x0,0x0,0x0,0x0,
0x16,0x0,0x0,0x0,0x65,0x0,0x78,0x0,
0x70,0x0,0x72,0x0,0x65,0x0,0x73,0x0,
0x73,0x0,0x69,0x0,0x6f,0x0,0x6e,0x0,
0x20,0x0,0x66,0x0,0x6f,0x0,0x72,0x0,
0x20,0x0,0x65,0x0,0x6e,0x0,0x61,0x0,
0x62,0x0,0x6c,0x0,0x65,0x0,0x64,0x0,
0x0,0x0,0x0,0x0,0x0,0x0,0x0,0x0,
0x9,0x0,0x0,0x0,0x73,0x0,0x65,0x0,
0x71,0x0,0x75,0x0,0x65,0x0,0x6e,0x0,
0x63,0x0,0x65,0x0,0x73,0x0,0x0,0x0,
0x18,0x0,0x0,0x0,0x65,0x0,0x78,0x0,
0x70,0x0,0x72,0x0,0x65,0x0,0x73,0x0,
0x73,0x0,0x69,0x0,0x6f,0x0,0x6e,0x0,
0x20,0x0,0x66,0x0,0x6f,0x0,0x72,0x0,
0x20,0x0,0x73,0x0,0x65,0x0,0x71,0x0,
0x75,0x0,0x65,0x0,0x6e,0x0,0x63,0x0,
0x65,0x0,0x73,0x0,0x0,0x0,0x0,0x0,
0xb,0x0,0x0,0x0,0x6f,0x0,0x6e,0x0,
0x41,0x0,0x63,0x0,0x74,0x0,0x69,0x0,
0x76,0x0,0x61,0x0,0x74,0x0,0x65,0x0,
0x64,0x0,0x0,0x0,0x0,0x0,0x0,0x0,
0x1a,0x0,0x0,0x0,0x65,0x0,0x78,0x0,
0x70,0x0,0x72,0x0,0x65,0x0,0x73,0x0,
0x73,0x0,0x69,0x0,0x6f,0x0,0x6e,0x0,
0x20,0x0,0x66,0x0,0x6f,0x0,0x72,0x0,
0x20,0x0,0x6f,0x0,0x6e,0x0,0x41,0x0,
0x63,0x0,0x74,0x0,0x69,0x0,0x76,0x0,
0x61,0x0,0x74,0x0,0x65,0x0,0x64,0x0,
0x0,0x0,0x0,0x0,0x0,0x0,0x0,0x0,
0xb,0x0,0x0,0x0,0x73,0x0,0x6f,0x0,
0x6c,0x0,0x6f,0x0,0x43,0x0,0x68,0x0,
0x61,0x0,0x6e,0x0,0x6e,0x0,0x65,0x0,
0x6c,0x0,0x0,0x0,0x0,0x0,0x0,0x0,
0x4,0x0,0x0,0x0,0x61,0x0,0x75,0x0,
0x74,0x0,0x6f,0x0,0x0,0x0,0x0,0x0,
0xb,0x0,0x0,0x0,0x6c,0x0,0x69,0x0,
0x62,0x0,0x72,0x0,0x61,0x0,0x72,0x0,
0x79,0x0,0x4f,0x0,0x70,0x0,0x65,0x0,
0x6e,0x0,0x0,0x0,0x0,0x0,0x0,0x0,
0xf,0x0,0x0,0x0,0x6c,0x0,0x69,0x0,
0x62,0x0,0x72,0x0,0x61,0x0,0x72,0x0,
0x79,0x0,0x54,0x0,0x69,0x0,0x6d,0x0,
0x65,0x0,0x6c,0x0,0x69,0x0,0x6e,0x0,
0x65,0x0,0x0,0x0,0x0,0x0,0x0,0x0,
0x9,0x0,0x0,0x0,0x6d,0x0,0x65,0x0,
0x74,0x0,0x61,0x0,0x53,0x0,0x68,0x0,
0x6f,0x0,0x77,0x0,0x6e,0x0,0x0,0x0,
0xb,0x0,0x0,0x0,0x63,0x0,0x6f,0x0,
0x6e,0x0,0x66,0x0,0x69,0x0,0x72,0x0,
0x6d,0x0,0x4d,0x0,0x6f,0x0,0x64,0x0,
0x65,0x0,0x0,0x0,0x0,0x0,0x0,0x0,
0x5,0x0,0x0,0x0,0x66,0x0,0x6d,0x0,
0x74,0x0,0x47,0x0,0x42,0x0,0x0,0x0,
0x2,0x0,0x0,0x0,0x67,0x0,0x62,0x0,
0x0,0x0,0x0,0x0,0x0,0x0,0x0,0x0,
0xb,0x0,0x0,0x0,0x72,0x0,0x65,0x0,
0x63,0x0,0x6c,0x0,0x61,0x0,0x69,0x0,
0x6d,0x0,0x54,0x0,0x65,0x0,0x78,0x0,
0x74,0x0,0x0,0x0,0x0,0x0,0x0,0x0,
0xb,0x0,0x0,0x0,0x43,0x0,0x6f,0x0,
0x6e,0x0,0x6e,0x0,0x65,0x0,0x63,0x0,
0x74,0x0,0x69,0x0,0x6f,0x0,0x6e,0x0,
0x73,0x0,0x0,0x0,0x0,0x0,0x0,0x0,
0x6,0x0,0x0,0x0,0x74,0x0,0x61,0x0,
0x72,0x0,0x67,0x0,0x65,0x0,0x74,0x0,
0x0,0x0,0x0,0x0,0x0,0x0,0x0,0x0,
0x15,0x0,0x0,0x0,0x65,0x0,0x78,0x0,
0x70,0x0,0x72,0x0,0x65,0x0,0x73,0x0,
0x73,0x0,0x69,0x0,0x6f,0x0,0x6e,0x0,
0x20,0x0,0x66,0x0,0x6f,0x0,0x72,0x0,
0x20,0x0,0x74,0x0,0x61,0x0,0x72,0x0,
0x67,0x0,0x65,0x0,0x74,0x0,0x0,0x0,
0xb,0x0,0x0,0x0,0x6f,0x0,0x6e,0x0,
0x52,0x0,0x65,0x0,0x63,0x0,0x6c,0x0,
0x61,0x0,0x69,0x0,0x6d,0x0,0x65,0x0,
0x64,0x0,0x0,0x0,0x0,0x0,0x0,0x0,
0x8,0x0,0x0,0x0,0x73,0x0,0x65,0x0,
0x73,0x0,0x73,0x0,0x69,0x0,0x6f,0x0,
0x6e,0x0,0x73,0x0,0x0,0x0,0x0,0x0,
0x5,0x0,0x0,0x0,0x54,0x0,0x69,0x0,
0x6d,0x0,0x65,0x0,0x72,0x0,0x0,0x0,
0xc,0x0,0x0,0x0,0x72,0x0,0x65,0x0,
0x63,0x0,0x6c,0x0,0x61,0x0,0x69,0x0,
0x6d,0x0,0x54,0x0,0x69,0x0,0x6d,0x0,
0x65,0x0,0x72,0x0,0x0,0x0,0x0,0x0,
0x8,0x0,0x0,0x0,0x69,0x0,0x6e,0x0,
0x74,0x0,0x65,0x0,0x72,0x0,0x76,0x0,
0x61,0x0,0x6c,0x0,0x0,0x0,0x0,0x0,
0xb,0x0,0x0,0x0,0x6f,0x0,0x6e,0x0,
0x54,0x0,0x72,0x0,0x69,0x0,0x67,0x0,
0x67,0x0,0x65,0x0,0x72,0x0,0x65,0x0,
0x64,0x0,0x0,0x0,0x0,0x0,0x0,0x0,
0x1a,0x0,0x0,0x0,0x65,0x0,0x78,0x0,
0x70,0x0,0x72,0x0,0x65,0x0,0x73,0x0,
0x73,0x0,0x69,0x0,0x6f,0x0,0x6e,0x0,
0x20,0x0,0x66,0x0,0x6f,0x0,0x72,0x0,
0x20,0x0,0x6f,0x0,0x6e,0x0,0x54,0x0,
0x72,0x0,0x69,0x0,0x67,0x0,0x67,0x0,
0x65,0x0,0x72,0x0,0x65,0x0,0x64,0x0,
0x0,0x0,0x0,0x0,0x0,0x0,0x0,0x0,
0x9,0x0,0x0,0x0,0x73,0x0,0x68,0x0,
0x6f,0x0,0x77,0x0,0x6e,0x0,0x50,0x0,
0x61,0x0,0x73,0x0,0x73,0x0,0x0,0x0,
0x18,0x0,0x0,0x0,0x65,0x0,0x78,0x0,
0x70,0x0,0x72,0x0,0x65,0x0,0x73,0x0,
0x73,0x0,0x69,0x0,0x6f,0x0,0x6e,0x0,
0x20,0x0,0x66,0x0,0x6f,0x0,0x72,0x0,
0x20,0x0,0x73,0x0,0x68,0x0,0x6f,0x0,
0x77,0x0,0x6e,0x0,0x50,0x0,0x61,0x0,
0x73,0x0,0x73,0x0,0x0,0x0,0x0,0x0,
0x7,0x0,0x0,0x0,0x4d,0x0,0x65,0x0,
0x6e,0x0,0x75,0x0,0x42,0x0,0x61,0x0,
0x72,0x0,0x0,0x0,0x0,0x0,0x0,0x0,
0x9,0x0,0x0,0x0,0x52,0x0,0x65,0x0,
0x63,0x0,0x74,0x0,0x61,0x0,0x6e,0x0,
0x67,0x0,0x6c,0x0,0x65,0x0,0x0,0x0,
0xa,0x0,0x0,0x0,0x62,0x0,0x61,0x0,
0x63,0x0,0x6b,0x0,0x67,0x0,0x72,0x0,
0x6f,0x0,0x75,0x0,0x6e,0x0,0x64,0x0,
0x0,0x0,0x0,0x0,0x0,0x0,0x0,0x0,
0x4,0x0,0x0,0x0,0x4d,0x0,0x65,0x0,
0x6e,0x0,0x75,0x0,0x0,0x0,0x0,0x0,
0x5,0x0,0x0,0x0,0x26,0x0,0x46,0x0,
0x69,0x0,0x6c,0x0,0x65,0x0,0x0,0x0,
0x8,0x0,0x0,0x0,0x4d,0x0,0x65,0x0,
0x6e,0x0,0x75,0x0,0x49,0x0,0x74,0x0,
0x65,0x0,0x6d,0x0,0x0,0x0,0x0,0x0,
0x4,0x0,0x0,0x0,0x74,0x0,0x65,0x0,
0x78,0x0,0x74,0x0,0x0,0x0,0x0,0x0,
0x14,0x0,0x0,0x0,0x4f,0x0,0x70,0x0,
0x65,0x0,0x6e,0x0,0x20,0x0,0x63,0x0,
0x61,0x0,0x70,0x0,0x74,0x0,0x75,0x0,
0x72,0x0,0x65,0x0,0x20,0x0,0x66,0x0,
0x6f,0x0,0x6c,0x0,0x64,0x0,0x65,0x0,
0x72,0x0,0x26,0x20,0x0,0x0,0x0,0x0,
0xf,0x0,0x0,0x0,0x49,0x0,0x6d,0x0,
0x70,0x0,0x6f,0x0,0x72,0x0,0x74,0x0,
0x20,0x0,0x61,0x0,0x72,0x0,0x63,0x0,
0x68,0x0,0x69,0x0,0x76,0x0,0x65,0x0,
0x26,0x20,0x0,0x0,0x0,0x0,0x0,0x0,
0xd,0x0,0x0,0x0,0x4d,0x0,0x65,0x0,
0x6e,0x0,0x75,0x0,0x53,0x0,0x65,0x0,
0x70,0x0,0x61,0x0,0x72,0x0,0x61,0x0,
0x74,0x0,0x6f,0x0,0x72,0x0,0x0,0x0,
0xf,0x0,0x0,0x0,0x45,0x0,0x78,0x0,
0x70,0x0,0x6f,0x0,0x72,0x0,0x74,0x0,
0x20,0x0,0x73,0x0,0x65,0x0,0x73,0x0,
0x73,0x0,0x69,0x0,0x6f,0x0,0x6e,0x0,
0x26,0x20,0x0,0x0,0x0,0x0,0x0,0x0,
0x10,0x0,0x0,0x0,0x4f,0x0,0x66,0x0,
0x66,0x0,0x6c,0x0,0x6f,0x0,0x61,0x0,
0x64,0x0,0x20,0x0,0x6b,0x0,0x65,0x0,
0x65,0x0,0x70,0x0,0x65,0x0,0x72,0x0,
0x73,0x0,0x26,0x20,0x0,0x0,0x0,0x0,
0x13,0x0,0x0,0x0,0x65,0x0,0x78,0x0,
0x70,0x0,0x72,0x0,0x65,0x0,0x73,0x0,
0x73,0x0,0x69,0x0,0x6f,0x0,0x6e,0x0,
0x20,0x0,0x66,0x0,0x6f,0x0,0x72,0x0,
0x20,0x0,0x74,0x0,0x65,0x0,0x78,0x0,
0x74,0x0,0x0,0x0,0x0,0x0,0x0,0x0,
0x4,0x0,0x0,0x0,0x51,0x0,0x75,0x0,
0x69,0x0,0x74,0x0,0x0,0x0,0x0,0x0,
0x5,0x0,0x0,0x0,0x26,0x0,0x45,0x0,
0x64,0x0,0x69,0x0,0x74,0x0,0x0,0x0,
0x4,0x0,0x0,0x0,0x55,0x0,0x6e,0x0,
0x64,0x0,0x6f,0x0,0x0,0x0,0x0,0x0,
0xc,0x0,0x0,0x0,0x50,0x0,0x72,0x0,
0x65,0x0,0x66,0x0,0x65,0x0,0x72,0x0,
0x65,0x0,0x6e,0x0,0x63,0x0,0x65,0x0,
0x73,0x0,0x26,0x20,0x0,0x0,0x0,0x0,
0x5,0x0,0x0,0x0,0x26,0x0,0x56,0x0,
0x69,0x0,0x65,0x0,0x77,0x0,0x0,0x0,
0x1b,0x0,0x0,0x0,0x4c,0x0,0x69,0x0,
0x62,0x0,0x72,0x0,0x61,0x0,0x72,0x0,
0x79,0x0,0x9,0x0,0x4c,0x0,0x20,0x0,
0xb7,0x0,0x20,0x0,0x54,0x0,0x20,0x0,
0x67,0x0,0x72,0x0,0x69,0x0,0x64,0x0,
0xc4,0x21,0x74,0x0,0x69,0x0,0x6d,0x0,
0x65,0x0,0x6c,0x0,0x69,0x0,0x6e,0x0,
0x65,0x0,0x0,0x0,0x0,0x0,0x0,0x0,
0x1d,0x0,0x0,0x0,0x43,0x0,0x68,0x0,
0x61,0x0,0x6e,0x0,0x6e,0x0,0x65,0x0,
0x6c,0x0,0x20,0x0,0x73,0x0,0x6f,0x0,
0x6c,0x0,0x6f,0x0,0x20,0x0,0x52,0x0,
0x2f,0x0,0x47,0x0,0x2f,0x0,0x42,0x0,
0x2f,0x0,0x43,0x0,0x20,0x0,0x14,0x20,
0x20,0x0,0x41,0x0,0x20,0x0,0x61,0x0,
0x75,0x0,0x74,0x0,0x6f,0x0,0x0,0x0,
0x27,0x0,0x0,0x0,0x5a,0x0,0x6f,0x0,
0x6f,0x0,0x6d,0x0,0x20,0x0,0x66,0x0,
0x69,0x0,0x74,0x0,0x20,0x0,0xc4,0x21,
0x20,0x0,0x31,0x0,0x3a,0x0,0x31,0x0,
0x9,0x0,0x5a,0x0,0x20,0x0,0xb7,0x0,
0x20,0x0,0x77,0x0,0x68,0x0,0x65,0x0,
0x65,0x0,0x6c,0x0,0x20,0x0,0xb7,0x0,
0x20,0x0,0x64,0x0,0x6f,0x0,0x75,0x0,
0x62,0x0,0x6c,0x0,0x65,0x0,0x2d,0x0,
0x63,0x0,0x6c,0x0,0x69,0x0,0x63,0x0,
0x6b,0x0,0x0,0x0,0x0,0x0,0x0,0x0,
0x2d,0x0,0x0,0x0,0x4d,0x0,0x65,0x0,
0x74,0x0,0x61,0x0,0x64,0x0,0x61,0x0,
0x74,0x0,0x61,0x0,0x20,0x0,0x62,0x0,
0x6c,0x0,0x6f,0x0,0x63,0x0,0x6b,0x0,
0x9,0x0,0x4d,0x0,0x20,0x0,0xb7,0x0,
0x20,0x0,0x64,0x0,0x72,0x0,0x61,0x0,
0x67,0x0,0x20,0x0,0x6d,0x0,0x6f,0x0,
0x76,0x0,0x65,0x0,0x73,0x0,0x20,0x0,
0xb7,0x0,0x20,0x0,0x63,0x0,0x6f,0x0,
0x72,0x0,0x6e,0x0,0x65,0x0,0x72,0x0,
0x20,0x0,0x73,0x0,0x63,0x0,0x61,0x0,
0x6c,0x0,0x65,0x0,0x73,0x0,0x0,0x0,
0x18,0x0,0x0,0x0,0x4d,0x0,0x65,0x0,
0x74,0x0,0x61,0x0,0x64,0x0,0x61,0x0,
0x74,0x0,0x61,0x0,0x20,0x0,0x62,0x0,
0x6c,0x0,0x61,0x0,0x63,0x0,0x6b,0x0,
0x20,0x0,0xc4,0x21,0x20,0x0,0x77,0x0,
0x68,0x0,0x69,0x0,0x74,0x0,0x65,0x0,
0x9,0x0,0x57,0x0,0x0,0x0,0x0,0x0,
0xd,0x0,0x0,0x0,0x47,0x0,0x72,0x0,
0x61,0x0,0x79,0x0,0x20,0x0,0x73,0x0,
0x75,0x0,0x72,0x0,0x72,0x0,0x6f,0x0,
0x75,0x0,0x6e,0x0,0x64,0x0,0x0,0x0,
0x8,0x0,0x0,0x0,0x26,0x0,0x53,0x0,
0x65,0x0,0x73,0x0,0x73,0x0,0x69,0x0,
0x6f,0x0,0x6e,0x0,0x0,0x0,0x0,0x0,
0x13,0x0,0x0,0x0,0x52,0x0,0x61,0x0,
0x74,0x0,0x65,0x0,0x9,0x0,0x31,0x0,
0x13,0x20,0x35,0x0,0x20,0x0,0xb7,0x0,
0x20,0x0,0x30,0x0,0x20,0x0,0x63,0x0,
0x6c,0x0,0x65,0x0,0x61,0x0,0x72,0x0,
0x73,0x0,0x0,0x0,0x0,0x0,0x0,0x0,
0x8,0x0,0x0,0x0,0x52,0x0,0x65,0x0,
0x6a,0x0,0x65,0x0,0x63,0x0,0x74,0x0,
0x9,0x0,0x58,0x0,0x0,0x0,0x0,0x0,
0x7,0x0,0x0,0x0,0x4e,0x0,0x6f,0x0,
0x74,0x0,0x65,0x0,0x26,0x20,0x9,0x0,
0x4e,0x0,0x0,0x0,0x0,0x0,0x0,0x0,
0xb,0x0,0x0,0x0,0x44,0x0,0x65,0x0,
0x6c,0x0,0x65,0x0,0x74,0x0,0x65,0x0,
0x20,0x0,0x6e,0x0,0x6f,0x0,0x77,0x0,
0x26,0x20,0x0,0x0,0x0,0x0,0x0,0x0,
0x5,0x0,0x0,0x0,0x26,0x0,0x48,0x0,
0x65,0x0,0x6c,0x0,0x70,0x0,0x0,0x0,
0x14,0x0,0x0,0x0,0x41,0x0,0x62,0x0,
0x6f,0x0,0x75,0x0,0x74,0x0,0x20,0x0,
0x58,0x0,0x79,0x0,0x6c,0x0,0x6f,0x0,
0x73,0x0,0x6f,0x0,0x6d,0x0,0x65,0x0,
0x20,0x0,0x53,0x0,0x75,0x0,0x69,0x0,
0x74,0x0,0x65,0x0,0x0,0x0,0x0,0x0,
0x7,0x0,0x0,0x0,0x6d,0x0,0x65,0x0,
0x6e,0x0,0x75,0x0,0x42,0x0,0x61,0x0,
0x72,0x0,0x0,0x0,0x0,0x0,0x0,0x0,
0xc,0x0,0x0,0x0,0x43,0x0,0x6f,0x0,
0x6c,0x0,0x75,0x0,0x6d,0x0,0x6e,0x0,
0x4c,0x0,0x61,0x0,0x79,0x0,0x6f,0x0,
0x75,0x0,0x74,0x0,0x0,0x0,0x0,0x0,
0x7,0x0,0x0,0x0,0x61,0x0,0x6e,0x0,
0x63,0x0,0x68,0x0,0x6f,0x0,0x72,0x0,
0x73,0x0,0x0,0x0,0x0,0x0,0x0,0x0,
0x4,0x0,0x0,0x0,0x66,0x0,0x69,0x0,
0x6c,0x0,0x6c,0x0,0x0,0x0,0x0,0x0,
0x13,0x0,0x0,0x0,0x65,0x0,0x78,0x0,
0x70,0x0,0x72,0x0,0x65,0x0,0x73,0x0,
0x73,0x0,0x69,0x0,0x6f,0x0,0x6e,0x0,
0x20,0x0,0x66,0x0,0x6f,0x0,0x72,0x0,
0x20,0x0,0x66,0x0,0x69,0x0,0x6c,0x0,
0x6c,0x0,0x0,0x0,0x0,0x0,0x0,0x0,
0x7,0x0,0x0,0x0,0x73,0x0,0x70,0x0,
0x61,0x0,0x63,0x0,0x69,0x0,0x6e,0x0,
0x67,0x0,0x0,0x0,0x0,0x0,0x0,0x0,
0x6,0x0,0x0,0x0,0x4c,0x0,0x61,0x0,
0x79,0x0,0x6f,0x0,0x75,0x0,0x74,0x0,
0x0,0x0,0x0,0x0,0x0,0x0,0x0,0x0,
0x9,0x0,0x0,0x0,0x66,0x0,0x69,0x0,
0x6c,0x0,0x6c,0x0,0x57,0x0,0x69,0x0,
0x64,0x0,0x74,0x0,0x68,0x0,0x0,0x0,
0xf,0x0,0x0,0x0,0x70,0x0,0x72,0x0,
0x65,0x0,0x66,0x0,0x65,0x0,0x72,0x0,
0x72,0x0,0x65,0x0,0x64,0x0,0x48,0x0,
0x65,0x0,0x69,0x0,0x67,0x0,0x68,0x0,
0x74,0x0,0x0,0x0,0x0,0x0,0x0,0x0,
0x9,0x0,0x0,0x0,0x52,0x0,0x6f,0x0,
0x77,0x0,0x4c,0x0,0x61,0x0,0x79,0x0,
0x6f,0x0,0x75,0x0,0x74,0x0,0x0,0x0,
0xa,0x0,0x0,0x0,0x6c,0x0,0x65,0x0,
0x66,0x0,0x74,0x0,0x4d,0x0,0x61,0x0,
0x72,0x0,0x67,0x0,0x69,0x0,0x6e,0x0,
0x0,0x0,0x0,0x0,0x0,0x0,0x0,0x0,
0xb,0x0,0x0,0x0,0x72,0x0,0x69,0x0,
0x67,0x0,0x68,0x0,0x74,0x0,0x4d,0x0,
0x61,0x0,0x72,0x0,0x67,0x0,0x69,0x0,
0x6e,0x0,0x0,0x0,0x0,0x0,0x0,0x0,
0x5,0x0,0x0,0x0,0x4c,0x0,0x61,0x0,
0x62,0x0,0x65,0x0,0x6c,0x0,0x0,0x0,
0x8,0x0,0x0,0x0,0x58,0x0,0x79,0x0,
0x6c,0x0,0x6f,0x0,0x73,0x0,0x6f,0x0,
0x6d,0x0,0x65,0x0,0x0,0x0,0x0,0x0,
0x14,0x0,0x0,0x0,0x65,0x0,0x78,0x0,
0x70,0x0,0x72,0x0,0x65,0x0,0x73,0x0,
0x73,0x0,0x69,0x0,0x6f,0x0,0x6e,0x0,
0x20,0x0,0x66,0x0,0x6f,0x0,0x72,0x0,
0x20,0x0,0x63,0x0,0x6f,0x0,0x6c,0x0,
0x6f,0x0,0x72,0x0,0x0,0x0,0x0,0x0,
0x4,0x0,0x0,0x0,0x66,0x0,0x6f,0x0,
0x6e,0x0,0x74,0x0,0x0,0x0,0x0,0x0,
0x9,0x0,0x0,0x0,0x70,0x0,0x69,0x0,
0x78,0x0,0x65,0x0,0x6c,0x0,0x53,0x0,
0x69,0x0,0x7a,0x0,0x65,0x0,0x0,0x0,
0xd,0x0,0x0,0x0,0x6c,0x0,0x65,0x0,
0x74,0x0,0x74,0x0,0x65,0x0,0x72,0x0,
0x53,0x0,0x70,0x0,0x61,0x0,0x63,0x0,
0x69,0x0,0x6e,0x0,0x67,0x0,0x0,0x0,
0x16,0x0,0x0,0x0,0x65,0x0,0x78,0x0,
0x70,0x0,0x72,0x0,0x65,0x0,0x73,0x0,
0x73,0x0,0x69,0x0,0x6f,0x0,0x6e,0x0,
0x20,0x0,0x66,0x0,0x6f,0x0,0x72,0x0,
0x20,0x0,0x76,0x0,0x69,0x0,0x73,0x0,
0x69,0x0,0x62,0x0,0x6c,0x0,0x65,0x0,
0x0,0x0,0x0,0x0,0x0,0x0,0x0,0x0,
0xb,0x0,0x0,0x0,0x6c,0x0,0x65,0x0,
0x66,0x0,0x74,0x0,0x50,0x0,0x61,0x0,
0x64,0x0,0x64,0x0,0x69,0x0,0x6e,0x0,
0x67,0x0,0x0,0x0,0x0,0x0,0x0,0x0,
0x4,0x0,0x0,0x0,0x49,0x0,0x74,0x0,
0x65,0x0,0x6d,0x0,0x0,0x0,0x0,0x0,
0x1,0x0,0x0,0x0,0xb7,0x0,0x0,0x0,
0x7,0x0,0x0,0x0,0x6c,0x0,0x69,0x0,
0x62,0x0,0x72,0x0,0x61,0x0,0x72,0x0,
0x79,0x0,0x0,0x0,0x0,0x0,0x0,0x0,
0x9,0x0,0x0,0x0,0x75,0x0,0x6e,0x0,
0x64,0x0,0x65,0x0,0x72,0x0,0x6c,0x0,
0x69,0x0,0x6e,0x0,0x65,0x0,0x0,0x0,
0x18,0x0,0x0,0x0,0x65,0x0,0x78,0x0,
0x70,0x0,0x72,0x0,0x65,0x0,0x73,0x0,
0x73,0x0,0x69,0x0,0x6f,0x0,0x6e,0x0,
0x20,0x0,0x66,0x0,0x6f,0x0,0x72,0x0,
0x20,0x0,0x75,0x0,0x6e,0x0,0x64,0x0,
0x65,0x0,0x72,0x0,0x6c,0x0,0x69,0x0,
0x6e,0x0,0x65,0x0,0x0,0x0,0x0,0x0,
0x9,0x0,0x0,0x0,0x4d,0x0,0x6f,0x0,
0x75,0x0,0x73,0x0,0x65,0x0,0x41,0x0,
0x72,0x0,0x65,0x0,0x61,0x0,0x0,0x0,
0x8,0x0,0x0,0x0,0x6c,0x0,0x69,0x0,
0x62,0x0,0x4d,0x0,0x6f,0x0,0x75,0x0,
0x73,0x0,0x65,0x0,0x0,0x0,0x0,0x0,
0xc,0x0,0x0,0x0,0x68,0x0,0x6f,0x0,
0x76,0x0,0x65,0x0,0x72,0x0,0x45,0x0,
0x6e,0x0,0x61,0x0,0x62,0x0,0x6c,0x0,
0x65,0x0,0x64,0x0,0x0,0x0,0x0,0x0,
0xb,0x0,0x0,0x0,0x63,0x0,0x75,0x0,
0x72,0x0,0x73,0x0,0x6f,0x0,0x72,0x0,
0x53,0x0,0x68,0x0,0x61,0x0,0x70,0x0,
0x65,0x0,0x0,0x0,0x0,0x0,0x0,0x0,
0x1a,0x0,0x0,0x0,0x65,0x0,0x78,0x0,
0x70,0x0,0x72,0x0,0x65,0x0,0x73,0x0,
0x73,0x0,0x69,0x0,0x6f,0x0,0x6e,0x0,
0x20,0x0,0x66,0x0,0x6f,0x0,0x72,0x0,
0x20,0x0,0x63,0x0,0x75,0x0,0x72,0x0,
0x73,0x0,0x6f,0x0,0x72,0x0,0x53,0x0,
0x68,0x0,0x61,0x0,0x70,0x0,0x65,0x0,
0x0,0x0,0x0,0x0,0x0,0x0,0x0,0x0,
0x9,0x0,0x0,0x0,0x6f,0x0,0x6e,0x0,
0x43,0x0,0x6c,0x0,0x69,0x0,0x63,0x0,
0x6b,0x0,0x65,0x0,0x64,0x0,0x0,0x0,
0x18,0x0,0x0,0x0,0x65,0x0,0x78,0x0,
0x70,0x0,0x72,0x0,0x65,0x0,0x73,0x0,
0x73,0x0,0x69,0x0,0x6f,0x0,0x6e,0x0,
0x20,0x0,0x66,0x0,0x6f,0x0,0x72,0x0,
0x20,0x0,0x6f,0x0,0x6e,0x0,0x43,0x0,
0x6c,0x0,0x69,0x0,0x63,0x0,0x6b,0x0,
0x65,0x0,0x64,0x0,0x0,0x0,0x0,0x0,
0xe,0x0,0x0,0x0,0x70,0x0,0x72,0x0,
0x65,0x0,0x66,0x0,0x65,0x0,0x72,0x0,
0x72,0x0,0x65,0x0,0x64,0x0,0x57,0x0,
0x69,0x0,0x64,0x0,0x74,0x0,0x68,0x0,
0x0,0x0,0x0,0x0,0x0,0x0,0x0,0x0,
0x1d,0x0,0x0,0x0,0x65,0x0,0x78,0x0,
0x70,0x0,0x72,0x0,0x65,0x0,0x73,0x0,
0x73,0x0,0x69,0x0,0x6f,0x0,0x6e,0x0,
0x20,0x0,0x66,0x0,0x6f,0x0,0x72,0x0,
0x20,0x0,0x70,0x0,0x72,0x0,0x65,0x0,
0x66,0x0,0x65,0x0,0x72,0x0,0x72,0x0,
0x65,0x0,0x64,0x0,0x57,0x0,0x69,0x0,
0x64,0x0,0x74,0x0,0x68,0x0,0x0,0x0,
0x6,0x0,0x0,0x0,0x62,0x0,0x6f,0x0,
0x72,0x0,0x64,0x0,0x65,0x0,0x72,0x0,
0x0,0x0,0x0,0x0,0x0,0x0,0x0,0x0,
0x3,0x0,0x0,0x0,0x52,0x0,0x6f,0x0,
0x77,0x0,0x0,0x0,0x0,0x0,0x0,0x0,
0x7,0x0,0x0,0x0,0x6c,0x0,0x69,0x0,
0x76,0x0,0x65,0x0,0x52,0x0,0x6f,0x0,
0x77,0x0,0x0,0x0,0x0,0x0,0x0,0x0,
0x8,0x0,0x0,0x0,0x63,0x0,0x65,0x0,
0x6e,0x0,0x74,0x0,0x65,0x0,0x72,0x0,
0x49,0x0,0x6e,0x0,0x0,0x0,0x0,0x0,
0x17,0x0,0x0,0x0,0x65,0x0,0x78,0x0,
0x70,0x0,0x72,0x0,0x65,0x0,0x73,0x0,
0x73,0x0,0x69,0x0,0x6f,0x0,0x6e,0x0,
0x20,0x0,0x66,0x0,0x6f,0x0,0x72,0x0,
0x20,0x0,0x63,0x0,0x65,0x0,0x6e,0x0,
0x74,0x0,0x65,0x0,0x72,0x0,0x49,0x0,
0x6e,0x0,0x0,0x0,0x0,0x0,0x0,0x0,
0x7,0x0,0x0,0x0,0x6c,0x0,0x69,0x0,
0x76,0x0,0x65,0x0,0x44,0x0,0x6f,0x0,
0x74,0x0,0x0,0x0,0x0,0x0,0x0,0x0,
0x6,0x0,0x0,0x0,0x72,0x0,0x61,0x0,
0x64,0x0,0x69,0x0,0x75,0x0,0x73,0x0,
0x0,0x0,0x0,0x0,0x0,0x0,0x0,0x0,
0xe,0x0,0x0,0x0,0x76,0x0,0x65,0x0,
0x72,0x0,0x74,0x0,0x69,0x0,0x63,0x0,
0x61,0x0,0x6c,0x0,0x43,0x0,0x65,0x0,
0x6e,0x0,0x74,0x0,0x65,0x0,0x72,0x0,
0x0,0x0,0x0,0x0,0x0,0x0,0x0,0x0,
0x1d,0x0,0x0,0x0,0x65,0x0,0x78,0x0,
0x70,0x0,0x72,0x0,0x65,0x0,0x73,0x0,
0x73,0x0,0x69,0x0,0x6f,0x0,0x6e,0x0,
0x20,0x0,0x66,0x0,0x6f,0x0,0x72,0x0,
0x20,0x0,0x76,0x0,0x65,0x0,0x72,0x0,
0x74,0x0,0x69,0x0,0x63,0x0,0x61,0x0,
0x6c,0x0,0x43,0x0,0x65,0x0,0x6e,0x0,
0x74,0x0,0x65,0x0,0x72,0x0,0x0,0x0,
0x14,0x0,0x0,0x0,0x65,0x0,0x78,0x0,
0x70,0x0,0x72,0x0,0x65,0x0,0x73,0x0,
0x73,0x0,0x69,0x0,0x6f,0x0,0x6e,0x0,
0x20,0x0,0x66,0x0,0x6f,0x0,0x72,0x0,
0x20,0x0,0x77,0x0,0x69,0x0,0x64,0x0,
0x74,0x0,0x68,0x0,0x0,0x0,0x0,0x0,
0x13,0x0,0x0,0x0,0x53,0x0,0x65,0x0,
0x71,0x0,0x75,0x0,0x65,0x0,0x6e,0x0,
0x74,0x0,0x69,0x0,0x61,0x0,0x6c,0x0,
0x41,0x0,0x6e,0x0,0x69,0x0,0x6d,0x0,
0x61,0x0,0x74,0x0,0x69,0x0,0x6f,0x0,
0x6e,0x0,0x0,0x0,0x0,0x0,0x0,0x0,
0x7,0x0,0x0,0x0,0x72,0x0,0x75,0x0,
0x6e,0x0,0x6e,0x0,0x69,0x0,0x6e,0x0,
0x67,0x0,0x0,0x0,0x0,0x0,0x0,0x0,
0x16,0x0,0x0,0x0,0x65,0x0,0x78,0x0,
0x70,0x0,0x72,0x0,0x65,0x0,0x73,0x0,
0x73,0x0,0x69,0x0,0x6f,0x0,0x6e,0x0,
0x20,0x0,0x66,0x0,0x6f,0x0,0x72,0x0,
0x20,0x0,0x72,0x0,0x75,0x0,0x6e,0x0,
0x6e,0x0,0x69,0x0,0x6e,0x0,0x67,0x0,
0x0,0x0,0x0,0x0,0x0,0x0,0x0,0x0,
0x5,0x0,0x0,0x0,0x6c,0x0,0x6f,0x0,
0x6f,0x0,0x70,0x0,0x73,0x0,0x0,0x0,
0x14,0x0,0x0,0x0,0x65,0x0,0x78,0x0,
0x70,0x0,0x72,0x0,0x65,0x0,0x73,0x0,
0x73,0x0,0x69,0x0,0x6f,0x0,0x6e,0x0,
0x20,0x0,0x66,0x0,0x6f,0x0,0x72,0x0,
0x20,0x0,0x6c,0x0,0x6f,0x0,0x6f,0x0,
0x70,0x0,0x73,0x0,0x0,0x0,0x0,0x0,
0x9,0x0,0x0,0x0,0x6f,0x0,0x6e,0x0,
0x53,0x0,0x74,0x0,0x6f,0x0,0x70,0x0,
0x70,0x0,0x65,0x0,0x64,0x0,0x0,0x0,
0x18,0x0,0x0,0x0,0x65,0x0,0x78,0x0,
0x70,0x0,0x72,0x0,0x65,0x0,0x73,0x0,
0x73,0x0,0x69,0x0,0x6f,0x0,0x6e,0x0,
0x20,0x0,0x66,0x0,0x6f,0x0,0x72,0x0,
0x20,0x0,0x6f,0x0,0x6e,0x0,0x53,0x0,
0x74,0x0,0x6f,0x0,0x70,0x0,0x70,0x0,
0x65,0x0,0x64,0x0,0x0,0x0,0x0,0x0,
0xf,0x0,0x0,0x0,0x4e,0x0,0x75,0x0,
0x6d,0x0,0x62,0x0,0x65,0x0,0x72,0x0,
0x41,0x0,0x6e,0x0,0x69,0x0,0x6d,0x0,
0x61,0x0,0x74,0x0,0x69,0x0,0x6f,0x0,
0x6e,0x0,0x0,0x0,0x0,0x0,0x0,0x0,
0x2,0x0,0x0,0x0,0x74,0x0,0x6f,0x0,
0x0,0x0,0x0,0x0,0x0,0x0,0x0,0x0,
0x8,0x0,0x0,0x0,0x64,0x0,0x75,0x0,
0x72,0x0,0x61,0x0,0x74,0x0,0x69,0x0,
0x6f,0x0,0x6e,0x0,0x0,0x0,0x0,0x0,
0x7,0x0,0x0,0x0,0x6f,0x0,0x70,0x0,
0x61,0x0,0x63,0x0,0x69,0x0,0x74,0x0,
0x79,0x0,0x0,0x0,0x0,0x0,0x0,0x0,
0x9,0x0,0x0,0x0,0x6c,0x0,0x69,0x0,
0x76,0x0,0x65,0x0,0x4d,0x0,0x6f,0x0,
0x75,0x0,0x73,0x0,0x65,0x0,0x0,0x0,
0x6,0x0,0x0,0x0,0x62,0x0,0x6f,0x0,
0x74,0x0,0x74,0x0,0x6f,0x0,0x6d,0x0,
0x0,0x0,0x0,0x0,0x0,0x0,0x0,0x0,
0x15,0x0,0x0,0x0,0x65,0x0,0x78,0x0,
0x70,0x0,0x72,0x0,0x65,0x0,0x73,0x0,
0x73,0x0,0x69,0x0,0x6f,0x0,0x6e,0x0,
0x20,0x0,0x66,0x0,0x6f,0x0,0x72,0x0,
0x20,0x0,0x62,0x0,0x6f,0x0,0x74,0x0,
0x74,0x0,0x6f,0x0,0x6d,0x0,0x0,0x0,
0x1e,0x0,0x0,0x0,0x65,0x0,0x78,0x0,
0x70,0x0,0x72,0x0,0x65,0x0,0x73,0x0,
0x73,0x0,0x69,0x0,0x6f,0x0,0x6e,0x0,
0x20,0x0,0x66,0x0,0x6f,0x0,0x72,0x0,
0x20,0x0,0x70,0x0,0x72,0x0,0x65,0x0,
0x66,0x0,0x65,0x0,0x72,0x0,0x72,0x0,
0x65,0x0,0x64,0x0,0x48,0x0,0x65,0x0,
0x69,0x0,0x67,0x0,0x68,0x0,0x74,0x0,
0x0,0x0,0x0,0x0,0x0,0x0,0x0,0x0,
0x7,0x0,0x0,0x0,0x23,0x0,0x45,0x0,
0x45,0x0,0x45,0x0,0x45,0x0,0x45,0x0,
0x45,0x0,0x0,0x0,0x0,0x0,0x0,0x0,
0x15,0x0,0x0,0x0,0x65,0x0,0x78,0x0,
0x70,0x0,0x72,0x0,0x65,0x0,0x73,0x0,
0x73,0x0,0x69,0x0,0x6f,0x0,0x6e,0x0,
0x20,0x0,0x66,0x0,0x6f,0x0,0x72,0x0,
0x20,0x0,0x68,0x0,0x65,0x0,0x69,0x0,
0x67,0x0,0x68,0x0,0x74,0x0,0x0,0x0,
0xa,0x0,0x0,0x0,0x66,0x0,0x69,0x0,
0x6c,0x0,0x6c,0x0,0x48,0x0,0x65,0x0,
0x69,0x0,0x67,0x0,0x68,0x0,0x74,0x0,
0x0,0x0,0x0,0x0,0x0,0x0,0x0,0x0,
0x8,0x0,0x0,0x0,0x5a,0x0,0x6f,0x0,
0x6f,0x0,0x6d,0x0,0x56,0x0,0x69,0x0,
0x65,0x0,0x77,0x0,0x0,0x0,0x0,0x0,
0x8,0x0,0x0,0x0,0x7a,0x0,0x6f,0x0,
0x6f,0x0,0x6d,0x0,0x56,0x0,0x69,0x0,
0x65,0x0,0x77,0x0,0x0,0x0,0x0,0x0,
0x7,0x0,0x0,0x0,0x6d,0x0,0x61,0x0,
0x72,0x0,0x67,0x0,0x69,0x0,0x6e,0x0,
0x73,0x0,0x0,0x0,0x0,0x0,0x0,0x0,
0x8,0x0,0x0,0x0,0x74,0x0,0x69,0x0,
0x6c,0x0,0x65,0x0,0x42,0x0,0x61,0x0,
0x73,0x0,0x65,0x0,0x0,0x0,0x0,0x0,
0x17,0x0,0x0,0x0,0x65,0x0,0x78,0x0,
0x70,0x0,0x72,0x0,0x65,0x0,0x73,0x0,
0x73,0x0,0x69,0x0,0x6f,0x0,0x6e,0x0,
0x20,0x0,0x66,0x0,0x6f,0x0,0x72,0x0,
0x20,0x0,0x74,0x0,0x69,0x0,0x6c,0x0,
0x65,0x0,0x42,0x0,0x61,0x0,0x73,0x0,
0x65,0x0,0x0,0x0,0x0,0x0,0x0,0x0,
0x4,0x0,0x0,0x0,0x69,0x0,0x6d,0x0,
0x67,0x0,0x57,0x0,0x0,0x0,0x0,0x0,
0x13,0x0,0x0,0x0,0x65,0x0,0x78,0x0,
0x70,0x0,0x72,0x0,0x65,0x0,0x73,0x0,
0x73,0x0,0x69,0x0,0x6f,0x0,0x6e,0x0,
0x20,0x0,0x66,0x0,0x6f,0x0,0x72,0x0,
0x20,0x0,0x69,0x0,0x6d,0x0,0x67,0x0,
0x57,0x0,0x0,0x0,0x0,0x0,0x0,0x0,
0x4,0x0,0x0,0x0,0x69,0x0,0x6d,0x0,
0x67,0x0,0x48,0x0,0x0,0x0,0x0,0x0,
0x13,0x0,0x0,0x0,0x65,0x0,0x78,0x0,
0x70,0x0,0x72,0x0,0x65,0x0,0x73,0x0,
0x73,0x0,0x69,0x0,0x6f,0x0,0x6e,0x0,
0x20,0x0,0x66,0x0,0x6f,0x0,0x72,0x0,
0x20,0x0,0x69,0x0,0x6d,0x0,0x67,0x0,
0x48,0x0,0x0,0x0,0x0,0x0,0x0,0x0,
0xa,0x0,0x0,0x0,0x6d,0x0,0x65,0x0,
0x74,0x0,0x61,0x0,0x53,0x0,0x6f,0x0,
0x75,0x0,0x72,0x0,0x63,0x0,0x65,0x0,
0x0,0x0,0x0,0x0,0x0,0x0,0x0,0x0,
0x19,0x0,0x0,0x0,0x65,0x0,0x78,0x0,
0x70,0x0,0x72,0x0,0x65,0x0,0x73,0x0,
0x73,0x0,0x69,0x0,0x6f,0x0,0x6e,0x0,
0x20,0x0,0x66,0x0,0x6f,0x0,0x72,0x0,
0x20,0x0,0x6d,0x0,0x65,0x0,0x74,0x0,
0x61,0x0,0x53,0x0,0x6f,0x0,0x75,0x0,
0x72,0x0,0x63,0x0,0x65,0x0,0x0,0x0,
0x5,0x0,0x0,0x0,0x6d,0x0,0x65,0x0,
0x74,0x0,0x61,0x0,0x58,0x0,0x0,0x0,
0x14,0x0,0x0,0x0,0x65,0x0,0x78,0x0,
0x70,0x0,0x72,0x0,0x65,0x0,0x73,0x0,
0x73,0x0,0x69,0x0,0x6f,0x0,0x6e,0x0,
0x20,0x0,0x66,0x0,0x6f,0x0,0x72,0x0,
0x20,0x0,0x6d,0x0,0x65,0x0,0x74,0x0,
0x61,0x0,0x58,0x0,0x0,0x0,0x0,0x0,
0x5,0x0,0x0,0x0,0x6d,0x0,0x65,0x0,
0x74,0x0,0x61,0x0,0x59,0x0,0x0,0x0,
0x14,0x0,0x0,0x0,0x65,0x0,0x78,0x0,
0x70,0x0,0x72,0x0,0x65,0x0,0x73,0x0,
0x73,0x0,0x69,0x0,0x6f,0x0,0x6e,0x0,
0x20,0x0,0x66,0x0,0x6f,0x0,0x72,0x0,
0x20,0x0,0x6d,0x0,0x65,0x0,0x74,0x0,
0x61,0x0,0x59,0x0,0x0,0x0,0x0,0x0,
0x5,0x0,0x0,0x0,0x6d,0x0,0x65,0x0,
0x74,0x0,0x61,0x0,0x57,0x0,0x0,0x0,
0x14,0x0,0x0,0x0,0x65,0x0,0x78,0x0,
0x70,0x0,0x72,0x0,0x65,0x0,0x73,0x0,
0x73,0x0,0x69,0x0,0x6f,0x0,0x6e,0x0,
0x20,0x0,0x66,0x0,0x6f,0x0,0x72,0x0,
0x20,0x0,0x6d,0x0,0x65,0x0,0x74,0x0,
0x61,0x0,0x57,0x0,0x0,0x0,0x0,0x0,
0xb,0x0,0x0,0x0,0x6d,0x0,0x65,0x0,
0x74,0x0,0x61,0x0,0x56,0x0,0x69,0x0,
0x73,0x0,0x69,0x0,0x62,0x0,0x6c,0x0,
0x65,0x0,0x0,0x0,0x0,0x0,0x0,0x0,
0x1a,0x0,0x0,0x0,0x65,0x0,0x78,0x0,
0x70,0x0,0x72,0x0,0x65,0x0,0x73,0x0,
0x73,0x0,0x69,0x0,0x6f,0x0,0x6e,0x0,
0x20,0x0,0x66,0x0,0x6f,0x0,0x72,0x0,
0x20,0x0,0x6d,0x0,0x65,0x0,0x74,0x0,
0x61,0x0,0x56,0x0,0x69,0x0,0x73,0x0,
0x69,0x0,0x62,0x0,0x6c,0x0,0x65,0x0,
0x0,0x0,0x0,0x0,0x0,0x0,0x0,0x0,
0x12,0x0,0x0,0x0,0x6f,0x0,0x6e,0x0,
0x50,0x0,0x6c,0x0,0x61,0x0,0x63,0x0,
0x65,0x0,0x6d,0x0,0x65,0x0,0x6e,0x0,
0x74,0x0,0x43,0x0,0x68,0x0,0x61,0x0,
0x6e,0x0,0x67,0x0,0x65,0x0,0x64,0x0,
0x0,0x0,0x0,0x0,0x0,0x0,0x0,0x0,
0x21,0x0,0x0,0x0,0x65,0x0,0x78,0x0,
0x70,0x0,0x72,0x0,0x65,0x0,0x73,0x0,
0x73,0x0,0x69,0x0,0x6f,0x0,0x6e,0x0,
0x20,0x0,0x66,0x0,0x6f,0x0,0x72,0x0,
0x20,0x0,0x6f,0x0,0x6e,0x0,0x50,0x0,
0x6c,0x0,0x61,0x0,0x63,0x0,0x65,0x0,
0x6d,0x0,0x65,0x0,0x6e,0x0,0x74,0x0,
0x43,0x0,0x68,0x0,0x61,0x0,0x6e,0x0,
0x67,0x0,0x65,0x0,0x64,0x0,0x0,0x0,
0x5,0x0,0x0,0x0,0x72,0x0,0x69,0x0,
0x67,0x0,0x68,0x0,0x74,0x0,0x0,0x0,
0x14,0x0,0x0,0x0,0x65,0x0,0x78,0x0,
0x70,0x0,0x72,0x0,0x65,0x0,0x73,0x0,
0x73,0x0,0x69,0x0,0x6f,0x0,0x6e,0x0,
0x20,0x0,0x66,0x0,0x6f,0x0,0x72,0x0,
0x20,0x0,0x72,0x0,0x69,0x0,0x67,0x0,
0x68,0x0,0x74,0x0,0x0,0x0,0x0,0x0,
0x9,0x0,0x0,0x0,0x6d,0x0,0x65,0x0,
0x74,0x0,0x61,0x0,0x4d,0x0,0x6f,0x0,
0x75,0x0,0x73,0x0,0x65,0x0,0x0,0x0,
0x7,0x0,0x0,0x0,0x23,0x0,0x43,0x0,
0x43,0x0,0x43,0x0,0x43,0x0,0x43,0x0,
0x43,0x0,0x0,0x0,0x0,0x0,0x0,0x0,
0x7,0x0,0x0,0x0,0x62,0x0,0x77,0x0,
0x4d,0x0,0x6f,0x0,0x75,0x0,0x73,0x0,
0x65,0x0,0x0,0x0,0x0,0x0,0x0,0x0,
0x9,0x0,0x0,0x0,0x7a,0x0,0x6f,0x0,
0x6f,0x0,0x6d,0x0,0x4d,0x0,0x6f,0x0,
0x75,0x0,0x73,0x0,0x65,0x0,0x0,0x0,
0x4,0x0,0x0,0x0,0x6c,0x0,0x65,0x0,
0x66,0x0,0x74,0x0,0x0,0x0,0x0,0x0,
0x13,0x0,0x0,0x0,0x65,0x0,0x78,0x0,
0x70,0x0,0x72,0x0,0x65,0x0,0x73,0x0,
0x73,0x0,0x69,0x0,0x6f,0x0,0x6e,0x0,
0x20,0x0,0x66,0x0,0x6f,0x0,0x72,0x0,
0x20,0x0,0x6c,0x0,0x65,0x0,0x66,0x0,
0x74,0x0,0x0,0x0,0x0,0x0,0x0,0x0,
0x6,0x0,0x0,0x0,0x43,0x0,0x6f,0x0,
0x6c,0x0,0x75,0x0,0x6d,0x0,0x6e,0x0,
0x0,0x0,0x0,0x0,0x0,0x0,0x0,0x0,
0x10,0x0,0x0,0x0,0x68,0x0,0x6f,0x0,
0x72,0x0,0x69,0x0,0x7a,0x0,0x6f,0x0,
0x6e,0x0,0x74,0x0,0x61,0x0,0x6c,0x0,
0x43,0x0,0x65,0x0,0x6e,0x0,0x74,0x0,
0x65,0x0,0x72,0x0,0x0,0x0,0x0,0x0,
0x1f,0x0,0x0,0x0,0x65,0x0,0x78,0x0,
0x70,0x0,0x72,0x0,0x65,0x0,0x73,0x0,
0x73,0x0,0x69,0x0,0x6f,0x0,0x6e,0x0,
0x20,0x0,0x66,0x0,0x6f,0x0,0x72,0x0,
0x20,0x0,0x68,0x0,0x6f,0x0,0x72,0x0,
0x69,0x0,0x7a,0x0,0x6f,0x0,0x6e,0x0,
0x74,0x0,0x61,0x0,0x6c,0x0,0x43,0x0,
0x65,0x0,0x6e,0x0,0x74,0x0,0x65,0x0,
0x72,0x0,0x0,0x0,0x0,0x0,0x0,0x0,
0x7,0x0,0x0,0x0,0x23,0x0,0x44,0x0,
0x44,0x0,0x44,0x0,0x44,0x0,0x44,0x0,
0x44,0x0,0x0,0x0,0x0,0x0,0x0,0x0,
0x7,0x0,0x0,0x0,0x23,0x0,0x41,0x0,
0x41,0x0,0x41,0x0,0x41,0x0,0x41,0x0,
0x41,0x0,0x0,0x0,0x0,0x0,0x0,0x0,
0x8,0x0,0x0,0x0,0x52,0x0,0x65,0x0,
0x70,0x0,0x65,0x0,0x61,0x0,0x74,0x0,
0x65,0x0,0x72,0x0,0x0,0x0,0x0,0x0,
0x5,0x0,0x0,0x0,0x6d,0x0,0x6f,0x0,
0x64,0x0,0x65,0x0,0x6c,0x0,0x0,0x0,
0x14,0x0,0x0,0x0,0x65,0x0,0x78,0x0,
0x70,0x0,0x72,0x0,0x65,0x0,0x73,0x0,
0x73,0x0,0x69,0x0,0x6f,0x0,0x6e,0x0,
0x20,0x0,0x66,0x0,0x6f,0x0,0x72,0x0,
0x20,0x0,0x6d,0x0,0x6f,0x0,0x64,0x0,
0x65,0x0,0x6c,0x0,0x0,0x0,0x0,0x0,
0x5,0x0,0x0,0x0,0x69,0x0,0x6e,0x0,
0x64,0x0,0x65,0x0,0x78,0x0,0x0,0x0,
0x9,0x0,0x0,0x0,0x6d,0x0,0x6f,0x0,
0x64,0x0,0x65,0x0,0x6c,0x0,0x44,0x0,
0x61,0x0,0x74,0x0,0x61,0x0,0x0,0x0,
0x4,0x0,0x0,0x0,0x62,0x0,0x6f,0x0,
0x6c,0x0,0x64,0x0,0x0,0x0,0x0,0x0,
0x13,0x0,0x0,0x0,0x65,0x0,0x78,0x0,
0x70,0x0,0x72,0x0,0x65,0x0,0x73,0x0,
0x73,0x0,0x69,0x0,0x6f,0x0,0x6e,0x0,
0x20,0x0,0x66,0x0,0x6f,0x0,0x72,0x0,
0x20,0x0,0x62,0x0,0x6f,0x0,0x6c,0x0,
0x64,0x0,0x0,0x0,0x0,0x0,0x0,0x0,
0x7,0x0,0x0,0x0,0x63,0x0,0x68,0x0,
0x4d,0x0,0x6f,0x0,0x75,0x0,0x73,0x0,
0x65,0x0,0x0,0x0,0x0,0x0,0x0,0x0,
0x1,0x0,0x0,0x0,0xd7,0x0,0x0,0x0,
0x9,0x0,0x0,0x0,0x54,0x0,0x65,0x0,
0x78,0x0,0x74,0x0,0x46,0x0,0x69,0x0,
0x65,0x0,0x6c,0x0,0x64,0x0,0x0,0x0,
0x9,0x0,0x0,0x0,0x6e,0x0,0x6f,0x0,
0x74,0x0,0x65,0x0,0x46,0x0,0x69,0x0,
0x65,0x0,0x6c,0x0,0x64,0x0,0x0,0x0,
0xf,0x0,0x0,0x0,0x70,0x0,0x6c,0x0,
0x61,0x0,0x63,0x0,0x65,0x0,0x68,0x0,
0x6f,0x0,0x6c,0x0,0x64,0x0,0x65,0x0,
0x72,0x0,0x54,0x0,0x65,0x0,0x78,0x0,
0x74,0x0,0x0,0x0,0x0,0x0,0x0,0x0,
0x4,0x0,0x0,0x0,0x6e,0x0,0x6f,0x0,
0x74,0x0,0x65,0x0,0x0,0x0,0x0,0x0,
0xb,0x0,0x0,0x0,0x74,0x0,0x72,0x0,
0x61,0x0,0x6e,0x0,0x73,0x0,0x70,0x0,
0x61,0x0,0x72,0x0,0x65,0x0,0x6e,0x0,
0x74,0x0,0x0,0x0,0x0,0x0,0x0,0x0,
0x9,0x0,0x0,0x0,0x62,0x0,0x65,0x0,
0x67,0x0,0x69,0x0,0x6e,0x0,0x45,0x0,
0x64,0x0,0x69,0x0,0x74,0x0,0x0,0x0,
0x4,0x0,0x0,0x0,0x4b,0x0,0x65,0x0,
0x79,0x0,0x73,0x0,0x0,0x0,0x0,0x0,
0xf,0x0,0x0,0x0,0x6f,0x0,0x6e,0x0,
0x45,0x0,0x73,0x0,0x63,0x0,0x61,0x0,
0x70,0x0,0x65,0x0,0x50,0x0,0x72,0x0,
0x65,0x0,0x73,0x0,0x73,0x0,0x65,0x0,
0x64,0x0,0x0,0x0,0x0,0x0,0x0,0x0,
0x1e,0x0,0x0,0x0,0x65,0x0,0x78,0x0,
0x70,0x0,0x72,0x0,0x65,0x0,0x73,0x0,
0x73,0x0,0x69,0x0,0x6f,0x0,0x6e,0x0,
0x20,0x0,0x66,0x0,0x6f,0x0,0x72,0x0,
0x20,0x0,0x6f,0x0,0x6e,0x0,0x45,0x0,
0x73,0x0,0x63,0x0,0x61,0x0,0x70,0x0,
0x65,0x0,0x50,0x0,0x72,0x0,0x65,0x0,
0x73,0x0,0x73,0x0,0x65,0x0,0x64,0x0,
0x0,0x0,0x0,0x0,0x0,0x0,0x0,0x0,
0x1c,0x0,0x0,0x0,0x74,0x0,0x6f,0x0,
0x64,0x0,0x61,0x0,0x79,0x0,0x19,0x20,
0x73,0x0,0x20,0x0,0x73,0x0,0x65,0x0,
0x73,0x0,0x73,0x0,0x69,0x0,0x6f,0x0,
0x6e,0x0,0x73,0x0,0x20,0x0,0x61,0x0,
0x70,0x0,0x70,0x0,0x65,0x0,0x61,0x0,
0x72,0x0,0x20,0x0,0x68,0x0,0x65,0x0,
0x72,0x0,0x65,0x0,0x0,0x0,0x0,0x0,
0x8,0x0,0x0,0x0,0x4c,0x0,0x69,0x0,
0x73,0x0,0x74,0x0,0x56,0x0,0x69,0x0,
0x65,0x0,0x77,0x0,0x0,0x0,0x0,0x0,
0x5,0x0,0x0,0x0,0x73,0x0,0x74,0x0,
0x72,0x0,0x69,0x0,0x70,0x0,0x0,0x0,
0x9,0x0,0x0,0x0,0x74,0x0,0x6f,0x0,
0x70,0x0,0x4d,0x0,0x61,0x0,0x72,0x0,
0x67,0x0,0x69,0x0,0x6e,0x0,0x0,0x0,
0xc,0x0,0x0,0x0,0x62,0x0,0x6f,0x0,
0x74,0x0,0x74,0x0,0x6f,0x0,0x6d,0x0,
0x4d,0x0,0x61,0x0,0x72,0x0,0x67,0x0,
0x69,0x0,0x6e,0x0,0x0,0x0,0x0,0x0,
0xb,0x0,0x0,0x0,0x6f,0x0,0x72,0x0,
0x69,0x0,0x65,0x0,0x6e,0x0,0x74,0x0,
0x61,0x0,0x74,0x0,0x69,0x0,0x6f,0x0,
0x6e,0x0,0x0,0x0,0x0,0x0,0x0,0x0,
0x1a,0x0,0x0,0x0,0x65,0x0,0x78,0x0,
0x70,0x0,0x72,0x0,0x65,0x0,0x73,0x0,
0x73,0x0,0x69,0x0,0x6f,0x0,0x6e,0x0,
0x20,0x0,0x66,0x0,0x6f,0x0,0x72,0x0,
0x20,0x0,0x6f,0x0,0x72,0x0,0x69,0x0,
0x65,0x0,0x6e,0x0,0x74,0x0,0x61,0x0,
0x74,0x0,0x69,0x0,0x6f,0x0,0x6e,0x0,
0x0,0x0,0x0,0x0,0x0,0x0,0x0,0x0,
0x4,0x0,0x0,0x0,0x63,0x0,0x6c,0x0,
0x69,0x0,0x70,0x0,0x0,0x0,0x0,0x0,
0xe,0x0,0x0,0x0,0x6f,0x0,0x6e,0x0,
0x43,0x0,0x6f,0x0,0x75,0x0,0x6e,0x0,
0x74,0x0,0x43,0x0,0x68,0x0,0x61,0x0,
0x6e,0x0,0x67,0x0,0x65,0x0,0x64,0x0,
0x0,0x0,0x0,0x0,0x0,0x0,0x0,0x0,
0x1d,0x0,0x0,0x0,0x65,0x0,0x78,0x0,
0x70,0x0,0x72,0x0,0x65,0x0,0x73,0x0,
0x73,0x0,0x69,0x0,0x6f,0x0,0x6e,0x0,
0x20,0x0,0x66,0x0,0x6f,0x0,0x72,0x0,
0x20,0x0,0x6f,0x0,0x6e,0x0,0x43,0x0,
0x6f,0x0,0x75,0x0,0x6e,0x0,0x74,0x0,
0x43,0x0,0x68,0x0,0x61,0x0,0x6e,0x0,
0x67,0x0,0x65,0x0,0x64,0x0,0x0,0x0,
0x4,0x0,0x0,0x0,0x63,0x0,0x65,0x0,
0x6c,0x0,0x6c,0x0,0x0,0x0,0x0,0x0,
0x3,0x0,0x0,0x0,0x73,0x0,0x65,0x0,
0x71,0x0,0x0,0x0,0x0,0x0,0x0,0x0,
0xc,0x0,0x0,0x0,0x73,0x0,0x65,0x0,
0x73,0x0,0x73,0x0,0x69,0x0,0x6f,0x0,
0x6e,0x0,0x53,0x0,0x74,0x0,0x61,0x0,
0x74,0x0,0x65,0x0,0x0,0x0,0x0,0x0,
0x6,0x0,0x0,0x0,0x72,0x0,0x61,0x0,
0x74,0x0,0x69,0x0,0x6e,0x0,0x67,0x0,
0x0,0x0,0x0,0x0,0x0,0x0,0x0,0x0,
0x8,0x0,0x0,0x0,0x72,0x0,0x65,0x0,
0x6a,0x0,0x65,0x0,0x63,0x0,0x74,0x0,
0x65,0x0,0x64,0x0,0x0,0x0,0x0,0x0,
0xb,0x0,0x0,0x0,0x70,0x0,0x61,0x0,
0x73,0x0,0x73,0x0,0x46,0x0,0x69,0x0,
0x6c,0x0,0x74,0x0,0x65,0x0,0x72,0x0,
0x73,0x0,0x0,0x0,0x0,0x0,0x0,0x0,
0xa,0x0,0x0,0x0,0x70,0x0,0x61,0x0,
0x73,0x0,0x73,0x0,0x50,0x0,0x61,0x0,
0x69,0x0,0x72,0x0,0x65,0x0,0x64,0x0,
0x0,0x0,0x0,0x0,0x0,0x0,0x0,0x0,
0xd,0x0,0x0,0x0,0x70,0x0,0x61,0x0,
0x73,0x0,0x73,0x0,0x44,0x0,0x75,0x0,
0x72,0x0,0x61,0x0,0x74,0x0,0x69,0x0,
0x6f,0x0,0x6e,0x0,0x73,0x0,0x0,0x0,
0xc,0x0,0x0,0x0,0x70,0x0,0x61,0x0,
0x73,0x0,0x73,0x0,0x50,0x0,0x72,0x0,
0x65,0x0,0x76,0x0,0x69,0x0,0x65,0x0,
0x77,0x0,0x73,0x0,0x0,0x0,0x0,0x0,
0x9,0x0,0x0,0x0,0x70,0x0,0x61,0x0,
0x73,0x0,0x73,0x0,0x43,0x0,0x6c,0x0,
0x69,0x0,0x70,0x0,0x73,0x0,0x0,0x0,
0x8,0x0,0x0,0x0,0x70,0x0,0x61,0x0,
0x73,0x0,0x73,0x0,0x44,0x0,0x69,0x0,
0x6d,0x0,0x73,0x0,0x0,0x0,0x0,0x0,
0xd,0x0,0x0,0x0,0x70,0x0,0x61,0x0,
0x73,0x0,0x73,0x0,0x54,0x0,0x69,0x0,
0x6c,0x0,0x65,0x0,0x42,0x0,0x61,0x0,
0x73,0x0,0x65,0x0,0x73,0x0,0x0,0x0,
0x7,0x0,0x0,0x0,0x6d,0x0,0x65,0x0,
0x74,0x0,0x61,0x0,0x53,0x0,0x76,0x0,
0x67,0x0,0x0,0x0,0x0,0x0,0x0,0x0,
0x9,0x0,0x0,0x0,0x6d,0x0,0x65,0x0,
0x74,0x0,0x61,0x0,0x57,0x0,0x68,0x0,
0x69,0x0,0x74,0x0,0x65,0x0,0x0,0x0,
0x4,0x0,0x0,0x0,0x73,0x0,0x53,0x0,
0x65,0x0,0x71,0x0,0x0,0x0,0x0,0x0,
0x13,0x0,0x0,0x0,0x65,0x0,0x78,0x0,
0x70,0x0,0x72,0x0,0x65,0x0,0x73,0x0,
0x73,0x0,0x69,0x0,0x6f,0x0,0x6e,0x0,
0x20,0x0,0x66,0x0,0x6f,0x0,0x72,0x0,
0x20,0x0,0x73,0x0,0x53,0x0,0x65,0x0,
0x71,0x0,0x0,0x0,0x0,0x0,0x0,0x0,
0x6,0x0,0x0,0x0,0x73,0x0,0x53,0x0,
0x74,0x0,0x61,0x0,0x74,0x0,0x65,0x0,
0x0,0x0,0x0,0x0,0x0,0x0,0x0,0x0,
0x15,0x0,0x0,0x0,0x65,0x0,0x78,0x0,
0x70,0x0,0x72,0x0,0x65,0x0,0x73,0x0,
0x73,0x0,0x69,0x0,0x6f,0x0,0x6e,0x0,
0x20,0x0,0x66,0x0,0x6f,0x0,0x72,0x0,
0x20,0x0,0x73,0x0,0x53,0x0,0x74,0x0,
0x61,0x0,0x74,0x0,0x65,0x0,0x0,0x0,
0x7,0x0,0x0,0x0,0x73,0x0,0x52,0x0,
0x61,0x0,0x74,0x0,0x69,0x0,0x6e,0x0,
0x67,0x0,0x0,0x0,0x0,0x0,0x0,0x0,
0x16,0x0,0x0,0x0,0x65,0x0,0x78,0x0,
0x70,0x0,0x72,0x0,0x65,0x0,0x73,0x0,
0x73,0x0,0x69,0x0,0x6f,0x0,0x6e,0x0,
0x20,0x0,0x66,0x0,0x6f,0x0,0x72,0x0,
0x20,0x0,0x73,0x0,0x52,0x0,0x61,0x0,
0x74,0x0,0x69,0x0,0x6e,0x0,0x67,0x0,
0x0,0x0,0x0,0x0,0x0,0x0,0x0,0x0,
0x9,0x0,0x0,0x0,0x73,0x0,0x52,0x0,
0x65,0x0,0x6a,0x0,0x65,0x0,0x63,0x0,
0x74,0x0,0x65,0x0,0x64,0x0,0x0,0x0,
0x18,0x0,0x0,0x0,0x65,0x0,0x78,0x0,
0x70,0x0,0x72,0x0,0x65,0x0,0x73,0x0,
0x73,0x0,0x69,0x0,0x6f,0x0,0x6e,0x0,
0x20,0x0,0x66,0x0,0x6f,0x0,0x72,0x0,
0x20,0x0,0x73,0x0,0x52,0x0,0x65,0x0,
0x6a,0x0,0x65,0x0,0x63,0x0,0x74,0x0,
0x65,0x0,0x64,0x0,0x0,0x0,0x0,0x0,
0x5,0x0,0x0,0x0,0x73,0x0,0x4e,0x0,
0x6f,0x0,0x74,0x0,0x65,0x0,0x0,0x0,
0x14,0x0,0x0,0x0,0x65,0x0,0x78,0x0,
0x70,0x0,0x72,0x0,0x65,0x0,0x73,0x0,
0x73,0x0,0x69,0x0,0x6f,0x0,0x6e,0x0,
0x20,0x0,0x66,0x0,0x6f,0x0,0x72,0x0,
0x20,0x0,0x73,0x0,0x4e,0x0,0x6f,0x0,
0x74,0x0,0x65,0x0,0x0,0x0,0x0,0x0,
0xc,0x0,0x0,0x0,0x73,0x0,0x50,0x0,
0x61,0x0,0x73,0x0,0x73,0x0,0x46,0x0,
0x69,0x0,0x6c,0x0,0x74,0x0,0x65,0x0,
0x72,0x0,0x73,0x0,0x0,0x0,0x0,0x0,
0x1b,0x0,0x0,0x0,0x65,0x0,0x78,0x0,
0x70,0x0,0x72,0x0,0x65,0x0,0x73,0x0,
0x73,0x0,0x69,0x0,0x6f,0x0,0x6e,0x0,
0x20,0x0,0x66,0x0,0x6f,0x0,0x72,0x0,
0x20,0x0,0x73,0x0,0x50,0x0,0x61,0x0,
0x73,0x0,0x73,0x0,0x46,0x0,0x69,0x0,
0x6c,0x0,0x74,0x0,0x65,0x0,0x72,0x0,
0x73,0x0,0x0,0x0,0x0,0x0,0x0,0x0,
0xb,0x0,0x0,0x0,0x73,0x0,0x50,0x0,
0x61,0x0,0x73,0x0,0x73,0x0,0x50,0x0,
0x61,0x0,0x69,0x0,0x72,0x0,0x65,0x0,
0x64,0x0,0x0,0x0,0x0,0x0,0x0,0x0,
0x1a,0x0,0x0,0x0,0x65,0x0,0x78,0x0,
0x70,0x0,0x72,0x0,0x65,0x0,0x73,0x0,
0x73,0x0,0x69,0x0,0x6f,0x0,0x6e,0x0,
0x20,0x0,0x66,0x0,0x6f,0x0,0x72,0x0,
0x20,0x0,0x73,0x0,0x50,0x0,0x61,0x0,
0x73,0x0,0x73,0x0,0x50,0x0,0x61,0x0,
0x69,0x0,0x72,0x0,0x65,0x0,0x64,0x0,
0x0,0x0,0x0,0x0,0x0,0x0,0x0,0x0,
0xe,0x0,0x0,0x0,0x73,0x0,0x50,0x0,
0x61,0x0,0x73,0x0,0x73,0x0,0x44,0x0,
0x75,0x0,0x72,0x0,0x61,0x0,0x74,0x0,
0x69,0x0,0x6f,0x0,0x6e,0x0,0x73,0x0,
0x0,0x0,0x0,0x0,0x0,0x0,0x0,0x0,
0x1d,0x0,0x0,0x0,0x65,0x0,0x78,0x0,
0x70,0x0,0x72,0x0,0x65,0x0,0x73,0x0,
0x73,0x0,0x69,0x0,0x6f,0x0,0x6e,0x0,
0x20,0x0,0x66,0x0,0x6f,0x0,0x72,0x0,
0x20,0x0,0x73,0x0,0x50,0x0,0x61,0x0,
0x73,0x0,0x73,0x0,0x44,0x0,0x75,0x0,
0x72,0x0,0x61,0x0,0x74,0x0,0x69,0x0,
0x6f,0x0,0x6e,0x0,0x73,0x0,0x0,0x0,
0xd,0x0,0x0,0x0,0x73,0x0,0x50,0x0,
0x61,0x0,0x73,0x0,0x73,0x0,0x50,0x0,
0x72,0x0,0x65,0x0,0x76,0x0,0x69,0x0,
0x65,0x0,0x77,0x0,0x73,0x0,0x0,0x0,
0x1c,0x0,0x0,0x0,0x65,0x0,0x78,0x0,
0x70,0x0,0x72,0x0,0x65,0x0,0x73,0x0,
0x73,0x0,0x69,0x0,0x6f,0x0,0x6e,0x0,
0x20,0x0,0x66,0x0,0x6f,0x0,0x72,0x0,
0x20,0x0,0x73,0x0,0x50,0x0,0x61,0x0,
0x73,0x0,0x73,0x0,0x50,0x0,0x72,0x0,
0x65,0x0,0x76,0x0,0x69,0x0,0x65,0x0,
0x77,0x0,0x73,0x0,0x0,0x0,0x0,0x0,
0xa,0x0,0x0,0x0,0x73,0x0,0x50,0x0,
0x61,0x0,0x73,0x0,0x73,0x0,0x43,0x0,
0x6c,0x0,0x69,0x0,0x70,0x0,0x73,0x0,
0x0,0x0,0x0,0x0,0x0,0x0,0x0,0x0,
0x19,0x0,0x0,0x0,0x65,0x0,0x78,0x0,
0x70,0x0,0x72,0x0,0x65,0x0,0x73,0x0,
0x73,0x0,0x69,0x0,0x6f,0x0,0x6e,0x0,
0x20,0x0,0x66,0x0,0x6f,0x0,0x72,0x0,
0x20,0x0,0x73,0x0,0x50,0x0,0x61,0x0,
0x73,0x0,0x73,0x0,0x43,0x0,0x6c,0x0,
0x69,0x0,0x70,0x0,0x73,0x0,0x0,0x0,
0x9,0x0,0x0,0x0,0x73,0x0,0x50,0x0,
0x61,0x0,0x73,0x0,0x73,0x0,0x44,0x0,
0x69,0x0,0x6d,0x0,0x73,0x0,0x0,0x0,
0x18,0x0,0x0,0x0,0x65,0x0,0x78,0x0,
0x70,0x0,0x72,0x0,0x65,0x0,0x73,0x0,
0x73,0x0,0x69,0x0,0x6f,0x0,0x6e,0x0,
0x20,0x0,0x66,0x0,0x6f,0x0,0x72,0x0,
0x20,0x0,0x73,0x0,0x50,0x0,0x61,0x0,
0x73,0x0,0x73,0x0,0x44,0x0,0x69,0x0,
0x6d,0x0,0x73,0x0,0x0,0x0,0x0,0x0,
0xe,0x0,0x0,0x0,0x73,0x0,0x50,0x0,
0x61,0x0,0x73,0x0,0x73,0x0,0x54,0x0,
0x69,0x0,0x6c,0x0,0x65,0x0,0x42,0x0,
0x61,0x0,0x73,0x0,0x65,0x0,0x73,0x0,
0x0,0x0,0x0,0x0,0x0,0x0,0x0,0x0,
0x1d,0x0,0x0,0x0,0x65,0x0,0x78,0x0,
0x70,0x0,0x72,0x0,0x65,0x0,0x73,0x0,
0x73,0x0,0x69,0x0,0x6f,0x0,0x6e,0x0,
0x20,0x0,0x66,0x0,0x6f,0x0,0x72,0x0,
0x20,0x0,0x73,0x0,0x50,0x0,0x61,0x0,
0x73,0x0,0x73,0x0,0x54,0x0,0x69,0x0,
0x6c,0x0,0x65,0x0,0x42,0x0,0x61,0x0,
0x73,0x0,0x65,0x0,0x73,0x0,0x0,0x0,
0x8,0x0,0x0,0x0,0x73,0x0,0x4d,0x0,
0x65,0x0,0x74,0x0,0x61,0x0,0x53,0x0,
0x76,0x0,0x67,0x0,0x0,0x0,0x0,0x0,
0x17,0x0,0x0,0x0,0x65,0x0,0x78,0x0,
0x70,0x0,0x72,0x0,0x65,0x0,0x73,0x0,
0x73,0x0,0x69,0x0,0x6f,0x0,0x6e,0x0,
0x20,0x0,0x66,0x0,0x6f,0x0,0x72,0x0,
0x20,0x0,0x73,0x0,0x4d,0x0,0x65,0x0,
0x74,0x0,0x61,0x0,0x53,0x0,0x76,0x0,
0x67,0x0,0x0,0x0,0x0,0x0,0x0,0x0,
0x6,0x0,0x0,0x0,0x73,0x0,0x4d,0x0,
0x65,0x0,0x74,0x0,0x61,0x0,0x58,0x0,
0x0,0x0,0x0,0x0,0x0,0x0,0x0,0x0,
0x15,0x0,0x0,0x0,0x65,0x0,0x78,0x0,
0x70,0x0,0x72,0x0,0x65,0x0,0x73,0x0,
0x73,0x0,0x69,0x0,0x6f,0x0,0x6e,0x0,
0x20,0x0,0x66,0x0,0x6f,0x0,0x72,0x0,
0x20,0x0,0x73,0x0,0x4d,0x0,0x65,0x0,
0x74,0x0,0x61,0x0,0x58,0x0,0x0,0x0,
0x6,0x0,0x0,0x0,0x73,0x0,0x4d,0x0,
0x65,0x0,0x74,0x0,0x61,0x0,0x59,0x0,
0x0,0x0,0x0,0x0,0x0,0x0,0x0,0x0,
0x15,0x0,0x0,0x0,0x65,0x0,0x78,0x0,
0x70,0x0,0x72,0x0,0x65,0x0,0x73,0x0,
0x73,0x0,0x69,0x0,0x6f,0x0,0x6e,0x0,
0x20,0x0,0x66,0x0,0x6f,0x0,0x72,0x0,
0x20,0x0,0x73,0x0,0x4d,0x0,0x65,0x0,
0x74,0x0,0x61,0x0,0x59,0x0,0x0,0x0,
0x6,0x0,0x0,0x0,0x73,0x0,0x4d,0x0,
0x65,0x0,0x74,0x0,0x61,0x0,0x57,0x0,
0x0,0x0,0x0,0x0,0x0,0x0,0x0,0x0,
0x15,0x0,0x0,0x0,0x65,0x0,0x78,0x0,
0x70,0x0,0x72,0x0,0x65,0x0,0x73,0x0,
0x73,0x0,0x69,0x0,0x6f,0x0,0x6e,0x0,
0x20,0x0,0x66,0x0,0x6f,0x0,0x72,0x0,
0x20,0x0,0x73,0x0,0x4d,0x0,0x65,0x0,
0x74,0x0,0x61,0x0,0x57,0x0,0x0,0x0,
0xa,0x0,0x0,0x0,0x73,0x0,0x4d,0x0,
0x65,0x0,0x74,0x0,0x61,0x0,0x57,0x0,
0x68,0x0,0x69,0x0,0x74,0x0,0x65,0x0,
0x0,0x0,0x0,0x0,0x0,0x0,0x0,0x0,
0x19,0x0,0x0,0x0,0x65,0x0,0x78,0x0,
0x70,0x0,0x72,0x0,0x65,0x0,0x73,0x0,
0x73,0x0,0x69,0x0,0x6f,0x0,0x6e,0x0,
0x20,0x0,0x66,0x0,0x6f,0x0,0x72,0x0,
0x20,0x0,0x73,0x0,0x4d,0x0,0x65,0x0,
0x74,0x0,0x61,0x0,0x57,0x0,0x68,0x0,
0x69,0x0,0x74,0x0,0x65,0x0,0x0,0x0,
0x16,0x0,0x0,0x0,0x65,0x0,0x78,0x0,
0x70,0x0,0x72,0x0,0x65,0x0,0x73,0x0,
0x73,0x0,0x69,0x0,0x6f,0x0,0x6e,0x0,
0x20,0x0,0x66,0x0,0x6f,0x0,0x72,0x0,
0x20,0x0,0x6f,0x0,0x70,0x0,0x61,0x0,
0x63,0x0,0x69,0x0,0x74,0x0,0x79,0x0,
0x0,0x0,0x0,0x0,0x0,0x0,0x0,0x0,
0x5,0x0,0x0,0x0,0x49,0x0,0x6d,0x0,
0x61,0x0,0x67,0x0,0x65,0x0,0x0,0x0,
0x6,0x0,0x0,0x0,0x73,0x0,0x6f,0x0,
0x75,0x0,0x72,0x0,0x63,0x0,0x65,0x0,
0x0,0x0,0x0,0x0,0x0,0x0,0x0,0x0,
0x15,0x0,0x0,0x0,0x65,0x0,0x78,0x0,
0x70,0x0,0x72,0x0,0x65,0x0,0x73,0x0,
0x73,0x0,0x69,0x0,0x6f,0x0,0x6e,0x0,
0x20,0x0,0x66,0x0,0x6f,0x0,0x72,0x0,
0x20,0x0,0x73,0x0,0x6f,0x0,0x75,0x0,
0x72,0x0,0x63,0x0,0x65,0x0,0x0,0x0,
0xa,0x0,0x0,0x0,0x73,0x0,0x6f,0x0,
0x75,0x0,0x72,0x0,0x63,0x0,0x65,0x0,
0x53,0x0,0x69,0x0,0x7a,0x0,0x65,0x0,
0x0,0x0,0x0,0x0,0x0,0x0,0x0,0x0,
0x8,0x0,0x0,0x0,0x66,0x0,0x69,0x0,
0x6c,0x0,0x6c,0x0,0x4d,0x0,0x6f,0x0,
0x64,0x0,0x65,0x0,0x0,0x0,0x0,0x0,
0x17,0x0,0x0,0x0,0x65,0x0,0x78,0x0,
0x70,0x0,0x72,0x0,0x65,0x0,0x73,0x0,
0x73,0x0,0x69,0x0,0x6f,0x0,0x6e,0x0,
0x20,0x0,0x66,0x0,0x6f,0x0,0x72,0x0,
0x20,0x0,0x66,0x0,0x69,0x0,0x6c,0x0,
0x6c,0x0,0x4d,0x0,0x6f,0x0,0x64,0x0,
0x65,0x0,0x0,0x0,0x0,0x0,0x0,0x0,
0xc,0x0,0x0,0x0,0x61,0x0,0x73,0x0,
0x79,0x0,0x6e,0x0,0x63,0x0,0x68,0x0,
0x72,0x0,0x6f,0x0,0x6e,0x0,0x6f,0x0,
0x75,0x0,0x73,0x0,0x0,0x0,0x0,0x0,
0x5,0x0,0x0,0x0,0xb7,0x0,0x20,0x0,
0xb7,0x0,0x20,0x0,0xb7,0x0,0x0,0x0,
0x8,0x0,0x0,0x0,0x64,0x0,0x65,0x0,
0x6c,0x0,0x65,0x0,0x67,0x0,0x61,0x0,
0x74,0x0,0x65,0x0,0x0,0x0,0x0,0x0,
0x7,0x0,0x0,0x0,0x23,0x0,0x30,0x0,
0x41,0x0,0x30,0x0,0x41,0x0,0x30,0x0,
0x41,0x0,0x0,0x0,0x0,0x0,0x0,0x0,
0x1,0x0,0x0,0x0,0x7a,0x0,0x0,0x0,
0xc,0x0,0x0,0x0,0x6c,0x0,0x69,0x0,
0x76,0x0,0x65,0x0,0x20,0x0,0xb7,0x0,
0x20,0x0,0x66,0x0,0x6f,0x0,0x63,0x0,
0x75,0x0,0x73,0x0,0x0,0x0,0x0,0x0,
0x6,0x0,0x0,0x0,0x73,0x0,0x74,0x0,
0x6f,0x0,0x70,0x0,0x20,0x0,0xd7,0x0,
0x0,0x0,0x0,0x0,0x0,0x0,0x0,0x0,
0x9,0x0,0x0,0x0,0x73,0x0,0x74,0x0,
0x6f,0x0,0x70,0x0,0x4d,0x0,0x6f,0x0,
0x75,0x0,0x73,0x0,0x65,0x0,0x0,0x0,
0x7,0x0,0x0,0x0,0x23,0x0,0x30,0x0,
0x30,0x0,0x30,0x0,0x30,0x0,0x30,0x0,
0x30,0x0,0x0,0x0,0x0,0x0,0x0,0x0,
0x7,0x0,0x0,0x0,0x23,0x0,0x33,0x0,
0x33,0x0,0x33,0x0,0x33,0x0,0x33,0x0,
0x33,0x0,0x0,0x0,0x0,0x0,0x0,0x0,
0x5,0x0,0x0,0x0,0x63,0x0,0x61,0x0,
0x63,0x0,0x68,0x0,0x65,0x0,0x0,0x0,
0x6,0x0,0x0,0x0,0x73,0x0,0x6d,0x0,
0x6f,0x0,0x6f,0x0,0x74,0x0,0x68,0x0,
0x0,0x0,0x0,0x0,0x0,0x0,0x0,0x0,
0x5,0x0,0x0,0x0,0x66,0x0,0x6f,0x0,
0x63,0x0,0x75,0x0,0x73,0x0,0x0,0x0,
0x7,0x0,0x0,0x0,0x23,0x0,0x32,0x0,
0x32,0x0,0x32,0x0,0x32,0x0,0x32,0x0,
0x32,0x0,0x0,0x0,0x0,0x0,0x0,0x0,
0x1,0x0,0x0,0x0,0x78,0x0,0x0,0x0,
0x10,0x0,0x0,0x0,0x65,0x0,0x78,0x0,
0x70,0x0,0x72,0x0,0x65,0x0,0x73,0x0,
0x73,0x0,0x69,0x0,0x6f,0x0,0x6e,0x0,
0x20,0x0,0x66,0x0,0x6f,0x0,0x72,0x0,
0x20,0x0,0x78,0x0,0x0,0x0,0x0,0x0,
0x8,0x0,0x0,0x0,0x77,0x0,0x72,0x0,
0x61,0x0,0x70,0x0,0x4d,0x0,0x6f,0x0,
0x64,0x0,0x65,0x0,0x0,0x0,0x0,0x0,
0x17,0x0,0x0,0x0,0x65,0x0,0x78,0x0,
0x70,0x0,0x72,0x0,0x65,0x0,0x73,0x0,
0x73,0x0,0x69,0x0,0x6f,0x0,0x6e,0x0,
0x20,0x0,0x66,0x0,0x6f,0x0,0x72,0x0,
0x20,0x0,0x77,0x0,0x72,0x0,0x61,0x0,
0x70,0x0,0x4d,0x0,0x6f,0x0,0x64,0x0,
0x65,0x0,0x0,0x0,0x0,0x0,0x0,0x0,
0x9,0x0,0x0,0x0,0x6c,0x0,0x69,0x0,
0x62,0x0,0x48,0x0,0x65,0x0,0x61,0x0,
0x64,0x0,0x65,0x0,0x72,0x0,0x0,0x0,
0x3,0x0,0x0,0x0,0x74,0x0,0x6f,0x0,
0x70,0x0,0x0,0x0,0x0,0x0,0x0,0x0,
0x12,0x0,0x0,0x0,0x65,0x0,0x78,0x0,
0x70,0x0,0x72,0x0,0x65,0x0,0x73,0x0,
0x73,0x0,0x69,0x0,0x6f,0x0,0x6e,0x0,
0x20,0x0,0x66,0x0,0x6f,0x0,0x72,0x0,
0x20,0x0,0x74,0x0,0x6f,0x0,0x70,0x0,
0x0,0x0,0x0,0x0,0x0,0x0,0x0,0x0,
0x4,0x0,0x0,0x0,0x67,0x0,0x72,0x0,
0x69,0x0,0x64,0x0,0x0,0x0,0x0,0x0,
0x9,0x0,0x0,0x0,0x67,0x0,0x72,0x0,
0x69,0x0,0x64,0x0,0x4d,0x0,0x6f,0x0,
0x75,0x0,0x73,0x0,0x65,0x0,0x0,0x0,
0x8,0x0,0x0,0x0,0x74,0x0,0x69,0x0,
0x6d,0x0,0x65,0x0,0x6c,0x0,0x69,0x0,
0x6e,0x0,0x65,0x0,0x0,0x0,0x0,0x0,
0x7,0x0,0x0,0x0,0x74,0x0,0x6c,0x0,
0x4d,0x0,0x6f,0x0,0x75,0x0,0x73,0x0,
0x65,0x0,0x0,0x0,0x0,0x0,0x0,0x0,
0x7,0x0,0x0,0x0,0x63,0x0,0x6c,0x0,
0x6f,0x0,0x73,0x0,0x65,0x0,0x20,0x0,
0xd7,0x0,0x0,0x0,0x0,0x0,0x0,0x0,
0xa,0x0,0x0,0x0,0x63,0x0,0x6c,0x0,
0x6f,0x0,0x73,0x0,0x65,0x0,0x4d,0x0,
0x6f,0x0,0x75,0x0,0x73,0x0,0x65,0x0,
0x0,0x0,0x0,0x0,0x0,0x0,0x0,0x0,
0x8,0x0,0x0,0x0,0x47,0x0,0x72,0x0,
0x69,0x0,0x64,0x0,0x56,0x0,0x69,0x0,
0x65,0x0,0x77,0x0,0x0,0x0,0x0,0x0,
0x9,0x0,0x0,0x0,0x63,0x0,0x65,0x0,
0x6c,0x0,0x6c,0x0,0x57,0x0,0x69,0x0,
0x64,0x0,0x74,0x0,0x68,0x0,0x0,0x0,
0xa,0x0,0x0,0x0,0x63,0x0,0x65,0x0,
0x6c,0x0,0x6c,0x0,0x48,0x0,0x65,0x0,
0x69,0x0,0x67,0x0,0x68,0x0,0x74,0x0,
0x0,0x0,0x0,0x0,0x0,0x0,0x0,0x0,
0x5,0x0,0x0,0x0,0x67,0x0,0x63,0x0,
0x65,0x0,0x6c,0x0,0x6c,0x0,0x0,0x0,
0xc,0x0,0x0,0x0,0x66,0x0,0x69,0x0,
0x72,0x0,0x73,0x0,0x74,0x0,0x50,0x0,
0x72,0x0,0x65,0x0,0x76,0x0,0x69,0x0,
0x65,0x0,0x77,0x0,0x0,0x0,0x0,0x0,
0x1b,0x0,0x0,0x0,0x65,0x0,0x78,0x0,
0x70,0x0,0x72,0x0,0x65,0x0,0x73,0x0,
0x73,0x0,0x69,0x0,0x6f,0x0,0x6e,0x0,
0x20,0x0,0x66,0x0,0x6f,0x0,0x72,0x0,
0x20,0x0,0x66,0x0,0x69,0x0,0x72,0x0,
0x73,0x0,0x74,0x0,0x50,0x0,0x72,0x0,
0x65,0x0,0x76,0x0,0x69,0x0,0x65,0x0,
0x77,0x0,0x0,0x0,0x0,0x0,0x0,0x0,
0x7,0x0,0x0,0x0,0x23,0x0,0x32,0x0,
0x43,0x0,0x32,0x0,0x43,0x0,0x32,0x0,
0x43,0x0,0x0,0x0,0x0,0x0,0x0,0x0,
0x5,0x0,0x0,0x0,0x74,0x0,0x63,0x0,
0x65,0x0,0x6c,0x0,0x6c,0x0,0x0,0x0,
0xd,0x0,0x0,0x0,0x63,0x0,0x72,0x0,
0x65,0x0,0x61,0x0,0x74,0x0,0x65,0x0,
0x64,0x0,0x57,0x0,0x61,0x0,0x6c,0x0,
0x6c,0x0,0x4d,0x0,0x73,0x0,0x0,0x0,
0x5,0x0,0x0,0x0,0x65,0x0,0x6c,0x0,
0x69,0x0,0x64,0x0,0x65,0x0,0x0,0x0,
0x14,0x0,0x0,0x0,0x65,0x0,0x78,0x0,
0x70,0x0,0x72,0x0,0x65,0x0,0x73,0x0,
0x73,0x0,0x69,0x0,0x6f,0x0,0x6e,0x0,
0x20,0x0,0x66,0x0,0x6f,0x0,0x72,0x0,
0x20,0x0,0x65,0x0,0x6c,0x0,0x69,0x0,
0x64,0x0,0x65,0x0,0x0,0x0,0x0,0x0,
0xc,0x0,0x0,0x0,0x6d,0x0,0x61,0x0,
0x78,0x0,0x69,0x0,0x6d,0x0,0x75,0x0,
0x6d,0x0,0x57,0x0,0x69,0x0,0x64,0x0,
0x74,0x0,0x68,0x0,0x0,0x0,0x0,0x0,
0x9,0x0,0x0,0x0,0x23,0x0,0x38,0x0,
0x30,0x0,0x46,0x0,0x46,0x0,0x46,0x0,
0x46,0x0,0x46,0x0,0x46,0x0,0x0,0x0,
0x9,0x0,0x0,0x0,0x69,0x0,0x6d,0x0,
0x70,0x0,0x6f,0x0,0x72,0x0,0x74,0x0,
0x43,0x0,0x6f,0x0,0x6c,0x0,0x0,0x0,
0x9e,0x0,0x0,0x0,0x47,0x0,0x72,0x0,
0x6f,0x0,0x75,0x0,0x70,0x0,0x65,0x0,
0x64,0x0,0x20,0x0,0x62,0x0,0x79,0x0,
0x20,0x0,0x66,0x0,0x69,0x0,0x6c,0x0,
0x65,0x0,0x6e,0x0,0x61,0x0,0x6d,0x0,
0x65,0x0,0x20,0x0,0x6c,0x0,0x65,0x0,
0x74,0x0,0x74,0x0,0x65,0x0,0x72,0x0,
0x20,0x0,0x61,0x0,0x6e,0x0,0x64,0x0,
0x20,0x0,0x74,0x0,0x69,0x0,0x6d,0x0,
0x69,0x0,0x6e,0x0,0x67,0x0,0x2e,0x0,
0x20,0x0,0x4f,0x0,0x72,0x0,0x69,0x0,
0x67,0x0,0x69,0x0,0x6e,0x0,0x61,0x0,
0x6c,0x0,0x73,0x0,0x20,0x0,0x73,0x0,
0x74,0x0,0x61,0x0,0x79,0x0,0x20,0x0,
0x69,0x0,0x6e,0x0,0x20,0x0,0x74,0x0,
0x68,0x0,0x65,0x0,0x20,0x0,0x61,0x0,
0x72,0x0,0x63,0x0,0x68,0x0,0x69,0x0,
0x76,0x0,0x65,0x0,0x20,0x0,0x75,0x0,
0x6e,0x0,0x74,0x0,0x6f,0x0,0x75,0x0,
0x63,0x0,0x68,0x0,0x65,0x0,0x64,0x0,
0x3b,0x0,0x20,0x0,0x70,0x0,0x72,0x0,
0x6f,0x0,0x78,0x0,0x69,0x0,0x65,0x0,
0x73,0x0,0x20,0x0,0x61,0x0,0x72,0x0,
0x65,0x0,0x20,0x0,0x62,0x0,0x75,0x0,
0x69,0x0,0x6c,0x0,0x74,0x0,0x20,0x0,
0x69,0x0,0x6e,0x0,0x74,0x0,0x6f,0x0,
0x20,0x0,0x74,0x0,0x68,0x0,0x65,0x0,
0x20,0x0,0x63,0x0,0x61,0x0,0x70,0x0,
0x74,0x0,0x75,0x0,0x72,0x0,0x65,0x0,
0x20,0x0,0x66,0x0,0x6f,0x0,0x6c,0x0,
0x64,0x0,0x65,0x0,0x72,0x0,0x2e,0x0,
0x20,0x0,0x41,0x0,0x6c,0x0,0x72,0x0,
0x65,0x0,0x61,0x0,0x64,0x0,0x79,0x0,
0x2d,0x0,0x69,0x0,0x6d,0x0,0x70,0x0,
0x6f,0x0,0x72,0x0,0x74,0x0,0x65,0x0,
0x64,0x0,0x20,0x0,0x66,0x0,0x69,0x0,
0x6c,0x0,0x65,0x0,0x73,0x0,0x20,0x0,
0x61,0x0,0x72,0x0,0x65,0x0,0x20,0x0,
0x73,0x0,0x6b,0x0,0x69,0x0,0x70,0x0,
0x70,0x0,0x65,0x0,0x64,0x0,0x2e,0x0,
0x0,0x0,0x0,0x0,0x0,0x0,0x0,0x0,
0x6,0x0,0x0,0x0,0x42,0x0,0x75,0x0,
0x74,0x0,0x74,0x0,0x6f,0x0,0x6e,0x0,
0x0,0x0,0x0,0x0,0x0,0x0,0x0,0x0,
0x6,0x0,0x0,0x0,0x43,0x0,0x61,0x0,
0x6e,0x0,0x63,0x0,0x65,0x0,0x6c,0x0,
0x0,0x0,0x0,0x0,0x0,0x0,0x0,0x0,
0x4,0x0,0x0,0x0,0x66,0x0,0x6c,0x0,
0x61,0x0,0x74,0x0,0x0,0x0,0x0,0x0,
0xa,0x0,0x0,0x0,0x49,0x0,0x6d,0x0,
0x70,0x0,0x6f,0x0,0x72,0x0,0x74,0x0,
0x20,0x0,0x61,0x0,0x6c,0x0,0x6c,0x0,
0x0,0x0,0x0,0x0,0x0,0x0,0x0,0x0,
0x7,0x0,0x0,0x0,0x70,0x0,0x61,0x0,
0x6c,0x0,0x65,0x0,0x74,0x0,0x74,0x0,
0x65,0x0,0x0,0x0,0x0,0x0,0x0,0x0,
0xa,0x0,0x0,0x0,0x62,0x0,0x75,0x0,
0x74,0x0,0x74,0x0,0x6f,0x0,0x6e,0x0,
0x54,0x0,0x65,0x0,0x78,0x0,0x74,0x0,
0x0,0x0,0x0,0x0,0x0,0x0,0x0,0x0,
0x19,0x0,0x0,0x0,0x65,0x0,0x78,0x0,
0x70,0x0,0x72,0x0,0x65,0x0,0x73,0x0,
0x73,0x0,0x69,0x0,0x6f,0x0,0x6e,0x0,
0x20,0x0,0x66,0x0,0x6f,0x0,0x72,0x0,
0x20,0x0,0x62,0x0,0x75,0x0,0x74,0x0,
0x74,0x0,0x6f,0x0,0x6e,0x0,0x54,0x0,
0x65,0x0,0x78,0x0,0x74,0x0,0x0,0x0,
0xa,0x0,0x0,0x0,0x63,0x0,0x6f,0x0,
0x6e,0x0,0x66,0x0,0x69,0x0,0x72,0x0,
0x6d,0x0,0x43,0x0,0x6f,0x0,0x6c,0x0,
0x0,0x0,0x0,0x0,0x0,0x0,0x0,0x0,
0x6,0x0,0x0,0x0,0x73,0x0,0x70,0x0,
0x6c,0x0,0x61,0x0,0x73,0x0,0x68,0x0,
0x0,0x0,0x0,0x0,0x0,0x0,0x0,0x0,
0x32,0x0,0x0,0x0,0x71,0x0,0x72,0x0,
0x63,0x0,0x3a,0x0,0x2f,0x0,0x71,0x0,
0x74,0x0,0x2f,0x0,0x71,0x0,0x6d,0x0,
0x6c,0x0,0x2f,0x0,0x58,0x0,0x79,0x0,
0x6c,0x0,0x6f,0x0,0x73,0x0,0x6f,0x0,
0x6d,0x0,0x65,0x0,0x53,0x0,0x75,0x0,
0x69,0x0,0x74,0x0,0x65,0x0,0x2f,0x0,
0x61,0x0,0x73,0x0,0x73,0x0,0x65,0x0,
0x74,0x0,0x73,0x0,0x2f,0x0,0x68,0x0,
0x6d,0x0,0x5f,0x0,0x6c,0x0,0x6f,0x0,
0x67,0x0,0x6f,0x0,0x5f,0x0,0x62,0x0,
0x6c,0x0,0x61,0x0,0x63,0x0,0x6b,0x0,
0x2e,0x0,0x73,0x0,0x76,0x0,0x67,0x0,
0x0,0x0,0x0,0x0,0x0,0x0,0x0,0x0,
0x8,0x0,0x0,0x0,0x42,0x0,0x65,0x0,
0x68,0x0,0x61,0x0,0x76,0x0,0x69,0x0,
0x6f,0x0,0x72,0x0,0x0,0x0,0x0,0x0,
0x17,0x0,0x0,0x0,0x65,0x0,0x78,0x0,
0x70,0x0,0x72,0x0,0x65,0x0,0x73,0x0,
0x73,0x0,0x69,0x0,0x6f,0x0,0x6e,0x0,
0x20,0x0,0x66,0x0,0x6f,0x0,0x72,0x0,
0x20,0x0,0x64,0x0,0x75,0x0,0x72,0x0,
0x61,0x0,0x74,0x0,0x69,0x0,0x6f,0x0,
0x6e,0x0,0x0,0x0,0x0,0x0,0x0,0x0,
0x6,0x0,0x0,0x0,0x65,0x0,0x61,0x0,
0x73,0x0,0x69,0x0,0x6e,0x0,0x67,0x0,
0x0,0x0,0x0,0x0,0x0,0x0,0x0,0x0,
0x4,0x0,0x0,0x0,0x74,0x0,0x79,0x0,
0x70,0x0,0x65,0x0,0x0,0x0,0x0,0x0,
0x13,0x0,0x0,0x0,0x65,0x0,0x78,0x0,
0x70,0x0,0x72,0x0,0x65,0x0,0x73,0x0,
0x73,0x0,0x69,0x0,0x6f,0x0,0x6e,0x0,
0x20,0x0,0x66,0x0,0x6f,0x0,0x72,0x0,
0x20,0x0,0x74,0x0,0x79,0x0,0x70,0x0,
0x65,0x0,0x0,0x0,0x0,0x0,0x0,0x0,
0x10,0x0,0x0,0x0,0x6f,0x0,0x6e,0x0,
0x4f,0x0,0x70,0x0,0x61,0x0,0x63,0x0,
0x69,0x0,0x74,0x0,0x79,0x0,0x43,0x0,
0x68,0x0,0x61,0x0,0x6e,0x0,0x67,0x0,
0x65,0x0,0x64,0x0,0x0,0x0,0x0,0x0,
0x1f,0x0,0x0,0x0,0x65,0x0,0x78,0x0,
0x70,0x0,0x72,0x0,0x65,0x0,0x73,0x0,
0x73,0x0,0x69,0x0,0x6f,0x0,0x6e,0x0,
0x20,0x0,0x66,0x0,0x6f,0x0,0x72,0x0,
0x20,0x0,0x6f,0x0,0x6e,0x0,0x4f,0x0,
0x70,0x0,0x61,0x0,0x63,0x0,0x69,0x0,
0x74,0x0,0x79,0x0,0x43,0x0,0x68,0x0,
0x61,0x0,0x6e,0x0,0x67,0x0,0x65,0x0,
0x64,0x0,0x0,0x0,0x0,0x0,0x0,0x0,
0x1,0x0,0x0,0x0,0x52,0x0,0x0,0x0,
0x1,0x0,0x0,0x0,0x47,0x0,0x0,0x0,
0x1,0x0,0x0,0x0,0x42,0x0,0x0,0x0,
0x1,0x0,0x0,0x0,0x43,0x0,0x0,0x0,
0x1,0x0,0x0,0x0,0x5,0x26,0x0,0x0,
0x6,0x0,0x0,0x0,0x72,0x0,0x65,0x0,
0x70,0x0,0x65,0x0,0x61,0x0,0x74,0x0,
0x0,0x0,0x0,0x0,0x0,0x0,0x0,0x0,
0x8,0x0,0x0,0x0,0x74,0x0,0x6f,0x0,
0x53,0x0,0x74,0x0,0x72,0x0,0x69,0x0,
0x6e,0x0,0x67,0x0,0x0,0x0,0x0,0x0,
0x12,0x0,0x0,0x0,0x64,0x0,0x65,0x0,
0x63,0x0,0x6f,0x0,0x64,0x0,0x65,0x0,
0x55,0x0,0x52,0x0,0x49,0x0,0x43,0x0,
0x6f,0x0,0x6d,0x0,0x70,0x0,0x6f,0x0,
0x6e,0x0,0x65,0x0,0x6e,0x0,0x74,0x0,
0x0,0x0,0x0,0x0,0x0,0x0,0x0,0x0,
0x7,0x0,0x0,0x0,0x72,0x0,0x65,0x0,
0x70,0x0,0x6c,0x0,0x61,0x0,0x63,0x0,
0x65,0x0,0x0,0x0,0x0,0x0,0x0,0x0,
0xa,0x0,0x0,0x0,0x5e,0x0,0x66,0x0,
0x69,0x0,0x6c,0x0,0x65,0x0,0x3a,0x0,
0x5c,0x0,0x2f,0x0,0x5c,0x0,0x2f,0x0,
0x0,0x0,0x0,0x0,0x0,0x0,0x0,0x0,
0xc,0x0,0x0,0x0,0x5e,0x0,0x5c,0x0,
0x2f,0x0,0x5b,0x0,0x41,0x0,0x2d,0x0,
0x5a,0x0,0x61,0x0,0x2d,0x0,0x7a,0x0,
0x5d,0x0,0x3a,0x0,0x0,0x0,0x0,0x0,
0x4,0x0,0x0,0x0,0x74,0x0,0x65,0x0,
0x73,0x0,0x74,0x0,0x0,0x0,0x0,0x0,
0x5,0x0,0x0,0x0,0x73,0x0,0x6c,0x0,
0x69,0x0,0x63,0x0,0x65,0x0,0x0,0x0,
0xb,0x0,0x0,0x0,0x61,0x0,0x63,0x0,
0x74,0x0,0x69,0x0,0x76,0x0,0x65,0x0,
0x46,0x0,0x6f,0x0,0x63,0x0,0x75,0x0,
0x73,0x0,0x0,0x0,0x0,0x0,0x0,0x0,
0x7,0x0,0x0,0x0,0x74,0x0,0x6f,0x0,
0x46,0x0,0x69,0x0,0x78,0x0,0x65,0x0,
0x64,0x0,0x0,0x0,0x0,0x0,0x0,0x0,
0x3,0x0,0x0,0x0,0x20,0x0,0x47,0x0,
0x42,0x0,0x0,0x0,0x0,0x0,0x0,0x0,
0x4,0x0,0x0,0x0,0x4d,0x0,0x61,0x0,
0x74,0x0,0x68,0x0,0x0,0x0,0x0,0x0,
0x5,0x0,0x0,0x0,0x72,0x0,0x6f,0x0,
0x75,0x0,0x6e,0x0,0x64,0x0,0x0,0x0,
0x3,0x0,0x0,0x0,0x20,0x0,0x4d,0x0,
0x42,0x0,0x0,0x0,0x0,0x0,0x0,0x0,
0xb,0x0,0x0,0x0,0x63,0x0,0x75,0x0,
0x72,0x0,0x72,0x0,0x65,0x0,0x6e,0x0,
0x74,0x0,0x49,0x0,0x74,0x0,0x65,0x0,
0x6d,0x0,0x0,0x0,0x0,0x0,0x0,0x0,
0x6,0x0,0x0,0x0,0x6c,0x0,0x65,0x0,
0x6e,0x0,0x67,0x0,0x74,0x0,0x68,0x0,
0x0,0x0,0x0,0x0,0x0,0x0,0x0,0x0,
0x8,0x0,0x0,0x0,0x53,0x0,0x65,0x0,
0x73,0x0,0x73,0x0,0x69,0x0,0x6f,0x0,
0x6e,0x0,0x73,0x0,0x0,0x0,0x0,0x0,
0xa,0x0,0x0,0x0,0x63,0x0,0x61,0x0,
0x70,0x0,0x74,0x0,0x75,0x0,0x72,0x0,
0x65,0x0,0x44,0x0,0x69,0x0,0x72,0x0,
0x0,0x0,0x0,0x0,0x0,0x0,0x0,0x0,
0xe,0x0,0x0,0x0,0x73,0x0,0x65,0x0,
0x6c,0x0,0x65,0x0,0x63,0x0,0x74,0x0,
0x65,0x0,0x64,0x0,0x46,0x0,0x6f,0x0,
0x6c,0x0,0x64,0x0,0x65,0x0,0x72,0x0,
0x0,0x0,0x0,0x0,0x0,0x0,0x0,0x0,
0xb,0x0,0x0,0x0,0x73,0x0,0x63,0x0,
0x61,0x0,0x6e,0x0,0x41,0x0,0x72,0x0,
0x63,0x0,0x68,0x0,0x69,0x0,0x76,0x0,
0x65,0x0,0x0,0x0,0x0,0x0,0x0,0x0,
0x1,0x0,0x0,0x0,0x31,0x0,0x0,0x0,
0x9,0x0,0x0,0x0,0x73,0x0,0x65,0x0,
0x74,0x0,0x52,0x0,0x61,0x0,0x74,0x0,
0x69,0x0,0x6e,0x0,0x67,0x0,0x0,0x0,
0xc,0x0,0x0,0x0,0x63,0x0,0x75,0x0,
0x72,0x0,0x72,0x0,0x65,0x0,0x6e,0x0,
0x74,0x0,0x49,0x0,0x6e,0x0,0x64,0x0,
0x65,0x0,0x78,0x0,0x0,0x0,0x0,0x0,
0x1,0x0,0x0,0x0,0x32,0x0,0x0,0x0,
0x1,0x0,0x0,0x0,0x33,0x0,0x0,0x0,
0x1,0x0,0x0,0x0,0x34,0x0,0x0,0x0,
0x1,0x0,0x0,0x0,0x35,0x0,0x0,0x0,
0x1,0x0,0x0,0x0,0x30,0x0,0x0,0x0,
0x1,0x0,0x0,0x0,0x58,0x0,0x0,0x0,
0xb,0x0,0x0,0x0,0x73,0x0,0x65,0x0,
0x74,0x0,0x52,0x0,0x65,0x0,0x6a,0x0,
0x65,0x0,0x63,0x0,0x74,0x0,0x65,0x0,
0x64,0x0,0x0,0x0,0x0,0x0,0x0,0x0,
0xb,0x0,0x0,0x0,0x53,0x0,0x74,0x0,
0x61,0x0,0x6e,0x0,0x64,0x0,0x61,0x0,
0x72,0x0,0x64,0x0,0x4b,0x0,0x65,0x0,
0x79,0x0,0x0,0x0,0x0,0x0,0x0,0x0,
0x12,0x0,0x0,0x0,0x4d,0x0,0x6f,0x0,
0x76,0x0,0x65,0x0,0x54,0x0,0x6f,0x0,
0x50,0x0,0x72,0x0,0x65,0x0,0x76,0x0,
0x69,0x0,0x6f,0x0,0x75,0x0,0x73,0x0,
0x43,0x0,0x68,0x0,0x61,0x0,0x72,0x0,
0x0,0x0,0x0,0x0,0x0,0x0,0x0,0x0,
0x15,0x0,0x0,0x0,0x64,0x0,0x65,0x0,
0x63,0x0,0x72,0x0,0x65,0x0,0x6d,0x0,
0x65,0x0,0x6e,0x0,0x74,0x0,0x43,0x0,
0x75,0x0,0x72,0x0,0x72,0x0,0x65,0x0,
0x6e,0x0,0x74,0x0,0x49,0x0,0x6e,0x0,
0x64,0x0,0x65,0x0,0x78,0x0,0x0,0x0,
0xe,0x0,0x0,0x0,0x4d,0x0,0x6f,0x0,
0x76,0x0,0x65,0x0,0x54,0x0,0x6f,0x0,
0x4e,0x0,0x65,0x0,0x78,0x0,0x74,0x0,
0x43,0x0,0x68,0x0,0x61,0x0,0x72,0x0,
0x0,0x0,0x0,0x0,0x0,0x0,0x0,0x0,
0x15,0x0,0x0,0x0,0x69,0x0,0x6e,0x0,
0x63,0x0,0x72,0x0,0x65,0x0,0x6d,0x0,
0x65,0x0,0x6e,0x0,0x74,0x0,0x43,0x0,
0x75,0x0,0x72,0x0,0x72,0x0,0x65,0x0,
0x6e,0x0,0x74,0x0,0x49,0x0,0x6e,0x0,
0x64,0x0,0x65,0x0,0x78,0x0,0x0,0x0,
0x1,0x0,0x0,0x0,0x41,0x0,0x0,0x0,
0x1,0x0,0x0,0x0,0x5a,0x0,0x0,0x0,
0x9,0x0,0x0,0x0,0x74,0x0,0x6f,0x0,
0x67,0x0,0x67,0x0,0x6c,0x0,0x65,0x0,
0x46,0x0,0x69,0x0,0x74,0x0,0x0,0x0,
0x1,0x0,0x0,0x0,0x4e,0x0,0x0,0x0,
0x1,0x0,0x0,0x0,0x4c,0x0,0x0,0x0,
0x1,0x0,0x0,0x0,0x54,0x0,0x0,0x0,
0x6,0x0,0x0,0x0,0x45,0x0,0x73,0x0,
0x63,0x0,0x61,0x0,0x70,0x0,0x65,0x0,
0x0,0x0,0x0,0x0,0x0,0x0,0x0,0x0,
0x1,0x0,0x0,0x0,0x4d,0x0,0x0,0x0,
0x1,0x0,0x0,0x0,0x57,0x0,0x0,0x0,
0xc,0x0,0x0,0x0,0x73,0x0,0x65,0x0,
0x74,0x0,0x4d,0x0,0x65,0x0,0x74,0x0,
0x61,0x0,0x57,0x0,0x68,0x0,0x69,0x0,
0x74,0x0,0x65,0x0,0x0,0x0,0x0,0x0,
0x23,0x0,0x0,0x0,0x25,0x0,0x31,0x0,
0x20,0x0,0x72,0x0,0x65,0x0,0x63,0x0,
0x6c,0x0,0x61,0x0,0x69,0x0,0x6d,0x0,
0x65,0x0,0x64,0x0,0x20,0x0,0xb7,0x0,
0x20,0x0,0x25,0x0,0x32,0x0,0x20,0x0,
0x73,0x0,0x65,0x0,0x73,0x0,0x73,0x0,
0x69,0x0,0x6f,0x0,0x6e,0x0,0x25,0x0,
0x33,0x0,0x20,0x0,0x64,0x0,0x65,0x0,
0x6c,0x0,0x65,0x0,0x74,0x0,0x65,0x0,
0x64,0x0,0x0,0x0,0x0,0x0,0x0,0x0,
0x4,0x0,0x0,0x0,0x71,0x0,0x73,0x0,
0x54,0x0,0x72,0x0,0x0,0x0,0x0,0x0,
0x3,0x0,0x0,0x0,0x61,0x0,0x72,0x0,
0x67,0x0,0x0,0x0,0x0,0x0,0x0,0x0,
0x1,0x0,0x0,0x0,0x73,0x0,0x0,0x0,
0x7,0x0,0x0,0x0,0x72,0x0,0x65,0x0,
0x73,0x0,0x74,0x0,0x61,0x0,0x72,0x0,
0x74,0x0,0x0,0x0,0x0,0x0,0x0,0x0,
0x4,0x0,0x0,0x0,0x6f,0x0,0x70,0x0,
0x65,0x0,0x6e,0x0,0x0,0x0,0x0,0x0,
0x1f,0x0,0x0,0x0,0x45,0x0,0x6d,0x0,
0x70,0x0,0x74,0x0,0x79,0x0,0x20,0x0,
0x71,0x0,0x75,0x0,0x61,0x0,0x72,0x0,
0x61,0x0,0x6e,0x0,0x74,0x0,0x69,0x0,
0x6e,0x0,0x65,0x0,0x26,0x20,0x20,0x0,
0x28,0x0,0x25,0x0,0x31,0x0,0x20,0x0,
0x72,0x0,0x65,0x0,0x6a,0x0,0x65,0x0,
0x63,0x0,0x74,0x0,0x65,0x0,0x64,0x0,
0x29,0x0,0x0,0x0,0x0,0x0,0x0,0x0,
0xd,0x0,0x0,0x0,0x72,0x0,0x65,0x0,
0x6a,0x0,0x65,0x0,0x63,0x0,0x74,0x0,
0x65,0x0,0x64,0x0,0x43,0x0,0x6f,0x0,
0x75,0x0,0x6e,0x0,0x74,0x0,0x0,0x0,
0x2,0x0,0x0,0x0,0x51,0x0,0x74,0x0,
0x0,0x0,0x0,0x0,0x0,0x0,0x0,0x0,
0x4,0x0,0x0,0x0,0x71,0x0,0x75,0x0,
0x69,0x0,0x74,0x0,0x0,0x0,0x0,0x0,
0x4,0x0,0x0,0x0,0x6c,0x0,0x69,0x0,
0x76,0x0,0x65,0x0,0x0,0x0,0x0,0x0,
0x6,0x0,0x0,0x0,0x70,0x0,0x61,0x0,
0x72,0x0,0x65,0x0,0x6e,0x0,0x74,0x0,
0x0,0x0,0x0,0x0,0x0,0x0,0x0,0x0,
0x6,0x0,0x0,0x0,0x66,0x0,0x72,0x0,
0x65,0x0,0x65,0x0,0x47,0x0,0x42,0x0,
0x0,0x0,0x0,0x0,0x0,0x0,0x0,0x0,
0x11,0x0,0x0,0x0,0x73,0x0,0x65,0x0,
0x73,0x0,0x73,0x0,0x69,0x0,0x6f,0x0,
0x6e,0x0,0x73,0x0,0x52,0x0,0x65,0x0,
0x6d,0x0,0x61,0x0,0x69,0x0,0x6e,0x0,
0x69,0x0,0x6e,0x0,0x67,0x0,0x0,0x0,
0x19,0x0,0x0,0x0,0x64,0x0,0x69,0x0,
0x73,0x0,0x6b,0x0,0x20,0x0,0x25,0x0,
0x31,0x0,0x20,0x0,0x47,0x0,0x42,0x0,
0x20,0x0,0xb7,0x0,0x20,0x0,0x7e,0x0,
0x25,0x0,0x32,0x0,0x20,0x0,0x73,0x0,
0x65,0x0,0x73,0x0,0x73,0x0,0x69,0x0,
0x6f,0x0,0x6e,0x0,0x73,0x0,0x0,0x0,
0xa,0x0,0x0,0x0,0x64,0x0,0x69,0x0,
0x73,0x0,0x6b,0x0,0x20,0x0,0x25,0x0,
0x31,0x0,0x20,0x0,0x47,0x0,0x42,0x0,
0x0,0x0,0x0,0x0,0x0,0x0,0x0,0x0,
0x11,0x0,0x0,0x0,0x6e,0x0,0x6f,0x0,
0x20,0x0,0x63,0x0,0x61,0x0,0x70,0x0,
0x74,0x0,0x75,0x0,0x72,0x0,0x65,0x0,
0x20,0x0,0x66,0x0,0x6f,0x0,0x6c,0x0,
0x64,0x0,0x65,0x0,0x72,0x0,0x0,0x0,
0x5,0x0,0x0,0x0,0x73,0x0,0x70,0x0,
0x6c,0x0,0x69,0x0,0x74,0x0,0x0,0x0,
0x1,0x0,0x0,0x0,0x2f,0x0,0x0,0x0,
0x3,0x0,0x0,0x0,0x70,0x0,0x6f,0x0,
0x70,0x0,0x0,0x0,0x0,0x0,0x0,0x0,
0xd,0x0,0x0,0x0,0x75,0x0,0x6e,0x0,
0x70,0x0,0x61,0x0,0x69,0x0,0x72,0x0,
0x65,0x0,0x64,0x0,0x46,0x0,0x69,0x0,
0x6c,0x0,0x65,0x0,0x73,0x0,0x0,0x0,
0xe,0x0,0x0,0x0,0x20,0x0,0xb7,0x0,
0x20,0x0,0x25,0x0,0x31,0x0,0x20,0x0,
0x75,0x0,0x6e,0x0,0x70,0x0,0x61,0x0,
0x69,0x0,0x72,0x0,0x65,0x0,0x64,0x0,
0x0,0x0,0x0,0x0,0x0,0x0,0x0,0x0,
0x5,0x0,0x0,0x0,0x58,0x0,0x79,0x0,
0x6c,0x0,0x6f,0x0,0x64,0x0,0x0,0x0,
0x9,0x0,0x0,0x0,0x63,0x0,0x6f,0x0,
0x6e,0x0,0x6e,0x0,0x65,0x0,0x63,0x0,
0x74,0x0,0x65,0x0,0x64,0x0,0x0,0x0,
0x3,0x0,0x0,0x0,0x73,0x0,0x69,0x0,
0x6d,0x0,0x0,0x0,0x0,0x0,0x0,0x0,
0xb,0x0,0x0,0x0,0x78,0x0,0x79,0x0,
0x6c,0x0,0x6f,0x0,0x64,0x0,0x20,0x0,
0xb7,0x0,0x20,0x0,0x73,0x0,0x69,0x0,
0x6d,0x0,0x0,0x0,0x0,0x0,0x0,0x0,
0xa,0x0,0x0,0x0,0x78,0x0,0x79,0x0,
0x6c,0x0,0x6f,0x0,0x64,0x0,0x20,0x0,
0xb7,0x0,0x20,0x0,0x25,0x0,0x31,0x0,
0x0,0x0,0x0,0x0,0x0,0x0,0x0,0x0,
0x4,0x0,0x0,0x0,0x68,0x0,0x6f,0x0,
0x73,0x0,0x74,0x0,0x0,0x0,0x0,0x0,
0xf,0x0,0x0,0x0,0x78,0x0,0x79,0x0,
0x6c,0x0,0x6f,0x0,0x64,0x0,0x20,0x0,
0xb7,0x0,0x20,0x0,0x6f,0x0,0x66,0x0,
0x66,0x0,0x6c,0x0,0x69,0x0,0x6e,0x0,
0x65,0x0,0x0,0x0,0x0,0x0,0x0,0x0,
0xd,0x0,0x0,0x0,0x63,0x0,0x6f,0x0,
0x6e,0x0,0x74,0x0,0x61,0x0,0x69,0x0,
0x6e,0x0,0x73,0x0,0x4d,0x0,0x6f,0x0,
0x75,0x0,0x73,0x0,0x65,0x0,0x0,0x0,
0x12,0x0,0x0,0x0,0x50,0x0,0x6f,0x0,
0x69,0x0,0x6e,0x0,0x74,0x0,0x69,0x0,
0x6e,0x0,0x67,0x0,0x48,0x0,0x61,0x0,
0x6e,0x0,0x64,0x0,0x43,0x0,0x75,0x0,
0x72,0x0,0x73,0x0,0x6f,0x0,0x72,0x0,
0x0,0x0,0x0,0x0,0x0,0x0,0x0,0x0,
0x4,0x0,0x0,0x0,0x4c,0x0,0x69,0x0,
0x76,0x0,0x65,0x0,0x0,0x0,0x0,0x0,
0x7,0x0,0x0,0x0,0x23,0x0,0x46,0x0,
0x32,0x0,0x46,0x0,0x32,0x0,0x46,0x0,
0x32,0x0,0x0,0x0,0x0,0x0,0x0,0x0,
0x9,0x0,0x0,0x0,0x41,0x0,0x6e,0x0,
0x69,0x0,0x6d,0x0,0x61,0x0,0x74,0x0,
0x69,0x0,0x6f,0x0,0x6e,0x0,0x0,0x0,
0x8,0x0,0x0,0x0,0x49,0x0,0x6e,0x0,
0x66,0x0,0x69,0x0,0x6e,0x0,0x69,0x0,
0x74,0x0,0x65,0x0,0x0,0x0,0x0,0x0,
0xb,0x0,0x0,0x0,0x4c,0x0,0x49,0x0,
0x56,0x0,0x45,0x0,0x20,0x0,0x14,0x20,
0x20,0x0,0x53,0x0,0x54,0x0,0x4f,0x0,
0x50,0x0,0x0,0x0,0x0,0x0,0x0,0x0,
0x4,0x0,0x0,0x0,0x4c,0x0,0x49,0x0,
0x56,0x0,0x45,0x0,0x0,0x0,0x0,0x0,
0x4,0x0,0x0,0x0,0x73,0x0,0x74,0x0,
0x6f,0x0,0x70,0x0,0x0,0x0,0x0,0x0,
0x5,0x0,0x0,0x0,0x73,0x0,0x74,0x0,
0x61,0x0,0x72,0x0,0x74,0x0,0x0,0x0,
0xa,0x0,0x0,0x0,0x66,0x0,0x69,0x0,
0x6c,0x0,0x74,0x0,0x65,0x0,0x72,0x0,
0x4e,0x0,0x61,0x0,0x6d,0x0,0x65,0x0,
0x0,0x0,0x0,0x0,0x0,0x0,0x0,0x0,
0x5,0x0,0x0,0x0,0x73,0x0,0x74,0x0,
0x61,0x0,0x74,0x0,0x65,0x0,0x0,0x0,
0x6,0x0,0x0,0x0,0x70,0x0,0x61,0x0,
0x75,0x0,0x73,0x0,0x65,0x0,0x64,0x0,
0x0,0x0,0x0,0x0,0x0,0x0,0x0,0x0,
0x14,0x0,0x0,0x0,0x73,0x0,0x63,0x0,
0x61,0x0,0x6e,0x0,0x6e,0x0,0x69,0x0,
0x6e,0x0,0x67,0x0,0x20,0x0,0xb7,0x0,
0x20,0x0,0x70,0x0,0x61,0x0,0x73,0x0,
0x73,0x0,0x20,0x0,0x25,0x0,0x31,0x0,
0x2f,0x0,0x34,0x0,0x0,0x0,0x0,0x0,
0x9,0x0,0x0,0x0,0x70,0x0,0x61,0x0,
0x73,0x0,0x73,0x0,0x49,0x0,0x6e,0x0,
0x64,0x0,0x65,0x0,0x78,0x0,0x0,0x0,
0x8,0x0,0x0,0x0,0x70,0x0,0x72,0x0,
0x6f,0x0,0x67,0x0,0x72,0x0,0x65,0x0,
0x73,0x0,0x73,0x0,0x0,0x0,0x0,0x0,
0x9,0x0,0x0,0x0,0x25,0x0,0x31,0x0,
0x25,0x0,0x20,0x0,0xb7,0x0,0x20,0x0,
0x25,0x0,0x32,0x0,0xb0,0x0,0x0,0x0,
0xb,0x0,0x0,0x0,0x70,0x0,0x6f,0x0,
0x73,0x0,0x69,0x0,0x74,0x0,0x69,0x0,
0x6f,0x0,0x6e,0x0,0x44,0x0,0x65,0x0,
0x67,0x0,0x0,0x0,0x0,0x0,0x0,0x0,
0x9,0x0,0x0,0x0,0x66,0x0,0x61,0x0,
0x75,0x0,0x6c,0x0,0x74,0x0,0x54,0x0,
0x65,0x0,0x78,0x0,0x74,0x0,0x0,0x0,
0x7,0x0,0x0,0x0,0x65,0x0,0x73,0x0,
0x74,0x0,0x6f,0x0,0x70,0x0,0x4f,0x0,
0x6b,0x0,0x0,0x0,0x0,0x0,0x0,0x0,
0x6,0x0,0x0,0x0,0x45,0x0,0x2d,0x0,
0x53,0x0,0x54,0x0,0x4f,0x0,0x50,0x0,
0x0,0x0,0x0,0x0,0x0,0x0,0x0,0x0,
0x1,0x0,0x0,0x0,0x77,0x0,0x0,0x0,
0x1,0x0,0x0,0x0,0x68,0x0,0x0,0x0,
0x10,0x0,0x0,0x0,0x73,0x0,0x65,0x0,
0x74,0x0,0x4d,0x0,0x65,0x0,0x74,0x0,
0x61,0x0,0x50,0x0,0x6c,0x0,0x61,0x0,
0x63,0x0,0x65,0x0,0x6d,0x0,0x65,0x0,
0x6e,0x0,0x74,0x0,0x0,0x0,0x0,0x0,
0x7,0x0,0x0,0x0,0x6d,0x0,0x65,0x0,
0x74,0x0,0x61,0x0,0x20,0x0,0x6f,0x0,
0x6e,0x0,0x0,0x0,0x0,0x0,0x0,0x0,
0x8,0x0,0x0,0x0,0x6d,0x0,0x65,0x0,
0x74,0x0,0x61,0x0,0x20,0x0,0x6f,0x0,
0x66,0x0,0x66,0x0,0x0,0x0,0x0,0x0,
0x5,0x0,0x0,0x0,0x77,0x0,0x68,0x0,
0x69,0x0,0x74,0x0,0x65,0x0,0x0,0x0,
0x5,0x0,0x0,0x0,0x62,0x0,0x6c,0x0,
0x61,0x0,0x63,0x0,0x6b,0x0,0x0,0x0,
0x5,0x0,0x0,0x0,0x61,0x0,0x74,0x0,
0x46,0x0,0x69,0x0,0x74,0x0,0x0,0x0,
0x3,0x0,0x0,0x0,0x66,0x0,0x69,0x0,
0x74,0x0,0x0,0x0,0x0,0x0,0x0,0x0,
0x4,0x0,0x0,0x0,0x7a,0x0,0x6f,0x0,
0x6f,0x0,0x6d,0x0,0x0,0x0,0x0,0x0,
0x2,0x0,0x0,0x0,0x20,0x0,0x25,0x0,
0x0,0x0,0x0,0x0,0x0,0x0,0x0,0x0,
0x7,0x0,0x0,0x0,0x20,0x0,0x20,0x0,
0x92,0x21,0x20,0x0,0x31,0x0,0x3a,0x0,
0x31,0x0,0x0,0x0,0x0,0x0,0x0,0x0,
0x7,0x0,0x0,0x0,0x20,0x0,0x20,0x0,
0x92,0x21,0x20,0x0,0x66,0x0,0x69,0x0,
0x74,0x0,0x0,0x0,0x0,0x0,0x0,0x0,
0x4,0x0,0x0,0x0,0x73,0x0,0x6f,0x0,
0x6c,0x0,0x6f,0x0,0x0,0x0,0x0,0x0,
0x8,0x0,0x0,0x0,0x73,0x0,0x65,0x0,
0x73,0x0,0x73,0x0,0x69,0x0,0x6f,0x0,
0x6e,0x0,0x20,0x0,0x0,0x0,0x0,0x0,
0x11,0x0,0x0,0x0,0x25,0x0,0x31,0x0,
0x20,0x0,0x14,0x20,0x20,0x0,0x6e,0x0,
0x6f,0x0,0x20,0x0,0x69,0x0,0x6d,0x0,
0x61,0x0,0x67,0x0,0x65,0x0,0x20,0x0,
0x79,0x0,0x65,0x0,0x74,0x0,0x0,0x0,
0xb,0x0,0x0,0x0,0x20,0x0,0xb7,0x0,
0x20,0x0,0x72,0x0,0x65,0x0,0x6a,0x0,
0x65,0x0,0x63,0x0,0x74,0x0,0x65,0x0,
0x64,0x0,0x0,0x0,0x0,0x0,0x0,0x0,
0x7,0x0,0x0,0x0,0x70,0x0,0x61,0x0,
0x72,0x0,0x74,0x0,0x69,0x0,0x61,0x0,
0x6c,0x0,0x0,0x0,0x0,0x0,0x0,0x0,
0x5,0x0,0x0,0x0,0x63,0x0,0x6f,0x0,
0x75,0x0,0x6e,0x0,0x74,0x0,0x0,0x0,
0x1b,0x0,0x0,0x0,0x46,0x0,0x69,0x0,
0x6c,0x0,0x65,0x0,0x20,0x0,0x92,0x21,
0x20,0x0,0x4f,0x0,0x70,0x0,0x65,0x0,
0x6e,0x0,0x20,0x0,0x63,0x0,0x61,0x0,
0x70,0x0,0x74,0x0,0x75,0x0,0x72,0x0,
0x65,0x0,0x20,0x0,0x66,0x0,0x6f,0x0,
0x6c,0x0,0x64,0x0,0x65,0x0,0x72,0x0,
0x26,0x20,0x0,0x0,0x0,0x0,0x0,0x0,
0xf,0x0,0x0,0x0,0x6e,0x0,0x6f,0x0,
0x20,0x0,0x73,0x0,0x65,0x0,0x73,0x0,
0x73,0x0,0x69,0x0,0x6f,0x0,0x6e,0x0,
0x73,0x0,0x20,0x0,0x79,0x0,0x65,0x0,
0x74,0x0,0x0,0x0,0x0,0x0,0x0,0x0,
0x2,0x0,0x0,0x0,0x20,0x0,0x73,0x0,
0x0,0x0,0x0,0x0,0x0,0x0,0x0,0x0,
0x1,0x0,0x0,0x0,0x26,0x20,0x0,0x0,
0x2,0x0,0x0,0x0,0x20,0x0,0xcb,0x25,
0x0,0x0,0x0,0x0,0x0,0x0,0x0,0x0,
0xe,0x0,0x0,0x0,0x63,0x0,0x6c,0x0,
0x69,0x0,0x70,0x0,0x20,0x0,0xbc,0x25,
0x25,0x0,0x31,0x0,0x25,0x0,0x20,0x0,
0xb2,0x25,0x25,0x0,0x32,0x0,0x25,0x0,
0x0,0x0,0x0,0x0,0x0,0x0,0x0,0x0,
0x1,0x0,0x0,0x0,0x6,0x26,0x0,0x0,
0x10,0x0,0x0,0x0,0x66,0x0,0x6f,0x0,
0x72,0x0,0x63,0x0,0x65,0x0,0x41,0x0,
0x63,0x0,0x74,0x0,0x69,0x0,0x76,0x0,
0x65,0x0,0x46,0x0,0x6f,0x0,0x63,0x0,
0x75,0x0,0x73,0x0,0x0,0x0,0x0,0x0,
0x9,0x0,0x0,0x0,0x73,0x0,0x65,0x0,
0x6c,0x0,0x65,0x0,0x63,0x0,0x74,0x0,
0x41,0x0,0x6c,0x0,0x6c,0x0,0x0,0x0,
0x7,0x0,0x0,0x0,0x73,0x0,0x65,0x0,
0x74,0x0,0x4e,0x0,0x6f,0x0,0x74,0x0,
0x65,0x0,0x0,0x0,0x0,0x0,0x0,0x0,
0xa,0x0,0x0,0x0,0x48,0x0,0x6f,0x0,
0x72,0x0,0x69,0x0,0x7a,0x0,0x6f,0x0,
0x6e,0x0,0x74,0x0,0x61,0x0,0x6c,0x0,
0x0,0x0,0x0,0x0,0x0,0x0,0x0,0x0,
0xd,0x0,0x0,0x0,0x69,0x0,0x73,0x0,
0x43,0x0,0x75,0x0,0x72,0x0,0x72,0x0,
0x65,0x0,0x6e,0x0,0x74,0x0,0x49,0x0,
0x74,0x0,0x65,0x0,0x6d,0x0,0x0,0x0,
0x8,0x0,0x0,0x0,0x66,0x0,0x69,0x0,
0x6c,0x0,0x65,0x0,0x3a,0x0,0x2f,0x0,
0x2f,0x0,0x2f,0x0,0x0,0x0,0x0,0x0,
0x3,0x0,0x0,0x0,0x5e,0x0,0x5c,0x0,
0x2f,0x0,0x0,0x0,0x0,0x0,0x0,0x0,
0x12,0x0,0x0,0x0,0x50,0x0,0x72,0x0,
0x65,0x0,0x73,0x0,0x65,0x0,0x72,0x0,
0x76,0x0,0x65,0x0,0x41,0x0,0x73,0x0,
0x70,0x0,0x65,0x0,0x63,0x0,0x74,0x0,
0x43,0x0,0x72,0x0,0x6f,0x0,0x70,0x0,
0x0,0x0,0x0,0x0,0x0,0x0,0x0,0x0,
0x7,0x0,0x0,0x0,0x23,0x0,0x45,0x0,
0x30,0x0,0x45,0x0,0x30,0x0,0x45,0x0,
0x30,0x0,0x0,0x0,0x0,0x0,0x0,0x0,
0x3,0x0,0x0,0x0,0x30,0x0,0x30,0x0,
0x30,0x0,0x0,0x0,0x0,0x0,0x0,0x0,
0x2,0x0,0x0,0x0,0x20,0x0,0xd7,0x0,
0x0,0x0,0x0,0x0,0x0,0x0,0x0,0x0,
0x5,0x0,0x0,0x0,0x65,0x0,0x72,0x0,
0x72,0x0,0x6f,0x0,0x72,0x0,0x0,0x0,
0x3,0x0,0x0,0x0,0x6d,0x0,0x69,0x0,
0x6e,0x0,0x0,0x0,0x0,0x0,0x0,0x0,
0xf,0x0,0x0,0x0,0x61,0x0,0x67,0x0,
0x65,0x0,0x6e,0x0,0x74,0x0,0x20,0x0,
0x63,0x0,0x6f,0x0,0x6e,0x0,0x6e,0x0,
0x65,0x0,0x63,0x0,0x74,0x0,0x65,0x0,
0x64,0x0,0x0,0x0,0x0,0x0,0x0,0x0,
0x12,0x0,0x0,0x0,0x77,0x0,0x61,0x0,
0x69,0x0,0x74,0x0,0x69,0x0,0x6e,0x0,
0x67,0x0,0x20,0x0,0x66,0x0,0x6f,0x0,
0x72,0x0,0x20,0x0,0x61,0x0,0x67,0x0,
0x65,0x0,0x6e,0x0,0x74,0x0,0x26,0x20,
0x0,0x0,0x0,0x0,0x0,0x0,0x0,0x0,
0xf,0x0,0x0,0x0,0x69,0x0,0x6d,0x0,
0x61,0x0,0x67,0x0,0x65,0x0,0x3a,0x0,
0x2f,0x0,0x2f,0x0,0x6c,0x0,0x69,0x0,
0x76,0x0,0x65,0x0,0x2f,0x0,0x77,0x0,
0x3f,0x0,0x0,0x0,0x0,0x0,0x0,0x0,
0xb,0x0,0x0,0x0,0x66,0x0,0x72,0x0,
0x61,0x0,0x6d,0x0,0x65,0x0,0x53,0x0,
0x65,0x0,0x72,0x0,0x69,0x0,0x61,0x0,
0x6c,0x0,0x0,0x0,0x0,0x0,0x0,0x0,
0x7,0x0,0x0,0x0,0x53,0x0,0x74,0x0,
0x72,0x0,0x65,0x0,0x74,0x0,0x63,0x0,
0x68,0x0,0x0,0x0,0x0,0x0,0x0,0x0,
0x9,0x0,0x0,0x0,0x66,0x0,0x6f,0x0,
0x63,0x0,0x75,0x0,0x73,0x0,0x50,0x0,
0x65,0x0,0x61,0x0,0x6b,0x0,0x0,0x0,
0x7,0x0,0x0,0x0,0x20,0x0,0x20,0x0,
0x70,0x0,0x65,0x0,0x61,0x0,0x6b,0x0,
0x20,0x0,0x0,0x0,0x0,0x0,0x0,0x0,
0x4,0x0,0x0,0x0,0x54,0x0,0x65,0x0,
0x78,0x0,0x74,0x0,0x0,0x0,0x0,0x0,
0x4,0x0,0x0,0x0,0x57,0x0,0x72,0x0,
0x61,0x0,0x70,0x0,0x0,0x0,0x0,0x0,
0x12,0x0,0x0,0x0,0x6c,0x0,0x69,0x0,
0x62,0x0,0x72,0x0,0x61,0x0,0x72,0x0,
0x79,0x0,0x20,0x0,0xb7,0x0,0x20,0x0,
0x74,0x0,0x69,0x0,0x6d,0x0,0x65,0x0,
0x6c,0x0,0x69,0x0,0x6e,0x0,0x65,0x0,
0x0,0x0,0x0,0x0,0x0,0x0,0x0,0x0,
0xe,0x0,0x0,0x0,0x6c,0x0,0x69,0x0,
0x62,0x0,0x72,0x0,0x61,0x0,0x72,0x0,
0x79,0x0,0x20,0x0,0xb7,0x0,0x20,0x0,
0x67,0x0,0x72,0x0,0x69,0x0,0x64,0x0,
0x0,0x0,0x0,0x0,0x0,0x0,0x0,0x0,
0x2,0x0,0x0,0x0,0x20,0x0,0x20,0x0,
0x0,0x0,0x0,0x0,0x0,0x0,0x0,0x0,
0x9,0x0,0x0,0x0,0x20,0x0,0x20,0x0,
0x70,0x0,0x61,0x0,0x72,0x0,0x74,0x0,
0x69,0x0,0x61,0x0,0x6c,0x0,0x0,0x0,
0x4,0x0,0x0,0x0,0x76,0x0,0x69,0x0,
0x65,0x0,0x77,0x0,0x0,0x0,0x0,0x0,
0x4,0x0,0x0,0x0,0x44,0x0,0x61,0x0,
0x74,0x0,0x65,0x0,0x0,0x0,0x0,0x0,
0x12,0x0,0x0,0x0,0x74,0x0,0x6f,0x0,
0x4c,0x0,0x6f,0x0,0x63,0x0,0x61,0x0,
0x6c,0x0,0x65,0x0,0x54,0x0,0x69,0x0,
0x6d,0x0,0x65,0x0,0x53,0x0,0x74,0x0,
0x72,0x0,0x69,0x0,0x6e,0x0,0x67,0x0,
0x0,0x0,0x0,0x0,0x0,0x0,0x0,0x0,
0x6,0x0,0x0,0x0,0x6c,0x0,0x6f,0x0,
0x63,0x0,0x61,0x0,0x6c,0x0,0x65,0x0,
0x0,0x0,0x0,0x0,0x0,0x0,0x0,0x0,
0x8,0x0,0x0,0x0,0x68,0x0,0x68,0x0,
0x3a,0x0,0x6d,0x0,0x6d,0x0,0x3a,0x0,
0x73,0x0,0x73,0x0,0x0,0x0,0x0,0x0,
0x1,0x0,0x0,0x0,0x20,0x0,0x0,0x0,
0xa,0x0,0x0,0x0,0x45,0x0,0x6c,0x0,
0x69,0x0,0x64,0x0,0x65,0x0,0x52,0x0,
0x69,0x0,0x67,0x0,0x68,0x0,0x74,0x0,
0x0,0x0,0x0,0x0,0x0,0x0,0x0,0x0,
0x2,0x0,0x0,0x0,0xd7,0x0,0x20,0x0,
0x0,0x0,0x0,0x0,0x0,0x0,0x0,0x0,
0x27,0x0,0x0,0x0,0x49,0x0,0x6d,0x0,
0x70,0x0,0x6f,0x0,0x72,0x0,0x74,0x0,
0x20,0x0,0x61,0x0,0x72,0x0,0x63,0x0,
0x68,0x0,0x69,0x0,0x76,0x0,0x65,0x0,
0x20,0x0,0x14,0x20,0x20,0x0,0x25,0x0,
0x31,0x0,0x20,0x0,0x70,0x0,0x72,0x0,
0x6f,0x0,0x70,0x0,0x6f,0x0,0x73,0x0,
0x65,0x0,0x64,0x0,0x20,0x0,0x73,0x0,
0x65,0x0,0x73,0x0,0x73,0x0,0x69,0x0,
0x6f,0x0,0x6e,0x0,0x28,0x0,0x73,0x0,
0x29,0x0,0x0,0x0,0x0,0x0,0x0,0x0,
0x7,0x0,0x0,0x0,0x66,0x0,0x69,0x0,
0x6c,0x0,0x74,0x0,0x65,0x0,0x72,0x0,
0x73,0x0,0x0,0x0,0x0,0x0,0x0,0x0,
0x5,0x0,0x0,0x0,0x66,0x0,0x69,0x0,
0x6c,0x0,0x65,0x0,0x73,0x0,0x0,0x0,
0x4,0x0,0x0,0x0,0x6a,0x0,0x6f,0x0,
0x69,0x0,0x6e,0x0,0x0,0x0,0x0,0x0,
0xb,0x0,0x0,0x0,0x45,0x0,0x6c,0x0,
0x69,0x0,0x64,0x0,0x65,0x0,0x4d,0x0,
0x69,0x0,0x64,0x0,0x64,0x0,0x6c,0x0,
0x65,0x0,0x0,0x0,0x0,0x0,0x0,0x0,
0xd,0x0,0x0,0x0,0x69,0x0,0x6d,0x0,
0x70,0x0,0x6f,0x0,0x72,0x0,0x74,0x0,
0x41,0x0,0x72,0x0,0x63,0x0,0x68,0x0,
0x69,0x0,0x76,0x0,0x65,0x0,0x0,0x0,
0x16,0x0,0x0,0x0,0x25,0x0,0x31,0x0,
0x20,0x0,0x73,0x0,0x65,0x0,0x73,0x0,
0x73,0x0,0x69,0x0,0x6f,0x0,0x6e,0x0,
0x28,0x0,0x73,0x0,0x29,0x0,0x20,0x0,
0x69,0x0,0x6d,0x0,0x70,0x0,0x6f,0x0,
0x72,0x0,0x74,0x0,0x65,0x0,0x64,0x0,
0x0,0x0,0x0,0x0,0x0,0x0,0x0,0x0,
0x10,0x0,0x0,0x0,0x45,0x0,0x6d,0x0,
0x70,0x0,0x74,0x0,0x79,0x0,0x20,0x0,
0x71,0x0,0x75,0x0,0x61,0x0,0x72,0x0,
0x61,0x0,0x6e,0x0,0x74,0x0,0x69,0x0,
0x6e,0x0,0x65,0x0,0x0,0x0,0x0,0x0,
0x11,0x0,0x0,0x0,0x44,0x0,0x65,0x0,
0x6c,0x0,0x65,0x0,0x74,0x0,0x65,0x0,
0x20,0x0,0x73,0x0,0x65,0x0,0x73,0x0,
0x73,0x0,0x69,0x0,0x6f,0x0,0x6e,0x0,
0x20,0x0,0x25,0x0,0x31,0x0,0x0,0x0,
0x68,0x0,0x0,0x0,0x25,0x0,0x31,0x0,
0x20,0x0,0x72,0x0,0x65,0x0,0x6a,0x0,
0x65,0x0,0x63,0x0,0x74,0x0,0x65,0x0,
0x64,0x0,0x20,0x0,0x73,0x0,0x65,0x0,
0x73,0x0,0x73,0x0,0x69,0x0,0x6f,0x0,
0x6e,0x0,0x28,0x0,0x73,0x0,0x29,0x0,
0x20,0x0,0x14,0x20,0x20,0x0,0x54,0x0,
0x49,0x0,0x46,0x0,0x46,0x0,0x73,0x0,
0x2c,0x0,0x20,0x0,0x70,0x0,0x72,0x0,
0x6f,0x0,0x78,0x0,0x69,0x0,0x65,0x0,
0x73,0x0,0x20,0x0,0x61,0x0,0x6e,0x0,
0x64,0x0,0x20,0x0,0x73,0x0,0x69,0x0,
0x64,0x0,0x65,0x0,0x63,0x0,0x61,0x0,
0x72,0x0,0x73,0x0,0x20,0x0,0x61,0x0,
0x72,0x0,0x65,0x0,0x20,0x0,0x70,0x0,
0x65,0x0,0x72,0x0,0x6d,0x0,0x61,0x0,
0x6e,0x0,0x65,0x0,0x6e,0x0,0x74,0x0,
0x6c,0x0,0x79,0x0,0x20,0x0,0x64,0x0,
0x65,0x0,0x6c,0x0,0x65,0x0,0x74,0x0,
0x65,0x0,0x64,0x0,0x2e,0x0,0x20,0x0,
0x4e,0x0,0x6f,0x0,0x74,0x0,0x20,0x0,
0x74,0x0,0x68,0x0,0x65,0x0,0x20,0x0,
0x4f,0x0,0x53,0x0,0x20,0x0,0x74,0x0,
0x72,0x0,0x61,0x0,0x73,0x0,0x68,0x0,
0x2e,0x0,0x20,0x0,0x4e,0x0,0x6f,0x0,
0x20,0x0,0x75,0x0,0x6e,0x0,0x64,0x0,
0x6f,0x0,0x2e,0x0,0x0,0x0,0x0,0x0,
0x53,0x0,0x0,0x0,0x25,0x0,0x31,0x0,
0x20,0x0,0x14,0x20,0x20,0x0,0x54,0x0,
0x49,0x0,0x46,0x0,0x46,0x0,0x73,0x0,
0x2c,0x0,0x20,0x0,0x70,0x0,0x72,0x0,
0x6f,0x0,0x78,0x0,0x69,0x0,0x65,0x0,
0x73,0x0,0x20,0x0,0x61,0x0,0x6e,0x0,
0x64,0x0,0x20,0x0,0x73,0x0,0x69,0x0,
0x64,0x0,0x65,0x0,0x63,0x0,0x61,0x0,
0x72,0x0,0x20,0x0,0x61,0x0,0x72,0x0,
0x65,0x0,0x20,0x0,0x70,0x0,0x65,0x0,
0x72,0x0,0x6d,0x0,0x61,0x0,0x6e,0x0,
0x65,0x0,0x6e,0x0,0x74,0x0,0x6c,0x0,
0x79,0x0,0x20,0x0,0x64,0x0,0x65,0x0,
0x6c,0x0,0x65,0x0,0x74,0x0,0x65,0x0,
0x64,0x0,0x2e,0x0,0x20,0x0,0x4e,0x0,
0x6f,0x0,0x74,0x0,0x20,0x0,0x74,0x0,
0x68,0x0,0x65,0x0,0x20,0x0,0x4f,0x0,
0x53,0x0,0x20,0x0,0x74,0x0,0x72,0x0,
0x61,0x0,0x73,0x0,0x68,0x0,0x2e,0x0,
0x20,0x0,0x4e,0x0,0x6f,0x0,0x20,0x0,
0x75,0x0,0x6e,0x0,0x64,0x0,0x6f,0x0,
0x2e,0x0,0x0,0x0,0x0,0x0,0x0,0x0,
0x9,0x0,0x0,0x0,0x73,0x0,0x65,0x0,
0x73,0x0,0x73,0x0,0x69,0x0,0x6f,0x0,
0x6e,0x0,0x47,0x0,0x42,0x0,0x0,0x0,
0x13,0x0,0x0,0x0,0x44,0x0,0x65,0x0,
0x6c,0x0,0x65,0x0,0x74,0x0,0x65,0x0,
0x20,0x0,0x61,0x0,0x6c,0x0,0x6c,0x0,
0x20,0x0,0x72,0x0,0x65,0x0,0x6a,0x0,
0x65,0x0,0x63,0x0,0x74,0x0,0x65,0x0,
0x64,0x0,0x0,0x0,0x0,0x0,0x0,0x0,
0x12,0x0,0x0,0x0,0x44,0x0,0x65,0x0,
0x6c,0x0,0x65,0x0,0x74,0x0,0x65,0x0,
0x20,0x0,0x70,0x0,0x65,0x0,0x72,0x0,
0x6d,0x0,0x61,0x0,0x6e,0x0,0x65,0x0,
0x6e,0x0,0x74,0x0,0x6c,0x0,0x79,0x0,
0x0,0x0,0x0,0x0,0x0,0x0,0x0,0x0,
0xf,0x0,0x0,0x0,0x65,0x0,0x6d,0x0,
0x70,0x0,0x74,0x0,0x79,0x0,0x51,0x0,
0x75,0x0,0x61,0x0,0x72,0x0,0x61,0x0,
0x6e,0x0,0x74,0x0,0x69,0x0,0x6e,0x0,
0x65,0x0,0x0,0x0,0x0,0x0,0x0,0x0,
0xd,0x0,0x0,0x0,0x64,0x0,0x65,0x0,
0x6c,0x0,0x65,0x0,0x74,0x0,0x65,0x0,
0x53,0x0,0x65,0x0,0x73,0x0,0x73,0x0,
0x69,0x0,0x6f,0x0,0x6e,0x0,0x0,0x0,
0x11,0x0,0x0,0x0,0x50,0x0,0x72,0x0,
0x65,0x0,0x73,0x0,0x65,0x0,0x72,0x0,
0x76,0x0,0x65,0x0,0x41,0x0,0x73,0x0,
0x70,0x0,0x65,0x0,0x63,0x0,0x74,0x0,
0x46,0x0,0x69,0x0,0x74,0x0,0x0,0x0,
0x6,0x0,0x0,0x0,0x45,0x0,0x61,0x0,
0x73,0x0,0x69,0x0,0x6e,0x0,0x67,0x0,
0x0,0x0,0x0,0x0,0x0,0x0,0x0,0x0,
0x8,0x0,0x0,0x0,0x4f,0x0,0x75,0x0,
0x74,0x0,0x43,0x0,0x75,0x0,0x62,0x0,
0x69,0x0,0x63,0x0,0x0,0x0,0x0,0x0,
0x1,0x0,0x0,0x0,0x79,0x0,0x0,0x0,
0x5,0x0,0x0,0x0,0x10,0x0,0x0,0x0,
0x7f,0x1,0x0,0x0,0x74,0x0,0x0,0x0,
0x1,0x0,0x0,0x0,0x1,0x0,0x0,0x0,
0x0,0x0,0x0,0x0,0x6,0x0,0x10,0x0,
0xff,0xff,0x0,0x0,0x1,0x0,0x0,0x0,
0x2,0x0,0x0,0x0,0x0,0x0,0x0,0x0,
0x7,0x0,0x10,0x0,0xff,0xff,0x0,0x0,
0x1,0x0,0x0,0x0,0x3,0x0,0x0,0x0,
0x0,0x0,0x0,0x0,0x8,0x0,0x10,0x0,
0xff,0xff,0x0,0x0,0x1,0x0,0x0,0x0,
0x4,0x0,0x0,0x0,0x0,0x0,0x0,0x0,
0x9,0x0,0x10,0x0,0xff,0xff,0x0,0x0,
0x1,0x0,0x0,0x0,0x5,0x0,0x0,0x0,
0x0,0x0,0x0,0x0,0xa,0x0,0x10,0x0,
0xff,0xff,0x0,0x0,0x70,0x6,0x0,0x0,
0x20,0xd,0x0,0x0,0xa8,0xd,0x0,0x0,
0x30,0xe,0x0,0x0,0xd0,0xe,0x0,0x0,
0x70,0xf,0x0,0x0,0x10,0x10,0x0,0x0,
0xb0,0x10,0x0,0x0,0x50,0x11,0x0,0x0,
0xf0,0x11,0x0,0x0,0x90,0x12,0x0,0x0,
0x30,0x13,0x0,0x0,0xd0,0x13,0x0,0x0,
0x70,0x14,0x0,0x0,0x10,0x15,0x0,0x0,
0xb0,0x15,0x0,0x0,0x50,0x16,0x0,0x0,
0xf0,0x16,0x0,0x0,0x90,0x17,0x0,0x0,
0x30,0x18,0x0,0x0,0xd0,0x18,0x0,0x0,
0x70,0x19,0x0,0x0,0x10,0x1a,0x0,0x0,
0xb0,0x1a,0x0,0x0,0x50,0x1b,0x0,0x0,
0xc0,0x1b,0x0,0x0,0x48,0x1c,0x0,0x0,
0x30,0x1d,0x0,0x0,0xa0,0x1d,0x0,0x0,
0xe8,0x1e,0x0,0x0,0x70,0x1f,0x0,0x0,
0x10,0x20,0x0,0x0,0x68,0x20,0x0,0x0,
0xf0,0x20,0x0,0x0,0x78,0x21,0x0,0x0,
0xd0,0x21,0x0,0x0,0x70,0x22,0x0,0x0,
0xc8,0x22,0x0,0x0,0x50,0x23,0x0,0x0,
0x8,0x24,0x0,0x0,0x90,0x24,0x0,0x0,
0xe8,0x24,0x0,0x0,0x70,0x25,0x0,0x0,
0x70,0x26,0x0,0x0,0xf8,0x26,0x0,0x0,
0x80,0x27,0x0,0x0,0x8,0x28,0x0,0x0,
0x90,0x28,0x0,0x0,0x30,0x29,0x0,0x0,
0xb8,0x29,0x0,0x0,0xa0,0x2a,0x0,0x0,
0x28,0x2b,0x0,0x0,0xc8,0x2b,0x0,0x0,
0x68,0x2c,0x0,0x0,0xc0,0x2c,0x0,0x0,
0x60,0x2d,0x0,0x0,0xe8,0x2d,0x0,0x0,
0x70,0x2e,0x0,0x0,0x88,0x2f,0x0,0x0,
0xf8,0x2f,0x0,0x0,0xb0,0x30,0x0,0x0,
0x38,0x31,0x0,0x0,0xc8,0x32,0x0,0x0,
0x68,0x33,0x0,0x0,0x8,0x34,0x0,0x0,
0x90,0x34,0x0,0x0,0x60,0x35,0x0,0x0,
0xd0,0x35,0x0,0x0,0x40,0x36,0x0,0x0,
0xb0,0x36,0x0,0x0,0x68,0x37,0x0,0x0,
0xd8,0x37,0x0,0x0,0x90,0x38,0x0,0x0,
0x0,0x39,0x0,0x0,0xa0,0x39,0x0,0x0,
0x10,0x3a,0x0,0x0,0xb0,0x3a,0x0,0x0,
0x20,0x3b,0x0,0x0,0xc0,0x3b,0x0,0x0,
0x30,0x3c,0x0,0x0,0xd0,0x3c,0x0,0x0,
0x40,0x3d,0x0,0x0,0xf8,0x3d,0x0,0x0,
0x80,0x3e,0x0,0x0,0x38,0x3f,0x0,0x0,
0xa8,0x3f,0x0,0x0,0x30,0x40,0x0,0x0,
0x0,0x41,0x0,0x0,0x88,0x41,0x0,0x0,
0x10,0x42,0x0,0x0,0xc8,0x42,0x0,0x0,
0x38,0x43,0x0,0x0,0x38,0x44,0x0,0x0,
0xa8,0x44,0x0,0x0,0x30,0x45,0x0,0x0,
0x0,0x46,0x0,0x0,0x88,0x46,0x0,0x0,
0x10,0x47,0x0,0x0,0xb0,0x47,0x0,0x0,
0x38,0x48,0x0,0x0,0xf0,0x48,0x0,0x0,
0x60,0x49,0x0,0x0,0x18,0x4a,0x0,0x0,
0x88,0x4a,0x0,0x0,0x58,0x4b,0x0,0x0,
0xe0,0x4b,0x0,0x0,0xe0,0x4c,0x0,0x0,
0x80,0x4d,0x0,0x0,0x38,0x4e,0x0,0x0,
0xd8,0x4e,0x0,0x0,0x48,0x4f,0x0,0x0,
0x0,0x50,0x0,0x0,0x70,0x50,0x0,0x0,
0x28,0x51,0x0,0x0,0x98,0x51,0x0,0x0,
0x38,0x52,0x0,0x0,0xd8,0x52,0x0,0x0,
0x48,0x53,0x0,0x0,0x0,0x54,0x0,0x0,
0x70,0x54,0x0,0x0,0x28,0x55,0x0,0x0,
0xb0,0x55,0x0,0x0,0x68,0x56,0x0,0x0,
0xd8,0x56,0x0,0x0,0x60,0x57,0x0,0x0,
0x60,0x58,0x0,0x0,0xe8,0x58,0x0,0x0,
0x48,0x5a,0x0,0x0,0xd0,0x5a,0x0,0x0,
0xa0,0x5b,0x0,0x0,0x40,0x5c,0x0,0x0,
0x10,0x5d,0x0,0x0,0x98,0x5d,0x0,0x0,
0x50,0x5e,0x0,0x0,0xc0,0x5e,0x0,0x0,
0x90,0x5f,0x0,0x0,0x18,0x60,0x0,0x0,
0xd0,0x60,0x0,0x0,0x40,0x61,0x0,0x0,
0x10,0x62,0x0,0x0,0x80,0x62,0x0,0x0,
0x38,0x63,0x0,0x0,0xa8,0x63,0x0,0x0,
0x78,0x64,0x0,0x0,0x18,0x65,0x0,0x0,
0xb8,0x65,0x0,0x0,0x28,0x66,0x0,0x0,
0xe0,0x66,0x0,0x0,0x50,0x67,0x0,0x0,
0xc0,0x67,0x0,0x0,0x90,0x68,0x0,0x0,
0x0,0x69,0x0,0x0,0xb8,0x69,0x0,0x0,
0x28,0x6a,0x0,0x0,0xb0,0x6a,0x0,0x0,
0x68,0x6b,0x0,0x0,0xd8,0x6b,0x0,0x0,
0x48,0x6c,0x0,0x0,0x18,0x6d,0x0,0x0,
0x88,0x6d,0x0,0x0,0xf8,0x6d,0x0,0x0,
0xb0,0x6e,0x0,0x0,0x38,0x6f,0x0,0x0,
0xd8,0x6f,0x0,0x0,0xf0,0x70,0x0,0x0,
0x90,0x71,0x0,0x0,0x18,0x72,0x0,0x0,
0xd0,0x72,0x0,0x0,0x88,0x73,0x0,0x0,
0x28,0x74,0x0,0x0,0xe0,0x74,0x0,0x0,
0x50,0x75,0x0,0x0,0xf0,0x75,0x0,0x0,
0x60,0x76,0x0,0x0,0xd0,0x76,0x0,0x0,
0x40,0x77,0x0,0x0,0xe0,0x77,0x0,0x0,
0x50,0x78,0x0,0x0,0xf0,0x78,0x0,0x0,
0x78,0x79,0x0,0x0,0x38,0x7a,0x0,0x0,
0xa8,0x7a,0x0,0x0,0x48,0x7b,0x0,0x0,
0xb8,0x7b,0x0,0x0,0x88,0x7c,0x0,0x0,
0x10,0x7d,0x0,0x0,0xb0,0x7d,0x0,0x0,
0x20,0x7e,0x0,0x0,0x50,0x7f,0x0,0x0,
0xc0,0x7f,0x0,0x0,0x30,0x80,0x0,0x0,
0xd0,0x80,0x0,0x0,0x40,0x81,0x0,0x0,
0xf8,0x81,0x0,0x0,0x68,0x82,0x0,0x0,
0xd8,0x82,0x0,0x0,0xa8,0x83,0x0,0x0,
0x30,0x84,0x0,0x0,0xd0,0x84,0x0,0x0,
0xa0,0x85,0x0,0x0,0x10,0x86,0x0,0x0,
0x80,0x86,0x0,0x0,0x80,0x87,0x0,0x0,
0x50,0x88,0x0,0x0,0x40,0x8c,0x0,0x0,
0x28,0x8d,0x0,0x0,0x98,0x8d,0x0,0x0,
0xb0,0x8e,0x0,0x0,0x38,0x8f,0x0,0x0,
0x20,0x90,0x0,0x0,0x90,0x90,0x0,0x0,
0x0,0x91,0x0,0x0,0xd0,0x91,0x0,0x0,
0x40,0x92,0x0,0x0,0xb0,0x92,0x0,0x0,
0x38,0x93,0x0,0x0,0xc0,0x93,0x0,0x0,
0x78,0x94,0x0,0x0,0x18,0x95,0x0,0x0,
0x88,0x95,0x0,0x0,0x40,0x96,0x0,0x0,
0xb0,0x96,0x0,0x0,0x38,0x97,0x0,0x0,
0xa8,0x97,0x0,0x0,0x78,0x98,0x0,0x0,
0x18,0x99,0x0,0x0,0x18,0x9a,0x0,0x0,
0x88,0x9a,0x0,0x0,0x58,0x9b,0x0,0x0,
0xf8,0x9b,0x0,0x0,0x80,0x9c,0x0,0x0,
0xf0,0x9c,0x0,0x0,0x60,0x9d,0x0,0x0,
0x0,0x9e,0x0,0x0,0x70,0x9e,0x0,0x0,
0x40,0x9f,0x0,0x0,0xc8,0x9f,0x0,0x0,
0x80,0xa0,0x0,0x0,0xf0,0xa0,0x0,0x0,
0xc0,0xa1,0x0,0x0,0x48,0xa2,0x0,0x0,
0x18,0xa3,0x0,0x0,0xa0,0xa3,0x0,0x0,
0x70,0xa4,0x0,0x0,0x10,0xa5,0x0,0x0,
0x80,0xa5,0x0,0x0,0x50,0xa6,0x0,0x0,
0xc0,0xa6,0x0,0x0,0x60,0xa7,0x0,0x0,
0x18,0xa8,0x0,0x0,0xb8,0xa8,0x0,0x0,
0x28,0xa9,0x0,0x0,0x10,0xaa,0x0,0x0,
0x80,0xaa,0x0,0x0,0x80,0xab,0x0,0x0,
0x20,0xac,0x0,0x0,0x20,0xad,0x0,0x0,
0xd8,0xad,0x0,0x0,0x78,0xae,0x0,0x0,
0x0,0xaf,0x0,0x0,0x70,0xaf,0x0,0x0,
0xe0,0xaf,0x0,0x0,0x98,0xb0,0x0,0x0,
0x20,0xb1,0x0,0x0,0xd8,0xb1,0x0,0x0,
0x48,0xb2,0x0,0x0,0x0,0xb3,0x0,0x0,
0x88,0xb3,0x0,0x0,0x40,0xb4,0x0,0x0,
0xb0,0xb4,0x0,0x0,0x80,0xb5,0x0,0x0,
0x8,0xb6,0x0,0x0,0xc0,0xb6,0x0,0x0,
0x30,0xb7,0x0,0x0,0x30,0xb8,0x0,0x0,
0x0,0xb9,0x0,0x0,0x20,0xba,0x0,0x0,
0xc0,0xba,0x0,0x0,0xa8,0xbb,0x0,0x0,
0x78,0xbc,0x0,0x0,0xe8,0xbc,0x0,0x0,
0x58,0xbd,0x0,0x0,0xf8,0xbd,0x0,0x0,
0x68,0xbe,0x0,0x0,0xf0,0xbe,0x0,0x0,
0x60,0xbf,0x0,0x0,0x48,0xc0,0x0,0x0,
0x18,0xc1,0x0,0x0,0x98,0xc2,0x0,0x0,
0x50,0xc3,0x0,0x0,0xc0,0xc3,0x0,0x0,
0x8,0xc5,0x0,0x0,0x90,0xc5,0x0,0x0,
0x60,0xc6,0x0,0x0,0xe8,0xc6,0x0,0x0,
0xb8,0xc7,0x0,0x0,0x28,0xc8,0x0,0x0,
0x98,0xc8,0x0,0x0,0x38,0xc9,0x0,0x0,
0xa8,0xc9,0x0,0x0,0x48,0xca,0x0,0x0,
0xb8,0xca,0x0,0x0,0x40,0xcb,0x0,0x0,
0xc8,0xcb,0x0,0x0,0x80,0xcc,0x0,0x0,
0xf0,0xcc,0x0,0x0,0x90,0xcd,0x0,0x0,
0x0,0xce,0x0,0x0,0x70,0xce,0x0,0x0,
0xe0,0xce,0x0,0x0,0xb0,0xcf,0x0,0x0,
0x20,0xd0,0x0,0x0,0x90,0xd0,0x0,0x0,
0x30,0xd1,0x0,0x0,0xa0,0xd1,0x0,0x0,
0x28,0xd2,0x0,0x0,0x98,0xd2,0x0,0x0,
0x80,0xd3,0x0,0x0,0xf0,0xd3,0x0,0x0,
0x78,0xd4,0x0,0x0,0xe8,0xd4,0x0,0x0,
0xe8,0xd5,0x0,0x0,0x58,0xd6,0x0,0x0,
0xe0,0xd6,0x0,0x0,0x50,0xd7,0x0,0x0,
0xc0,0xd7,0x0,0x0,0xc0,0xd8,0x0,0x0,
0x60,0xd9,0x0,0x0,0x0,0xda,0x0,0x0,
0x88,0xda,0x0,0x0,0x58,0xdb,0x0,0x0,
0xc8,0xdb,0x0,0x0,0x98,0xdc,0x0,0x0,
0x88,0xdd,0x0,0x0,0x28,0xde,0x0,0x0,
0x98,0xde,0x0,0x0,0x20,0xdf,0x0,0x0,
0xa8,0xdf,0x0,0x0,0x50,0xe0,0x0,0x0,
0xc0,0xe0,0x0,0x0,0x90,0xe1,0x0,0x0,
0x0,0xe2,0x0,0x0,0x70,0xe2,0x0,0x0,
0x28,0xe3,0x0,0x0,0x98,0xe3,0x0,0x0,
0x50,0xe4,0x0,0x0,0xc0,0xe4,0x0,0x0,
0x90,0xe5,0x0,0x0,0x0,0xe6,0x0,0x0,
0x70,0xe6,0x0,0x0,0x58,0xe7,0x0,0x0,
0xc8,0xe7,0x0,0x0,0x50,0xe8,0x0,0x0,
0xc0,0xe8,0x0,0x0,0xa8,0xe9,0x0,0x0,
0x18,0xea,0x0,0x0,0xa0,0xea,0x0,0x0,
0x88,0xeb,0x0,0x0,0xf8,0xeb,0x0,0x0,
0x98,0xec,0x0,0x0,0x20,0xed,0x0,0x0,
0xf0,0xed,0x0,0x0,0x60,0xee,0x0,0x0,
0x18,0xef,0x0,0x0,0x88,0xef,0x0,0x0,
0x40,0xf0,0x0,0x0,0xb0,0xf0,0x0,0x0,
0x80,0xf1,0x0,0x0,0xf0,0xf1,0x0,0x0,
0x60,0xf2,0x0,0x0,0x60,0xf3,0x0,0x0,
0xd0,0xf3,0x0,0x0,0x88,0xf4,0x0,0x0,
0xf8,0xf4,0x0,0x0,0xc8,0xf5,0x0,0x0,
0x38,0xf6,0x0,0x0,0xa8,0xf6,0x0,0x0,
0x60,0xf7,0x0,0x0,0xd0,0xf7,0x0,0x0,
0x58,0xf8,0x0,0x0,0xf8,0xf8,0x0,0x0,
0x68,0xf9,0x0,0x0,0xf0,0xf9,0x0,0x0,
0x6,0x0,0x0,0x0,0x7,0x0,0x0,0x0,
0x0,0x0,0xff,0xff,0xff,0xff,0xff,0xff,
0x4,0x0,0x14,0x0,0x54,0x0,0x0,0x0,
0x64,0x0,0x0,0x0,0x54,0x1,0x0,0x0,
0x0,0x0,0x0,0x0,0x54,0x1,0x0,0x0,
0x54,0x1,0x0,0x0,0x0,0x0,0x39,0x0,
0x54,0x1,0x0,0x0,0x0,0x0,0x0,0x0,
0xac,0x6,0x0,0x0,0xc,0x0,0x10,0x0,
0xd,0x0,0x50,0x0,0xac,0x6,0x0,0x0,
0x0,0x0,0x0,0x0,0xac,0x6,0x0,0x0,
0x0,0x0,0x0,0x0,0x0,0x0,0x0,0x0,
0x1,0x0,0x0,0x0,0x2,0x0,0x0,0x0,
0x5,0x0,0x0,0x0,0xf,0x0,0x0,0x0,
0xd,0x0,0x0,0x80,0x15,0x0,0x50,0x0,
0x11,0x0,0x0,0x0,0xd,0x0,0x0,0x80,
0x16,0x0,0x50,0x0,0x13,0x0,0x0,0x0,
0xd,0x0,0x0,0x80,0x17,0x0,0x50,0x0,
0x15,0x0,0x0,0x0,0xd,0x0,0x0,0x80,
0x18,0x0,0x50,0x0,0x17,0x0,0x0,0x0,
0xd,0x0,0x0,0x80,0x19,0x0,0x50,0x0,
0x19,0x0,0x0,0x0,0xd,0x0,0x0,0x80,
0x1a,0x0,0x50,0x0,0x1b,0x0,0x0,0x0,
0xd,0x0,0x0,0x80,0x1b,0x0,0x50,0x0,
0x1d,0x0,0x0,0x0,0xd,0x0,0x0,0x80,
0x1c,0x0,0x50,0x0,0x1f,0x0,0x0,0x0,
0xd,0x0,0x0,0x80,0x1d,0x0,0x50,0x0,
0x20,0x0,0x0,0x0,0x2,0x0,0x0,0xa0,
0x1e,0x0,0x50,0x0,0x2c,0x0,0x0,0x0,
0x5,0x0,0x0,0x20,0x34,0x0,0x50,0x0,
0x2d,0x0,0x0,0x0,0x1,0x0,0x0,0x20,
0x35,0x0,0x50,0x0,0x31,0x0,0x0,0x0,
0x3,0x0,0x0,0xa0,0x40,0x0,0x50,0x0,
0x3a,0x0,0x0,0x0,0x5,0x0,0x0,0x20,
0x4f,0x0,0x50,0x0,0x3c,0x0,0x0,0x0,
0x3,0x0,0x0,0x20,0x5f,0x0,0x50,0x0,
0x3d,0x0,0x0,0x0,0x3,0x0,0x0,0x20,
0x60,0x0,0x50,0x0,0x3e,0x0,0x0,0x0,
0x3,0x0,0x0,0x20,0x61,0x0,0x50,0x0,
0x3f,0x0,0x0,0x0,0x2,0x0,0x0,0x20,
0x6a,0x0,0x50,0x0,0x42,0x0,0x0,0x0,
0x5,0x0,0x0,0x20,0x6e,0x0,0x50,0x0,
0x4d,0x0,0x0,0x0,0x2,0x0,0x0,0xa0,
0x7a,0x0,0x50,0x0,0x6e,0x0,0x0,0x0,
0x0,0x0,0x8,0x0,0x1a,0x0,0x0,0x0,
0x0,0x0,0x0,0x0,0x8a,0x0,0x50,0x0,
0x8a,0x0,0xe0,0x0,0x4d,0x0,0x0,0x0,
0x8,0x0,0x7,0x0,0x6,0x0,0x0,0x0,
0x0,0x0,0x0,0x0,0x7a,0x0,0xb0,0x1,
0x7a,0x0,0x60,0x2,0x42,0x0,0x0,0x0,
0x0,0x0,0x3,0x0,0x0,0x0,0x0,0x0,
0x0,0x0,0x0,0x0,0x6e,0x0,0x50,0x1,
0x6e,0x0,0x20,0x2,0x3f,0x0,0x0,0x0,
0x0,0x0,0x2,0x0,0x3,0x0,0x0,0x0,
0x0,0x0,0x0,0x0,0x6a,0x0,0x20,0x1,
0x6a,0x0,0xf0,0x1,0x3e,0x0,0x0,0x0,
0x0,0x0,0x1,0x0,0x1,0x0,0x0,0x0,
0x0,0x0,0x0,0x0,0x61,0x0,0x30,0x1,
0x61,0x0,0xe0,0x1,0x3d,0x0,0x0,0x0,
0x0,0x0,0x1,0x0,0x0,0x0,0x0,0x0,
0x0,0x0,0x0,0x0,0x60,0x0,0x30,0x1,
0x60,0x0,0x40,0x2,0x3c,0x0,0x0,0x0,
0x0,0x0,0x1,0x0,0x0,0x0,0x0,0x0,
0x0,0x0,0x0,0x0,0x5f,0x0,0x30,0x1,
0x5f,0x0,0x0,0x2,0x3a,0x0,0x0,0x0,
0x0,0x0,0x3,0x0,0x0,0x0,0x0,0x0,
0x3b,0x0,0x0,0x0,0x4f,0x0,0x50,0x1,
0x4f,0x0,0x20,0x2,0x31,0x0,0x0,0x0,
0x8,0x0,0x7,0x0,0x4,0x0,0x0,0x0,
0x0,0x0,0x0,0x0,0x40,0x0,0xc0,0x1,
0x40,0x0,0x60,0x2,0x2d,0x0,0x0,0x0,
0x0,0x0,0x7,0x0,0x3,0x0,0x0,0x0,
0x0,0x0,0x0,0x0,0x35,0x0,0x20,0x1,
0x35,0x0,0x40,0x2,0x2c,0x0,0x0,0x0,
0x0,0x0,0x3,0x0,0x0,0x0,0x0,0x0,
0x0,0x0,0x0,0x0,0x34,0x0,0x50,0x1,
0x34,0x0,0x10,0x2,0x20,0x0,0x0,0x0,
0x8,0x0,0x2,0x0,0x2,0x0,0x0,0x0,
0x0,0x0,0x0,0x0,0x1e,0x0,0xb0,0x1,
0x1e,0x0,0x30,0x2,0x1f,0x0,0x0,0x0,
0x8,0x0,0x3,0x0,0x0,0x0,0x0,0x0,
0x14,0x0,0x0,0x0,0x1d,0x0,0xd0,0x1,
0x1d,0x0,0x20,0x2,0x1d,0x0,0x0,0x0,
0x8,0x0,0x3,0x0,0x0,0x0,0x0,0x0,
0x1e,0x0,0x0,0x0,0x1c,0x0,0xd0,0x1,
0x1c,0x0,0x20,0x2,0x1b,0x0,0x0,0x0,
0x8,0x0,0x3,0x0,0x0,0x0,0x0,0x0,
0x1c,0x0,0x0,0x0,0x1b,0x0,0xd0,0x1,
0x1b,0x0,0x20,0x2,0x19,0x0,0x0,0x0,
0x8,0x0,0x3,0x0,0x0,0x0,0x0,0x0,
0x1a,0x0,0x0,0x0,0x1a,0x0,0xd0,0x1,
0x1a,0x0,0x20,0x2,0x17,0x0,0x0,0x0,
0x8,0x0,0x3,0x0,0x0,0x0,0x0,0x0,
0x18,0x0,0x0,0x0,0x19,0x0,0xd0,0x1,
0x19,0x0,0x90,0x2,0x15,0x0,0x0,0x0,
0x8,0x0,0x3,0x0,0x0,0x0,0x0,0x0,
0x16,0x0,0x0,0x0,0x18,0x0,0xd0,0x1,
0x18,0x0,0x70,0x2,0x13,0x0,0x0,0x0,
0x8,0x0,0x3,0x0,0x0,0x0,0x0,0x0,
0x14,0x0,0x0,0x0,0x17,0x0,0xd0,0x1,
0x17,0x0,0x70,0x2,0x11,0x0,0x0,0x0,
0x8,0x0,0x3,0x0,0x0,0x0,0x0,0x0,
0x12,0x0,0x0,0x0,0x16,0x0,0xd0,0x1,
0x16,0x0,0x70,0x2,0xf,0x0,0x0,0x0,
0x8,0x0,0x3,0x0,0x0,0x0,0x0,0x0,
0x10,0x0,0x0,0x0,0x15,0x0,0xd0,0x1,
0x15,0x0,0x20,0x2,0xd,0x0,0x0,0x0,
0x0,0x0,0x3,0x0,0x0,0x0,0x0,0x0,
0xe,0x0,0x0,0x0,0x12,0x0,0x50,0x0,
0x12,0x0,0xc0,0x0,0xb,0x0,0x0,0x0,
0x0,0x0,0x3,0x0,0x0,0x0,0x0,0x0,
0xc,0x0,0x0,0x0,0x11,0x0,0x50,0x0,
0x11,0x0,0xc0,0x0,0xa,0x0,0x0,0x0,
0x0,0x0,0x2,0x0,0x1,0x0,0x0,0x0,
0x0,0x0,0x0,0x0,0x10,0x0,0x50,0x0,
0x10,0x0,0xd0,0x0,0x9,0x0,0x0,0x0,
0x0,0x0,0x2,0x0,0x0,0x0,0x0,0x0,
0x0,0x0,0x0,0x0,0xf,0x0,0x50,0x0,
0xf,0x0,0xc0,0x0,0x8,0x0,0x0,0x0,
0x0,0x0,0x1,0x0,0x1,0x0,0x0,0x0,
0x0,0x0,0x0,0x0,0xe,0x0,0x50,0x0,
0xe,0x0,0xe0,0x0,0x0,0x0,0x0,0x0,
0x0,0x0,0x8,0x0,0x1,0x0,0x0,0x0,
0x0,0x0,0x0,0x0,0x2e,0x0,0x50,0x0,
0x2e,0x0,0x50,0x0,0x0,0x0,0x0,0x0,
0x0,0x0,0x8,0x0,0x2,0x0,0x0,0x0,
0x0,0x0,0x0,0x0,0x36,0x0,0x50,0x0,
0x36,0x0,0x50,0x0,0x0,0x0,0x0,0x0,
0x0,0x0,0x8,0x0,0x3,0x0,0x0,0x0,
0x0,0x0,0x0,0x0,0x43,0x0,0x50,0x0,
0x43,0x0,0x50,0x0,0x0,0x0,0x0,0x0,
0x0,0x0,0x8,0x0,0x4,0x0,0x0,0x0,
0x0,0x0,0x0,0x0,0x44,0x0,0x50,0x0,
0x44,0x0,0x50,0x0,0x0,0x0,0x0,0x0,
0x0,0x0,0x8,0x0,0x5,0x0,0x0,0x0,
0x0,0x0,0x0,0x0,0x45,0x0,0x50,0x0,
0x45,0x0,0x50,0x0,0x0,0x0,0x0,0x0,
0x0,0x0,0x8,0x0,0x6,0x0,0x0,0x0,
0x0,0x0,0x0,0x0,0x46,0x0,0x50,0x0,
0x46,0x0,0x50,0x0,0x0,0x0,0x0,0x0,
0x0,0x0,0x8,0x0,0x7,0x0,0x0,0x0,
0x0,0x0,0x0,0x0,0x47,0x0,0x50,0x0,
0x47,0x0,0x50,0x0,0x0,0x0,0x0,0x0,
0x0,0x0,0x8,0x0,0x8,0x0,0x0,0x0,
0x0,0x0,0x0,0x0,0x48,0x0,0x50,0x0,
0x48,0x0,0x50,0x0,0x0,0x0,0x0,0x0,
0x0,0x0,0x8,0x0,0x9,0x0,0x0,0x0,
0x0,0x0,0x0,0x0,0x49,0x0,0x50,0x0,
0x49,0x0,0x50,0x0,0x0,0x0,0x0,0x0,
0x0,0x0,0x8,0x0,0xa,0x0,0x0,0x0,
0x0,0x0,0x0,0x0,0x4b,0x0,0x50,0x0,
0x4b,0x0,0x50,0x0,0x0,0x0,0x0,0x0,
0x0,0x0,0x8,0x0,0xb,0x0,0x0,0x0,
0x0,0x0,0x0,0x0,0x4c,0x0,0x50,0x0,
0x4c,0x0,0x50,0x0,0x0,0x0,0x0,0x0,
0x0,0x0,0x8,0x0,0xc,0x0,0x0,0x0,
0x0,0x0,0x0,0x0,0x50,0x0,0x50,0x0,
0x50,0x0,0x50,0x0,0x0,0x0,0x0,0x0,
0x0,0x0,0x8,0x0,0xd,0x0,0x0,0x0,
0x0,0x0,0x0,0x0,0x51,0x0,0x50,0x0,
0x51,0x0,0x50,0x0,0x0,0x0,0x0,0x0,
0x0,0x0,0x8,0x0,0xe,0x0,0x0,0x0,
0x0,0x0,0x0,0x0,0x52,0x0,0x50,0x0,
0x52,0x0,0x50,0x0,0x0,0x0,0x0,0x0,
0x0,0x0,0x8,0x0,0xf,0x0,0x0,0x0,
0x0,0x0,0x0,0x0,0x53,0x0,0x50,0x0,
0x53,0x0,0x50,0x0,0x0,0x0,0x0,0x0,
0x0,0x0,0x8,0x0,0x10,0x0,0x0,0x0,
0x0,0x0,0x0,0x0,0x54,0x0,0x50,0x0,
0x54,0x0,0x50,0x0,0x0,0x0,0x0,0x0,
0x0,0x0,0x8,0x0,0x11,0x0,0x0,0x0,
0x0,0x0,0x0,0x0,0x55,0x0,0x50,0x0,
0x55,0x0,0x50,0x0,0x0,0x0,0x0,0x0,
0x0,0x0,0x8,0x0,0x12,0x0,0x0,0x0,
0x0,0x0,0x0,0x0,0x58,0x0,0x50,0x0,
0x58,0x0,0x50,0x0,0x0,0x0,0x0,0x0,
0x0,0x0,0x8,0x0,0x13,0x0,0x0,0x0,
0x0,0x0,0x0,0x0,0x59,0x0,0x50,0x0,
0x59,0x0,0x50,0x0,0x0,0x0,0x0,0x0,
0x0,0x0,0x8,0x0,0x14,0x0,0x0,0x0,
0x0,0x0,0x0,0x0,0x5a,0x0,0x50,0x0,
0x5a,0x0,0x50,0x0,0x0,0x0,0x0,0x0,
0x0,0x0,0x8,0x0,0x15,0x0,0x0,0x0,
0x0,0x0,0x0,0x0,0x5c,0x0,0x50,0x0,
0x5c,0x0,0x50,0x0,0x0,0x0,0x0,0x0,
0x0,0x0,0x8,0x0,0x16,0x0,0x0,0x0,
0x0,0x0,0x0,0x0,0x62,0x0,0x50,0x0,
0x62,0x0,0x50,0x0,0x0,0x0,0x0,0x0,
0x0,0x0,0x8,0x0,0x17,0x0,0x0,0x0,
0x0,0x0,0x0,0x0,0x64,0x0,0x50,0x0,
0x64,0x0,0x50,0x0,0x0,0x0,0x0,0x0,
0x0,0x0,0x8,0x0,0x18,0x0,0x0,0x0,
0x0,0x0,0x0,0x0,0x6f,0x0,0x50,0x0,
0x6f,0x0,0x50,0x0,0x0,0x0,0x0,0x0,
0x0,0x0,0x8,0x0,0x19,0x0,0x0,0x0,
0x0,0x0,0x0,0x0,0x77,0x0,0x50,0x0,
0x77,0x0,0x50,0x0,0x0,0x0,0x0,0x0,
0x0,0x0,0x8,0x0,0x39,0x0,0x0,0x0,
0x0,0x0,0x0,0x0,0xe3,0x0,0x50,0x0,
0xe3,0x0,0x50,0x0,0x0,0x0,0x0,0x0,
0x0,0x0,0x8,0x0,0xdf,0x0,0x0,0x0,
0x0,0x0,0x0,0x0,0x28,0x3,0x50,0x0,
0x28,0x3,0x50,0x0,0x0,0x0,0x0,0x0,
0x0,0x0,0x8,0x0,0xfd,0x0,0x0,0x0,
0x0,0x0,0x0,0x0,0x92,0x3,0x50,0x0,
0x92,0x3,0x50,0x0,0x0,0x0,0x0,0x0,
0x0,0x0,0x8,0x0,0x3c,0x1,0x0,0x0,
0x0,0x0,0x0,0x0,0x75,0x4,0x50,0x0,
0x75,0x4,0x50,0x0,0x0,0x0,0x0,0x0,
0x0,0x0,0x8,0x0,0x5d,0x1,0x0,0x0,
0x0,0x0,0x0,0x0,0xd8,0x4,0x50,0x0,
0xd8,0x4,0x50,0x0,0x0,0x0,0x0,0x0,
0x0,0x0,0x8,0x0,0x71,0x1,0x0,0x0,
0x0,0x0,0x0,0x0,0x1a,0x5,0x50,0x0,
0x1a,0x5,0x50,0x0,0x0,0x0,0x0,0x0,
0x27,0x0,0x0,0x0,0x28,0x0,0x0,0x0,
0x0,0x0,0xff,0xff,0xff,0xff,0xff,0xff,
0x0,0x0,0x0,0x0,0x54,0x0,0x0,0x0,
0x54,0x0,0x0,0x0,0x54,0x0,0x0,0x0,
0x0,0x0,0x0,0x0,0x54,0x0,0x0,0x0,
0x54,0x0,0x0,0x0,0x0,0x0,0x2,0x0,
0x54,0x0,0x0,0x0,0x0,0x0,0x0,0x0,
0x84,0x0,0x0,0x0,0x2e,0x0,0x50,0x0,
0x2f,0x0,0x90,0x0,0x84,0x0,0x0,0x0,
0x0,0x0,0x0,0x0,0x84,0x0,0x0,0x0,
0x0,0x0,0x0,0x0,0x2a,0x0,0x0,0x0,
0x0,0x0,0x7,0x0,0x7,0x0,0x0,0x0,
0x0,0x0,0x0,0x0,0x31,0x0,0x90,0x0,
0x31,0x0,0x50,0x1,0xb,0x0,0x0,0x0,
0x0,0x0,0x5,0x0,0x0,0x0,0x0,0x0,
0x0,0x0,0x0,0x0,0x30,0x0,0x90,0x0,
0x30,0x0,0x0,0x1,0x0,0x0,0x0,0x0,
0x27,0x0,0x0,0x0,0x2f,0x0,0x0,0x0,
0x0,0x0,0xff,0xff,0xff,0xff,0xff,0xff,
0x0,0x0,0x0,0x0,0x54,0x0,0x0,0x0,
0x54,0x0,0x0,0x0,0x54,0x0,0x0,0x0,
0x0,0x0,0x0,0x0,0x54,0x0,0x0,0x0,
0x54,0x0,0x0,0x0,0x0,0x0,0x2,0x0,
0x54,0x0,0x0,0x0,0x0,0x0,0x0,0x0,
0x84,0x0,0x0,0x0,0x36,0x0,0x50,0x0,
0x37,0x0,0x90,0x0,0x84,0x0,0x0,0x0,
0x0,0x0,0x0,0x0,0x84,0x0,0x0,0x0,
0x0,0x0,0x0,0x0,0x2a,0x0,0x0,0x0,
0x0,0x0,0x7,0x0,0x8,0x0,0x0,0x0,
0x0,0x0,0x0,0x0,0x39,0x0,0x90,0x0,
0x39,0x0,0x50,0x1,0xb,0x0,0x0,0x0,
0x0,0x0,0x5,0x0,0x1,0x0,0x0,0x0,
0x0,0x0,0x0,0x0,0x38,0x0,0x90,0x0,
0x38,0x0,0x0,0x1,0x0,0x0,0x0,0x0,
0x33,0x0,0x0,0x0,0x0,0x0,0x0,0x0,
0x0,0x0,0xff,0xff,0xff,0xff,0xff,0xff,
0x0,0x0,0x0,0x0,0x54,0x0,0x0,0x0,
0x54,0x0,0x0,0x0,0x54,0x0,0x0,0x0,
0x0,0x0,0x0,0x0,0x54,0x0,0x0,0x0,
0x54,0x0,0x0,0x0,0x0,0x0,0x3,0x0,
0x54,0x0,0x0,0x0,0x0,0x0,0x0,0x0,
0x9c,0x0,0x0,0x0,0x43,0x0,0x50,0x0,
0x0,0x0,0x0,0x0,0x9c,0x0,0x0,0x0,
0x0,0x0,0x0,0x0,0x9c,0x0,0x0,0x0,
0x0,0x0,0x0,0x0,0x38,0x0,0x0,0x0,
0x0,0x0,0x7,0x0,0xb,0x0,0x0,0x0,
0x0,0x0,0x0,0x0,0x43,0x0,0xa0,0x3,
0x43,0x0,0x70,0x4,0x36,0x0,0x0,0x0,
0x0,0x0,0x7,0x0,0xa,0x0,0x0,0x0,
0x0,0x0,0x0,0x0,0x43,0x0,0x80,0x2,
0x43,0x0,0x30,0x3,0x34,0x0,0x0,0x0,
0x0,0x0,0x7,0x0,0x9,0x0,0x0,0x0,
0x0,0x0,0x0,0x0,0x43,0x0,0x0,0x1,
0x43,0x0,0x90,0x1,0x0,0x0,0x0,0x0,
0x33,0x0,0x0,0x0,0x0,0x0,0x0,0x0,
0x0,0x0,0xff,0xff,0xff,0xff,0xff,0xff,
0x0,0x0,0x0,0x0,0x54,0x0,0x0,0x0,
0x54,0x0,0x0,0x0,0x54,0x0,0x0,0x0,
0x0,0x0,0x0,0x0,0x54,0x0,0x0,0x0,
0x54,0x0,0x0,0x0,0x0,0x0,0x3,0x0,
0x54,0x0,0x0,0x0,0x0,0x0,0x0,0x0,
0x9c,0x0,0x0,0x0,0x44,0x0,0x50,0x0,
0x0,0x0,0x0,0x0,0x9c,0x0,0x0,0x0,
0x0,0x0,0x0,0x0,0x9c,0x0,0x0,0x0,
0x0,0x0,0x0,0x0,0x38,0x0,0x0,0x0,
0x0,0x0,0x7,0x0,0xe,0x0,0x0,0x0,
0x0,0x0,0x0,0x0,0x44,0x0,0xa0,0x3,
0x44,0x0,0x70,0x4,0x36,0x0,0x0,0x0,
0x0,0x0,0x7,0x0,0xd,0x0,0x0,0x0,
0x0,0x0,0x0,0x0,0x44,0x0,0x80,0x2,
0x44,0x0,0x30,0x3,0x34,0x0,0x0,0x0,
0x0,0x0,0x7,0x0,0xc,0x0,0x0,0x0,
0x0,0x0,0x0,0x0,0x44,0x0,0x0,0x1,
0x44,0x0,0x90,0x1,0x0,0x0,0x0,0x0,
0x33,0x0,0x0,0x0,0x0,0x0,0x0,0x0,
0x0,0x0,0xff,0xff,0xff,0xff,0xff,0xff,
0x0,0x0,0x0,0x0,0x54,0x0,0x0,0x0,
0x54,0x0,0x0,0x0,0x54,0x0,0x0,0x0,
0x0,0x0,0x0,0x0,0x54,0x0,0x0,0x0,
0x54,0x0,0x0,0x0,0x0,0x0,0x3,0x0,
0x54,0x0,0x0,0x0,0x0,0x0,0x0,0x0,
0x9c,0x0,0x0,0x0,0x45,0x0,0x50,0x0,
0x0,0x0,0x0,0x0,0x9c,0x0,0x0,0x0,
0x0,0x0,0x0,0x0,0x9c,0x0,0x0,0x0,
0x0,0x0,0x0,0x0,0x38,0x0,0x0,0x0,
0x0,0x0,0x7,0x0,0x11,0x0,0x0,0x0,
0x0,0x0,0x0,0x0,0x45,0x0,0xa0,0x3,
0x45,0x0,0x70,0x4,0x36,0x0,0x0,0x0,
0x0,0x0,0x7,0x0,0x10,0x0,0x0,0x0,
0x0,0x0,0x0,0x0,0x45,0x0,0x80,0x2,
0x45,0x0,0x30,0x3,0x34,0x0,0x0,0x0,
0x0,0x0,0x7,0x0,0xf,0x0,0x0,0x0,
0x0,0x0,0x0,0x0,0x45,0x0,0x0,0x1,
0x45,0x0,0x90,0x1,0x0,0x0,0x0,0x0,
0x33,0x0,0x0,0x0,0x0,0x0,0x0,0x0,
0x0,0x0,0xff,0xff,0xff,0xff,0xff,0xff,
0x0,0x0,0x0,0x0,0x54,0x0,0x0,0x0,
0x54,0x0,0x0,0x0,0x54,0x0,0x0,0x0,
0x0,0x0,0x0,0x0,0x54,0x0,0x0,0x0,
0x54,0x0,0x0,0x0,0x0,0x0,0x3,0x0,
0x54,0x0,0x0,0x0,0x0,0x0,0x0,0x0,
0x9c,0x0,0x0,0x0,0x46,0x0,0x50,0x0,
0x0,0x0,0x0,0x0,0x9c,0x0,0x0,0x0,
0x0,0x0,0x0,0x0,0x9c,0x0,0x0,0x0,
0x0,0x0,0x0,0x0,0x38,0x0,0x0,0x0,
0x0,0x0,0x7,0x0,0x14,0x0,0x0,0x0,
0x0,0x0,0x0,0x0,0x46,0x0,0xa0,0x3,
0x46,0x0,0x70,0x4,0x36,0x0,0x0,0x0,
0x0,0x0,0x7,0x0,0x13,0x0,0x0,0x0,
0x0,0x0,0x0,0x0,0x46,0x0,0x80,0x2,
0x46,0x0,0x30,0x3,0x34,0x0,0x0,0x0,
0x0,0x0,0x7,0x0,0x12,0x0,0x0,0x0,
0x0,0x0,0x0,0x0,0x46,0x0,0x0,0x1,
0x46,0x0,0x90,0x1,0x0,0x0,0x0,0x0,
0x33,0x0,0x0,0x0,0x0,0x0,0x0,0x0,
0x0,0x0,0xff,0xff,0xff,0xff,0xff,0xff,
0x0,0x0,0x0,0x0,0x54,0x0,0x0,0x0,
0x54,0x0,0x0,0x0,0x54,0x0,0x0,0x0,
0x0,0x0,0x0,0x0,0x54,0x0,0x0,0x0,
0x54,0x0,0x0,0x0,0x0,0x0,0x3,0x0,
0x54,0x0,0x0,0x0,0x0,0x0,0x0,0x0,
0x9c,0x0,0x0,0x0,0x47,0x0,0x50,0x0,
0x0,0x0,0x0,0x0,0x9c,0x0,0x0,0x0,
0x0,0x0,0x0,0x0,0x9c,0x0,0x0,0x0,
0x0,0x0,0x0,0x0,0x38,0x0,0x0,0x0,
0x0,0x0,0x7,0x0,0x17,0x0,0x0,0x0,
0x0,0x0,0x0,0x0,0x47,0x0,0xa0,0x3,
0x47,0x0,0x70,0x4,0x36,0x0,0x0,0x0,
0x0,0x0,0x7,0x0,0x16,0x0,0x0,0x0,
0x0,0x0,0x0,0x0,0x47,0x0,0x80,0x2,
0x47,0x0,0x30,0x3,0x34,0x0,0x0,0x0,
0x0,0x0,0x7,0x0,0x15,0x0,0x0,0x0,
0x0,0x0,0x0,0x0,0x47,0x0,0x0,0x1,
0x47,0x0,0x90,0x1,0x0,0x0,0x0,0x0,
0x33,0x0,0x0,0x0,0x0,0x0,0x0,0x0,
0x0,0x0,0xff,0xff,0xff,0xff,0xff,0xff,
0x0,0x0,0x0,0x0,0x54,0x0,0x0,0x0,
0x54,0x0,0x0,0x0,0x54,0x0,0x0,0x0,
0x0,0x0,0x0,0x0,0x54,0x0,0x0,0x0,
0x54,0x0,0x0,0x0,0x0,0x0,0x3,0x0,
0x54,0x0,0x0,0x0,0x0,0x0,0x0,0x0,
0x9c,0x0,0x0,0x0,0x48,0x0,0x50,0x0,
0x0,0x0,0x0,0x0,0x9c,0x0,0x0,0x0,
0x0,0x0,0x0,0x0,0x9c,0x0,0x0,0x0,
0x0,0x0,0x0,0x0,0x38,0x0,0x0,0x0,
0x0,0x0,0x7,0x0,0x1a,0x0,0x0,0x0,
0x0,0x0,0x0,0x0,0x48,0x0,0xa0,0x3,
0x48,0x0,0x70,0x4,0x36,0x0,0x0,0x0,
0x0,0x0,0x7,0x0,0x19,0x0,0x0,0x0,
0x0,0x0,0x0,0x0,0x48,0x0,0x80,0x2,
0x48,0x0,0x30,0x3,0x34,0x0,0x0,0x0,
0x0,0x0,0x7,0x0,0x18,0x0,0x0,0x0,
0x0,0x0,0x0,0x0,0x48,0x0,0x0,0x1,
0x48,0x0,0x90,0x1,0x0,0x0,0x0,0x0,
0x33,0x0,0x0,0x0,0x0,0x0,0x0,0x0,
0x0,0x0,0xff,0xff,0xff,0xff,0xff,0xff,
0x0,0x0,0x0,0x0,0x54,0x0,0x0,0x0,
0x54,0x0,0x0,0x0,0x54,0x0,0x0,0x0,
0x0,0x0,0x0,0x0,0x54,0x0,0x0,0x0,
0x54,0x0,0x0,0x0,0x0,0x0,0x3,0x0,
0x54,0x0,0x0,0x0,0x0,0x0,0x0,0x0,
0x9c,0x0,0x0,0x0,0x49,0x0,0x50,0x0,
0x0,0x0,0x0,0x0,0x9c,0x0,0x0,0x0,
0x0,0x0,0x0,0x0,0x9c,0x0,0x0,0x0,
0x0,0x0,0x0,0x0,0x38,0x0,0x0,0x0,
0x0,0x0,0x7,0x0,0x1d,0x0,0x0,0x0,
0x0,0x0,0x0,0x0,0x49,0x0,0xa0,0x3,
0x49,0x0,0x70,0x4,0x36,0x0,0x0,0x0,
0x0,0x0,0x7,0x0,0x1c,0x0,0x0,0x0,
0x0,0x0,0x0,0x0,0x49,0x0,0x80,0x2,
0x49,0x0,0x30,0x3,0x34,0x0,0x0,0x0,
0x0,0x0,0x7,0x0,0x1b,0x0,0x0,0x0,
0x0,0x0,0x0,0x0,0x49,0x0,0x0,0x1,
0x49,0x0,0x90,0x1,0x0,0x0,0x0,0x0,
0x33,0x0,0x0,0x0,0x0,0x0,0x0,0x0,
0x0,0x0,0xff,0xff,0xff,0xff,0xff,0xff,
0x0,0x0,0x0,0x0,0x54,0x0,0x0,0x0,
0x54,0x0,0x0,0x0,0x54,0x0,0x0,0x0,
0x0,0x0,0x0,0x0,0x54,0x0,0x0,0x0,
0x54,0x0,0x0,0x0,0x0,0x0,0x3,0x0,
0x54,0x0,0x0,0x0,0x0,0x0,0x0,0x0,
0x9c,0x0,0x0,0x0,0x4b,0x0,0x50,0x0,
0x0,0x0,0x0,0x0,0x9c,0x0,0x0,0x0,
0x0,0x0,0x0,0x0,0x9c,0x0,0x0,0x0,
0x0,0x0,0x0,0x0,0x38,0x0,0x0,0x0,
0x0,0x0,0x7,0x0,0x20,0x0,0x0,0x0,
0x0,0x0,0x0,0x0,0x4b,0x0,0x50,0x5,
0x4b,0x0,0x20,0x6,0x36,0x0,0x0,0x0,
0x0,0x0,0x7,0x0,0x1f,0x0,0x0,0x0,
0x0,0x0,0x0,0x0,0x4b,0x0,0x80,0x2,
0x4b,0x0,0x30,0x3,0x34,0x0,0x0,0x0,
0x0,0x0,0x7,0x0,0x1e,0x0,0x0,0x0,
0x0,0x0,0x0,0x0,0x4b,0x0,0x0,0x1,
0x4b,0x0,0x90,0x1,0x0,0x0,0x0,0x0,
0x33,0x0,0x0,0x0,0x0,0x0,0x0,0x0,
0x0,0x0,0xff,0xff,0xff,0xff,0xff,0xff,
0x0,0x0,0x0,0x0,0x54,0x0,0x0,0x0,
0x54,0x0,0x0,0x0,0x54,0x0,0x0,0x0,
0x0,0x0,0x0,0x0,0x54,0x0,0x0,0x0,
0x54,0x0,0x0,0x0,0x0,0x0,0x3,0x0,
0x54,0x0,0x0,0x0,0x0,0x0,0x0,0x0,
0x9c,0x0,0x0,0x0,0x4c,0x0,0x50,0x0,
0x0,0x0,0x0,0x0,0x9c,0x0,0x0,0x0,
0x0,0x0,0x0,0x0,0x9c,0x0,0x0,0x0,
0x0,0x0,0x0,0x0,0x38,0x0,0x0,0x0,
0x0,0x0,0x7,0x0,0x23,0x0,0x0,0x0,
0x0,0x0,0x0,0x0,0x4c,0x0,0x10,0x5,
0x4c,0x0,0xe0,0x5,0x36,0x0,0x0,0x0,
0x0,0x0,0x7,0x0,0x22,0x0,0x0,0x0,
0x0,0x0,0x0,0x0,0x4c,0x0,0x80,0x2,
0x4c,0x0,0x30,0x3,0x34,0x0,0x0,0x0,
0x0,0x0,0x7,0x0,0x21,0x0,0x0,0x0,
0x0,0x0,0x0,0x0,0x4c,0x0,0x0,0x1,
0x4c,0x0,0x90,0x1,0x0,0x0,0x0,0x0,
0x33,0x0,0x0,0x0,0x0,0x0,0x0,0x0,
0x0,0x0,0xff,0xff,0xff,0xff,0xff,0xff,
0x0,0x0,0x0,0x0,0x54,0x0,0x0,0x0,
0x54,0x0,0x0,0x0,0x54,0x0,0x0,0x0,
0x0,0x0,0x0,0x0,0x54,0x0,0x0,0x0,
0x54,0x0,0x0,0x0,0x0,0x0,0x3,0x0,
0x54,0x0,0x0,0x0,0x0,0x0,0x0,0x0,
0x9c,0x0,0x0,0x0,0x50,0x0,0x50,0x0,
0x0,0x0,0x0,0x0,0x9c,0x0,0x0,0x0,
0x0,0x0,0x0,0x0,0x9c,0x0,0x0,0x0,
0x0,0x0,0x0,0x0,0x38,0x0,0x0,0x0,
0x0,0x0,0x7,0x0,0x26,0x0,0x0,0x0,
0x0,0x0,0x0,0x0,0x50,0x0,0xa0,0x3,
0x50,0x0,0x70,0x4,0x36,0x0,0x0,0x0,
0x0,0x0,0x7,0x0,0x25,0x0,0x0,0x0,
0x0,0x0,0x0,0x0,0x50,0x0,0x80,0x2,
0x50,0x0,0x30,0x3,0x34,0x0,0x0,0x0,
0x0,0x0,0x7,0x0,0x24,0x0,0x0,0x0,
0x0,0x0,0x0,0x0,0x50,0x0,0x0,0x1,
0x50,0x0,0x90,0x1,0x0,0x0,0x0,0x0,
0x33,0x0,0x0,0x0,0x0,0x0,0x0,0x0,
0x0,0x0,0xff,0xff,0xff,0xff,0xff,0xff,
0x0,0x0,0x0,0x0,0x54,0x0,0x0,0x0,
0x54,0x0,0x0,0x0,0x54,0x0,0x0,0x0,
0x0,0x0,0x0,0x0,0x54,0x0,0x0,0x0,
0x54,0x0,0x0,0x0,0x0,0x0,0x3,0x0,
0x54,0x0,0x0,0x0,0x0,0x0,0x0,0x0,
0x9c,0x0,0x0,0x0,0x51,0x0,0x50,0x0,
0x0,0x0,0x0,0x0,0x9c,0x0,0x0,0x0,
0x0,0x0,0x0,0x0,0x9c,0x0,0x0,0x0,
0x0,0x0,0x0,0x0,0x38,0x0,0x0,0x0,
0x0,0x0,0x7,0x0,0x29,0x0,0x0,0x0,
0x0,0x0,0x0,0x0,0x51,0x0,0xa0,0x3,
0x51,0x0,0x70,0x4,0x36,0x0,0x0,0x0,
0x0,0x0,0x7,0x0,0x28,0x0,0x0,0x0,
0x0,0x0,0x0,0x0,0x51,0x0,0x80,0x2,
0x51,0x0,0x30,0x3,0x34,0x0,0x0,0x0,
0x0,0x0,0x7,0x0,0x27,0x0,0x0,0x0,
0x0,0x0,0x0,0x0,0x51,0x0,0x0,0x1,
0x51,0x0,0x90,0x1,0x0,0x0,0x0,0x0,
0x33,0x0,0x0,0x0,0x0,0x0,0x0,0x0,
0x0,0x0,0xff,0xff,0xff,0xff,0xff,0xff,
0x0,0x0,0x0,0x0,0x54,0x0,0x0,0x0,
0x54,0x0,0x0,0x0,0x54,0x0,0x0,0x0,
0x0,0x0,0x0,0x0,0x54,0x0,0x0,0x0,
0x54,0x0,0x0,0x0,0x0,0x0,0x3,0x0,
0x54,0x0,0x0,0x0,0x0,0x0,0x0,0x0,
0x9c,0x0,0x0,0x0,0x52,0x0,0x50,0x0,
0x0,0x0,0x0,0x0,0x9c,0x0,0x0,0x0,
0x0,0x0,0x0,0x0,0x9c,0x0,0x0,0x0,
0x0,0x0,0x0,0x0,0x38,0x0,0x0,0x0,
0x0,0x0,0x7,0x0,0x2c,0x0,0x0,0x0,
0x0,0x0,0x0,0x0,0x52,0x0,0xa0,0x3,
0x52,0x0,0x70,0x4,0x36,0x0,0x0,0x0,
0x0,0x0,0x7,0x0,0x2b,0x0,0x0,0x0,
0x0,0x0,0x0,0x0,0x52,0x0,0x80,0x2,
0x52,0x0,0x30,0x3,0x34,0x0,0x0,0x0,
0x0,0x0,0x7,0x0,0x2a,0x0,0x0,0x0,
0x0,0x0,0x0,0x0,0x52,0x0,0x0,0x1,
0x52,0x0,0x90,0x1,0x0,0x0,0x0,0x0,
0x33,0x0,0x0,0x0,0x0,0x0,0x0,0x0,
0x0,0x0,0xff,0xff,0xff,0xff,0xff,0xff,
0x0,0x0,0x0,0x0,0x54,0x0,0x0,0x0,
0x54,0x0,0x0,0x0,0x54,0x0,0x0,0x0,
0x0,0x0,0x0,0x0,0x54,0x0,0x0,0x0,
0x54,0x0,0x0,0x0,0x0,0x0,0x3,0x0,
0x54,0x0,0x0,0x0,0x0,0x0,0x0,0x0,
0x9c,0x0,0x0,0x0,0x53,0x0,0x50,0x0,
0x0,0x0,0x0,0x0,0x9c,0x0,0x0,0x0,
0x0,0x0,0x0,0x0,0x9c,0x0,0x0,0x0,
0x0,0x0,0x0,0x0,0x38,0x0,0x0,0x0,
0x0,0x0,0x7,0x0,0x2f,0x0,0x0,0x0,
0x0,0x0,0x0,0x0,0x53,0x0,0xa0,0x3,
0x53,0x0,0x70,0x4,0x36,0x0,0x0,0x0,
0x0,0x0,0x7,0x0,0x2e,0x0,0x0,0x0,
0x0,0x0,0x0,0x0,0x53,0x0,0x80,0x2,
0x53,0x0,0x30,0x3,0x34,0x0,0x0,0x0,
0x0,0x0,0x7,0x0,0x2d,0x0,0x0,0x0,
0x0,0x0,0x0,0x0,0x53,0x0,0x0,0x1,
0x53,0x0,0x90,0x1,0x0,0x0,0x0,0x0,
0x33,0x0,0x0,0x0,0x0,0x0,0x0,0x0,
0x0,0x0,0xff,0xff,0xff,0xff,0xff,0xff,
0x0,0x0,0x0,0x0,0x54,0x0,0x0,0x0,
0x54,0x0,0x0,0x0,0x54,0x0,0x0,0x0,
0x0,0x0,0x0,0x0,0x54,0x0,0x0,0x0,
0x54,0x0,0x0,0x0,0x0,0x0,0x3,0x0,
0x54,0x0,0x0,0x0,0x0,0x0,0x0,0x0,
0x9c,0x0,0x0,0x0,0x54,0x0,0x50,0x0,
0x0,0x0,0x0,0x0,0x9c,0x0,0x0,0x0,
0x0,0x0,0x0,0x0,0x9c,0x0,0x0,0x0,
0x0,0x0,0x0,0x0,0x38,0x0,0x0,0x0,
0x0,0x0,0x7,0x0,0x32,0x0,0x0,0x0,
0x0,0x0,0x0,0x0,0x54,0x0,0xa0,0x3,
0x54,0x0,0x70,0x4,0x36,0x0,0x0,0x0,
0x0,0x0,0x7,0x0,0x31,0x0,0x0,0x0,
0x0,0x0,0x0,0x0,0x54,0x0,0x80,0x2,
0x54,0x0,0x30,0x3,0x34,0x0,0x0,0x0,
0x0,0x0,0x7,0x0,0x30,0x0,0x0,0x0,
0x0,0x0,0x0,0x0,0x54,0x0,0x0,0x1,
0x54,0x0,0x90,0x1,0x0,0x0,0x0,0x0,
0x33,0x0,0x0,0x0,0x0,0x0,0x0,0x0,
0x0,0x0,0xff,0xff,0xff,0xff,0xff,0xff,
0x0,0x0,0x0,0x0,0x54,0x0,0x0,0x0,
0x54,0x0,0x0,0x0,0x54,0x0,0x0,0x0,
0x0,0x0,0x0,0x0,0x54,0x0,0x0,0x0,
0x54,0x0,0x0,0x0,0x0,0x0,0x3,0x0,
0x54,0x0,0x0,0x0,0x0,0x0,0x0,0x0,
0x9c,0x0,0x0,0x0,0x55,0x0,0x50,0x0,
0x0,0x0,0x0,0x0,0x9c,0x0,0x0,0x0,
0x0,0x0,0x0,0x0,0x9c,0x0,0x0,0x0,
0x0,0x0,0x0,0x0,0x38,0x0,0x0,0x0,
0x0,0x0,0x7,0x0,0x35,0x0,0x0,0x0,
0x0,0x0,0x0,0x0,0x55,0x0,0xa0,0x3,
0x55,0x0,0x70,0x4,0x36,0x0,0x0,0x0,
0x0,0x0,0x7,0x0,0x34,0x0,0x0,0x0,
0x0,0x0,0x0,0x0,0x55,0x0,0x80,0x2,
0x55,0x0,0x30,0x3,0x34,0x0,0x0,0x0,
0x0,0x0,0x7,0x0,0x33,0x0,0x0,0x0,
0x0,0x0,0x0,0x0,0x55,0x0,0x0,0x1,
0x55,0x0,0x90,0x1,0x0,0x0,0x0,0x0,
0x33,0x0,0x0,0x0,0x0,0x0,0x0,0x0,
0x0,0x0,0xff,0xff,0xff,0xff,0xff,0xff,
0x0,0x0,0x0,0x0,0x54,0x0,0x0,0x0,
0x54,0x0,0x0,0x0,0x54,0x0,0x0,0x0,
0x0,0x0,0x0,0x0,0x54,0x0,0x0,0x0,
0x54,0x0,0x0,0x0,0x0,0x0,0x3,0x0,
0x54,0x0,0x0,0x0,0x0,0x0,0x0,0x0,
0x9c,0x0,0x0,0x0,0x58,0x0,0x50,0x0,
0x0,0x0,0x0,0x0,0x9c,0x0,0x0,0x0,
0x0,0x0,0x0,0x0,0x9c,0x0,0x0,0x0,
0x0,0x0,0x0,0x0,0x38,0x0,0x0,0x0,
0x0,0x0,0x7,0x0,0x38,0x0,0x0,0x0,
0x0,0x0,0x0,0x0,0x58,0x0,0xa0,0x3,
0x58,0x0,0x70,0x4,0x36,0x0,0x0,0x0,
0x0,0x0,0x7,0x0,0x37,0x0,0x0,0x0,
0x0,0x0,0x0,0x0,0x58,0x0,0x80,0x2,
0x58,0x0,0x30,0x3,0x34,0x0,0x0,0x0,
0x0,0x0,0x7,0x0,0x36,0x0,0x0,0x0,
0x0,0x0,0x0,0x0,0x58,0x0,0x0,0x1,
0x58,0x0,0x90,0x1,0x0,0x0,0x0,0x0,
0x33,0x0,0x0,0x0,0x0,0x0,0x0,0x0,
0x0,0x0,0xff,0xff,0xff,0xff,0xff,0xff,
0x0,0x0,0x0,0x0,0x54,0x0,0x0,0x0,
0x54,0x0,0x0,0x0,0x54,0x0,0x0,0x0,
0x0,0x0,0x0,0x0,0x54,0x0,0x0,0x0,
0x54,0x0,0x0,0x0,0x0,0x0,0x3,0x0,
0x54,0x0,0x0,0x0,0x0,0x0,0x0,0x0,
0x9c,0x0,0x0,0x0,0x59,0x0,0x50,0x0,
0x0,0x0,0x0,0x0,0x9c,0x0,0x0,0x0,
0x0,0x0,0x0,0x0,0x9c,0x0,0x0,0x0,
0x0,0x0,0x0,0x0,0x38,0x0,0x0,0x0,
0x0,0x0,0x7,0x0,0x3b,0x0,0x0,0x0,
0x0,0x0,0x0,0x0,0x59,0x0,0xa0,0x3,
0x59,0x0,0x70,0x4,0x36,0x0,0x0,0x0,
0x0,0x0,0x7,0x0,0x3a,0x0,0x0,0x0,
0x0,0x0,0x0,0x0,0x59,0x0,0x80,0x2,
0x59,0x0,0x30,0x3,0x34,0x0,0x0,0x0,
0x0,0x0,0x7,0x0,0x39,0x0,0x0,0x0,
0x0,0x0,0x0,0x0,0x59,0x0,0x0,0x1,
0x59,0x0,0x90,0x1,0x0,0x0,0x0,0x0,
0x33,0x0,0x0,0x0,0x0,0x0,0x0,0x0,
0x0,0x0,0xff,0xff,0xff,0xff,0xff,0xff,
0x0,0x0,0x0,0x0,0x54,0x0,0x0,0x0,
0x54,0x0,0x0,0x0,0x54,0x0,0x0,0x0,
0x0,0x0,0x0,0x0,0x54,0x0,0x0,0x0,
0x54,0x0,0x0,0x0,0x0,0x0,0x3,0x0,
0x54,0x0,0x0,0x0,0x0,0x0,0x0,0x0,
0x9c,0x0,0x0,0x0,0x5a,0x0,0x50,0x0,
0x0,0x0,0x0,0x0,0x9c,0x0,0x0,0x0,
0x0,0x0,0x0,0x0,0x9c,0x0,0x0,0x0,
0x0,0x0,0x0,0x0,0x38,0x0,0x0,0x0,
0x0,0x0,0x7,0x0,0x3e,0x0,0x0,0x0,
0x0,0x0,0x0,0x0,0x5b,0x0,0x0,0x1,
0x5b,0x0,0xd0,0x1,0x36,0x0,0x0,0x0,
0x0,0x0,0x7,0x0,0x3d,0x0,0x0,0x0,
0x0,0x0,0x0,0x0,0x5a,0x0,0xc0,0x3,
0x5a,0x0,0x70,0x4,0x34,0x0,0x0,0x0,
0x0,0x0,0x7,0x0,0x3c,0x0,0x0,0x0,
0x0,0x0,0x0,0x0,0x5a,0x0,0x0,0x1,
0x5a,0x0,0x90,0x1,0x0,0x0,0x0,0x0,
0x33,0x0,0x0,0x0,0x0,0x0,0x0,0x0,
0x0,0x0,0xff,0xff,0xff,0xff,0xff,0xff,
0x0,0x0,0x0,0x0,0x54,0x0,0x0,0x0,
0x54,0x0,0x0,0x0,0x54,0x0,0x0,0x0,
0x0,0x0,0x0,0x0,0x54,0x0,0x0,0x0,
0x54,0x0,0x0,0x0,0x0,0x0,0x3,0x0,
0x54,0x0,0x0,0x0,0x0,0x0,0x0,0x0,
0x9c,0x0,0x0,0x0,0x5c,0x0,0x50,0x0,
0x0,0x0,0x0,0x0,0x9c,0x0,0x0,0x0,
0x0,0x0,0x0,0x0,0x9c,0x0,0x0,0x0,
0x0,0x0,0x0,0x0,0x38,0x0,0x0,0x0,
0x0,0x0,0x7,0x0,0x41,0x0,0x0,0x0,
0x0,0x0,0x0,0x0,0x5d,0x0,0x0,0x1,
0x5d,0x0,0xd0,0x1,0x36,0x0,0x0,0x0,
0x0,0x0,0x7,0x0,0x40,0x0,0x0,0x0,
0x0,0x0,0x0,0x0,0x5c,0x0,0xb0,0x2,
0x5c,0x0,0x60,0x3,0x34,0x0,0x0,0x0,
0x0,0x0,0x7,0x0,0x3f,0x0,0x0,0x0,
0x0,0x0,0x0,0x0,0x5c,0x0,0x0,0x1,
0x5c,0x0,0x90,0x1,0x0,0x0,0x0,0x0,
0x33,0x0,0x0,0x0,0x0,0x0,0x0,0x0,
0x0,0x0,0xff,0xff,0xff,0xff,0xff,0xff,
0x0,0x0,0x0,0x0,0x54,0x0,0x0,0x0,
0x54,0x0,0x0,0x0,0x54,0x0,0x0,0x0,
0x0,0x0,0x0,0x0,0x54,0x0,0x0,0x0,
0x54,0x0,0x0,0x0,0x0,0x0,0x3,0x0,
0x54,0x0,0x0,0x0,0x0,0x0,0x0,0x0,
0x9c,0x0,0x0,0x0,0x62,0x0,0x50,0x0,
0x0,0x0,0x0,0x0,0x9c,0x0,0x0,0x0,
0x0,0x0,0x0,0x0,0x9c,0x0,0x0,0x0,
0x0,0x0,0x0,0x0,0x38,0x0,0x0,0x0,
0x0,0x0,0x7,0x0,0x44,0x0,0x0,0x0,
0x0,0x0,0x0,0x0,0x63,0x0,0x0,0x1,
0x63,0x0,0xd0,0x1,0x36,0x0,0x0,0x0,
0x0,0x0,0x7,0x0,0x43,0x0,0x0,0x0,
0x0,0x0,0x0,0x0,0x62,0x0,0x80,0x2,
0x62,0x0,0x30,0x3,0x34,0x0,0x0,0x0,
0x0,0x0,0x7,0x0,0x42,0x0,0x0,0x0,
0x0,0x0,0x0,0x0,0x62,0x0,0x0,0x1,
0x62,0x0,0x90,0x1,0x0,0x0,0x0,0x0,
0x33,0x0,0x0,0x0,0x0,0x0,0x0,0x0,
0x0,0x0,0xff,0xff,0xff,0xff,0xff,0xff,
0x0,0x0,0x0,0x0,0x54,0x0,0x0,0x0,
0x54,0x0,0x0,0x0,0x54,0x0,0x0,0x0,
0x0,0x0,0x0,0x0,0x54,0x0,0x0,0x0,
0x54,0x0,0x0,0x0,0x0,0x0,0x3,0x0,
0x54,0x0,0x0,0x0,0x0,0x0,0x0,0x0,
0x9c,0x0,0x0,0x0,0x64,0x0,0x50,0x0,
0x0,0x0,0x0,0x0,0x9c,0x0,0x0,0x0,
0x0,0x0,0x0,0x0,0x9c,0x0,0x0,0x0,
0x0,0x0,0x0,0x0,0x38,0x0,0x0,0x0,
0x0,0x0,0x7,0x0,0x47,0x0,0x0,0x0,
0x0,0x0,0x0,0x0,0x65,0x0,0x0,0x1,
0x65,0x0,0xd0,0x1,0x36,0x0,0x0,0x0,
0x0,0x0,0x7,0x0,0x46,0x0,0x0,0x0,
0x0,0x0,0x0,0x0,0x64,0x0,0x80,0x2,
0x64,0x0,0x30,0x3,0x34,0x0,0x0,0x0,
0x0,0x0,0x7,0x0,0x45,0x0,0x0,0x0,
0x0,0x0,0x0,0x0,0x64,0x0,0x0,0x1,
0x64,0x0,0x90,0x1,0x0,0x0,0x0,0x0,
0x43,0x0,0x0,0x0,0x0,0x0,0x0,0x0,
0x0,0x0,0xff,0xff,0xff,0xff,0xff,0xff,
0x1,0x0,0x0,0x0,0x54,0x0,0x0,0x0,
0x58,0x0,0x0,0x0,0x58,0x0,0x0,0x0,
0x0,0x0,0x0,0x0,0x58,0x0,0x0,0x0,
0x58,0x0,0x0,0x0,0x0,0x0,0x1,0x0,
0x58,0x0,0x0,0x0,0x0,0x0,0x0,0x0,
0x70,0x0,0x0,0x0,0x6f,0x0,0x50,0x0,
0x0,0x0,0x0,0x0,0x70,0x0,0x0,0x0,
0x0,0x0,0x0,0x0,0x70,0x0,0x0,0x0,
0x0,0x0,0x0,0x0,0x49,0x0,0x0,0x0,
0x44,0x0,0x0,0x0,0x0,0x0,0x7,0x0,
0x48,0x0,0x0,0x0,0x0,0x0,0x0,0x0,
0x70,0x0,0x90,0x0,0x70,0x0,0x10,0x1,
0x48,0x0,0x0,0x0,0x49,0x0,0x0,0x0,
0x0,0x0,0xff,0xff,0xff,0xff,0xff,0xff,
0x0,0x0,0x0,0x0,0x54,0x0,0x0,0x0,
0x54,0x0,0x0,0x0,0x54,0x0,0x0,0x0,
0x0,0x0,0x0,0x0,0x54,0x0,0x0,0x0,
0x54,0x0,0x0,0x0,0x0,0x0,0x2,0x0,
0x54,0x0,0x0,0x0,0x0,0x0,0x0,0x0,
0x84,0x0,0x0,0x0,0x77,0x0,0x50,0x0,
0x77,0x0,0xd0,0x0,0x84,0x0,0x0,0x0,
0x0,0x0,0x0,0x0,0x84,0x0,0x0,0x0,
0x0,0x0,0x0,0x0,0x4b,0x0,0x0,0x0,
0x0,0x0,0x7,0x0,0x4a,0x0,0x0,0x0,
0x0,0x0,0x0,0x0,0x77,0x0,0xf0,0x2,
0x77,0x0,0xc0,0x3,0x4a,0x0,0x0,0x0,
0x0,0x0,0x2,0x0,0x4,0x0,0x0,0x0,
0x0,0x0,0x0,0x0,0x77,0x0,0xf0,0x1,
0x77,0x0,0x90,0x2,0x0,0x0,0x0,0x0,
0x4f,0x0,0x0,0x0,0x0,0x0,0x0,0x0,
0x0,0x0,0xff,0xff,0xff,0xff,0xff,0xff,
0x0,0x0,0x0,0x0,0x54,0x0,0x0,0x0,
0x54,0x0,0x0,0x0,0x54,0x0,0x0,0x0,
0x0,0x0,0x0,0x0,0x54,0x0,0x0,0x0,
0x54,0x0,0x0,0x0,0x0,0x0,0x6,0x0,
0x54,0x0,0x0,0x0,0x0,0x0,0x0,0x0,
0xe4,0x0,0x0,0x0,0x8a,0x0,0xe0,0x0,
0x0,0x0,0x0,0x0,0xe4,0x0,0x0,0x0,
0x0,0x0,0x0,0x0,0xe4,0x0,0x0,0x0,
0x0,0x0,0x0,0x0,0x51,0x0,0x0,0x0,
0x0,0x0,0x8,0x0,0x1b,0x0,0x0,0x0,
0x0,0x0,0x0,0x0,0x8b,0x0,0x90,0x0,
0x8b,0x0,0x50,0x1,0x0,0x0,0x0,0x0,
0x0,0x0,0x8,0x0,0x1c,0x0,0x0,0x0,
0x0,0x0,0x0,0x0,0x8c,0x0,0x90,0x0,
0x8c,0x0,0x90,0x0,0x0,0x0,0x0,0x0,
0x0,0x0,0x8,0x0,0x26,0x0,0x0,0x0,
0x0,0x0,0x0,0x0,0xa6,0x0,0x90,0x0,
0xa6,0x0,0x90,0x0,0x0,0x0,0x0,0x0,
0x0,0x0,0x8,0x0,0x2a,0x0,0x0,0x0,
0x0,0x0,0x0,0x0,0xac,0x0,0x90,0x0,
0xac,0x0,0x90,0x0,0x0,0x0,0x0,0x0,
0x0,0x0,0x8,0x0,0x31,0x0,0x0,0x0,
0x0,0x0,0x0,0x0,0xc6,0x0,0x90,0x0,
0xc6,0x0,0x90,0x0,0x0,0x0,0x0,0x0,
0x0,0x0,0x8,0x0,0x37,0x0,0x0,0x0,
0x0,0x0,0x0,0x0,0xdc,0x0,0x90,0x0,
0xdc,0x0,0x90,0x0,0x0,0x0,0x0,0x0,
0x50,0x0,0x0,0x0,0x0,0x0,0x0,0x0,
0x0,0x0,0xff,0xff,0xff,0xff,0xff,0xff,
0x0,0x0,0x0,0x0,0x54,0x0,0x0,0x0,
0x54,0x0,0x0,0x0,0x54,0x0,0x0,0x0,
0x0,0x0,0x0,0x0,0x54,0x0,0x0,0x0,
0x54,0x0,0x0,0x0,0x0,0x0,0x1,0x0,
0x54,0x0,0x0,0x0,0x0,0x0,0x0,0x0,
0x6c,0x0,0x0,0x0,0x8b,0x0,0x50,0x1,
0x0,0x0,0x0,0x0,0x6c,0x0,0x0,0x0,
0x0,0x0,0x0,0x0,0x6c,0x0,0x0,0x0,
0x0,0x0,0x0,0x0,0xd,0x0,0x0,0x0,
0x0,0x0,0x3,0x0,0x0,0x0,0x0,0x0,
0xe,0x0,0x0,0x0,0x8b,0x0,0x10,0x2,
0x8b,0x0,0x80,0x2,0x0,0x0,0x0,0x0,
0x52,0x0,0x0,0x0,0x0,0x0,0x0,0x0,
0x0,0x0,0xff,0xff,0xff,0xff,0xff,0xff,
0x0,0x0,0x0,0x0,0x54,0x0,0x0,0x0,
0x54,0x0,0x0,0x0,0x54,0x0,0x0,0x0,
0x0,0x0,0x0,0x0,0x54,0x0,0x0,0x0,
0x54,0x0,0x0,0x0,0x0,0x0,0xa,0x0,
0x54,0x0,0x0,0x0,0x0,0x0,0x0,0x0,
0x44,0x1,0x0,0x0,0x8c,0x0,0x90,0x0,
0x0,0x0,0x0,0x0,0x44,0x1,0x0,0x0,
0x0,0x0,0x0,0x0,0x44,0x1,0x0,0x0,
0x0,0x0,0x0,0x0,0xb,0x0,0x0,0x0,
0x0,0x0,0x5,0x0,0x2,0x0,0x0,0x0,
0x0,0x0,0x0,0x0,0x8d,0x0,0xd0,0x0,
0x8d,0x0,0x40,0x1,0x0,0x0,0x0,0x0,
0x0,0x0,0x8,0x0,0x1d,0x0,0x0,0x0,
0x0,0x0,0x0,0x0,0x8e,0x0,0xd0,0x0,
0x8e,0x0,0xd0,0x0,0x0,0x0,0x0,0x0,
0x0,0x0,0x8,0x0,0x1e,0x0,0x0,0x0,
0x0,0x0,0x0,0x0,0x92,0x0,0xd0,0x0,
0x92,0x0,0xd0,0x0,0x0,0x0,0x0,0x0,
0x0,0x0,0x8,0x0,0x1f,0x0,0x0,0x0,
0x0,0x0,0x0,0x0,0x97,0x0,0xd0,0x0,
0x97,0x0,0xd0,0x0,0x0,0x0,0x0,0x0,
0x0,0x0,0x8,0x0,0x20,0x0,0x0,0x0,
0x0,0x0,0x0,0x0,0x98,0x0,0xd0,0x0,
0x98,0x0,0xd0,0x0,0x0,0x0,0x0,0x0,
0x0,0x0,0x8,0x0,0x21,0x0,0x0,0x0,
0x0,0x0,0x0,0x0,0x99,0x0,0xd0,0x0,
0x99,0x0,0xd0,0x0,0x0,0x0,0x0,0x0,
0x0,0x0,0x8,0x0,0x22,0x0,0x0,0x0,
0x0,0x0,0x0,0x0,0x9a,0x0,0xd0,0x0,
0x9a,0x0,0xd0,0x0,0x0,0x0,0x0,0x0,
0x0,0x0,0x8,0x0,0x23,0x0,0x0,0x0,
0x0,0x0,0x0,0x0,0x9b,0x0,0xd0,0x0,
0x9b,0x0,0xd0,0x0,0x0,0x0,0x0,0x0,
0x0,0x0,0x8,0x0,0x24,0x0,0x0,0x0,
0x0,0x0,0x0,0x0,0xa0,0x0,0xd0,0x0,
0xa0,0x0,0xd0,0x0,0x0,0x0,0x0,0x0,
0x0,0x0,0x8,0x0,0x25,0x0,0x0,0x0,
0x0,0x0,0x0,0x0,0xa1,0x0,0xd0,0x0,
0xa1,0x0,0xd0,0x0,0x0,0x0,0x0,0x0,
0x54,0x0,0x0,0x0,0x0,0x0,0x0,0x0,
0x0,0x0,0xff,0xff,0xff,0xff,0xff,0xff,
0x0,0x0,0x0,0x0,0x54,0x0,0x0,0x0,
0x54,0x0,0x0,0x0,0x54,0x0,0x0,0x0,
0x0,0x0,0x0,0x0,0x54,0x0,0x0,0x0,
0x54,0x0,0x0,0x0,0x0,0x0,0x2,0x0,
0x54,0x0,0x0,0x0,0x0,0x0,0x0,0x0,
0x84,0x0,0x0,0x0,0x8e,0x0,0xd0,0x0,
0x0,0x0,0x0,0x0,0x84,0x0,0x0,0x0,
0x0,0x0,0x0,0x0,0x84,0x0,0x0,0x0,
0x0,0x0,0x0,0x0,0x4b,0x0,0x0,0x0,
0x0,0x0,0x7,0x0,0x4b,0x0,0x0,0x0,
0x0,0x0,0x0,0x0,0x90,0x0,0x10,0x1,
0x90,0x0,0xe0,0x1,0x55,0x0,0x0,0x0,
0x0,0x0,0x5,0x0,0x3,0x0,0x0,0x0,
0x0,0x0,0x0,0x0,0x8f,0x0,0x10,0x1,
0x8f,0x0,0x70,0x1,0x0,0x0,0x0,0x0,
0x54,0x0,0x0,0x0,0x0,0x0,0x0,0x0,
0x0,0x0,0xff,0xff,0xff,0xff,0xff,0xff,
0x0,0x0,0x0,0x0,0x54,0x0,0x0,0x0,
0x54,0x0,0x0,0x0,0x54,0x0,0x0,0x0,
0x0,0x0,0x0,0x0,0x54,0x0,0x0,0x0,
0x54,0x0,0x0,0x0,0x0,0x0,0x3,0x0,
0x54,0x0,0x0,0x0,0x0,0x0,0x0,0x0,
0x9c,0x0,0x0,0x0,0x92,0x0,0xd0,0x0,
0x0,0x0,0x0,0x0,0x9c,0x0,0x0,0x0,
0x0,0x0,0x0,0x0,0x9c,0x0,0x0,0x0,
0x0,0x0,0x0,0x0,0x4b,0x0,0x0,0x0,
0x0,0x0,0x7,0x0,0x4d,0x0,0x0,0x0,
0x0,0x0,0x0,0x0,0x95,0x0,0x10,0x1,
0x95,0x0,0xe0,0x1,0x34,0x0,0x0,0x0,
0x0,0x0,0x7,0x0,0x4c,0x0,0x0,0x0,
0x0,0x0,0x0,0x0,0x94,0x0,0x10,0x1,
0x94,0x0,0xa0,0x1,0x55,0x0,0x0,0x0,
0x0,0x0,0x5,0x0,0x4,0x0,0x0,0x0,
0x0,0x0,0x0,0x0,0x93,0x0,0x10,0x1,
0x93,0x0,0x70,0x1,0x0,0x0,0x0,0x0,
0x58,0x0,0x0,0x0,0x0,0x0,0x0,0x0,
0x0,0x0,0xff,0xff,0xff,0xff,0xff,0xff,
0x0,0x0,0x0,0x0,0x54,0x0,0x0,0x0,
0x54,0x0,0x0,0x0,0x54,0x0,0x0,0x0,
0x0,0x0,0x0,0x0,0x54,0x0,0x0,0x0,
0x54,0x0,0x0,0x0,0x0,0x0,0x0,0x0,
0x54,0x0,0x0,0x0,0x0,0x0,0x0,0x0,
0x54,0x0,0x0,0x0,0x97,0x0,0xd0,0x0,
0x0,0x0,0x0,0x0,0x54,0x0,0x0,0x0,
0x0,0x0,0x0,0x0,0x54,0x0,0x0,0x0,
0x0,0x0,0x0,0x0,0x0,0x0,0x0,0x0,
0x54,0x0,0x0,0x0,0x0,0x0,0x0,0x0,
0x0,0x0,0xff,0xff,0xff,0xff,0xff,0xff,
0x0,0x0,0x0,0x0,0x54,0x0,0x0,0x0,
0x54,0x0,0x0,0x0,0x54,0x0,0x0,0x0,
0x0,0x0,0x0,0x0,0x54,0x0,0x0,0x0,
0x54,0x0,0x0,0x0,0x0,0x0,0x2,0x0,
0x54,0x0,0x0,0x0,0x0,0x0,0x0,0x0,
0x84,0x0,0x0,0x0,0x98,0x0,0xd0,0x0,
0x0,0x0,0x0,0x0,0x84,0x0,0x0,0x0,
0x0,0x0,0x0,0x0,0x84,0x0,0x0,0x0,
0x0,0x0,0x0,0x0,0x34,0x0,0x0,0x0,
0x0,0x0,0x1,0x0,0x0,0x0,0x0,0x0,
0x0,0x0,0x0,0x0,0x98,0x0,0x70,0x3,
0x98,0x0,0x0,0x4,0x55,0x0,0x0,0x0,
0x0,0x0,0x5,0x0,0x5,0x0,0x0,0x0,
0x0,0x0,0x0,0x0,0x98,0x0,0x80,0x1,
0x98,0x0,0xe0,0x1,0x0,0x0,0x0,0x0,
0x54,0x0,0x0,0x0,0x0,0x0,0x0,0x0,
0x0,0x0,0xff,0xff,0xff,0xff,0xff,0xff,
0x0,0x0,0x0,0x0,0x54,0x0,0x0,0x0,
0x54,0x0,0x0,0x0,0x54,0x0,0x0,0x0,
0x0,0x0,0x0,0x0,0x54,0x0,0x0,0x0,
0x54,0x0,0x0,0x0,0x0,0x0,0x2,0x0,
0x54,0x0,0x0,0x0,0x0,0x0,0x0,0x0,
0x84,0x0,0x0,0x0,0x99,0x0,0xd0,0x0,
0x0,0x0,0x0,0x0,0x84,0x0,0x0,0x0,
0x0,0x0,0x0,0x0,0x84,0x0,0x0,0x0,
0x0,0x0,0x0,0x0,0x34,0x0,0x0,0x0,
0x0,0x0,0x1,0x0,0x0,0x0,0x0,0x0,
0x0,0x0,0x0,0x0,0x99,0x0,0x80,0x3,
0x99,0x0,0x10,0x4,0x55,0x0,0x0,0x0,
0x0,0x0,0x5,0x0,0x6,0x0,0x0,0x0,
0x0,0x0,0x0,0x0,0x99,0x0,0x80,0x1,
0x99,0x0,0xe0,0x1,0x0,0x0,0x0,0x0,
0x58,0x0,0x0,0x0,0x0,0x0,0x0,0x0,
0x0,0x0,0xff,0xff,0xff,0xff,0xff,0xff,
0x0,0x0,0x0,0x0,0x54,0x0,0x0,0x0,
0x54,0x0,0x0,0x0,0x54,0x0,0x0,0x0,
0x0,0x0,0x0,0x0,0x54,0x0,0x0,0x0,
0x54,0x0,0x0,0x0,0x0,0x0,0x0,0x0,
0x54,0x0,0x0,0x0,0x0,0x0,0x0,0x0,
0x54,0x0,0x0,0x0,0x9a,0x0,0xd0,0x0,
0x0,0x0,0x0,0x0,0x54,0x0,0x0,0x0,
0x0,0x0,0x0,0x0,0x54,0x0,0x0,0x0,
0x0,0x0,0x0,0x0,0x0,0x0,0x0,0x0,
0x54,0x0,0x0,0x0,0x0,0x0,0x0,0x0,
0x0,0x0,0xff,0xff,0xff,0xff,0xff,0xff,
0x0,0x0,0x0,0x0,0x54,0x0,0x0,0x0,
0x54,0x0,0x0,0x0,0x54,0x0,0x0,0x0,
0x0,0x0,0x0,0x0,0x54,0x0,0x0,0x0,
0x54,0x0,0x0,0x0,0x0,0x0,0x3,0x0,
0x54,0x0,0x0,0x0,0x0,0x0,0x0,0x0,
0x9c,0x0,0x0,0x0,0x9b,0x0,0xd0,0x0,
0x0,0x0,0x0,0x0,0x9c,0x0,0x0,0x0,
0x0,0x0,0x0,0x0,0x9c,0x0,0x0,0x0,
0x0,0x0,0x0,0x0,0x4b,0x0,0x0,0x0,
0x0,0x0,0x7,0x0,0x50,0x0,0x0,0x0,
0x0,0x0,0x0,0x0,0x9e,0x0,0x10,0x1,
0x9e,0x0,0xe0,0x1,0x34,0x0,0x0,0x0,
0x0,0x0,0x7,0x0,0x4f,0x0,0x0,0x0,
0x0,0x0,0x0,0x0,0x9d,0x0,0x10,0x1,
0x9d,0x0,0xa0,0x1,0x55,0x0,0x0,0x0,
0x0,0x0,0x7,0x0,0x4e,0x0,0x0,0x0,
0x0,0x0,0x0,0x0,0x9c,0x0,0x10,0x1,
0x9c,0x0,0x70,0x1,0x0,0x0,0x0,0x0,
0x58,0x0,0x0,0x0,0x0,0x0,0x0,0x0,
0x0,0x0,0xff,0xff,0xff,0xff,0xff,0xff,
0x0,0x0,0x0,0x0,0x54,0x0,0x0,0x0,
0x54,0x0,0x0,0x0,0x54,0x0,0x0,0x0,
0x0,0x0,0x0,0x0,0x54,0x0,0x0,0x0,
0x54,0x0,0x0,0x0,0x0,0x0,0x0,0x0,
0x54,0x0,0x0,0x0,0x0,0x0,0x0,0x0,
0x54,0x0,0x0,0x0,0xa0,0x0,0xd0,0x0,
0x0,0x0,0x0,0x0,0x54,0x0,0x0,0x0,
0x0,0x0,0x0,0x0,0x54,0x0,0x0,0x0,
0x0,0x0,0x0,0x0,0x0,0x0,0x0,0x0,
0x54,0x0,0x0,0x0,0x0,0x0,0x0,0x0,
0x0,0x0,0xff,0xff,0xff,0xff,0xff,0xff,
0x0,0x0,0x0,0x0,0x54,0x0,0x0,0x0,
0x54,0x0,0x0,0x0,0x54,0x0,0x0,0x0,
0x0,0x0,0x0,0x0,0x54,0x0,0x0,0x0,
0x54,0x0,0x0,0x0,0x0,0x0,0x2,0x0,
0x54,0x0,0x0,0x0,0x0,0x0,0x0,0x0,
0x84,0x0,0x0,0x0,0xa1,0x0,0xd0,0x0,
0x0,0x0,0x0,0x0,0x84,0x0,0x0,0x0,
0x0,0x0,0x0,0x0,0x84,0x0,0x0,0x0,
0x0,0x0,0x0,0x0,0x4b,0x0,0x0,0x0,
0x0,0x0,0x7,0x0,0x51,0x0,0x0,0x0,
0x0,0x0,0x0,0x0,0xa3,0x0,0x10,0x1,
0xa3,0x0,0xe0,0x1,0x55,0x0,0x0,0x0,
0x0,0x0,0x5,0x0,0x7,0x0,0x0,0x0,
0x0,0x0,0x0,0x0,0xa2,0x0,0x10,0x1,
0xa2,0x0,0x70,0x1,0x0,0x0,0x0,0x0,
0x52,0x0,0x0,0x0,0x0,0x0,0x0,0x0,
0x0,0x0,0xff,0xff,0xff,0xff,0xff,0xff,
0x0,0x0,0x0,0x0,0x54,0x0,0x0,0x0,
0x54,0x0,0x0,0x0,0x54,0x0,0x0,0x0,
0x0,0x0,0x0,0x0,0x54,0x0,0x0,0x0,
0x54,0x0,0x0,0x0,0x0,0x0,0x4,0x0,
0x54,0x0,0x0,0x0,0x0,0x0,0x0,0x0,
0xb4,0x0,0x0,0x0,0xa6,0x0,0x90,0x0,
0x0,0x0,0x0,0x0,0xb4,0x0,0x0,0x0,
0x0,0x0,0x0,0x0,0xb4,0x0,0x0,0x0,
0x0,0x0,0x0,0x0,0xb,0x0,0x0,0x0,
0x0,0x0,0x5,0x0,0x8,0x0,0x0,0x0,
0x0,0x0,0x0,0x0,0xa7,0x0,0xd0,0x0,
0xa7,0x0,0x40,0x1,0x0,0x0,0x0,0x0,
0x0,0x0,0x8,0x0,0x27,0x0,0x0,0x0,
0x0,0x0,0x0,0x0,0xa8,0x0,0xd0,0x0,
0xa8,0x0,0xd0,0x0,0x0,0x0,0x0,0x0,
0x0,0x0,0x8,0x0,0x28,0x0,0x0,0x0,
0x0,0x0,0x0,0x0,0xa9,0x0,0xd0,0x0,
0xa9,0x0,0xd0,0x0,0x0,0x0,0x0,0x0,
0x0,0x0,0x8,0x0,0x29,0x0,0x0,0x0,
0x0,0x0,0x0,0x0,0xaa,0x0,0xd0,0x0,
0xaa,0x0,0xd0,0x0,0x0,0x0,0x0,0x0,
0x54,0x0,0x0,0x0,0x0,0x0,0x0,0x0,
0x0,0x0,0xff,0xff,0xff,0xff,0xff,0xff,
0x0,0x0,0x0,0x0,0x54,0x0,0x0,0x0,
0x54,0x0,0x0,0x0,0x54,0x0,0x0,0x0,
0x0,0x0,0x0,0x0,0x54,0x0,0x0,0x0,
0x54,0x0,0x0,0x0,0x0,0x0,0x2,0x0,
0x54,0x0,0x0,0x0,0x0,0x0,0x0,0x0,
0x84,0x0,0x0,0x0,0xa8,0x0,0xd0,0x0,
0x0,0x0,0x0,0x0,0x84,0x0,0x0,0x0,
0x0,0x0,0x0,0x0,0x84,0x0,0x0,0x0,
0x0,0x0,0x0,0x0,0x34,0x0,0x0,0x0,
0x0,0x0,0x1,0x0,0x0,0x0,0x0,0x0,
0x0,0x0,0x0,0x0,0xa8,0x0,0xc0,0x2,
0xa8,0x0,0x50,0x3,0x55,0x0,0x0,0x0,
0x0,0x0,0x5,0x0,0x9,0x0,0x0,0x0,
0x0,0x0,0x0,0x0,0xa8,0x0,0x80,0x1,
0xa8,0x0,0xe0,0x1,0x0,0x0,0x0,0x0,
0x58,0x0,0x0,0x0,0x0,0x0,0x0,0x0,
0x0,0x0,0xff,0xff,0xff,0xff,0xff,0xff,
0x0,0x0,0x0,0x0,0x54,0x0,0x0,0x0,
0x54,0x0,0x0,0x0,0x54,0x0,0x0,0x0,
0x0,0x0,0x0,0x0,0x54,0x0,0x0,0x0,
0x54,0x0,0x0,0x0,0x0,0x0,0x0,0x0,
0x54,0x0,0x0,0x0,0x0,0x0,0x0,0x0,
0x54,0x0,0x0,0x0,0xa9,0x0,0xd0,0x0,
0x0,0x0,0x0,0x0,0x54,0x0,0x0,0x0,
0x0,0x0,0x0,0x0,0x54,0x0,0x0,0x0,
0x0,0x0,0x0,0x0,0x0,0x0,0x0,0x0,
0x54,0x0,0x0,0x0,0x0,0x0,0x0,0x0,
0x0,0x0,0xff,0xff,0xff,0xff,0xff,0xff,
0x0,0x0,0x0,0x0,0x54,0x0,0x0,0x0,
0x54,0x0,0x0,0x0,0x54,0x0,0x0,0x0,
0x0,0x0,0x0,0x0,0x54,0x0,0x0,0x0,
0x54,0x0,0x0,0x0,0x0,0x0,0x2,0x0,
0x54,0x0,0x0,0x0,0x0,0x0,0x0,0x0,
0x84,0x0,0x0,0x0,0xaa,0x0,0xd0,0x0,
0x0,0x0,0x0,0x0,0x84,0x0,0x0,0x0,
0x0,0x0,0x0,0x0,0x84,0x0,0x0,0x0,
0x0,0x0,0x0,0x0,0x34,0x0,0x0,0x0,
0x0,0x0,0x1,0x0,0x0,0x0,0x0,0x0,
0x0,0x0,0x0,0x0,0xaa,0x0,0x40,0x3,
0xaa,0x0,0xd0,0x3,0x55,0x0,0x0,0x0,
0x0,0x0,0x5,0x0,0xa,0x0,0x0,0x0,
0x0,0x0,0x0,0x0,0xaa,0x0,0x80,0x1,
0xaa,0x0,0xe0,0x1,0x0,0x0,0x0,0x0,
0x52,0x0,0x0,0x0,0x0,0x0,0x0,0x0,
0x0,0x0,0xff,0xff,0xff,0xff,0xff,0xff,
0x0,0x0,0x0,0x0,0x54,0x0,0x0,0x0,
0x54,0x0,0x0,0x0,0x54,0x0,0x0,0x0,
0x0,0x0,0x0,0x0,0x54,0x0,0x0,0x0,
0x54,0x0,0x0,0x0,0x0,0x0,0x7,0x0,
0x54,0x0,0x0,0x0,0x0,0x0,0x0,0x0,
0xfc,0x0,0x0,0x0,0xac,0x0,0x90,0x0,
0x0,0x0,0x0,0x0,0xfc,0x0,0x0,0x0,
0x0,0x0,0x0,0x0,0xfc,0x0,0x0,0x0,
0x0,0x0,0x0,0x0,0xb,0x0,0x0,0x0,
0x0,0x0,0x5,0x0,0xb,0x0,0x0,0x0,
0x0,0x0,0x0,0x0,0xad,0x0,0xd0,0x0,
0xad,0x0,0x40,0x1,0x0,0x0,0x0,0x0,
0x0,0x0,0x8,0x0,0x2b,0x0,0x0,0x0,
0x0,0x0,0x0,0x0,0xae,0x0,0xd0,0x0,
0xae,0x0,0xd0,0x0,0x0,0x0,0x0,0x0,
0x0,0x0,0x8,0x0,0x2c,0x0,0x0,0x0,
0x0,0x0,0x0,0x0,0xb2,0x0,0xd0,0x0,
0xb2,0x0,0xd0,0x0,0x0,0x0,0x0,0x0,
0x0,0x0,0x8,0x0,0x2d,0x0,0x0,0x0,
0x0,0x0,0x0,0x0,0xb6,0x0,0xd0,0x0,
0xb6,0x0,0xd0,0x0,0x0,0x0,0x0,0x0,
0x0,0x0,0x8,0x0,0x2e,0x0,0x0,0x0,
0x0,0x0,0x0,0x0,0xba,0x0,0xd0,0x0,
0xba,0x0,0xd0,0x0,0x0,0x0,0x0,0x0,
0x0,0x0,0x8,0x0,0x2f,0x0,0x0,0x0,
0x0,0x0,0x0,0x0,0xbe,0x0,0xd0,0x0,
0xbe,0x0,0xd0,0x0,0x0,0x0,0x0,0x0,
0x0,0x0,0x8,0x0,0x30,0x0,0x0,0x0,
0x0,0x0,0x0,0x0,0xc4,0x0,0xd0,0x0,
0xc4,0x0,0xd0,0x0,0x0,0x0,0x0,0x0,
0x54,0x0,0x0,0x0,0x0,0x0,0x0,0x0,
0x0,0x0,0xff,0xff,0xff,0xff,0xff,0xff,
0x0,0x0,0x0,0x0,0x54,0x0,0x0,0x0,
0x54,0x0,0x0,0x0,0x54,0x0,0x0,0x0,
0x0,0x0,0x0,0x0,0x54,0x0,0x0,0x0,
0x54,0x0,0x0,0x0,0x0,0x0,0x2,0x0,
0x54,0x0,0x0,0x0,0x0,0x0,0x0,0x0,
0x84,0x0,0x0,0x0,0xae,0x0,0xd0,0x0,
0x0,0x0,0x0,0x0,0x84,0x0,0x0,0x0,
0x0,0x0,0x0,0x0,0x84,0x0,0x0,0x0,
0x0,0x0,0x0,0x0,0x4b,0x0,0x0,0x0,
0x0,0x0,0x7,0x0,0x52,0x0,0x0,0x0,
0x0,0x0,0x0,0x0,0xb0,0x0,0x10,0x1,
0xb0,0x0,0xe0,0x1,0x55,0x0,0x0,0x0,
0x0,0x0,0x5,0x0,0xc,0x0,0x0,0x0,
0x0,0x0,0x0,0x0,0xaf,0x0,0x10,0x1,
0xaf,0x0,0x70,0x1,0x0,0x0,0x0,0x0,
0x54,0x0,0x0,0x0,0x0,0x0,0x0,0x0,
0x0,0x0,0xff,0xff,0xff,0xff,0xff,0xff,
0x0,0x0,0x0,0x0,0x54,0x0,0x0,0x0,
0x54,0x0,0x0,0x0,0x54,0x0,0x0,0x0,
0x0,0x0,0x0,0x0,0x54,0x0,0x0,0x0,
0x54,0x0,0x0,0x0,0x0,0x0,0x2,0x0,
0x54,0x0,0x0,0x0,0x0,0x0,0x0,0x0,
0x84,0x0,0x0,0x0,0xb2,0x0,0xd0,0x0,
0x0,0x0,0x0,0x0,0x84,0x0,0x0,0x0,
0x0,0x0,0x0,0x0,0x84,0x0,0x0,0x0,
0x0,0x0,0x0,0x0,0x34,0x0,0x0,0x0,
0x0,0x0,0x1,0x0,0x0,0x0,0x0,0x0,
0x0,0x0,0x0,0x0,0xb4,0x0,0x10,0x1,
0xb4,0x0,0xa0,0x1,0x55,0x0,0x0,0x0,
0x0,0x0,0x5,0x0,0xd,0x0,0x0,0x0,
0x0,0x0,0x0,0x0,0xb3,0x0,0x10,0x1,
0xb3,0x0,0x70,0x1,0x0,0x0,0x0,0x0,
0x54,0x0,0x0,0x0,0x0,0x0,0x0,0x0,
0x0,0x0,0xff,0xff,0xff,0xff,0xff,0xff,
0x0,0x0,0x0,0x0,0x54,0x0,0x0,0x0,
0x54,0x0,0x0,0x0,0x54,0x0,0x0,0x0,
0x0,0x0,0x0,0x0,0x54,0x0,0x0,0x0,
0x54,0x0,0x0,0x0,0x0,0x0,0x2,0x0,
0x54,0x0,0x0,0x0,0x0,0x0,0x0,0x0,
0x84,0x0,0x0,0x0,0xb6,0x0,0xd0,0x0,
0x0,0x0,0x0,0x0,0x84,0x0,0x0,0x0,
0x0,0x0,0x0,0x0,0x84,0x0,0x0,0x0,
0x0,0x0,0x0,0x0,0x4b,0x0,0x0,0x0,
0x0,0x0,0x7,0x0,0x53,0x0,0x0,0x0,
0x0,0x0,0x0,0x0,0xb8,0x0,0x10,0x1,
0xb8,0x0,0xe0,0x1,0x55,0x0,0x0,0x0,
0x0,0x0,0x5,0x0,0xe,0x0,0x0,0x0,
0x0,0x0,0x0,0x0,0xb7,0x0,0x10,0x1,
0xb7,0x0,0x70,0x1,0x0,0x0,0x0,0x0,
0x54,0x0,0x0,0x0,0x0,0x0,0x0,0x0,
0x0,0x0,0xff,0xff,0xff,0xff,0xff,0xff,
0x0,0x0,0x0,0x0,0x54,0x0,0x0,0x0,
0x54,0x0,0x0,0x0,0x54,0x0,0x0,0x0,
0x0,0x0,0x0,0x0,0x54,0x0,0x0,0x0,
0x54,0x0,0x0,0x0,0x0,0x0,0x2,0x0,
0x54,0x0,0x0,0x0,0x0,0x0,0x0,0x0,
0x84,0x0,0x0,0x0,0xba,0x0,0xd0,0x0,
0x0,0x0,0x0,0x0,0x84,0x0,0x0,0x0,
0x0,0x0,0x0,0x0,0x84,0x0,0x0,0x0,
0x0,0x0,0x0,0x0,0x4b,0x0,0x0,0x0,
0x0,0x0,0x7,0x0,0x54,0x0,0x0,0x0,
0x0,0x0,0x0,0x0,0xbc,0x0,0x10,0x1,
0xbc,0x0,0xe0,0x1,0x55,0x0,0x0,0x0,
0x0,0x0,0x5,0x0,0xf,0x0,0x0,0x0,
0x0,0x0,0x0,0x0,0xbb,0x0,0x10,0x1,
0xbb,0x0,0x70,0x1,0x0,0x0,0x0,0x0,
0x54,0x0,0x0,0x0,0x0,0x0,0x0,0x0,
0x0,0x0,0xff,0xff,0xff,0xff,0xff,0xff,
0x0,0x0,0x0,0x0,0x54,0x0,0x0,0x0,
0x54,0x0,0x0,0x0,0x54,0x0,0x0,0x0,
0x0,0x0,0x0,0x0,0x54,0x0,0x0,0x0,
0x54,0x0,0x0,0x0,0x0,0x0,0x3,0x0,
0x54,0x0,0x0,0x0,0x0,0x0,0x0,0x0,
0x9c,0x0,0x0,0x0,0xbe,0x0,0xd0,0x0,
0x0,0x0,0x0,0x0,0x9c,0x0,0x0,0x0,
0x0,0x0,0x0,0x0,0x9c,0x0,0x0,0x0,
0x0,0x0,0x0,0x0,0x4b,0x0,0x0,0x0,
0x0,0x0,0x7,0x0,0x56,0x0,0x0,0x0,
0x0,0x0,0x0,0x0,0xc1,0x0,0x10,0x1,
0xc1,0x0,0xe0,0x1,0x34,0x0,0x0,0x0,
0x0,0x0,0x7,0x0,0x55,0x0,0x0,0x0,
0x0,0x0,0x0,0x0,0xc0,0x0,0x10,0x1,
0xc0,0x0,0xa0,0x1,0x55,0x0,0x0,0x0,
0x0,0x0,0x5,0x0,0x10,0x0,0x0,0x0,
0x0,0x0,0x0,0x0,0xbf,0x0,0x10,0x1,
0xbf,0x0,0x70,0x1,0x0,0x0,0x0,0x0,
0x54,0x0,0x0,0x0,0x0,0x0,0x0,0x0,
0x0,0x0,0xff,0xff,0xff,0xff,0xff,0xff,
0x0,0x0,0x0,0x0,0x54,0x0,0x0,0x0,
0x54,0x0,0x0,0x0,0x54,0x0,0x0,0x0,
0x0,0x0,0x0,0x0,0x54,0x0,0x0,0x0,
0x54,0x0,0x0,0x0,0x0,0x0,0x2,0x0,
0x54,0x0,0x0,0x0,0x0,0x0,0x0,0x0,
0x84,0x0,0x0,0x0,0xc4,0x0,0xd0,0x0,
0x0,0x0,0x0,0x0,0x84,0x0,0x0,0x0,
0x0,0x0,0x0,0x0,0x84,0x0,0x0,0x0,
0x0,0x0,0x0,0x0,0x34,0x0,0x0,0x0,
0x0,0x0,0x1,0x0,0x0,0x0,0x0,0x0,
0x0,0x0,0x0,0x0,0xc4,0x0,0x50,0x3,
0xc4,0x0,0xe0,0x3,0x55,0x0,0x0,0x0,
0x0,0x0,0x5,0x0,0x11,0x0,0x0,0x0,
0x0,0x0,0x0,0x0,0xc4,0x0,0x80,0x1,
0xc4,0x0,0xe0,0x1,0x0,0x0,0x0,0x0,
0x52,0x0,0x0,0x0,0x0,0x0,0x0,0x0,
0x0,0x0,0xff,0xff,0xff,0xff,0xff,0xff,
0x0,0x0,0x0,0x0,0x54,0x0,0x0,0x0,
0x54,0x0,0x0,0x0,0x54,0x0,0x0,0x0,
0x0,0x0,0x0,0x0,0x54,0x0,0x0,0x0,
0x54,0x0,0x0,0x0,0x0,0x0,0x6,0x0,
0x54,0x0,0x0,0x0,0x0,0x0,0x0,0x0,
0xe4,0x0,0x0,0x0,0xc6,0x0,0x90,0x0,
0x0,0x0,0x0,0x0,0xe4,0x0,0x0,0x0,
0x0,0x0,0x0,0x0,0xe4,0x0,0x0,0x0,
0x0,0x0,0x0,0x0,0xb,0x0,0x0,0x0,
0x0,0x0,0x5,0x0,0x12,0x0,0x0,0x0,
0x0,0x0,0x0,0x0,0xc7,0x0,0xd0,0x0,
0xc7,0x0,0x40,0x1,0x0,0x0,0x0,0x0,
0x0,0x0,0x8,0x0,0x32,0x0,0x0,0x0,
0x0,0x0,0x0,0x0,0xc8,0x0,0xd0,0x0,
0xc8,0x0,0xd0,0x0,0x0,0x0,0x0,0x0,
0x0,0x0,0x8,0x0,0x33,0x0,0x0,0x0,
0x0,0x0,0x0,0x0,0xc9,0x0,0xd0,0x0,
0xc9,0x0,0xd0,0x0,0x0,0x0,0x0,0x0,
0x0,0x0,0x8,0x0,0x34,0x0,0x0,0x0,
0x0,0x0,0x0,0x0,0xcf,0x0,0xd0,0x0,
0xcf,0x0,0xd0,0x0,0x0,0x0,0x0,0x0,
0x0,0x0,0x8,0x0,0x35,0x0,0x0,0x0,
0x0,0x0,0x0,0x0,0xd4,0x0,0xd0,0x0,
0xd4,0x0,0xd0,0x0,0x0,0x0,0x0,0x0,
0x0,0x0,0x8,0x0,0x36,0x0,0x0,0x0,
0x0,0x0,0x0,0x0,0xd5,0x0,0xd0,0x0,
0xd5,0x0,0xd0,0x0,0x0,0x0,0x0,0x0,
0x54,0x0,0x0,0x0,0x0,0x0,0x0,0x0,
0x0,0x0,0xff,0xff,0xff,0xff,0xff,0xff,
0x0,0x0,0x0,0x0,0x54,0x0,0x0,0x0,
0x54,0x0,0x0,0x0,0x54,0x0,0x0,0x0,
0x0,0x0,0x0,0x0,0x54,0x0,0x0,0x0,
0x54,0x0,0x0,0x0,0x0,0x0,0x2,0x0,
0x54,0x0,0x0,0x0,0x0,0x0,0x0,0x0,
0x84,0x0,0x0,0x0,0xc8,0x0,0xd0,0x0,
0x0,0x0,0x0,0x0,0x84,0x0,0x0,0x0,
0x0,0x0,0x0,0x0,0x84,0x0,0x0,0x0,
0x0,0x0,0x0,0x0,0x34,0x0,0x0,0x0,
0x0,0x0,0x1,0x0,0x0,0x0,0x0,0x0,
0x0,0x0,0x0,0x0,0xc8,0x0,0xc0,0x3,
0xc8,0x0,0x50,0x4,0x55,0x0,0x0,0x0,
0x0,0x0,0x5,0x0,0x13,0x0,0x0,0x0,
0x0,0x0,0x0,0x0,0xc8,0x0,0x80,0x1,
0xc8,0x0,0xe0,0x1,0x0,0x0,0x0,0x0,
0x54,0x0,0x0,0x0,0x0,0x0,0x0,0x0,
0x0,0x0,0xff,0xff,0xff,0xff,0xff,0xff,
0x0,0x0,0x0,0x0,0x54,0x0,0x0,0x0,
0x54,0x0,0x0,0x0,0x54,0x0,0x0,0x0,
0x0,0x0,0x0,0x0,0x54,0x0,0x0,0x0,
0x54,0x0,0x0,0x0,0x0,0x0,0x3,0x0,
0x54,0x0,0x0,0x0,0x0,0x0,0x0,0x0,
0x9c,0x0,0x0,0x0,0xc9,0x0,0xd0,0x0,
0x0,0x0,0x0,0x0,0x9c,0x0,0x0,0x0,
0x0,0x0,0x0,0x0,0x9c,0x0,0x0,0x0,
0x0,0x0,0x0,0x0,0x4b,0x0,0x0,0x0,
0x0,0x0,0x7,0x0,0x58,0x0,0x0,0x0,
0x0,0x0,0x0,0x0,0xcc,0x0,0x10,0x1,
0xcc,0x0,0xe0,0x1,0x34,0x0,0x0,0x0,
0x0,0x0,0x7,0x0,0x57,0x0,0x0,0x0,
0x0,0x0,0x0,0x0,0xcb,0x0,0x10,0x1,
0xcb,0x0,0xa0,0x1,0x55,0x0,0x0,0x0,
0x0,0x0,0x5,0x0,0x14,0x0,0x0,0x0,
0x0,0x0,0x0,0x0,0xca,0x0,0x10,0x1,
0xca,0x0,0x70,0x1,0x0,0x0,0x0,0x0,
0x54,0x0,0x0,0x0,0x0,0x0,0x0,0x0,
0x0,0x0,0xff,0xff,0xff,0xff,0xff,0xff,
0x0,0x0,0x0,0x0,0x54,0x0,0x0,0x0,
0x54,0x0,0x0,0x0,0x54,0x0,0x0,0x0,
0x0,0x0,0x0,0x0,0x54,0x0,0x0,0x0,
0x54,0x0,0x0,0x0,0x0,0x0,0x3,0x0,
0x54,0x0,0x0,0x0,0x0,0x0,0x0,0x0,
0x9c,0x0,0x0,0x0,0xcf,0x0,0xd0,0x0,
0x0,0x0,0x0,0x0,0x9c,0x0,0x0,0x0,
0x0,0x0,0x0,0x0,0x9c,0x0,0x0,0x0,
0x0,0x0,0x0,0x0,0x4b,0x0,0x0,0x0,
0x0,0x0,0x7,0x0,0x5a,0x0,0x0,0x0,
0x0,0x0,0x0,0x0,0xd2,0x0,0x10,0x1,
0xd2,0x0,0xe0,0x1,0x34,0x0,0x0,0x0,
0x0,0x0,0x7,0x0,0x59,0x0,0x0,0x0,
0x0,0x0,0x0,0x0,0xd1,0x0,0x10,0x1,
0xd1,0x0,0xa0,0x1,0x55,0x0,0x0,0x0,
0x0,0x0,0x5,0x0,0x15,0x0,0x0,0x0,
0x0,0x0,0x0,0x0,0xd0,0x0,0x10,0x1,
0xd0,0x0,0x70,0x1,0x0,0x0,0x0,0x0,
0x58,0x0,0x0,0x0,0x0,0x0,0x0,0x0,
0x0,0x0,0xff,0xff,0xff,0xff,0xff,0xff,
0x0,0x0,0x0,0x0,0x54,0x0,0x0,0x0,
0x54,0x0,0x0,0x0,0x54,0x0,0x0,0x0,
0x0,0x0,0x0,0x0,0x54,0x0,0x0,0x0,
0x54,0x0,0x0,0x0,0x0,0x0,0x0,0x0,
0x54,0x0,0x0,0x0,0x0,0x0,0x0,0x0,
0x54,0x0,0x0,0x0,0xd4,0x0,0xd0,0x0,
0x0,0x0,0x0,0x0,0x54,0x0,0x0,0x0,
0x0,0x0,0x0,0x0,0x54,0x0,0x0,0x0,
0x0,0x0,0x0,0x0,0x0,0x0,0x0,0x0,
0x54,0x0,0x0,0x0,0x0,0x0,0x0,0x0,
0x0,0x0,0xff,0xff,0xff,0xff,0xff,0xff,
0x0,0x0,0x0,0x0,0x54,0x0,0x0,0x0,
0x54,0x0,0x0,0x0,0x54,0x0,0x0,0x0,
0x0,0x0,0x0,0x0,0x54,0x0,0x0,0x0,
0x54,0x0,0x0,0x0,0x0,0x0,0x3,0x0,
0x54,0x0,0x0,0x0,0x0,0x0,0x0,0x0,
0x9c,0x0,0x0,0x0,0xd5,0x0,0xd0,0x0,
0x0,0x0,0x0,0x0,0x9c,0x0,0x0,0x0,
0x0,0x0,0x0,0x0,0x9c,0x0,0x0,0x0,
0x0,0x0,0x0,0x0,0x4b,0x0,0x0,0x0,
0x0,0x0,0x7,0x0,0x5c,0x0,0x0,0x0,
0x0,0x0,0x0,0x0,0xd9,0x0,0x10,0x1,
0xd9,0x0,0xe0,0x1,0x34,0x0,0x0,0x0,
0x0,0x0,0x7,0x0,0x5b,0x0,0x0,0x0,
0x0,0x0,0x0,0x0,0xd7,0x0,0x10,0x1,
0xd7,0x0,0xa0,0x1,0x55,0x0,0x0,0x0,
0x0,0x0,0x5,0x0,0x16,0x0,0x0,0x0,
0x0,0x0,0x0,0x0,0xd6,0x0,0x10,0x1,
0xd6,0x0,0x70,0x1,0x0,0x0,0x0,0x0,
0x52,0x0,0x0,0x0,0x0,0x0,0x0,0x0,
0x0,0x0,0xff,0xff,0xff,0xff,0xff,0xff,
0x0,0x0,0x0,0x0,0x54,0x0,0x0,0x0,
0x54,0x0,0x0,0x0,0x54,0x0,0x0,0x0,
0x0,0x0,0x0,0x0,0x54,0x0,0x0,0x0,
0x54,0x0,0x0,0x0,0x0,0x0,0x2,0x0,
0x54,0x0,0x0,0x0,0x0,0x0,0x0,0x0,
0x84,0x0,0x0,0x0,0xdc,0x0,0x90,0x0,
0x0,0x0,0x0,0x0,0x84,0x0,0x0,0x0,
0x0,0x0,0x0,0x0,0x84,0x0,0x0,0x0,
0x0,0x0,0x0,0x0,0xb,0x0,0x0,0x0,
0x0,0x0,0x5,0x0,0x17,0x0,0x0,0x0,
0x0,0x0,0x0,0x0,0xdd,0x0,0xd0,0x0,
0xdd,0x0,0x40,0x1,0x0,0x0,0x0,0x0,
0x0,0x0,0x8,0x0,0x38,0x0,0x0,0x0,
0x0,0x0,0x0,0x0,0xde,0x0,0xd0,0x0,
0xde,0x0,0xd0,0x0,0x0,0x0,0x0,0x0,
0x54,0x0,0x0,0x0,0x0,0x0,0x0,0x0,
0x0,0x0,0xff,0xff,0xff,0xff,0xff,0xff,
0x0,0x0,0x0,0x0,0x54,0x0,0x0,0x0,
0x54,0x0,0x0,0x0,0x54,0x0,0x0,0x0,
0x0,0x0,0x0,0x0,0x54,0x0,0x0,0x0,
0x54,0x0,0x0,0x0,0x0,0x0,0x2,0x0,
0x54,0x0,0x0,0x0,0x0,0x0,0x0,0x0,
0x84,0x0,0x0,0x0,0xde,0x0,0xd0,0x0,
0x0,0x0,0x0,0x0,0x84,0x0,0x0,0x0,
0x0,0x0,0x0,0x0,0x84,0x0,0x0,0x0,
0x0,0x0,0x0,0x0,0x34,0x0,0x0,0x0,
0x0,0x0,0x1,0x0,0x0,0x0,0x0,0x0,
0x0,0x0,0x0,0x0,0xde,0x0,0xc0,0x3,
0xde,0x0,0x50,0x4,0x55,0x0,0x0,0x0,
0x0,0x0,0x5,0x0,0x18,0x0,0x0,0x0,
0x0,0x0,0x0,0x0,0xde,0x0,0x80,0x1,
0xde,0x0,0xe0,0x1,0x0,0x0,0x0,0x0,
0x6f,0x0,0x0,0x0,0x0,0x0,0x0,0x0,
0x0,0x0,0xff,0xff,0xff,0xff,0xff,0xff,
0x0,0x0,0x0,0x0,0x54,0x0,0x0,0x0,
0x54,0x0,0x0,0x0,0x54,0x0,0x0,0x0,
0x0,0x0,0x0,0x0,0x54,0x0,0x0,0x0,
0x54,0x0,0x0,0x0,0x0,0x0,0x8,0x0,
0x54,0x0,0x0,0x0,0x0,0x0,0x0,0x0,
0x14,0x1,0x0,0x0,0xe3,0x0,0x50,0x0,
0x0,0x0,0x0,0x0,0x14,0x1,0x0,0x0,
0x0,0x0,0x0,0x0,0x14,0x1,0x0,0x0,
0x0,0x0,0x0,0x0,0x73,0x0,0x0,0x0,
0x0,0x0,0x2,0x0,0x3,0x0,0x0,0x0,
0x0,0x0,0x0,0x0,0xe5,0x0,0x90,0x0,
0xe5,0x0,0x20,0x1,0x0,0x0,0x0,0x0,
0x0,0x0,0x8,0x0,0x3b,0x0,0x0,0x0,
0x0,0x0,0x0,0x0,0xe8,0x0,0x90,0x0,
0xe8,0x0,0x90,0x0,0x0,0x0,0x0,0x0,
0x0,0x0,0x8,0x0,0x67,0x0,0x0,0x0,
0x0,0x0,0x0,0x0,0x55,0x1,0x90,0x0,
0x55,0x1,0x90,0x0,0x0,0x0,0x0,0x0,
0x0,0x0,0x8,0x0,0x77,0x0,0x0,0x0,
0x0,0x0,0x0,0x0,0x86,0x1,0x90,0x0,
0x86,0x1,0x90,0x0,0x0,0x0,0x0,0x0,
0x0,0x0,0x8,0x0,0x7c,0x0,0x0,0x0,
0x0,0x0,0x0,0x0,0x96,0x1,0x90,0x0,
0x96,0x1,0x90,0x0,0x0,0x0,0x0,0x0,
0x0,0x0,0x8,0x0,0xa0,0x0,0x0,0x0,
0x0,0x0,0x0,0x0,0x1e,0x2,0x90,0x0,
0x1e,0x2,0x90,0x0,0x0,0x0,0x0,0x0,
0x0,0x0,0x8,0x0,0xc3,0x0,0x0,0x0,
0x0,0x0,0x0,0x0,0xa1,0x2,0x90,0x0,
0xa1,0x2,0x90,0x0,0x70,0x0,0x0,0x0,
0x0,0x0,0xa,0x0,0x3a,0x0,0x0,0x0,
0x0,0x0,0x0,0x0,0xe4,0x0,0x90,0x0,
0xe4,0x0,0x10,0x1,0x0,0x0,0x0,0x0,
0x0,0x0,0x0,0x0,0x0,0x0,0x0,0x0,
0x0,0x0,0xff,0xff,0xff,0xff,0xff,0xff,
0x0,0x0,0x0,0x0,0x54,0x0,0x0,0x0,
0x54,0x0,0x0,0x0,0x54,0x0,0x0,0x0,
0x0,0x0,0x0,0x0,0x54,0x0,0x0,0x0,
0x54,0x0,0x0,0x0,0x0,0x0,0x1,0x0,
0x54,0x0,0x0,0x0,0x0,0x0,0x0,0x0,
0x6c,0x0,0x0,0x0,0xe4,0x0,0x90,0x0,
0x0,0x0,0x0,0x0,0x6c,0x0,0x0,0x0,
0x0,0x0,0x0,0x0,0x6c,0x0,0x0,0x0,
0x0,0x0,0x0,0x0,0x71,0x0,0x0,0x0,
0x0,0x0,0x7,0x0,0x5d,0x0,0x0,0x0,
0x0,0x0,0x0,0x0,0xe4,0x0,0x10,0x1,
0xe4,0x0,0x70,0x1,0x0,0x0,0x0,0x0,
0x50,0x0,0x0,0x0,0x0,0x0,0x0,0x0,
0x0,0x0,0xff,0xff,0xff,0xff,0xff,0xff,
0x0,0x0,0x0,0x0,0x54,0x0,0x0,0x0,
0x54,0x0,0x0,0x0,0x54,0x0,0x0,0x0,
0x0,0x0,0x0,0x0,0x54,0x0,0x0,0x0,
0x54,0x0,0x0,0x0,0x0,0x0,0x4,0x0,
0x54,0x0,0x0,0x0,0x0,0x0,0x0,0x0,
0xb4,0x0,0x0,0x0,0xe8,0x0,0x90,0x0,
0x0,0x0,0x0,0x0,0xb4,0x0,0x0,0x0,
0x0,0x0,0x0,0x0,0xb4,0x0,0x0,0x0,
0x0,0x0,0x0,0x0,0xd,0x0,0x0,0x0,
0x0,0x0,0x3,0x0,0x0,0x0,0x0,0x0,
0xe,0x0,0x0,0x0,0xeb,0x0,0xd0,0x0,
0xeb,0x0,0x40,0x1,0x0,0x0,0x0,0x0,
0x0,0x0,0x8,0x0,0x3d,0x0,0x0,0x0,
0x0,0x0,0x0,0x0,0xec,0x0,0xd0,0x0,
0xec,0x0,0xd0,0x0,0x0,0x0,0x0,0x0,
0x0,0x0,0x8,0x0,0x65,0x0,0x0,0x0,
0x0,0x0,0x0,0x0,0x50,0x1,0xd0,0x0,
0x50,0x1,0xd0,0x0,0x74,0x0,0x0,0x0,
0x0,0x0,0x9,0x0,0x3c,0x0,0x0,0x0,
0x0,0x0,0x0,0x0,0xe9,0x0,0xd0,0x0,
0xe9,0x0,0x40,0x1,0x0,0x0,0x0,0x0,
0x0,0x0,0x0,0x0,0x0,0x0,0x0,0x0,
0x0,0x0,0xff,0xff,0xff,0xff,0xff,0xff,
0x0,0x0,0x0,0x0,0x54,0x0,0x0,0x0,
0x54,0x0,0x0,0x0,0x54,0x0,0x0,0x0,
0x0,0x0,0x0,0x0,0x54,0x0,0x0,0x0,
0x54,0x0,0x0,0x0,0x0,0x0,0x2,0x0,
0x54,0x0,0x0,0x0,0x0,0x0,0x0,0x0,
0x84,0x0,0x0,0x0,0xe9,0x0,0xd0,0x0,
0x0,0x0,0x0,0x0,0x84,0x0,0x0,0x0,
0x0,0x0,0x0,0x0,0x84,0x0,0x0,0x0,
0x0,0x0,0x0,0x0,0x76,0x0,0x0,0x0,
0x0,0x0,0x2,0x0,0x5,0x0,0x0,0x0,
0x0,0x0,0x0,0x0,0xea,0x0,0x40,0x1,
0xea,0x0,0x50,0x2,0x75,0x0,0x0,0x0,
0x0,0x0,0x1,0x0,0x1,0x0,0x0,0x0,
0x0,0x0,0x0,0x0,0xe9,0x0,0x40,0x1,
0xe9,0x0,0xf0,0x1,0x0,0x0,0x0,0x0,
0x77,0x0,0x0,0x0,0x0,0x0,0x0,0x0,
0x0,0x0,0xff,0xff,0xff,0xff,0xff,0xff,
0x0,0x0,0x0,0x0,0x54,0x0,0x0,0x0,
0x54,0x0,0x0,0x0,0x54,0x0,0x0,0x0,
0x0,0x0,0x0,0x0,0x54,0x0,0x0,0x0,
0x54,0x0,0x0,0x0,0x0,0x0,0xd,0x0,
0x54,0x0,0x0,0x0,0x0,0x0,0x0,0x0,
0x8c,0x1,0x0,0x0,0xec,0x0,0xd0,0x0,
0x0,0x0,0x0,0x0,0x8c,0x1,0x0,0x0,
0x0,0x0,0x0,0x0,0x8c,0x1,0x0,0x0,
0x0,0x0,0x0,0x0,0x0,0x0,0x0,0x0,
0x0,0x0,0x8,0x0,0x3f,0x0,0x0,0x0,
0x0,0x0,0x0,0x0,0xf0,0x0,0x10,0x1,
0xf0,0x0,0x10,0x1,0x0,0x0,0x0,0x0,
0x0,0x0,0x8,0x0,0x41,0x0,0x0,0x0,
0x0,0x0,0x0,0x0,0xf1,0x0,0x10,0x1,
0xf1,0x0,0x10,0x1,0x0,0x0,0x0,0x0,
0x0,0x0,0x8,0x0,0x43,0x0,0x0,0x0,
0x0,0x0,0x0,0x0,0xf8,0x0,0x10,0x1,
0xf8,0x0,0x10,0x1,0x0,0x0,0x0,0x0,
0x0,0x0,0x8,0x0,0x45,0x0,0x0,0x0,
0x0,0x0,0x0,0x0,0xf9,0x0,0x10,0x1,
0xf9,0x0,0x10,0x1,0x0,0x0,0x0,0x0,
0x0,0x0,0x8,0x0,0x47,0x0,0x0,0x0,
0x0,0x0,0x0,0x0,0x4,0x1,0x10,0x1,
0x4,0x1,0x10,0x1,0x0,0x0,0x0,0x0,
0x0,0x0,0x8,0x0,0x49,0x0,0x0,0x0,
0x0,0x0,0x0,0x0,0x5,0x1,0x10,0x1,
0x5,0x1,0x10,0x1,0x0,0x0,0x0,0x0,
0x0,0x0,0x8,0x0,0x4b,0x0,0x0,0x0,
0x0,0x0,0x0,0x0,0xe,0x1,0x10,0x1,
0xe,0x1,0x10,0x1,0x0,0x0,0x0,0x0,
0x0,0x0,0x8,0x0,0x4d,0x0,0x0,0x0,
0x0,0x0,0x0,0x0,0xf,0x1,0x10,0x1,
0xf,0x1,0x10,0x1,0x0,0x0,0x0,0x0,
0x0,0x0,0x8,0x0,0x4f,0x0,0x0,0x0,
0x0,0x0,0x0,0x0,0x16,0x1,0x10,0x1,
0x16,0x1,0x10,0x1,0x0,0x0,0x0,0x0,
0x0,0x0,0x8,0x0,0x51,0x0,0x0,0x0,
0x0,0x0,0x0,0x0,0x17,0x1,0x10,0x1,
0x17,0x1,0x10,0x1,0x0,0x0,0x0,0x0,
0x0,0x0,0x8,0x0,0x55,0x0,0x0,0x0,
0x0,0x0,0x0,0x0,0x24,0x1,0x10,0x1,
0x24,0x1,0x10,0x1,0x0,0x0,0x0,0x0,
0x0,0x0,0x8,0x0,0x56,0x0,0x0,0x0,
0x0,0x0,0x0,0x0,0x27,0x1,0x10,0x1,
0x27,0x1,0x10,0x1,0x70,0x0,0x0,0x0,
0x0,0x0,0xa,0x0,0x3e,0x0,0x0,0x0,
0x0,0x0,0x0,0x0,0xed,0x0,0x10,0x1,
0xed,0x0,0x90,0x1,0x0,0x0,0x0,0x0,
0x0,0x0,0x0,0x0,0x0,0x0,0x0,0x0,
0x0,0x0,0xff,0xff,0xff,0xff,0xff,0xff,
0x0,0x0,0x0,0x0,0x54,0x0,0x0,0x0,
0x54,0x0,0x0,0x0,0x54,0x0,0x0,0x0,
0x0,0x0,0x0,0x0,0x54,0x0,0x0,0x0,
0x54,0x0,0x0,0x0,0x0,0x0,0x3,0x0,
0x54,0x0,0x0,0x0,0x0,0x0,0x0,0x0,
0x9c,0x0,0x0,0x0,0xed,0x0,0x10,0x1,
0x0,0x0,0x0,0x0,0x9c,0x0,0x0,0x0,
0x0,0x0,0x0,0x0,0x9c,0x0,0x0,0x0,
0x0,0x0,0x0,0x0,0x79,0x0,0x0,0x0,
0x0,0x0,0x2,0x0,0x6,0x0,0x0,0x0,
0x0,0x0,0x0,0x0,0xef,0x0,0x90,0x1,
0xef,0x0,0x60,0x2,0x78,0x0,0x0,0x0,
0x0,0x0,0x2,0x0,0x6,0x0,0x0,0x0,
0x0,0x0,0x0,0x0,0xee,0x0,0x90,0x1,
0xee,0x0,0x50,0x2,0x71,0x0,0x0,0x0,
0x0,0x0,0x7,0x0,0x5e,0x0,0x0,0x0,
0x0,0x0,0x0,0x0,0xed,0x0,0x90,0x1,
0xed,0x0,0xf0,0x1,0x0,0x0,0x0,0x0,
0x7a,0x0,0x0,0x0,0x0,0x0,0x0,0x0,
0x0,0x0,0xff,0xff,0xff,0xff,0xff,0xff,
0x0,0x0,0x0,0x0,0x54,0x0,0x0,0x0,
0x54,0x0,0x0,0x0,0x54,0x0,0x0,0x0,
0x0,0x0,0x0,0x0,0x54,0x0,0x0,0x0,
0x54,0x0,0x0,0x0,0x0,0x0,0x3,0x0,
0x54,0x0,0x0,0x0,0x0,0x0,0x0,0x0,
0x9c,0x0,0x0,0x0,0xf0,0x0,0x10,0x1,
0x0,0x0,0x0,0x0,0x9c,0x0,0x0,0x0,
0x0,0x0,0x0,0x0,0x9c,0x0,0x0,0x0,
0x0,0x0,0x0,0x0,0xd,0x0,0x0,0x0,
0x0,0x0,0x7,0x0,0x5f,0x0,0x0,0x0,
0x0,0x0,0x0,0x0,0xf0,0x0,0xb0,0x2,
0xf0,0x0,0x20,0x3,0x55,0x0,0x0,0x0,
0x0,0x0,0x3,0x0,0x0,0x0,0x0,0x0,
0x7b,0x0,0x0,0x0,0xf0,0x0,0x90,0x1,
0xf0,0x0,0xf0,0x1,0x7d,0x0,0x0,0x0,
0x0,0x0,0xa,0x0,0x40,0x0,0x0,0x0,
0x0,0x0,0x0,0x0,0xf0,0x0,0xc0,0x3,
0xf0,0x0,0x10,0x4,0x0,0x0,0x0,0x0,
0x0,0x0,0x0,0x0,0x0,0x0,0x0,0x0,
0x0,0x0,0xff,0xff,0xff,0xff,0xff,0xff,
0x0,0x0,0x0,0x0,0x54,0x0,0x0,0x0,
0x54,0x0,0x0,0x0,0x54,0x0,0x0,0x0,
0x0,0x0,0x0,0x0,0x54,0x0,0x0,0x0,
0x54,0x0,0x0,0x0,0x0,0x0,0x2,0x0,
0x54,0x0,0x0,0x0,0x0,0x0,0x0,0x0,
0x84,0x0,0x0,0x0,0xf0,0x0,0xc0,0x3,
0x0,0x0,0x0,0x0,0x84,0x0,0x0,0x0,
0x0,0x0,0x0,0x0,0x84,0x0,0x0,0x0,
0x0,0x0,0x0,0x0,0x7f,0x0,0x0,0x0,
0x0,0x0,0x2,0x0,0x8,0x0,0x0,0x0,
0x0,0x0,0x0,0x0,0xf0,0x0,0x50,0x5,
0xf0,0x0,0x40,0x6,0x7e,0x0,0x0,0x0,
0x0,0x0,0x2,0x0,0x7,0x0,0x0,0x0,
0x0,0x0,0x0,0x0,0xf0,0x0,0x10,0x4,
0xf0,0x0,0xc0,0x4,0x0,0x0,0x0,0x0,
0x7a,0x0,0x0,0x0,0x0,0x0,0x0,0x0,
0x0,0x0,0xff,0xff,0xff,0xff,0xff,0xff,
0x0,0x0,0x0,0x0,0x54,0x0,0x0,0x0,
0x54,0x0,0x0,0x0,0x54,0x0,0x0,0x0,
0x0,0x0,0x0,0x0,0x54,0x0,0x0,0x0,
0x54,0x0,0x0,0x0,0x0,0x0,0x5,0x0,
0x54,0x0,0x0,0x0,0x0,0x0,0x0,0x0,
0xcc,0x0,0x0,0x0,0xf1,0x0,0x10,0x1,
0x0,0x0,0x0,0x0,0xcc,0x0,0x0,0x0,
0x0,0x0,0x0,0x0,0xcc,0x0,0x0,0x0,
0x0,0x0,0x0,0x0,0x81,0x0,0x0,0x0,
0x0,0x0,0x2,0x0,0x6,0x0,0x0,0x0,
0x0,0x0,0x0,0x0,0xf6,0x0,0x50,0x1,
0xf6,0x0,0x20,0x2,0x8,0x0,0x0,0x0,
0x0,0x0,0x7,0x0,0x62,0x0,0x0,0x0,
0x0,0x0,0x0,0x0,0xf5,0x0,0x50,0x1,
0xf5,0x0,0xe0,0x1,0xd,0x0,0x0,0x0,
0x0,0x0,0x7,0x0,0x61,0x0,0x0,0x0,
0x0,0x0,0x0,0x0,0xf3,0x0,0x50,0x1,
0xf3,0x0,0xc0,0x1,0x55,0x0,0x0,0x0,
0x0,0x0,0x7,0x0,0x60,0x0,0x0,0x0,
0x0,0x0,0x0,0x0,0xf2,0x0,0x50,0x1,
0xf2,0x0,0xb0,0x1,0x7d,0x0,0x0,0x0,
0x0,0x0,0xa,0x0,0x42,0x0,0x0,0x0,
0x0,0x0,0x0,0x0,0xf4,0x0,0x50,0x1,
0xf4,0x0,0xa0,0x1,0x0,0x0,0x0,0x0,
0x0,0x0,0x0,0x0,0x0,0x0,0x0,0x0,
0x0,0x0,0xff,0xff,0xff,0xff,0xff,0xff,
0x0,0x0,0x0,0x0,0x54,0x0,0x0,0x0,
0x54,0x0,0x0,0x0,0x54,0x0,0x0,0x0,
0x0,0x0,0x0,0x0,0x54,0x0,0x0,0x0,
0x54,0x0,0x0,0x0,0x0,0x0,0x1,0x0,
0x54,0x0,0x0,0x0,0x0,0x0,0x0,0x0,
0x6c,0x0,0x0,0x0,0xf4,0x0,0x50,0x1,
0x0,0x0,0x0,0x0,0x6c,0x0,0x0,0x0,
0x0,0x0,0x0,0x0,0x6c,0x0,0x0,0x0,
0x0,0x0,0x0,0x0,0x7e,0x0,0x0,0x0,
0x0,0x0,0x2,0x0,0x9,0x0,0x0,0x0,
0x0,0x0,0x0,0x0,0xf4,0x0,0xa0,0x1,
0xf4,0x0,0x50,0x2,0x0,0x0,0x0,0x0,
0x82,0x0,0x0,0x0,0x0,0x0,0x0,0x0,
0x0,0x0,0xff,0xff,0xff,0xff,0xff,0xff,
0x0,0x0,0x0,0x0,0x54,0x0,0x0,0x0,
0x54,0x0,0x0,0x0,0x54,0x0,0x0,0x0,
0x0,0x0,0x0,0x0,0x54,0x0,0x0,0x0,
0x54,0x0,0x0,0x0,0x0,0x0,0x1,0x0,
0x54,0x0,0x0,0x0,0x0,0x0,0x0,0x0,
0x6c,0x0,0x0,0x0,0xf8,0x0,0x10,0x1,
0x0,0x0,0x0,0x0,0x6c,0x0,0x0,0x0,
0x0,0x0,0x0,0x0,0x6c,0x0,0x0,0x0,
0x0,0x0,0x0,0x0,0x74,0x0,0x0,0x0,
0x0,0x0,0x9,0x0,0x44,0x0,0x0,0x0,
0x0,0x0,0x0,0x0,0xf8,0x0,0x80,0x1,
0xf8,0x0,0xf0,0x1,0x0,0x0,0x0,0x0,
0x0,0x0,0x0,0x0,0x0,0x0,0x0,0x0,
0x0,0x0,0xff,0xff,0xff,0xff,0xff,0xff,
0x0,0x0,0x0,0x0,0x54,0x0,0x0,0x0,
0x54,0x0,0x0,0x0,0x54,0x0,0x0,0x0,
0x0,0x0,0x0,0x0,0x54,0x0,0x0,0x0,
0x54,0x0,0x0,0x0,0x0,0x0,0x1,0x0,
0x54,0x0,0x0,0x0,0x0,0x0,0x0,0x0,
0x6c,0x0,0x0,0x0,0xf8,0x0,0x80,0x1,
0x0,0x0,0x0,0x0,0x6c,0x0,0x0,0x0,
0x0,0x0,0x0,0x0,0x6c,0x0,0x0,0x0,
0x0,0x0,0x0,0x0,0x75,0x0,0x0,0x0,
0x0,0x0,0x1,0x0,0x1,0x0,0x0,0x0,
0x0,0x0,0x0,0x0,0xf8,0x0,0xf0,0x1,
0xf8,0x0,0xa0,0x2,0x0,0x0,0x0,0x0,
0x7a,0x0,0x0,0x0,0x0,0x0,0x0,0x0,
0x0,0x0,0xff,0xff,0xff,0xff,0xff,0xff,
0x0,0x0,0x0,0x0,0x54,0x0,0x0,0x0,
0x54,0x0,0x0,0x0,0x54,0x0,0x0,0x0,
0x0,0x0,0x0,0x0,0x54,0x0,0x0,0x0,
0x54,0x0,0x0,0x0,0x0,0x0,0x4,0x0,
0x54,0x0,0x0,0x0,0x0,0x0,0x0,0x0,
0xb4,0x0,0x0,0x0,0xf9,0x0,0x10,0x1,
0x0,0x0,0x0,0x0,0xb4,0x0,0x0,0x0,
0x0,0x0,0x0,0x0,0xb4,0x0,0x0,0x0,
0x0,0x0,0x0,0x0,0xd,0x0,0x0,0x0,
0x0,0x0,0x7,0x0,0x65,0x0,0x0,0x0,
0x0,0x0,0x0,0x0,0x0,0x1,0x50,0x1,
0x0,0x1,0xc0,0x1,0x55,0x0,0x0,0x0,
0x0,0x0,0x7,0x0,0x64,0x0,0x0,0x0,
0x0,0x0,0x0,0x0,0xfb,0x0,0x50,0x1,
0xfb,0x0,0xb0,0x1,0x8,0x0,0x0,0x0,
0x0,0x0,0x7,0x0,0x63,0x0,0x0,0x0,
0x0,0x0,0x0,0x0,0xfa,0x0,0x50,0x1,
0xfa,0x0,0xe0,0x1,0x7d,0x0,0x0,0x0,
0x0,0x0,0xa,0x0,0x46,0x0,0x0,0x0,
0x0,0x0,0x0,0x0,0x2,0x1,0x50,0x1,
0x2,0x1,0xa0,0x1,0x0,0x0,0x0,0x0,
0x0,0x0,0x0,0x0,0x0,0x0,0x0,0x0,
0x0,0x0,0xff,0xff,0xff,0xff,0xff,0xff,
0x0,0x0,0x0,0x0,0x54,0x0,0x0,0x0,
0x54,0x0,0x0,0x0,0x54,0x0,0x0,0x0,
0x0,0x0,0x0,0x0,0x54,0x0,0x0,0x0,
0x54,0x0,0x0,0x0,0x0,0x0,0x1,0x0,
0x54,0x0,0x0,0x0,0x0,0x0,0x0,0x0,
0x6c,0x0,0x0,0x0,0x2,0x1,0x50,0x1,
0x0,0x0,0x0,0x0,0x6c,0x0,0x0,0x0,
0x0,0x0,0x0,0x0,0x6c,0x0,0x0,0x0,
0x0,0x0,0x0,0x0,0x7e,0x0,0x0,0x0,
0x0,0x0,0x2,0x0,0x9,0x0,0x0,0x0,
0x0,0x0,0x0,0x0,0x2,0x1,0xa0,0x1,
0x2,0x1,0x50,0x2,0x0,0x0,0x0,0x0,
0x7a,0x0,0x0,0x0,0x0,0x0,0x0,0x0,
0x0,0x0,0xff,0xff,0xff,0xff,0xff,0xff,
0x0,0x0,0x0,0x0,0x54,0x0,0x0,0x0,
0x54,0x0,0x0,0x0,0x54,0x0,0x0,0x0,
0x0,0x0,0x0,0x0,0x54,0x0,0x0,0x0,
0x54,0x0,0x0,0x0,0x0,0x0,0x4,0x0,
0x54,0x0,0x0,0x0,0x0,0x0,0x0,0x0,
0xb4,0x0,0x0,0x0,0x4,0x1,0x10,0x1,
0x0,0x0,0x0,0x0,0xb4,0x0,0x0,0x0,
0x0,0x0,0x0,0x0,0xb4,0x0,0x0,0x0,
0x0,0x0,0x0,0x0,0x8,0x0,0x0,0x0,
0x0,0x0,0x7,0x0,0x67,0x0,0x0,0x0,
0x0,0x0,0x0,0x0,0x4,0x1,0xe0,0x4,
0x4,0x1,0x70,0x5,0xd,0x0,0x0,0x0,
0x0,0x0,0x7,0x0,0x66,0x0,0x0,0x0,
0x0,0x0,0x0,0x0,0x4,0x1,0x40,0x2,
0x4,0x1,0xb0,0x2,0x55,0x0,0x0,0x0,
0x0,0x0,0x3,0x0,0x0,0x0,0x0,0x0,
0x83,0x0,0x0,0x0,0x4,0x1,0x90,0x1,
0x4,0x1,0xf0,0x1,0x7d,0x0,0x0,0x0,
0x0,0x0,0xa,0x0,0x48,0x0,0x0,0x0,
0x0,0x0,0x0,0x0,0x4,0x1,0xa0,0x3,
0x4,0x1,0xf0,0x3,0x0,0x0,0x0,0x0,
0x0,0x0,0x0,0x0,0x0,0x0,0x0,0x0,
0x0,0x0,0xff,0xff,0xff,0xff,0xff,0xff,
0x0,0x0,0x0,0x0,0x54,0x0,0x0,0x0,
0x54,0x0,0x0,0x0,0x54,0x0,0x0,0x0,
0x0,0x0,0x0,0x0,0x54,0x0,0x0,0x0,
0x54,0x0,0x0,0x0,0x0,0x0,0x1,0x0,
0x54,0x0,0x0,0x0,0x0,0x0,0x0,0x0,
0x6c,0x0,0x0,0x0,0x4,0x1,0xa0,0x3,
0x0,0x0,0x0,0x0,0x6c,0x0,0x0,0x0,
0x0,0x0,0x0,0x0,0x6c,0x0,0x0,0x0,
0x0,0x0,0x0,0x0,0x7e,0x0,0x0,0x0,
0x0,0x0,0x2,0x0,0x9,0x0,0x0,0x0,
0x0,0x0,0x0,0x0,0x4,0x1,0xf0,0x3,
0x4,0x1,0xa0,0x4,0x0,0x0,0x0,0x0,
0x7a,0x0,0x0,0x0,0x0,0x0,0x0,0x0,
0x0,0x0,0xff,0xff,0xff,0xff,0xff,0xff,
0x0,0x0,0x0,0x0,0x54,0x0,0x0,0x0,
0x54,0x0,0x0,0x0,0x54,0x0,0x0,0x0,
0x0,0x0,0x0,0x0,0x54,0x0,0x0,0x0,
0x54,0x0,0x0,0x0,0x0,0x0,0x3,0x0,
0x54,0x0,0x0,0x0,0x0,0x0,0x0,0x0,
0x9c,0x0,0x0,0x0,0x5,0x1,0x10,0x1,
0x0,0x0,0x0,0x0,0x9c,0x0,0x0,0x0,
0x0,0x0,0x0,0x0,0x9c,0x0,0x0,0x0,
0x0,0x0,0x0,0x0,0xd,0x0,0x0,0x0,
0x0,0x0,0x7,0x0,0x69,0x0,0x0,0x0,
0x0,0x0,0x0,0x0,0xb,0x1,0x50,0x1,
0xb,0x1,0xc0,0x1,0x55,0x0,0x0,0x0,
0x0,0x0,0x7,0x0,0x68,0x0,0x0,0x0,
0x0,0x0,0x0,0x0,0x6,0x1,0x50,0x1,
0x6,0x1,0xb0,0x1,0x7d,0x0,0x0,0x0,
0x0,0x0,0xa,0x0,0x4a,0x0,0x0,0x0,
0x0,0x0,0x0,0x0,0xc,0x1,0x50,0x1,
0xc,0x1,0xa0,0x1,0x0,0x0,0x0,0x0,
0x0,0x0,0x0,0x0,0x0,0x0,0x0,0x0,
0x0,0x0,0xff,0xff,0xff,0xff,0xff,0xff,
0x0,0x0,0x0,0x0,0x54,0x0,0x0,0x0,
0x54,0x0,0x0,0x0,0x54,0x0,0x0,0x0,
0x0,0x0,0x0,0x0,0x54,0x0,0x0,0x0,
0x54,0x0,0x0,0x0,0x0,0x0,0x1,0x0,
0x54,0x0,0x0,0x0,0x0,0x0,0x0,0x0,
0x6c,0x0,0x0,0x0,0xc,0x1,0x50,0x1,
0x0,0x0,0x0,0x0,0x6c,0x0,0x0,0x0,
0x0,0x0,0x0,0x0,0x6c,0x0,0x0,0x0,
0x0,0x0,0x0,0x0,0x7e,0x0,0x0,0x0,
0x0,0x0,0x2,0x0,0x9,0x0,0x0,0x0,
0x0,0x0,0x0,0x0,0xc,0x1,0xa0,0x1,
0xc,0x1,0x50,0x2,0x0,0x0,0x0,0x0,
0x7a,0x0,0x0,0x0,0x0,0x0,0x0,0x0,
0x0,0x0,0xff,0xff,0xff,0xff,0xff,0xff,
0x0,0x0,0x0,0x0,0x54,0x0,0x0,0x0,
0x54,0x0,0x0,0x0,0x54,0x0,0x0,0x0,
0x0,0x0,0x0,0x0,0x54,0x0,0x0,0x0,
0x54,0x0,0x0,0x0,0x0,0x0,0x3,0x0,
0x54,0x0,0x0,0x0,0x0,0x0,0x0,0x0,
0x9c,0x0,0x0,0x0,0xe,0x1,0x10,0x1,
0x0,0x0,0x0,0x0,0x9c,0x0,0x0,0x0,
0x0,0x0,0x0,0x0,0x9c,0x0,0x0,0x0,
0x0,0x0,0x0,0x0,0xd,0x0,0x0,0x0,
0x0,0x0,0x7,0x0,0x6a,0x0,0x0,0x0,
0x0,0x0,0x0,0x0,0xe,0x1,0x40,0x2,
0xe,0x1,0xb0,0x2,0x55,0x0,0x0,0x0,
0x0,0x0,0x3,0x0,0x0,0x0,0x0,0x0,
0x83,0x0,0x0,0x0,0xe,0x1,0x90,0x1,
0xe,0x1,0xf0,0x1,0x7d,0x0,0x0,0x0,
0x0,0x0,0xa,0x0,0x4c,0x0,0x0,0x0,
0x0,0x0,0x0,0x0,0xe,0x1,0xa0,0x3,
0xe,0x1,0xf0,0x3,0x0,0x0,0x0,0x0,
0x0,0x0,0x0,0x0,0x0,0x0,0x0,0x0,
0x0,0x0,0xff,0xff,0xff,0xff,0xff,0xff,
0x0,0x0,0x0,0x0,0x54,0x0,0x0,0x0,
0x54,0x0,0x0,0x0,0x54,0x0,0x0,0x0,
0x0,0x0,0x0,0x0,0x54,0x0,0x0,0x0,
0x54,0x0,0x0,0x0,0x0,0x0,0x1,0x0,
0x54,0x0,0x0,0x0,0x0,0x0,0x0,0x0,
0x6c,0x0,0x0,0x0,0xe,0x1,0xa0,0x3,
0x0,0x0,0x0,0x0,0x6c,0x0,0x0,0x0,
0x0,0x0,0x0,0x0,0x6c,0x0,0x0,0x0,
0x0,0x0,0x0,0x0,0x7e,0x0,0x0,0x0,
0x0,0x0,0x2,0x0,0x9,0x0,0x0,0x0,
0x0,0x0,0x0,0x0,0xe,0x1,0xf0,0x3,
0xe,0x1,0xa0,0x4,0x0,0x0,0x0,0x0,
0x7a,0x0,0x0,0x0,0x0,0x0,0x0,0x0,
0x0,0x0,0xff,0xff,0xff,0xff,0xff,0xff,
0x0,0x0,0x0,0x0,0x54,0x0,0x0,0x0,
0x54,0x0,0x0,0x0,0x54,0x0,0x0,0x0,
0x0,0x0,0x0,0x0,0x54,0x0,0x0,0x0,
0x54,0x0,0x0,0x0,0x0,0x0,0x3,0x0,
0x54,0x0,0x0,0x0,0x0,0x0,0x0,0x0,
0x9c,0x0,0x0,0x0,0xf,0x1,0x10,0x1,
0x0,0x0,0x0,0x0,0x9c,0x0,0x0,0x0,
0x0,0x0,0x0,0x0,0x9c,0x0,0x0,0x0,
0x0,0x0,0x0,0x0,0xd,0x0,0x0,0x0,
0x0,0x0,0x7,0x0,0x6c,0x0,0x0,0x0,
0x0,0x0,0x0,0x0,0x13,0x1,0x50,0x1,
0x13,0x1,0xc0,0x1,0x55,0x0,0x0,0x0,
0x0,0x0,0x7,0x0,0x6b,0x0,0x0,0x0,
0x0,0x0,0x0,0x0,0x10,0x1,0x50,0x1,
0x10,0x1,0xb0,0x1,0x7d,0x0,0x0,0x0,
0x0,0x0,0xa,0x0,0x4e,0x0,0x0,0x0,
0x0,0x0,0x0,0x0,0x14,0x1,0x50,0x1,
0x14,0x1,0xa0,0x1,0x0,0x0,0x0,0x0,
0x0,0x0,0x0,0x0,0x0,0x0,0x0,0x0,
0x0,0x0,0xff,0xff,0xff,0xff,0xff,0xff,
0x0,0x0,0x0,0x0,0x54,0x0,0x0,0x0,
0x54,0x0,0x0,0x0,0x54,0x0,0x0,0x0,
0x0,0x0,0x0,0x0,0x54,0x0,0x0,0x0,
0x54,0x0,0x0,0x0,0x0,0x0,0x1,0x0,
0x54,0x0,0x0,0x0,0x0,0x0,0x0,0x0,
0x6c,0x0,0x0,0x0,0x14,0x1,0x50,0x1,
0x0,0x0,0x0,0x0,0x6c,0x0,0x0,0x0,
0x0,0x0,0x0,0x0,0x6c,0x0,0x0,0x0,
0x0,0x0,0x0,0x0,0x7e,0x0,0x0,0x0,
0x0,0x0,0x2,0x0,0x9,0x0,0x0,0x0,
0x0,0x0,0x0,0x0,0x14,0x1,0xa0,0x1,
0x14,0x1,0x50,0x2,0x0,0x0,0x0,0x0,
0x7a,0x0,0x0,0x0,0x0,0x0,0x0,0x0,
0x0,0x0,0xff,0xff,0xff,0xff,0xff,0xff,
0x0,0x0,0x0,0x0,0x54,0x0,0x0,0x0,
0x54,0x0,0x0,0x0,0x54,0x0,0x0,0x0,
0x0,0x0,0x0,0x0,0x54,0x0,0x0,0x0,
0x54,0x0,0x0,0x0,0x0,0x0,0x3,0x0,
0x54,0x0,0x0,0x0,0x0,0x0,0x0,0x0,
0x9c,0x0,0x0,0x0,0x16,0x1,0x10,0x1,
0x0,0x0,0x0,0x0,0x9c,0x0,0x0,0x0,
0x0,0x0,0x0,0x0,0x9c,0x0,0x0,0x0,
0x0,0x0,0x0,0x0,0xd,0x0,0x0,0x0,
0x0,0x0,0x7,0x0,0x6d,0x0,0x0,0x0,
0x0,0x0,0x0,0x0,0x16,0x1,0x40,0x2,
0x16,0x1,0xb0,0x2,0x55,0x0,0x0,0x0,
0x0,0x0,0x3,0x0,0x0,0x0,0x0,0x0,
0x83,0x0,0x0,0x0,0x16,0x1,0x90,0x1,
0x16,0x1,0xf0,0x1,0x7d,0x0,0x0,0x0,
0x0,0x0,0xa,0x0,0x50,0x0,0x0,0x0,
0x0,0x0,0x0,0x0,0x16,0x1,0xa0,0x3,
0x16,0x1,0xf0,0x3,0x0,0x0,0x0,0x0,
0x0,0x0,0x0,0x0,0x0,0x0,0x0,0x0,
0x0,0x0,0xff,0xff,0xff,0xff,0xff,0xff,
0x0,0x0,0x0,0x0,0x54,0x0,0x0,0x0,
0x54,0x0,0x0,0x0,0x54,0x0,0x0,0x0,
0x0,0x0,0x0,0x0,0x54,0x0,0x0,0x0,
0x54,0x0,0x0,0x0,0x0,0x0,0x1,0x0,
0x54,0x0,0x0,0x0,0x0,0x0,0x0,0x0,
0x6c,0x0,0x0,0x0,0x16,0x1,0xa0,0x3,
0x0,0x0,0x0,0x0,0x6c,0x0,0x0,0x0,
0x0,0x0,0x0,0x0,0x6c,0x0,0x0,0x0,
0x0,0x0,0x0,0x0,0x7e,0x0,0x0,0x0,
0x0,0x0,0x2,0x0,0x9,0x0,0x0,0x0,
0x0,0x0,0x0,0x0,0x16,0x1,0xf0,0x3,
0x16,0x1,0xa0,0x4,0x0,0x0,0x0,0x0,
0x7a,0x0,0x0,0x0,0x0,0x0,0x0,0x0,
0x0,0x0,0xff,0xff,0xff,0xff,0xff,0xff,
0x0,0x0,0x0,0x0,0x54,0x0,0x0,0x0,
0x54,0x0,0x0,0x0,0x54,0x0,0x0,0x0,
0x0,0x0,0x0,0x0,0x54,0x0,0x0,0x0,
0x54,0x0,0x0,0x0,0x0,0x0,0x4,0x0,
0x54,0x0,0x0,0x0,0x0,0x0,0x0,0x0,
0xb4,0x0,0x0,0x0,0x17,0x1,0x10,0x1,
0x0,0x0,0x0,0x0,0xb4,0x0,0x0,0x0,
0x0,0x0,0x0,0x0,0xb4,0x0,0x0,0x0,
0x0,0x0,0x0,0x0,0xd,0x0,0x0,0x0,
0x0,0x0,0x7,0x0,0x6e,0x0,0x0,0x0,
0x0,0x0,0x0,0x0,0x19,0x1,0x50,0x1,
0x19,0x1,0xc0,0x1,0x55,0x0,0x0,0x0,
0x0,0x0,0x5,0x0,0x19,0x0,0x0,0x0,
0x0,0x0,0x0,0x0,0x18,0x1,0x50,0x1,
0x18,0x1,0xb0,0x1,0x0,0x0,0x0,0x0,
0x0,0x0,0x8,0x0,0x53,0x0,0x0,0x0,
0x0,0x0,0x0,0x0,0x1c,0x1,0x50,0x1,
0x1c,0x1,0x50,0x1,0x7d,0x0,0x0,0x0,
0x0,0x0,0xa,0x0,0x52,0x0,0x0,0x0,
0x0,0x0,0x0,0x0,0x1a,0x1,0x50,0x1,
0x1a,0x1,0xa0,0x1,0x0,0x0,0x0,0x0,
0x0,0x0,0x0,0x0,0x0,0x0,0x0,0x0,
0x0,0x0,0xff,0xff,0xff,0xff,0xff,0xff,
0x0,0x0,0x0,0x0,0x54,0x0,0x0,0x0,
0x54,0x0,0x0,0x0,0x54,0x0,0x0,0x0,
0x0,0x0,0x0,0x0,0x54,0x0,0x0,0x0,
0x54,0x0,0x0,0x0,0x0,0x0,0x2,0x0,
0x54,0x0,0x0,0x0,0x0,0x0,0x0,0x0,
0x84,0x0,0x0,0x0,0x1a,0x1,0x50,0x1,
0x0,0x0,0x0,0x0,0x84,0x0,0x0,0x0,
0x0,0x0,0x0,0x0,0x84,0x0,0x0,0x0,
0x0,0x0,0x0,0x0,0x85,0x0,0x0,0x0,
0x0,0x0,0x7,0x0,0x6f,0x0,0x0,0x0,
0x0,0x0,0x0,0x0,0x1b,0x1,0xa0,0x1,
0x1b,0x1,0x50,0x2,0x7e,0x0,0x0,0x0,
0x0,0x0,0x2,0x0,0x9,0x0,0x0,0x0,
0x0,0x0,0x0,0x0,0x1a,0x1,0xa0,0x1,
0x1a,0x1,0x50,0x2,0x0,0x0,0x0,0x0,
0x87,0x0,0x0,0x0,0x88,0x0,0x0,0x0,
0x0,0x0,0xff,0xff,0xff,0xff,0xff,0xff,
0x0,0x0,0x0,0x0,0x54,0x0,0x0,0x0,
0x54,0x0,0x0,0x0,0x54,0x0,0x0,0x0,
0x0,0x0,0x0,0x0,0x54,0x0,0x0,0x0,
0x54,0x0,0x0,0x0,0x0,0x0,0x4,0x0,
0x54,0x0,0x0,0x0,0x0,0x0,0x0,0x0,
0xb4,0x0,0x0,0x0,0x1c,0x1,0x50,0x1,
0x1d,0x1,0x90,0x1,0xb4,0x0,0x0,0x0,
0x0,0x0,0x0,0x0,0xb4,0x0,0x0,0x0,
0x0,0x0,0x0,0x0,0x8c,0x0,0x0,0x0,
0x0,0x0,0x7,0x0,0x71,0x0,0x0,0x0,
0x0,0x0,0x0,0x0,0x21,0x1,0x90,0x1,
0x21,0x1,0x40,0x2,0x8a,0x0,0x0,0x0,
0x0,0x0,0x7,0x0,0x70,0x0,0x0,0x0,
0x0,0x0,0x0,0x0,0x20,0x1,0x90,0x1,
0x20,0x1,0x60,0x2,0x89,0x0,0x0,0x0,
0x0,0x0,0x1,0x0,0x1,0x0,0x0,0x0,
0x0,0x0,0x0,0x0,0x1f,0x1,0x90,0x1,
0x1f,0x1,0x70,0x2,0x70,0x0,0x0,0x0,
0x0,0x0,0xa,0x0,0x54,0x0,0x0,0x0,
0x0,0x0,0x0,0x0,0x1e,0x1,0x90,0x1,
0x1e,0x1,0x10,0x2,0x0,0x0,0x0,0x0,
0x0,0x0,0x0,0x0,0x0,0x0,0x0,0x0,
0x0,0x0,0xff,0xff,0xff,0xff,0xff,0xff,
0x0,0x0,0x0,0x0,0x54,0x0,0x0,0x0,
0x54,0x0,0x0,0x0,0x54,0x0,0x0,0x0,
0x0,0x0,0x0,0x0,0x54,0x0,0x0,0x0,
0x54,0x0,0x0,0x0,0x0,0x0,0x1,0x0,
0x54,0x0,0x0,0x0,0x0,0x0,0x0,0x0,
0x6c,0x0,0x0,0x0,0x1e,0x1,0x90,0x1,
0x0,0x0,0x0,0x0,0x6c,0x0,0x0,0x0,
0x0,0x0,0x0,0x0,0x6c,0x0,0x0,0x0,
0x0,0x0,0x0,0x0,0x71,0x0,0x0,0x0,
0x0,0x0,0x7,0x0,0x72,0x0,0x0,0x0,
0x0,0x0,0x0,0x0,0x1e,0x1,0x10,0x2,
0x1e,0x1,0x70,0x2,0x0,0x0,0x0,0x0,
0x82,0x0,0x0,0x0,0x0,0x0,0x0,0x0,
0x0,0x0,0xff,0xff,0xff,0xff,0xff,0xff,
0x0,0x0,0x0,0x0,0x54,0x0,0x0,0x0,
0x54,0x0,0x0,0x0,0x54,0x0,0x0,0x0,
0x0,0x0,0x0,0x0,0x54,0x0,0x0,0x0,
0x54,0x0,0x0,0x0,0x0,0x0,0x2,0x0,
0x54,0x0,0x0,0x0,0x0,0x0,0x0,0x0,
0x84,0x0,0x0,0x0,0x24,0x1,0x10,0x1,
0x0,0x0,0x0,0x0,0x84,0x0,0x0,0x0,
0x0,0x0,0x0,0x0,0x84,0x0,0x0,0x0,
0x0,0x0,0x0,0x0,0xa,0x0,0x0,0x0,
0x0,0x0,0x2,0x0,0x8,0x0,0x0,0x0,
0x0,0x0,0x0,0x0,0x24,0x1,0x20,0x2,
0x24,0x1,0xa0,0x2,0x9,0x0,0x0,0x0,
0x0,0x0,0x2,0x0,0xa,0x0,0x0,0x0,
0x0,0x0,0x0,0x0,0x24,0x1,0x80,0x1,
0x24,0x1,0xf0,0x1,0x0,0x0,0x0,0x0,
0x50,0x0,0x0,0x0,0x0,0x0,0x0,0x0,
0x0,0x0,0xff,0xff,0xff,0xff,0xff,0xff,
0x0,0x0,0x0,0x0,0x54,0x0,0x0,0x0,
0x54,0x0,0x0,0x0,0x54,0x0,0x0,0x0,
0x0,0x0,0x0,0x0,0x54,0x0,0x0,0x0,
0x54,0x0,0x0,0x0,0x0,0x0,0x5,0x0,
0x54,0x0,0x0,0x0,0x0,0x0,0x0,0x0,
0xcc,0x0,0x0,0x0,0x27,0x1,0x10,0x1,
0x0,0x0,0x0,0x0,0xcc,0x0,0x0,0x0,
0x0,0x0,0x0,0x0,0xcc,0x0,0x0,0x0,
0x0,0x0,0x0,0x0,0xd,0x0,0x0,0x0,
0x0,0x0,0x7,0x0,0x73,0x0,0x0,0x0,
0x0,0x0,0x0,0x0,0x2a,0x1,0x50,0x1,
0x2a,0x1,0xc0,0x1,0x0,0x0,0x0,0x0,
0x0,0x0,0x8,0x0,0x59,0x0,0x0,0x0,
0x0,0x0,0x0,0x0,0x2d,0x1,0x50,0x1,
0x2d,0x1,0x50,0x1,0x0,0x0,0x0,0x0,
0x0,0x0,0x8,0x0,0x63,0x0,0x0,0x0,
0x0,0x0,0x0,0x0,0x47,0x1,0x50,0x1,
0x47,0x1,0x50,0x1,0x74,0x0,0x0,0x0,
0x0,0x0,0x9,0x0,0x57,0x0,0x0,0x0,
0x0,0x0,0x0,0x0,0x28,0x1,0x50,0x1,
0x28,0x1,0xc0,0x1,0x90,0x0,0x0,0x0,
0x0,0x0,0xa,0x0,0x58,0x0,0x0,0x0,
0x0,0x0,0x0,0x0,0x2b,0x1,0x50,0x1,
0x2b,0x1,0xc0,0x1,0x0,0x0,0x0,0x0,
0x0,0x0,0x0,0x0,0x0,0x0,0x0,0x0,
0x0,0x0,0xff,0xff,0xff,0xff,0xff,0xff,
0x0,0x0,0x0,0x0,0x54,0x0,0x0,0x0,
0x54,0x0,0x0,0x0,0x54,0x0,0x0,0x0,
0x0,0x0,0x0,0x0,0x54,0x0,0x0,0x0,
0x54,0x0,0x0,0x0,0x0,0x0,0x2,0x0,
0x54,0x0,0x0,0x0,0x0,0x0,0x0,0x0,
0x84,0x0,0x0,0x0,0x28,0x1,0x50,0x1,
0x0,0x0,0x0,0x0,0x84,0x0,0x0,0x0,
0x0,0x0,0x0,0x0,0x84,0x0,0x0,0x0,
0x0,0x0,0x0,0x0,0x76,0x0,0x0,0x0,
0x0,0x0,0x2,0x0,0xb,0x0,0x0,0x0,
0x0,0x0,0x0,0x0,0x29,0x1,0xc0,0x1,
0x29,0x1,0xd0,0x2,0x8e,0x0,0x0,0x0,
0x0,0x0,0x7,0x0,0x74,0x0,0x0,0x0,
0x0,0x0,0x0,0x0,0x28,0x1,0xc0,0x1,
0x28,0x1,0xc0,0x2,0x0,0x0,0x0,0x0,
0x0,0x0,0x0,0x0,0x0,0x0,0x0,0x0,
0x0,0x0,0xff,0xff,0xff,0xff,0xff,0xff,
0x0,0x0,0x0,0x0,0x54,0x0,0x0,0x0,
0x54,0x0,0x0,0x0,0x54,0x0,0x0,0x0,
0x0,0x0,0x0,0x0,0x54,0x0,0x0,0x0,
0x54,0x0,0x0,0x0,0x0,0x0,0x2,0x0,
0x54,0x0,0x0,0x0,0x0,0x0,0x0,0x0,
0x84,0x0,0x0,0x0,0x2b,0x1,0x50,0x1,
0x0,0x0,0x0,0x0,0x84,0x0,0x0,0x0,
0x0,0x0,0x0,0x0,0x84,0x0,0x0,0x0,
0x0,0x0,0x0,0x0,0xd,0x0,0x0,0x0,
0x0,0x0,0x7,0x0,0x75,0x0,0x0,0x0,
0x0,0x0,0x0,0x0,0x2c,0x1,0xc0,0x1,
0x2c,0x1,0x30,0x2,0x9,0x0,0x0,0x0,
0x0,0x0,0x2,0x0,0x8,0x0,0x0,0x0,
0x0,0x0,0x0,0x0,0x2b,0x1,0xc0,0x1,
0x2b,0x1,0x30,0x2,0x0,0x0,0x0,0x0,
0x91,0x0,0x0,0x0,0x92,0x0,0x0,0x0,
0x0,0x0,0xff,0xff,0xff,0xff,0xff,0xff,
0x0,0x0,0x0,0x0,0x54,0x0,0x0,0x0,
0x54,0x0,0x0,0x0,0x54,0x0,0x0,0x0,
0x0,0x0,0x0,0x0,0x54,0x0,0x0,0x0,
0x54,0x0,0x0,0x0,0x0,0x0,0x4,0x0,
0x54,0x0,0x0,0x0,0x0,0x0,0x0,0x0,
0xb4,0x0,0x0,0x0,0x2d,0x1,0x50,0x1,
0x2e,0x1,0x90,0x1,0xb4,0x0,0x0,0x0,
0x0,0x0,0x0,0x0,0xb4,0x0,0x0,0x0,
0x0,0x0,0x0,0x0,0x73,0x0,0x0,0x0,
0x0,0x0,0x2,0x0,0xc,0x0,0x0,0x0,
0x0,0x0,0x0,0x0,0x30,0x1,0x90,0x1,
0x30,0x1,0x20,0x2,0x0,0x0,0x0,0x0,
0x0,0x0,0x8,0x0,0x5b,0x0,0x0,0x0,
0x0,0x0,0x0,0x0,0x31,0x1,0x90,0x1,
0x31,0x1,0x90,0x1,0x0,0x0,0x0,0x0,
0x0,0x0,0x8,0x0,0x61,0x0,0x0,0x0,
0x0,0x0,0x0,0x0,0x40,0x1,0x90,0x1,
0x40,0x1,0x90,0x1,0x70,0x0,0x0,0x0,
0x0,0x0,0xa,0x0,0x5a,0x0,0x0,0x0,
0x0,0x0,0x0,0x0,0x2f,0x1,0x90,0x1,
0x2f,0x1,0x10,0x2,0x0,0x0,0x0,0x0,
0x0,0x0,0x0,0x0,0x0,0x0,0x0,0x0,
0x0,0x0,0xff,0xff,0xff,0xff,0xff,0xff,
0x0,0x0,0x0,0x0,0x54,0x0,0x0,0x0,
0x54,0x0,0x0,0x0,0x54,0x0,0x0,0x0,
0x0,0x0,0x0,0x0,0x54,0x0,0x0,0x0,
0x54,0x0,0x0,0x0,0x0,0x0,0x1,0x0,
0x54,0x0,0x0,0x0,0x0,0x0,0x0,0x0,
0x6c,0x0,0x0,0x0,0x2f,0x1,0x90,0x1,
0x0,0x0,0x0,0x0,0x6c,0x0,0x0,0x0,
0x0,0x0,0x0,0x0,0x6c,0x0,0x0,0x0,
0x0,0x0,0x0,0x0,0x93,0x0,0x0,0x0,
0x0,0x0,0x7,0x0,0x76,0x0,0x0,0x0,
0x0,0x0,0x0,0x0,0x2f,0x1,0x10,0x2,
0x2f,0x1,0xb0,0x2,0x0,0x0,0x0,0x0,
0x50,0x0,0x0,0x0,0x95,0x0,0x0,0x0,
0x0,0x0,0xff,0xff,0xff,0xff,0xff,0xff,
0x0,0x0,0x0,0x0,0x54,0x0,0x0,0x0,
0x54,0x0,0x0,0x0,0x54,0x0,0x0,0x0,
0x0,0x0,0x0,0x0,0x54,0x0,0x0,0x0,
0x54,0x0,0x0,0x0,0x0,0x0,0x7,0x0,
0x54,0x0,0x0,0x0,0x0,0x0,0x0,0x0,
0xfc,0x0,0x0,0x0,0x31,0x1,0x90,0x1,
0x32,0x1,0xd0,0x1,0xfc,0x0,0x0,0x0,
0x0,0x0,0x0,0x0,0xfc,0x0,0x0,0x0,
0x0,0x0,0x0,0x0,0xa4,0x0,0x0,0x0,
0x4,0x0,0x8,0x0,0x5e,0x0,0x0,0x0,
0x0,0x0,0x0,0x0,0x38,0x1,0x40,0x3,
0x38,0x1,0xd0,0x1,0xd,0x0,0x0,0x0,
0x0,0x0,0x7,0x0,0x77,0x0,0x0,0x0,
0x0,0x0,0x0,0x0,0x35,0x1,0xd0,0x1,
0x35,0x1,0x40,0x2,0x96,0x0,0x0,0x0,
0x0,0x0,0x2,0x0,0xd,0x0,0x0,0x0,
0x0,0x0,0x0,0x0,0x33,0x1,0x20,0x3,
0x33,0x1,0xa0,0x3,0xa,0x0,0x0,0x0,
0x0,0x0,0x2,0x0,0xc,0x0,0x0,0x0,
0x0,0x0,0x0,0x0,0x33,0x1,0x70,0x2,
0x33,0x1,0xf0,0x2,0x9,0x0,0x0,0x0,
0x0,0x0,0x2,0x0,0xc,0x0,0x0,0x0,
0x0,0x0,0x0,0x0,0x33,0x1,0xd0,0x1,
0x33,0x1,0x40,0x2,0x90,0x0,0x0,0x0,
0x0,0x0,0xa,0x0,0x5d,0x0,0x0,0x0,
0x0,0x0,0x0,0x0,0x36,0x1,0xd0,0x1,
0x36,0x1,0x40,0x2,0x70,0x0,0x0,0x0,
0x0,0x0,0xa,0x0,0x5c,0x0,0x0,0x0,
0x0,0x0,0x0,0x0,0x34,0x1,0xd0,0x1,
0x34,0x1,0x50,0x2,0x0,0x0,0x0,0x0,
0x0,0x0,0x0,0x0,0x0,0x0,0x0,0x0,
0x0,0x0,0xff,0xff,0xff,0xff,0xff,0xff,
0x0,0x0,0x0,0x0,0x54,0x0,0x0,0x0,
0x54,0x0,0x0,0x0,0x54,0x0,0x0,0x0,
0x0,0x0,0x0,0x0,0x54,0x0,0x0,0x0,
0x54,0x0,0x0,0x0,0x0,0x0,0x1,0x0,
0x54,0x0,0x0,0x0,0x0,0x0,0x0,0x0,
0x6c,0x0,0x0,0x0,0x34,0x1,0xd0,0x1,
0x0,0x0,0x0,0x0,0x6c,0x0,0x0,0x0,
0x0,0x0,0x0,0x0,0x6c,0x0,0x0,0x0,
0x0,0x0,0x0,0x0,0x97,0x0,0x0,0x0,
0x0,0x0,0x7,0x0,0x78,0x0,0x0,0x0,
0x0,0x0,0x0,0x0,0x34,0x1,0x50,0x2,
0x34,0x1,0x50,0x3,0x0,0x0,0x0,0x0,
0x0,0x0,0x0,0x0,0x0,0x0,0x0,0x0,
0x0,0x0,0xff,0xff,0xff,0xff,0xff,0xff,
0x0,0x0,0x0,0x0,0x54,0x0,0x0,0x0,
0x54,0x0,0x0,0x0,0x54,0x0,0x0,0x0,
0x0,0x0,0x0,0x0,0x54,0x0,0x0,0x0,
0x54,0x0,0x0,0x0,0x0,0x0,0x2,0x0,
0x54,0x0,0x0,0x0,0x0,0x0,0x0,0x0,
0x84,0x0,0x0,0x0,0x36,0x1,0xd0,0x1,
0x0,0x0,0x0,0x0,0x84,0x0,0x0,0x0,
0x0,0x0,0x0,0x0,0x84,0x0,0x0,0x0,
0x0,0x0,0x0,0x0,0xd,0x0,0x0,0x0,
0x0,0x0,0x7,0x0,0x7a,0x0,0x0,0x0,
0x0,0x0,0x0,0x0,0x37,0x1,0x40,0x2,
0x37,0x1,0xb0,0x2,0x9,0x0,0x0,0x0,
0x0,0x0,0x7,0x0,0x79,0x0,0x0,0x0,
0x0,0x0,0x0,0x0,0x36,0x1,0x40,0x2,
0x36,0x1,0xb0,0x2,0x0,0x0,0x0,0x0,
0x9a,0x0,0x0,0x0,0x0,0x0,0x0,0x0,
0x0,0x0,0xff,0xff,0xff,0xff,0xff,0xff,
0x0,0x0,0x0,0x0,0x54,0x0,0x0,0x0,
0x54,0x0,0x0,0x0,0x54,0x0,0x0,0x0,
0x0,0x0,0x0,0x0,0x54,0x0,0x0,0x0,
0x54,0x0,0x0,0x0,0x0,0x0,0x5,0x0,
0x54,0x0,0x0,0x0,0x0,0x0,0x0,0x0,
0xcc,0x0,0x0,0x0,0x38,0x1,0xd0,0x1,
0x0,0x0,0x0,0x0,0xcc,0x0,0x0,0x0,
0x0,0x0,0x0,0x0,0xcc,0x0,0x0,0x0,
0x0,0x0,0x0,0x0,0x9f,0x0,0x0,0x0,
0x0,0x0,0x7,0x0,0x7d,0x0,0x0,0x0,
0x0,0x0,0x0,0x0,0x3b,0x1,0x10,0x2,
0x3b,0x1,0xc0,0x2,0x9d,0x0,0x0,0x0,
0x0,0x0,0x7,0x0,0x7c,0x0,0x0,0x0,
0x0,0x0,0x0,0x0,0x3a,0x1,0x10,0x2,
0x3a,0x1,0x80,0x2,0x9b,0x0,0x0,0x0,
0x0,0x0,0x7,0x0,0x7b,0x0,0x0,0x0,
0x0,0x0,0x0,0x0,0x39,0x1,0x10,0x2,
0x39,0x1,0xa0,0x2,0x0,0x0,0x0,0x0,
0x0,0x0,0x8,0x0,0x5f,0x0,0x0,0x0,
0x0,0x0,0x0,0x0,0x3c,0x1,0x10,0x2,
0x3c,0x1,0x10,0x2,0x0,0x0,0x0,0x0,
0x0,0x0,0x8,0x0,0x60,0x0,0x0,0x0,
0x0,0x0,0x0,0x0,0x3d,0x1,0x10,0x2,
0x3d,0x1,0x10,0x2,0x0,0x0,0x0,0x0,
0xa1,0x0,0x0,0x0,0x0,0x0,0x0,0x0,
0x0,0x0,0xff,0xff,0xff,0xff,0xff,0xff,
0x0,0x0,0x0,0x0,0x54,0x0,0x0,0x0,
0x54,0x0,0x0,0x0,0x54,0x0,0x0,0x0,
0x0,0x0,0x0,0x0,0x54,0x0,0x0,0x0,
0x54,0x0,0x0,0x0,0x0,0x0,0x2,0x0,
0x54,0x0,0x0,0x0,0x0,0x0,0x0,0x0,
0x84,0x0,0x0,0x0,0x3c,0x1,0x10,0x2,
0x0,0x0,0x0,0x0,0x84,0x0,0x0,0x0,
0x0,0x0,0x0,0x0,0x84,0x0,0x0,0x0,
0x0,0x0,0x0,0x0,0xa3,0x0,0x0,0x0,
0x0,0x0,0x2,0x0,0xf,0x0,0x0,0x0,
0x0,0x0,0x0,0x0,0x3c,0x1,0xc0,0x3,
0x3c,0x1,0x60,0x4,0xa2,0x0,0x0,0x0,
0x0,0x0,0x2,0x0,0xe,0x0,0x0,0x0,
0x0,0x0,0x0,0x0,0x3c,0x1,0x30,0x3,
0x3c,0x1,0x70,0x3,0x0,0x0,0x0,0x0,
0xa1,0x0,0x0,0x0,0x0,0x0,0x0,0x0,
0x0,0x0,0xff,0xff,0xff,0xff,0xff,0xff,
0x0,0x0,0x0,0x0,0x54,0x0,0x0,0x0,
0x54,0x0,0x0,0x0,0x54,0x0,0x0,0x0,
0x0,0x0,0x0,0x0,0x54,0x0,0x0,0x0,
0x54,0x0,0x0,0x0,0x0,0x0,0x2,0x0,
0x54,0x0,0x0,0x0,0x0,0x0,0x0,0x0,
0x84,0x0,0x0,0x0,0x3d,0x1,0x10,0x2,
0x0,0x0,0x0,0x0,0x84,0x0,0x0,0x0,
0x0,0x0,0x0,0x0,0x84,0x0,0x0,0x0,
0x0,0x0,0x0,0x0,0xa3,0x0,0x0,0x0,
0x0,0x0,0x2,0x0,0xf,0x0,0x0,0x0,
0x0,0x0,0x0,0x0,0x3d,0x1,0xc0,0x3,
0x3d,0x1,0x60,0x4,0xa2,0x0,0x0,0x0,
0x0,0x0,0x2,0x0,0x8,0x0,0x0,0x0,
0x0,0x0,0x0,0x0,0x3d,0x1,0x30,0x3,
0x3d,0x1,0x70,0x3,0x0,0x0,0x0,0x0,
0x7a,0x0,0x0,0x0,0x0,0x0,0x0,0x0,
0x0,0x0,0xff,0xff,0xff,0xff,0xff,0xff,
0x0,0x0,0x0,0x0,0x54,0x0,0x0,0x0,
0x54,0x0,0x0,0x0,0x54,0x0,0x0,0x0,
0x0,0x0,0x0,0x0,0x54,0x0,0x0,0x0,
0x54,0x0,0x0,0x0,0x0,0x0,0x3,0x0,
0x54,0x0,0x0,0x0,0x0,0x0,0x0,0x0,
0x9c,0x0,0x0,0x0,0x40,0x1,0x90,0x1,
0x0,0x0,0x0,0x0,0x9c,0x0,0x0,0x0,
0x0,0x0,0x0,0x0,0x9c,0x0,0x0,0x0,
0x0,0x0,0x0,0x0,0xd,0x0,0x0,0x0,
0x0,0x0,0x7,0x0,0x7f,0x0,0x0,0x0,
0x0,0x0,0x0,0x0,0x42,0x1,0xd0,0x1,
0x42,0x1,0x40,0x2,0x55,0x0,0x0,0x0,
0x0,0x0,0x7,0x0,0x7e,0x0,0x0,0x0,
0x0,0x0,0x0,0x0,0x41,0x1,0xd0,0x1,
0x41,0x1,0x30,0x2,0x7d,0x0,0x0,0x0,
0x0,0x0,0xa,0x0,0x62,0x0,0x0,0x0,
0x0,0x0,0x0,0x0,0x43,0x1,0xd0,0x1,
0x43,0x1,0x20,0x2,0x0,0x0,0x0,0x0,
0x0,0x0,0x0,0x0,0x0,0x0,0x0,0x0,
0x0,0x0,0xff,0xff,0xff,0xff,0xff,0xff,
0x0,0x0,0x0,0x0,0x54,0x0,0x0,0x0,
0x54,0x0,0x0,0x0,0x54,0x0,0x0,0x0,
0x0,0x0,0x0,0x0,0x54,0x0,0x0,0x0,
0x54,0x0,0x0,0x0,0x0,0x0,0x2,0x0,
0x54,0x0,0x0,0x0,0x0,0x0,0x0,0x0,
0x84,0x0,0x0,0x0,0x43,0x1,0xd0,0x1,
0x0,0x0,0x0,0x0,0x84,0x0,0x0,0x0,
0x0,0x0,0x0,0x0,0x84,0x0,0x0,0x0,
0x0,0x0,0x0,0x0,0x7f,0x0,0x0,0x0,
0x0,0x0,0x2,0x0,0x10,0x0,0x0,0x0,
0x0,0x0,0x0,0x0,0x44,0x1,0x20,0x2,
0x44,0x1,0x10,0x3,0x7e,0x0,0x0,0x0,
0x0,0x0,0x2,0x0,0x9,0x0,0x0,0x0,
0x0,0x0,0x0,0x0,0x43,0x1,0x20,0x2,
0x43,0x1,0xd0,0x2,0x0,0x0,0x0,0x0,
0x87,0x0,0x0,0x0,0xa5,0x0,0x0,0x0,
0x0,0x0,0xff,0xff,0xff,0xff,0xff,0xff,
0x0,0x0,0x0,0x0,0x54,0x0,0x0,0x0,
0x54,0x0,0x0,0x0,0x54,0x0,0x0,0x0,
0x0,0x0,0x0,0x0,0x54,0x0,0x0,0x0,
0x54,0x0,0x0,0x0,0x0,0x0,0x4,0x0,
0x54,0x0,0x0,0x0,0x0,0x0,0x0,0x0,
0xb4,0x0,0x0,0x0,0x47,0x1,0x50,0x1,
0x48,0x1,0x90,0x1,0xb4,0x0,0x0,0x0,
0x0,0x0,0x0,0x0,0xb4,0x0,0x0,0x0,
0x0,0x0,0x0,0x0,0x8c,0x0,0x0,0x0,
0x0,0x0,0x7,0x0,0x81,0x0,0x0,0x0,
0x0,0x0,0x0,0x0,0x4c,0x1,0x90,0x1,
0x4c,0x1,0x40,0x2,0x8a,0x0,0x0,0x0,
0x0,0x0,0x7,0x0,0x80,0x0,0x0,0x0,
0x0,0x0,0x0,0x0,0x4b,0x1,0x90,0x1,
0x4b,0x1,0x60,0x2,0x89,0x0,0x0,0x0,
0x0,0x0,0x1,0x0,0x1,0x0,0x0,0x0,
0x0,0x0,0x0,0x0,0x4a,0x1,0x90,0x1,
0x4a,0x1,0x70,0x2,0x70,0x0,0x0,0x0,
0x0,0x0,0xa,0x0,0x64,0x0,0x0,0x0,
0x0,0x0,0x0,0x0,0x49,0x1,0x90,0x1,
0x49,0x1,0x10,0x2,0x0,0x0,0x0,0x0,
0x0,0x0,0x0,0x0,0x0,0x0,0x0,0x0,
0x0,0x0,0xff,0xff,0xff,0xff,0xff,0xff,
0x0,0x0,0x0,0x0,0x54,0x0,0x0,0x0,
0x54,0x0,0x0,0x0,0x54,0x0,0x0,0x0,
0x0,0x0,0x0,0x0,0x54,0x0,0x0,0x0,
0x54,0x0,0x0,0x0,0x0,0x0,0x1,0x0,
0x54,0x0,0x0,0x0,0x0,0x0,0x0,0x0,
0x6c,0x0,0x0,0x0,0x49,0x1,0x90,0x1,
0x0,0x0,0x0,0x0,0x6c,0x0,0x0,0x0,
0x0,0x0,0x0,0x0,0x6c,0x0,0x0,0x0,
0x0,0x0,0x0,0x0,0x71,0x0,0x0,0x0,
0x0,0x0,0x7,0x0,0x82,0x0,0x0,0x0,
0x0,0x0,0x0,0x0,0x49,0x1,0x10,0x2,
0x49,0x1,0x70,0x2,0x0,0x0,0x0,0x0,
0x50,0x0,0x0,0x0,0x0,0x0,0x0,0x0,
0x0,0x0,0xff,0xff,0xff,0xff,0xff,0xff,
0x0,0x0,0x0,0x0,0x54,0x0,0x0,0x0,
0x54,0x0,0x0,0x0,0x54,0x0,0x0,0x0,
0x0,0x0,0x0,0x0,0x54,0x0,0x0,0x0,
0x54,0x0,0x0,0x0,0x0,0x0,0x4,0x0,
0x54,0x0,0x0,0x0,0x0,0x0,0x0,0x0,
0xb4,0x0,0x0,0x0,0x50,0x1,0xd0,0x0,
0x0,0x0,0x0,0x0,0xb4,0x0,0x0,0x0,
0x0,0x0,0x0,0x0,0xb4,0x0,0x0,0x0,
0x0,0x0,0x0,0x0,0xd,0x0,0x0,0x0,
0x0,0x0,0x7,0x0,0x84,0x0,0x0,0x0,
0x0,0x0,0x0,0x0,0x50,0x1,0x80,0x5,
0x50,0x1,0xf0,0x5,0xa,0x0,0x0,0x0,
0x0,0x0,0x2,0x0,0x8,0x0,0x0,0x0,
0x0,0x0,0x0,0x0,0x50,0x1,0xd0,0x4,
0x50,0x1,0x50,0x5,0x9,0x0,0x0,0x0,
0x0,0x0,0x7,0x0,0x83,0x0,0x0,0x0,
0x0,0x0,0x0,0x0,0x50,0x1,0x80,0x3,
0x50,0x1,0xf0,0x3,0x70,0x0,0x0,0x0,
0x0,0x0,0xa,0x0,0x66,0x0,0x0,0x0,
0x0,0x0,0x0,0x0,0x50,0x1,0x90,0x1,
0x50,0x1,0x10,0x2,0x0,0x0,0x0,0x0,
0x0,0x0,0x0,0x0,0x0,0x0,0x0,0x0,
0x0,0x0,0xff,0xff,0xff,0xff,0xff,0xff,
0x0,0x0,0x0,0x0,0x54,0x0,0x0,0x0,
0x54,0x0,0x0,0x0,0x54,0x0,0x0,0x0,
0x0,0x0,0x0,0x0,0x54,0x0,0x0,0x0,
0x54,0x0,0x0,0x0,0x0,0x0,0x1,0x0,
0x54,0x0,0x0,0x0,0x0,0x0,0x0,0x0,
0x6c,0x0,0x0,0x0,0x50,0x1,0x90,0x1,
0x0,0x0,0x0,0x0,0x6c,0x0,0x0,0x0,
0x0,0x0,0x0,0x0,0x6c,0x0,0x0,0x0,
0x0,0x0,0x0,0x0,0xa6,0x0,0x0,0x0,
0x0,0x0,0x7,0x0,0x85,0x0,0x0,0x0,
0x0,0x0,0x0,0x0,0x50,0x1,0x10,0x2,
0x50,0x1,0x90,0x2,0x0,0x0,0x0,0x0,
0x50,0x0,0x0,0x0,0x0,0x0,0x0,0x0,
0x0,0x0,0xff,0xff,0xff,0xff,0xff,0xff,
0x0,0x0,0x0,0x0,0x54,0x0,0x0,0x0,
0x54,0x0,0x0,0x0,0x54,0x0,0x0,0x0,
0x0,0x0,0x0,0x0,0x54,0x0,0x0,0x0,
0x54,0x0,0x0,0x0,0x0,0x0,0x5,0x0,
0x54,0x0,0x0,0x0,0x0,0x0,0x0,0x0,
0xcc,0x0,0x0,0x0,0x55,0x1,0x90,0x0,
0x0,0x0,0x0,0x0,0xcc,0x0,0x0,0x0,
0x0,0x0,0x0,0x0,0xcc,0x0,0x0,0x0,
0x0,0x0,0x0,0x0,0xd,0x0,0x0,0x0,
0x0,0x0,0x3,0x0,0x0,0x0,0x0,0x0,
0xe,0x0,0x0,0x0,0x59,0x1,0xd0,0x0,
0x59,0x1,0x40,0x1,0x8,0x0,0x0,0x0,
0x0,0x0,0x7,0x0,0x86,0x0,0x0,0x0,
0x0,0x0,0x0,0x0,0x58,0x1,0xd0,0x0,
0x58,0x1,0x60,0x1,0x0,0x0,0x0,0x0,
0x0,0x0,0x8,0x0,0x69,0x0,0x0,0x0,
0x0,0x0,0x0,0x0,0x5a,0x1,0xd0,0x0,
0x5a,0x1,0xd0,0x0,0x0,0x0,0x0,0x0,
0x0,0x0,0x8,0x0,0x75,0x0,0x0,0x0,
0x0,0x0,0x0,0x0,0x82,0x1,0xd0,0x0,
0x82,0x1,0xd0,0x0,0x74,0x0,0x0,0x0,
0x0,0x0,0x9,0x0,0x68,0x0,0x0,0x0,
0x0,0x0,0x0,0x0,0x56,0x1,0xd0,0x0,
0x56,0x1,0x40,0x1,0x0,0x0,0x0,0x0,
0x0,0x0,0x0,0x0,0x0,0x0,0x0,0x0,
0x0,0x0,0xff,0xff,0xff,0xff,0xff,0xff,
0x0,0x0,0x0,0x0,0x54,0x0,0x0,0x0,
0x54,0x0,0x0,0x0,0x54,0x0,0x0,0x0,
0x0,0x0,0x0,0x0,0x54,0x0,0x0,0x0,
0x54,0x0,0x0,0x0,0x0,0x0,0x2,0x0,
0x54,0x0,0x0,0x0,0x0,0x0,0x0,0x0,
0x84,0x0,0x0,0x0,0x56,0x1,0xd0,0x0,
0x0,0x0,0x0,0x0,0x84,0x0,0x0,0x0,
0x0,0x0,0x0,0x0,0x84,0x0,0x0,0x0,
0x0,0x0,0x0,0x0,0x76,0x0,0x0,0x0,
0x0,0x0,0x7,0x0,0x87,0x0,0x0,0x0,
0x0,0x0,0x0,0x0,0x57,0x1,0x40,0x1,
0x57,0x1,0x50,0x2,0x75,0x0,0x0,0x0,
0x0,0x0,0x1,0x0,0x1,0x0,0x0,0x0,
0x0,0x0,0x0,0x0,0x56,0x1,0x40,0x1,
0x56,0x1,0xf0,0x1,0x0,0x0,0x0,0x0,
0x77,0x0,0x0,0x0,0x0,0x0,0x0,0x0,
0x0,0x0,0xff,0xff,0xff,0xff,0xff,0xff,
0x0,0x0,0x0,0x0,0x54,0x0,0x0,0x0,
0x54,0x0,0x0,0x0,0x54,0x0,0x0,0x0,
0x0,0x0,0x0,0x0,0x54,0x0,0x0,0x0,
0x54,0x0,0x0,0x0,0x0,0x0,0x7,0x0,
0x54,0x0,0x0,0x0,0x0,0x0,0x0,0x0,
0xfc,0x0,0x0,0x0,0x5a,0x1,0xd0,0x0,
0x0,0x0,0x0,0x0,0xfc,0x0,0x0,0x0,
0x0,0x0,0x0,0x0,0xfc,0x0,0x0,0x0,
0x0,0x0,0x0,0x0,0x73,0x0,0x0,0x0,
0x0,0x0,0x2,0x0,0x7,0x0,0x0,0x0,
0x0,0x0,0x0,0x0,0x5e,0x1,0x10,0x1,
0x5e,0x1,0xa0,0x1,0x0,0x0,0x0,0x0,
0x0,0x0,0x8,0x0,0x6b,0x0,0x0,0x0,
0x0,0x0,0x0,0x0,0x5f,0x1,0x10,0x1,
0x5f,0x1,0x10,0x1,0x0,0x0,0x0,0x0,
0x0,0x0,0x8,0x0,0x6c,0x0,0x0,0x0,
0x0,0x0,0x0,0x0,0x63,0x1,0x10,0x1,
0x63,0x1,0x10,0x1,0x0,0x0,0x0,0x0,
0x0,0x0,0x8,0x0,0x6e,0x0,0x0,0x0,
0x0,0x0,0x0,0x0,0x6a,0x1,0x10,0x1,
0x6a,0x1,0x10,0x1,0x0,0x0,0x0,0x0,
0x0,0x0,0x8,0x0,0x70,0x0,0x0,0x0,
0x0,0x0,0x0,0x0,0x70,0x1,0x10,0x1,
0x70,0x1,0x10,0x1,0x0,0x0,0x0,0x0,
0x0,0x0,0x8,0x0,0x73,0x0,0x0,0x0,
0x0,0x0,0x0,0x0,0x7a,0x1,0x10,0x1,
0x7a,0x1,0x10,0x1,0x70,0x0,0x0,0x0,
0x0,0x0,0xa,0x0,0x6a,0x0,0x0,0x0,
0x0,0x0,0x0,0x0,0x5b,0x1,0x10,0x1,
0x5b,0x1,0x90,0x1,0x0,0x0,0x0,0x0,
0x0,0x0,0x0,0x0,0x0,0x0,0x0,0x0,
0x0,0x0,0xff,0xff,0xff,0xff,0xff,0xff,
0x0,0x0,0x0,0x0,0x54,0x0,0x0,0x0,
0x54,0x0,0x0,0x0,0x54,0x0,0x0,0x0,
0x0,0x0,0x0,0x0,0x54,0x0,0x0,0x0,
0x54,0x0,0x0,0x0,0x0,0x0,0x3,0x0,
0x54,0x0,0x0,0x0,0x0,0x0,0x0,0x0,
0x9c,0x0,0x0,0x0,0x5b,0x1,0x10,0x1,
0x0,0x0,0x0,0x0,0x9c,0x0,0x0,0x0,
0x0,0x0,0x0,0x0,0x9c,0x0,0x0,0x0,
0x0,0x0,0x0,0x0,0x79,0x0,0x0,0x0,
0x0,0x0,0x2,0x0,0x6,0x0,0x0,0x0,
0x0,0x0,0x0,0x0,0x5d,0x1,0x90,0x1,
0x5d,0x1,0x60,0x2,0x78,0x0,0x0,0x0,
0x0,0x0,0x2,0x0,0x6,0x0,0x0,0x0,
0x0,0x0,0x0,0x0,0x5c,0x1,0x90,0x1,
0x5c,0x1,0x50,0x2,0x71,0x0,0x0,0x0,
0x0,0x0,0x7,0x0,0x88,0x0,0x0,0x0,
0x0,0x0,0x0,0x0,0x5b,0x1,0x90,0x1,
0x5b,0x1,0xf0,0x1,0x0,0x0,0x0,0x0,
0x50,0x0,0x0,0x0,0x0,0x0,0x0,0x0,
0x0,0x0,0xff,0xff,0xff,0xff,0xff,0xff,
0x0,0x0,0x0,0x0,0x54,0x0,0x0,0x0,
0x54,0x0,0x0,0x0,0x54,0x0,0x0,0x0,
0x0,0x0,0x0,0x0,0x54,0x0,0x0,0x0,
0x54,0x0,0x0,0x0,0x0,0x0,0x4,0x0,
0x54,0x0,0x0,0x0,0x0,0x0,0x0,0x0,
0xb4,0x0,0x0,0x0,0x5f,0x1,0x10,0x1,
0x0,0x0,0x0,0x0,0xb4,0x0,0x0,0x0,
0x0,0x0,0x0,0x0,0xb4,0x0,0x0,0x0,
0x0,0x0,0x0,0x0,0xd,0x0,0x0,0x0,
0x0,0x0,0x7,0x0,0x89,0x0,0x0,0x0,
0x0,0x0,0x0,0x0,0x61,0x1,0x50,0x1,
0x61,0x1,0xc0,0x1,0x96,0x0,0x0,0x0,
0x0,0x0,0x2,0x0,0x11,0x0,0x0,0x0,
0x0,0x0,0x0,0x0,0x60,0x1,0xa0,0x2,
0x60,0x1,0x20,0x3,0xa,0x0,0x0,0x0,
0x0,0x0,0x2,0x0,0xa,0x0,0x0,0x0,
0x0,0x0,0x0,0x0,0x60,0x1,0xf0,0x1,
0x60,0x1,0x70,0x2,0x9,0x0,0x0,0x0,
0x0,0x0,0x2,0x0,0xa,0x0,0x0,0x0,
0x0,0x0,0x0,0x0,0x60,0x1,0x50,0x1,
0x60,0x1,0xc0,0x1,0x0,0x0,0x0,0x0,
0x7a,0x0,0x0,0x0,0x0,0x0,0x0,0x0,
0x0,0x0,0xff,0xff,0xff,0xff,0xff,0xff,
0x0,0x0,0x0,0x0,0x54,0x0,0x0,0x0,
0x54,0x0,0x0,0x0,0x54,0x0,0x0,0x0,
0x0,0x0,0x0,0x0,0x54,0x0,0x0,0x0,
0x54,0x0,0x0,0x0,0x0,0x0,0x3,0x0,
0x54,0x0,0x0,0x0,0x0,0x0,0x0,0x0,
0x9c,0x0,0x0,0x0,0x63,0x1,0x10,0x1,
0x0,0x0,0x0,0x0,0x9c,0x0,0x0,0x0,
0x0,0x0,0x0,0x0,0x9c,0x0,0x0,0x0,
0x0,0x0,0x0,0x0,0xd,0x0,0x0,0x0,
0x0,0x0,0x7,0x0,0x8b,0x0,0x0,0x0,
0x0,0x0,0x0,0x0,0x67,0x1,0x50,0x1,
0x67,0x1,0xc0,0x1,0x55,0x0,0x0,0x0,
0x0,0x0,0x7,0x0,0x8a,0x0,0x0,0x0,
0x0,0x0,0x0,0x0,0x64,0x1,0x50,0x1,
0x64,0x1,0xb0,0x1,0x7d,0x0,0x0,0x0,
0x0,0x0,0xa,0x0,0x6d,0x0,0x0,0x0,
0x0,0x0,0x0,0x0,0x68,0x1,0x50,0x1,
0x68,0x1,0xa0,0x1,0x0,0x0,0x0,0x0,
0x0,0x0,0x0,0x0,0x0,0x0,0x0,0x0,
0x0,0x0,0xff,0xff,0xff,0xff,0xff,0xff,
0x0,0x0,0x0,0x0,0x54,0x0,0x0,0x0,
0x54,0x0,0x0,0x0,0x54,0x0,0x0,0x0,
0x0,0x0,0x0,0x0,0x54,0x0,0x0,0x0,
0x54,0x0,0x0,0x0,0x0,0x0,0x1,0x0,
0x54,0x0,0x0,0x0,0x0,0x0,0x0,0x0,
0x6c,0x0,0x0,0x0,0x68,0x1,0x50,0x1,
0x0,0x0,0x0,0x0,0x6c,0x0,0x0,0x0,
0x0,0x0,0x0,0x0,0x6c,0x0,0x0,0x0,
0x0,0x0,0x0,0x0,0x7e,0x0,0x0,0x0,
0x0,0x0,0x2,0x0,0x9,0x0,0x0,0x0,
0x0,0x0,0x0,0x0,0x68,0x1,0xa0,0x1,
0x68,0x1,0x50,0x2,0x0,0x0,0x0,0x0,
0x7a,0x0,0x0,0x0,0x0,0x0,0x0,0x0,
0x0,0x0,0xff,0xff,0xff,0xff,0xff,0xff,
0x0,0x0,0x0,0x0,0x54,0x0,0x0,0x0,
0x54,0x0,0x0,0x0,0x54,0x0,0x0,0x0,
0x0,0x0,0x0,0x0,0x54,0x0,0x0,0x0,
0x54,0x0,0x0,0x0,0x0,0x0,0x4,0x0,
0x54,0x0,0x0,0x0,0x0,0x0,0x0,0x0,
0xb4,0x0,0x0,0x0,0x6a,0x1,0x10,0x1,
0x0,0x0,0x0,0x0,0xb4,0x0,0x0,0x0,
0x0,0x0,0x0,0x0,0xb4,0x0,0x0,0x0,
0x0,0x0,0x0,0x0,0x8,0x0,0x0,0x0,
0x0,0x0,0x7,0x0,0x8e,0x0,0x0,0x0,
0x0,0x0,0x0,0x0,0x6e,0x1,0x50,0x1,
0x6e,0x1,0xe0,0x1,0xd,0x0,0x0,0x0,
0x0,0x0,0x7,0x0,0x8d,0x0,0x0,0x0,
0x0,0x0,0x0,0x0,0x6c,0x1,0x50,0x1,
0x6c,0x1,0xc0,0x1,0x55,0x0,0x0,0x0,
0x0,0x0,0x7,0x0,0x8c,0x0,0x0,0x0,
0x0,0x0,0x0,0x0,0x6b,0x1,0x50,0x1,
0x6b,0x1,0xb0,0x1,0x7d,0x0,0x0,0x0,
0x0,0x0,0xa,0x0,0x6f,0x0,0x0,0x0,
0x0,0x0,0x0,0x0,0x6d,0x1,0x50,0x1,
0x6d,0x1,0xa0,0x1,0x0,0x0,0x0,0x0,
0x0,0x0,0x0,0x0,0x0,0x0,0x0,0x0,
0x0,0x0,0xff,0xff,0xff,0xff,0xff,0xff,
0x0,0x0,0x0,0x0,0x54,0x0,0x0,0x0,
0x54,0x0,0x0,0x0,0x54,0x0,0x0,0x0,
0x0,0x0,0x0,0x0,0x54,0x0,0x0,0x0,
0x54,0x0,0x0,0x0,0x0,0x0,0x1,0x0,
0x54,0x0,0x0,0x0,0x0,0x0,0x0,0x0,
0x6c,0x0,0x0,0x0,0x6d,0x1,0x50,0x1,
0x0,0x0,0x0,0x0,0x6c,0x0,0x0,0x0,
0x0,0x0,0x0,0x0,0x6c,0x0,0x0,0x0,
0x0,0x0,0x0,0x0,0x7e,0x0,0x0,0x0,
0x0,0x0,0x2,0x0,0x9,0x0,0x0,0x0,
0x0,0x0,0x0,0x0,0x6d,0x1,0xa0,0x1,
0x6d,0x1,0x50,0x2,0x0,0x0,0x0,0x0,
0x50,0x0,0x0,0x0,0x0,0x0,0x0,0x0,
0x0,0x0,0xff,0xff,0xff,0xff,0xff,0xff,
0x0,0x0,0x0,0x0,0x54,0x0,0x0,0x0,
0x54,0x0,0x0,0x0,0x54,0x0,0x0,0x0,
0x0,0x0,0x0,0x0,0x54,0x0,0x0,0x0,
0x54,0x0,0x0,0x0,0x0,0x0,0x4,0x0,
0x54,0x0,0x0,0x0,0x0,0x0,0x0,0x0,
0xb4,0x0,0x0,0x0,0x70,0x1,0x10,0x1,
0x0,0x0,0x0,0x0,0xb4,0x0,0x0,0x0,
0x0,0x0,0x0,0x0,0xb4,0x0,0x0,0x0,
0x0,0x0,0x0,0x0,0xd,0x0,0x0,0x0,
0x0,0x0,0x3,0x0,0x0,0x0,0x0,0x0,
0xa9,0x0,0x0,0x0,0x73,0x1,0x50,0x1,
0x73,0x1,0xc0,0x1,0xa,0x0,0x0,0x0,
0x0,0x0,0x2,0x0,0x12,0x0,0x0,0x0,
0x0,0x0,0x0,0x0,0x72,0x1,0x50,0x1,
0x72,0x1,0xd0,0x1,0x0,0x0,0x0,0x0,
0x0,0x0,0x8,0x0,0x72,0x0,0x0,0x0,
0x0,0x0,0x0,0x0,0x74,0x1,0x50,0x1,
0x74,0x1,0x50,0x1,0x74,0x0,0x0,0x0,
0x0,0x0,0x9,0x0,0x71,0x0,0x0,0x0,
0x0,0x0,0x0,0x0,0x71,0x1,0x50,0x1,
0x71,0x1,0xc0,0x1,0x0,0x0,0x0,0x0,
0x0,0x0,0x0,0x0,0x0,0x0,0x0,0x0,
0x0,0x0,0xff,0xff,0xff,0xff,0xff,0xff,
0x0,0x0,0x0,0x0,0x54,0x0,0x0,0x0,
0x54,0x0,0x0,0x0,0x54,0x0,0x0,0x0,
0x0,0x0,0x0,0x0,0x54,0x0,0x0,0x0,
0x54,0x0,0x0,0x0,0x0,0x0,0x1,0x0,
0x54,0x0,0x0,0x0,0x0,0x0,0x0,0x0,
0x6c,0x0,0x0,0x0,0x71,0x1,0x50,0x1,
0x0,0x0,0x0,0x0,0x6c,0x0,0x0,0x0,
0x0,0x0,0x0,0x0,0x6c,0x0,0x0,0x0,
0x0,0x0,0x0,0x0,0x75,0x0,0x0,0x0,
0x0,0x0,0x1,0x0,0x1,0x0,0x0,0x0,
0x0,0x0,0x0,0x0,0x71,0x1,0xc0,0x1,
0x71,0x1,0x70,0x2,0x0,0x0,0x0,0x0,
0x50,0x0,0x0,0x0,0x0,0x0,0x0,0x0,
0x0,0x0,0xff,0xff,0xff,0xff,0xff,0xff,
0x0,0x0,0x0,0x0,0x54,0x0,0x0,0x0,
0x54,0x0,0x0,0x0,0x54,0x0,0x0,0x0,
0x0,0x0,0x0,0x0,0x54,0x0,0x0,0x0,
0x54,0x0,0x0,0x0,0x0,0x0,0x3,0x0,
0x54,0x0,0x0,0x0,0x0,0x0,0x0,0x0,
0x9c,0x0,0x0,0x0,0x74,0x1,0x50,0x1,
0x0,0x0,0x0,0x0,0x9c,0x0,0x0,0x0,
0x0,0x0,0x0,0x0,0x9c,0x0,0x0,0x0,
0x0,0x0,0x0,0x0,0xd,0x0,0x0,0x0,
0x0,0x0,0x7,0x0,0x91,0x0,0x0,0x0,
0x0,0x0,0x0,0x0,0x77,0x1,0x90,0x1,
0x77,0x1,0x0,0x2,0xa,0x0,0x0,0x0,
0x0,0x0,0x7,0x0,0x90,0x0,0x0,0x0,
0x0,0x0,0x0,0x0,0x76,0x1,0x90,0x1,
0x76,0x1,0x10,0x2,0x9,0x0,0x0,0x0,
0x0,0x0,0x7,0x0,0x8f,0x0,0x0,0x0,
0x0,0x0,0x0,0x0,0x75,0x1,0x90,0x1,
0x75,0x1,0x0,0x2,0x0,0x0,0x0,0x0,
0x7a,0x0,0x0,0x0,0x0,0x0,0x0,0x0,
0x0,0x0,0xff,0xff,0xff,0xff,0xff,0xff,
0x0,0x0,0x0,0x0,0x54,0x0,0x0,0x0,
0x54,0x0,0x0,0x0,0x54,0x0,0x0,0x0,
0x0,0x0,0x0,0x0,0x54,0x0,0x0,0x0,
0x54,0x0,0x0,0x0,0x0,0x0,0x3,0x0,
0x54,0x0,0x0,0x0,0x0,0x0,0x0,0x0,
0x9c,0x0,0x0,0x0,0x7a,0x1,0x10,0x1,
0x0,0x0,0x0,0x0,0x9c,0x0,0x0,0x0,
0x0,0x0,0x0,0x0,0x9c,0x0,0x0,0x0,
0x0,0x0,0x0,0x0,0xd,0x0,0x0,0x0,
0x0,0x0,0x7,0x0,0x93,0x0,0x0,0x0,
0x0,0x0,0x0,0x0,0x7e,0x1,0x50,0x1,
0x7e,0x1,0xc0,0x1,0x55,0x0,0x0,0x0,
0x0,0x0,0x7,0x0,0x92,0x0,0x0,0x0,
0x0,0x0,0x0,0x0,0x7b,0x1,0x50,0x1,
0x7b,0x1,0xb0,0x1,0x7d,0x0,0x0,0x0,
0x0,0x0,0xa,0x0,0x74,0x0,0x0,0x0,
0x0,0x0,0x0,0x0,0x7f,0x1,0x50,0x1,
0x7f,0x1,0xa0,0x1,0x0,0x0,0x0,0x0,
0x0,0x0,0x0,0x0,0x0,0x0,0x0,0x0,
0x0,0x0,0xff,0xff,0xff,0xff,0xff,0xff,
0x0,0x0,0x0,0x0,0x54,0x0,0x0,0x0,
0x54,0x0,0x0,0x0,0x54,0x0,0x0,0x0,
0x0,0x0,0x0,0x0,0x54,0x0,0x0,0x0,
0x54,0x0,0x0,0x0,0x0,0x0,0x1,0x0,
0x54,0x0,0x0,0x0,0x0,0x0,0x0,0x0,
0x6c,0x0,0x0,0x0,0x7f,0x1,0x50,0x1,
0x0,0x0,0x0,0x0,0x6c,0x0,0x0,0x0,
0x0,0x0,0x0,0x0,0x6c,0x0,0x0,0x0,
0x0,0x0,0x0,0x0,0x7e,0x0,0x0,0x0,
0x0,0x0,0x2,0x0,0x9,0x0,0x0,0x0,
0x0,0x0,0x0,0x0,0x7f,0x1,0xa0,0x1,
0x7f,0x1,0x50,0x2,0x0,0x0,0x0,0x0,
0x50,0x0,0x0,0x0,0x0,0x0,0x0,0x0,
0x0,0x0,0xff,0xff,0xff,0xff,0xff,0xff,
0x0,0x0,0x0,0x0,0x54,0x0,0x0,0x0,
0x54,0x0,0x0,0x0,0x54,0x0,0x0,0x0,
0x0,0x0,0x0,0x0,0x54,0x0,0x0,0x0,
0x54,0x0,0x0,0x0,0x0,0x0,0x4,0x0,
0x54,0x0,0x0,0x0,0x0,0x0,0x0,0x0,
0xb4,0x0,0x0,0x0,0x82,0x1,0xd0,0x0,
0x0,0x0,0x0,0x0,0xb4,0x0,0x0,0x0,
0x0,0x0,0x0,0x0,0xb4,0x0,0x0,0x0,
0x0,0x0,0x0,0x0,0xd,0x0,0x0,0x0,
0x0,0x0,0x7,0x0,0x95,0x0,0x0,0x0,
0x0,0x0,0x0,0x0,0x82,0x1,0x80,0x5,
0x82,0x1,0xf0,0x5,0xa,0x0,0x0,0x0,
0x0,0x0,0x2,0x0,0x8,0x0,0x0,0x0,
0x0,0x0,0x0,0x0,0x82,0x1,0xd0,0x4,
0x82,0x1,0x50,0x5,0x9,0x0,0x0,0x0,
0x0,0x0,0x7,0x0,0x94,0x0,0x0,0x0,
0x0,0x0,0x0,0x0,0x82,0x1,0x80,0x3,
0x82,0x1,0xf0,0x3,0x70,0x0,0x0,0x0,
0x0,0x0,0xa,0x0,0x76,0x0,0x0,0x0,
0x0,0x0,0x0,0x0,0x82,0x1,0x90,0x1,
0x82,0x1,0x10,0x2,0x0,0x0,0x0,0x0,
0x0,0x0,0x0,0x0,0x0,0x0,0x0,0x0,
0x0,0x0,0xff,0xff,0xff,0xff,0xff,0xff,
0x0,0x0,0x0,0x0,0x54,0x0,0x0,0x0,
0x54,0x0,0x0,0x0,0x54,0x0,0x0,0x0,
0x0,0x0,0x0,0x0,0x54,0x0,0x0,0x0,
0x54,0x0,0x0,0x0,0x0,0x0,0x1,0x0,
0x54,0x0,0x0,0x0,0x0,0x0,0x0,0x0,
0x6c,0x0,0x0,0x0,0x82,0x1,0x90,0x1,
0x0,0x0,0x0,0x0,0x6c,0x0,0x0,0x0,
0x0,0x0,0x0,0x0,0x6c,0x0,0x0,0x0,
0x0,0x0,0x0,0x0,0xa6,0x0,0x0,0x0,
0x0,0x0,0x7,0x0,0x96,0x0,0x0,0x0,
0x0,0x0,0x0,0x0,0x82,0x1,0x10,0x2,
0x82,0x1,0x90,0x2,0x0,0x0,0x0,0x0,
0x50,0x0,0x0,0x0,0x0,0x0,0x0,0x0,
0x0,0x0,0xff,0xff,0xff,0xff,0xff,0xff,
0x0,0x0,0x0,0x0,0x54,0x0,0x0,0x0,
0x54,0x0,0x0,0x0,0x54,0x0,0x0,0x0,
0x0,0x0,0x0,0x0,0x54,0x0,0x0,0x0,
0x54,0x0,0x0,0x0,0x0,0x0,0x4,0x0,
0x54,0x0,0x0,0x0,0x0,0x0,0x0,0x0,
0xb4,0x0,0x0,0x0,0x86,0x1,0x90,0x0,
0x0,0x0,0x0,0x0,0xb4,0x0,0x0,0x0,
0x0,0x0,0x0,0x0,0xb4,0x0,0x0,0x0,
0x0,0x0,0x0,0x0,0xd,0x0,0x0,0x0,
0x0,0x0,0x3,0x0,0x0,0x0,0x0,0x0,
0x10,0x0,0x0,0x0,0x8a,0x1,0xd0,0x0,
0x8a,0x1,0x40,0x1,0x8,0x0,0x0,0x0,
0x0,0x0,0x7,0x0,0x97,0x0,0x0,0x0,
0x0,0x0,0x0,0x0,0x89,0x1,0xd0,0x0,
0x89,0x1,0x60,0x1,0x0,0x0,0x0,0x0,
0x0,0x0,0x8,0x0,0x79,0x0,0x0,0x0,
0x0,0x0,0x0,0x0,0x8b,0x1,0xd0,0x0,
0x8b,0x1,0xd0,0x0,0x74,0x0,0x0,0x0,
0x0,0x0,0x9,0x0,0x78,0x0,0x0,0x0,
0x0,0x0,0x0,0x0,0x87,0x1,0xd0,0x0,
0x87,0x1,0x40,0x1,0x0,0x0,0x0,0x0,
0x0,0x0,0x0,0x0,0x0,0x0,0x0,0x0,
0x0,0x0,0xff,0xff,0xff,0xff,0xff,0xff,
0x0,0x0,0x0,0x0,0x54,0x0,0x0,0x0,
0x54,0x0,0x0,0x0,0x54,0x0,0x0,0x0,
0x0,0x0,0x0,0x0,0x54,0x0,0x0,0x0,
0x54,0x0,0x0,0x0,0x0,0x0,0x2,0x0,
0x54,0x0,0x0,0x0,0x0,0x0,0x0,0x0,
0x84,0x0,0x0,0x0,0x87,0x1,0xd0,0x0,
0x0,0x0,0x0,0x0,0x84,0x0,0x0,0x0,
0x0,0x0,0x0,0x0,0x84,0x0,0x0,0x0,
0x0,0x0,0x0,0x0,0x76,0x0,0x0,0x0,
0x0,0x0,0x7,0x0,0x98,0x0,0x0,0x0,
0x0,0x0,0x0,0x0,0x88,0x1,0x40,0x1,
0x88,0x1,0x50,0x2,0x75,0x0,0x0,0x0,
0x0,0x0,0x1,0x0,0x1,0x0,0x0,0x0,
0x0,0x0,0x0,0x0,0x87,0x1,0x40,0x1,
0x87,0x1,0xf0,0x1,0x0,0x0,0x0,0x0,
0x7a,0x0,0x0,0x0,0x0,0x0,0x0,0x0,
0x0,0x0,0xff,0xff,0xff,0xff,0xff,0xff,
0x0,0x0,0x0,0x0,0x54,0x0,0x0,0x0,
0x54,0x0,0x0,0x0,0x54,0x0,0x0,0x0,
0x0,0x0,0x0,0x0,0x54,0x0,0x0,0x0,
0x54,0x0,0x0,0x0,0x0,0x0,0x4,0x0,
0x54,0x0,0x0,0x0,0x0,0x0,0x0,0x0,
0xb4,0x0,0x0,0x0,0x8b,0x1,0xd0,0x0,
0x0,0x0,0x0,0x0,0xb4,0x0,0x0,0x0,
0x0,0x0,0x0,0x0,0xb4,0x0,0x0,0x0,
0x0,0x0,0x0,0x0,0xd,0x0,0x0,0x0,
0x0,0x0,0x3,0x0,0x0,0x0,0x0,0x0,
0xe,0x0,0x0,0x0,0x8e,0x1,0x10,0x1,
0x8e,0x1,0x80,0x1,0x55,0x0,0x0,0x0,
0x0,0x0,0x7,0x0,0x99,0x0,0x0,0x0,
0x0,0x0,0x0,0x0,0x8d,0x1,0x10,0x1,
0x8d,0x1,0x70,0x1,0x7d,0x0,0x0,0x0,
0x0,0x0,0xa,0x0,0x7b,0x0,0x0,0x0,
0x0,0x0,0x0,0x0,0x8f,0x1,0x10,0x1,
0x8f,0x1,0x60,0x1,0x70,0x0,0x0,0x0,
0x0,0x0,0xa,0x0,0x7a,0x0,0x0,0x0,
0x0,0x0,0x0,0x0,0x8c,0x1,0x10,0x1,
0x8c,0x1,0x90,0x1,0x0,0x0,0x0,0x0,
0x0,0x0,0x0,0x0,0x0,0x0,0x0,0x0,
0x0,0x0,0xff,0xff,0xff,0xff,0xff,0xff,
0x0,0x0,0x0,0x0,0x54,0x0,0x0,0x0,
0x54,0x0,0x0,0x0,0x54,0x0,0x0,0x0,
0x0,0x0,0x0,0x0,0x54,0x0,0x0,0x0,
0x54,0x0,0x0,0x0,0x0,0x0,0x1,0x0,
0x54,0x0,0x0,0x0,0x0,0x0,0x0,0x0,
0x6c,0x0,0x0,0x0,0x8c,0x1,0x10,0x1,
0x0,0x0,0x0,0x0,0x6c,0x0,0x0,0x0,
0x0,0x0,0x0,0x0,0x6c,0x0,0x0,0x0,
0x0,0x0,0x0,0x0,0x93,0x0,0x0,0x0,
0x0,0x0,0x7,0x0,0x9a,0x0,0x0,0x0,
0x0,0x0,0x0,0x0,0x8c,0x1,0x90,0x1,
0x8c,0x1,0x30,0x2,0x0,0x0,0x0,0x0,
0x0,0x0,0x0,0x0,0x0,0x0,0x0,0x0,
0x0,0x0,0xff,0xff,0xff,0xff,0xff,0xff,
0x0,0x0,0x0,0x0,0x54,0x0,0x0,0x0,
0x54,0x0,0x0,0x0,0x54,0x0,0x0,0x0,
0x0,0x0,0x0,0x0,0x54,0x0,0x0,0x0,
0x54,0x0,0x0,0x0,0x0,0x0,0x2,0x0,
0x54,0x0,0x0,0x0,0x0,0x0,0x0,0x0,
0x84,0x0,0x0,0x0,0x8f,0x1,0x10,0x1,
0x0,0x0,0x0,0x0,0x84,0x0,0x0,0x0,
0x0,0x0,0x0,0x0,0x84,0x0,0x0,0x0,
0x0,0x0,0x0,0x0,0x7f,0x0,0x0,0x0,
0x0,0x0,0x2,0x0,0x10,0x0,0x0,0x0,
0x0,0x0,0x0,0x0,0x90,0x1,0x60,0x1,
0x90,0x1,0x50,0x2,0x7e,0x0,0x0,0x0,
0x0,0x0,0x2,0x0,0x13,0x0,0x0,0x0,
0x0,0x0,0x0,0x0,0x8f,0x1,0x60,0x1,
0x8f,0x1,0x10,0x2,0x0,0x0,0x0,0x0,
0x50,0x0,0x0,0x0,0x0,0x0,0x0,0x0,
0x0,0x0,0xff,0xff,0xff,0xff,0xff,0xff,
0x0,0x0,0x0,0x0,0x54,0x0,0x0,0x0,
0x54,0x0,0x0,0x0,0x54,0x0,0x0,0x0,
0x0,0x0,0x0,0x0,0x54,0x0,0x0,0x0,
0x54,0x0,0x0,0x0,0x0,0x0,0x7,0x0,
0x54,0x0,0x0,0x0,0x0,0x0,0x0,0x0,
0xfc,0x0,0x0,0x0,0x96,0x1,0x90,0x0,
0x0,0x0,0x0,0x0,0xfc,0x0,0x0,0x0,
0x0,0x0,0x0,0x0,0xfc,0x0,0x0,0x0,
0x0,0x0,0x0,0x0,0xd,0x0,0x0,0x0,
0x0,0x0,0x7,0x0,0x9b,0x0,0x0,0x0,
0x0,0x0,0x0,0x0,0x99,0x1,0xd0,0x0,
0x99,0x1,0x40,0x1,0x0,0x0,0x0,0x0,
0x0,0x0,0x8,0x0,0x7e,0x0,0x0,0x0,
0x0,0x0,0x0,0x0,0x9b,0x1,0xd0,0x0,
0x9b,0x1,0xd0,0x0,0x0,0x0,0x0,0x0,
0x0,0x0,0x8,0x0,0x80,0x0,0x0,0x0,
0x0,0x0,0x0,0x0,0xb0,0x1,0xd0,0x0,
0xb0,0x1,0xd0,0x0,0x0,0x0,0x0,0x0,
0x0,0x0,0x8,0x0,0x8e,0x0,0x0,0x0,
0x0,0x0,0x0,0x0,0xe6,0x1,0xd0,0x0,
0xe6,0x1,0xd0,0x0,0x0,0x0,0x0,0x0,
0x0,0x0,0x8,0x0,0x95,0x0,0x0,0x0,
0x0,0x0,0x0,0x0,0xfa,0x1,0xd0,0x0,
0xfa,0x1,0xd0,0x0,0x0,0x0,0x0,0x0,
0x0,0x0,0x8,0x0,0x9d,0x0,0x0,0x0,
0x0,0x0,0x0,0x0,0x12,0x2,0xd0,0x0,
0x12,0x2,0xd0,0x0,0x74,0x0,0x0,0x0,
0x0,0x0,0x9,0x0,0x7d,0x0,0x0,0x0,
0x0,0x0,0x0,0x0,0x97,0x1,0xd0,0x0,
0x97,0x1,0x40,0x1,0x0,0x0,0x0,0x0,
0x0,0x0,0x0,0x0,0x0,0x0,0x0,0x0,
0x0,0x0,0xff,0xff,0xff,0xff,0xff,0xff,
0x0,0x0,0x0,0x0,0x54,0x0,0x0,0x0,
0x54,0x0,0x0,0x0,0x54,0x0,0x0,0x0,
0x0,0x0,0x0,0x0,0x54,0x0,0x0,0x0,
0x54,0x0,0x0,0x0,0x0,0x0,0x2,0x0,
0x54,0x0,0x0,0x0,0x0,0x0,0x0,0x0,
0x84,0x0,0x0,0x0,0x97,0x1,0xd0,0x0,
0x0,0x0,0x0,0x0,0x84,0x0,0x0,0x0,
0x0,0x0,0x0,0x0,0x84,0x0,0x0,0x0,
0x0,0x0,0x0,0x0,0xab,0x0,0x0,0x0,
0x0,0x0,0x1,0x0,0x1,0x0,0x0,0x0,
0x0,0x0,0x0,0x0,0x98,0x1,0x40,0x1,
0x98,0x1,0x0,0x2,0x75,0x0,0x0,0x0,
0x0,0x0,0x1,0x0,0x1,0x0,0x0,0x0,
0x0,0x0,0x0,0x0,0x97,0x1,0x40,0x1,
0x97,0x1,0xf0,0x1,0x0,0x0,0x0,0x0,
0xac,0x0,0x0,0x0,0xad,0x0,0x0,0x0,
0x0,0x0,0xff,0xff,0xff,0xff,0xff,0xff,
0x0,0x0,0x0,0x0,0x54,0x0,0x0,0x0,
0x54,0x0,0x0,0x0,0x54,0x0,0x0,0x0,
0x0,0x0,0x0,0x0,0x54,0x0,0x0,0x0,
0x54,0x0,0x0,0x0,0x0,0x0,0xb,0x0,
0x54,0x0,0x0,0x0,0x0,0x0,0x0,0x0,
0x5c,0x1,0x0,0x0,0x9b,0x1,0xd0,0x0,
0x9c,0x1,0x10,0x1,0x5c,0x1,0x0,0x0,
0x0,0x0,0x0,0x0,0x5c,0x1,0x0,0x0,
0x0,0x0,0x0,0x0,0xbf,0x0,0x0,0x0,
0x0,0x2,0x7,0x0,0xa5,0x0,0x0,0x0,
0x0,0x0,0x0,0x0,0xab,0x1,0x10,0x1,
0xab,0x1,0x50,0x2,0xbd,0x0,0x0,0x0,
0x0,0x0,0x7,0x0,0xa4,0x0,0x0,0x0,
0x0,0x0,0x0,0x0,0xaa,0x1,0x10,0x1,
0xaa,0x1,0xe0,0x1,0xbb,0x0,0x0,0x0,
0x0,0x0,0x7,0x0,0xa3,0x0,0x0,0x0,
0x0,0x0,0x0,0x0,0xa9,0x1,0x10,0x1,
0xa9,0x1,0x80,0x1,0xb9,0x0,0x0,0x0,
0x0,0x0,0x7,0x0,0xa2,0x0,0x0,0x0,
0x0,0x0,0x0,0x0,0xa8,0x1,0x10,0x1,
0xa8,0x1,0x80,0x1,0xb7,0x0,0x0,0x0,
0x0,0x0,0x7,0x0,0xa1,0x0,0x0,0x0,
0x0,0x0,0x0,0x0,0xa7,0x1,0x10,0x1,
0xa7,0x1,0x80,0x1,0xb5,0x0,0x0,0x0,
0x0,0x0,0x7,0x0,0xa0,0x0,0x0,0x0,
0x0,0x0,0x0,0x0,0xa6,0x1,0x10,0x1,
0xa6,0x1,0xd0,0x1,0xb3,0x0,0x0,0x0,
0x0,0x0,0x7,0x0,0x9f,0x0,0x0,0x0,
0x0,0x0,0x0,0x0,0xa4,0x1,0x10,0x1,
0xa4,0x1,0x70,0x1,0xb1,0x0,0x0,0x0,
0x0,0x0,0x7,0x0,0x9e,0x0,0x0,0x0,
0x0,0x0,0x0,0x0,0xa2,0x1,0x10,0x1,
0xa2,0x1,0x70,0x1,0xaf,0x0,0x0,0x0,
0x0,0x0,0x7,0x0,0x9d,0x0,0x0,0x0,
0x0,0x0,0x0,0x0,0xa0,0x1,0x10,0x1,
0xa0,0x1,0xb0,0x1,0x8,0x0,0x0,0x0,
0x0,0x0,0x7,0x0,0x9c,0x0,0x0,0x0,
0x0,0x0,0x0,0x0,0x9f,0x1,0x10,0x1,
0x9f,0x1,0xa0,0x1,0x70,0x0,0x0,0x0,
0x0,0x0,0xa,0x0,0x7f,0x0,0x0,0x0,
0x0,0x0,0x0,0x0,0x9d,0x1,0x10,0x1,
0x9d,0x1,0x90,0x1,0x0,0x0,0x0,0x0,
0x0,0x0,0x0,0x0,0x0,0x0,0x0,0x0,
0x0,0x0,0xff,0xff,0xff,0xff,0xff,0xff,
0x0,0x0,0x0,0x0,0x54,0x0,0x0,0x0,
0x54,0x0,0x0,0x0,0x54,0x0,0x0,0x0,
0x0,0x0,0x0,0x0,0x54,0x0,0x0,0x0,
0x54,0x0,0x0,0x0,0x0,0x0,0x2,0x0,
0x54,0x0,0x0,0x0,0x0,0x0,0x0,0x0,
0x84,0x0,0x0,0x0,0x9d,0x1,0x10,0x1,
0x0,0x0,0x0,0x0,0x84,0x0,0x0,0x0,
0x0,0x0,0x0,0x0,0x84,0x0,0x0,0x0,
0x0,0x0,0x0,0x0,0xae,0x0,0x0,0x0,
0x0,0x0,0x2,0x0,0xb,0x0,0x0,0x0,
0x0,0x0,0x0,0x0,0x9e,0x1,0x90,0x1,
0x9e,0x1,0x20,0x2,0x71,0x0,0x0,0x0,
0x0,0x0,0x7,0x0,0xa7,0x0,0x0,0x0,
0x0,0x0,0x0,0x0,0x9d,0x1,0x90,0x1,
0x9d,0x1,0xf0,0x1,0x0,0x0,0x0,0x0,
0x91,0x0,0x0,0x0,0x0,0x0,0x0,0x0,
0x0,0x0,0xff,0xff,0xff,0xff,0xff,0xff,
0x0,0x0,0x0,0x0,0x54,0x0,0x0,0x0,
0x54,0x0,0x0,0x0,0x54,0x0,0x0,0x0,
0x0,0x0,0x0,0x0,0x54,0x0,0x0,0x0,
0x54,0x0,0x0,0x0,0x0,0x0,0x5,0x0,
0x54,0x0,0x0,0x0,0x0,0x0,0x0,0x0,
0xcc,0x0,0x0,0x0,0xb0,0x1,0xd0,0x0,
0x0,0x0,0x0,0x0,0xcc,0x0,0x0,0x0,
0x0,0x0,0x0,0x0,0xcc,0x0,0x0,0x0,
0x0,0x0,0x0,0x0,0x73,0x0,0x0,0x0,
0x0,0x0,0x2,0x0,0x14,0x0,0x0,0x0,
0x0,0x0,0x0,0x0,0xb4,0x1,0x10,0x1,
0xb4,0x1,0xa0,0x1,0x0,0x0,0x0,0x0,
0x0,0x0,0x8,0x0,0x82,0x0,0x0,0x0,
0x0,0x0,0x0,0x0,0xb5,0x1,0x10,0x1,
0xb5,0x1,0x10,0x1,0x0,0x0,0x0,0x0,
0x0,0x0,0x8,0x0,0x86,0x0,0x0,0x0,
0x0,0x0,0x0,0x0,0xc3,0x1,0x10,0x1,
0xc3,0x1,0x10,0x1,0x0,0x0,0x0,0x0,
0x0,0x0,0x8,0x0,0x8a,0x0,0x0,0x0,
0x0,0x0,0x0,0x0,0xd4,0x1,0x10,0x1,
0xd4,0x1,0x10,0x1,0x70,0x0,0x0,0x0,
0x0,0x0,0xa,0x0,0x81,0x0,0x0,0x0,
0x0,0x0,0x0,0x0,0xb1,0x1,0x10,0x1,
0xb1,0x1,0x90,0x1,0x0,0x0,0x0,0x0,
0x0,0x0,0x0,0x0,0x0,0x0,0x0,0x0,
0x0,0x0,0xff,0xff,0xff,0xff,0xff,0xff,
0x0,0x0,0x0,0x0,0x54,0x0,0x0,0x0,
0x54,0x0,0x0,0x0,0x54,0x0,0x0,0x0,
0x0,0x0,0x0,0x0,0x54,0x0,0x0,0x0,
0x54,0x0,0x0,0x0,0x0,0x0,0x3,0x0,
0x54,0x0,0x0,0x0,0x0,0x0,0x0,0x0,
0x9c,0x0,0x0,0x0,0xb1,0x1,0x10,0x1,
0x0,0x0,0x0,0x0,0x9c,0x0,0x0,0x0,
0x0,0x0,0x0,0x0,0x9c,0x0,0x0,0x0,
0x0,0x0,0x0,0x0,0xae,0x0,0x0,0x0,
0x0,0x0,0x2,0x0,0x7,0x0,0x0,0x0,
0x0,0x0,0x0,0x0,0xb3,0x1,0x90,0x1,
0xb3,0x1,0x20,0x2,0xa6,0x0,0x0,0x0,
0x0,0x0,0x7,0x0,0xa9,0x0,0x0,0x0,
0x0,0x0,0x0,0x0,0xb2,0x1,0x90,0x1,
0xb2,0x1,0x10,0x2,0xc1,0x0,0x0,0x0,
0x0,0x0,0x7,0x0,0xa8,0x0,0x0,0x0,
0x0,0x0,0x0,0x0,0xb1,0x1,0x90,0x1,
0xb1,0x1,0x0,0x2,0x0,0x0,0x0,0x0,
0x7a,0x0,0x0,0x0,0x0,0x0,0x0,0x0,
0x0,0x0,0xff,0xff,0xff,0xff,0xff,0xff,
0x0,0x0,0x0,0x0,0x54,0x0,0x0,0x0,
0x54,0x0,0x0,0x0,0x54,0x0,0x0,0x0,
0x0,0x0,0x0,0x0,0x54,0x0,0x0,0x0,
0x54,0x0,0x0,0x0,0x0,0x0,0x5,0x0,
0x54,0x0,0x0,0x0,0x0,0x0,0x0,0x0,
0xcc,0x0,0x0,0x0,0xb5,0x1,0x10,0x1,
0x0,0x0,0x0,0x0,0xcc,0x0,0x0,0x0,
0x0,0x0,0x0,0x0,0xcc,0x0,0x0,0x0,
0x0,0x0,0x0,0x0,0xd,0x0,0x0,0x0,
0x0,0x0,0x7,0x0,0xac,0x0,0x0,0x0,
0x0,0x0,0x0,0x0,0xb8,0x1,0x50,0x1,
0xb8,0x1,0xc0,0x1,0x55,0x0,0x0,0x0,
0x0,0x0,0x7,0x0,0xab,0x0,0x0,0x0,
0x0,0x0,0x0,0x0,0xb7,0x1,0x50,0x1,
0xb7,0x1,0xb0,0x1,0x8,0x0,0x0,0x0,
0x0,0x0,0x7,0x0,0xaa,0x0,0x0,0x0,
0x0,0x0,0x0,0x0,0xb6,0x1,0x50,0x1,
0xb6,0x1,0xe0,0x1,0x0,0x0,0x0,0x0,
0x0,0x0,0x8,0x0,0x84,0x0,0x0,0x0,
0x0,0x0,0x0,0x0,0xbb,0x1,0x50,0x1,
0xbb,0x1,0x50,0x1,0x7d,0x0,0x0,0x0,
0x0,0x0,0xa,0x0,0x83,0x0,0x0,0x0,
0x0,0x0,0x0,0x0,0xb9,0x1,0x50,0x1,
0xb9,0x1,0xa0,0x1,0x0,0x0,0x0,0x0,
0x0,0x0,0x0,0x0,0x0,0x0,0x0,0x0,
0x0,0x0,0xff,0xff,0xff,0xff,0xff,0xff,
0x0,0x0,0x0,0x0,0x54,0x0,0x0,0x0,
0x54,0x0,0x0,0x0,0x54,0x0,0x0,0x0,
0x0,0x0,0x0,0x0,0x54,0x0,0x0,0x0,
0x54,0x0,0x0,0x0,0x0,0x0,0x2,0x0,
0x54,0x0,0x0,0x0,0x0,0x0,0x0,0x0,
0x84,0x0,0x0,0x0,0xb9,0x1,0x50,0x1,
0x0,0x0,0x0,0x0,0x84,0x0,0x0,0x0,
0x0,0x0,0x0,0x0,0x84,0x0,0x0,0x0,
0x0,0x0,0x0,0x0,0x85,0x0,0x0,0x0,
0x0,0x0,0x7,0x0,0xad,0x0,0x0,0x0,
0x0,0x0,0x0,0x0,0xba,0x1,0xa0,0x1,
0xba,0x1,0x50,0x2,0x7e,0x0,0x0,0x0,
0x0,0x0,0x2,0x0,0x9,0x0,0x0,0x0,
0x0,0x0,0x0,0x0,0xb9,0x1,0xa0,0x1,
0xb9,0x1,0x50,0x2,0x0,0x0,0x0,0x0,
0x87,0x0,0x0,0x0,0xc3,0x0,0x0,0x0,
0x0,0x0,0xff,0xff,0xff,0xff,0xff,0xff,
0x0,0x0,0x0,0x0,0x54,0x0,0x0,0x0,
0x54,0x0,0x0,0x0,0x54,0x0,0x0,0x0,
0x0,0x0,0x0,0x0,0x54,0x0,0x0,0x0,
0x54,0x0,0x0,0x0,0x0,0x0,0x4,0x0,
0x54,0x0,0x0,0x0,0x0,0x0,0x0,0x0,
0xb4,0x0,0x0,0x0,0xbb,0x1,0x50,0x1,
0xbc,0x1,0x90,0x1,0xb4,0x0,0x0,0x0,
0x0,0x0,0x0,0x0,0xb4,0x0,0x0,0x0,
0x0,0x0,0x0,0x0,0x8c,0x0,0x0,0x0,
0x0,0x0,0x7,0x0,0xaf,0x0,0x0,0x0,
0x0,0x0,0x0,0x0,0xc0,0x1,0x90,0x1,
0xc0,0x1,0x40,0x2,0x8a,0x0,0x0,0x0,
0x0,0x0,0x7,0x0,0xae,0x0,0x0,0x0,
0x0,0x0,0x0,0x0,0xbf,0x1,0x90,0x1,
0xbf,0x1,0x60,0x2,0x89,0x0,0x0,0x0,
0x0,0x0,0x1,0x0,0x1,0x0,0x0,0x0,
0x0,0x0,0x0,0x0,0xbe,0x1,0x90,0x1,
0xbe,0x1,0x70,0x2,0x70,0x0,0x0,0x0,
0x0,0x0,0xa,0x0,0x85,0x0,0x0,0x0,
0x0,0x0,0x0,0x0,0xbd,0x1,0x90,0x1,
0xbd,0x1,0x10,0x2,0x0,0x0,0x0,0x0,
0x0,0x0,0x0,0x0,0x0,0x0,0x0,0x0,
0x0,0x0,0xff,0xff,0xff,0xff,0xff,0xff,
0x0,0x0,0x0,0x0,0x54,0x0,0x0,0x0,
0x54,0x0,0x0,0x0,0x54,0x0,0x0,0x0,
0x0,0x0,0x0,0x0,0x54,0x0,0x0,0x0,
0x54,0x0,0x0,0x0,0x0,0x0,0x1,0x0,
0x54,0x0,0x0,0x0,0x0,0x0,0x0,0x0,
0x6c,0x0,0x0,0x0,0xbd,0x1,0x90,0x1,
0x0,0x0,0x0,0x0,0x6c,0x0,0x0,0x0,
0x0,0x0,0x0,0x0,0x6c,0x0,0x0,0x0,
0x0,0x0,0x0,0x0,0x71,0x0,0x0,0x0,
0x0,0x0,0x7,0x0,0xb0,0x0,0x0,0x0,
0x0,0x0,0x0,0x0,0xbd,0x1,0x10,0x2,
0xbd,0x1,0x70,0x2,0x0,0x0,0x0,0x0,
0x7a,0x0,0x0,0x0,0x0,0x0,0x0,0x0,
0x0,0x0,0xff,0xff,0xff,0xff,0xff,0xff,
0x0,0x0,0x0,0x0,0x54,0x0,0x0,0x0,
0x54,0x0,0x0,0x0,0x54,0x0,0x0,0x0,
0x0,0x0,0x0,0x0,0x54,0x0,0x0,0x0,
0x54,0x0,0x0,0x0,0x0,0x0,0x5,0x0,
0x54,0x0,0x0,0x0,0x0,0x0,0x0,0x0,
0xcc,0x0,0x0,0x0,0xc3,0x1,0x10,0x1,
0x0,0x0,0x0,0x0,0xcc,0x0,0x0,0x0,
0x0,0x0,0x0,0x0,0xcc,0x0,0x0,0x0,
0x0,0x0,0x0,0x0,0xd,0x0,0x0,0x0,
0x0,0x0,0x3,0x0,0x0,0x0,0x0,0x0,
0xc4,0x0,0x0,0x0,0xc8,0x1,0x50,0x1,
0xc8,0x1,0xc0,0x1,0x55,0x0,0x0,0x0,
0x0,0x0,0x7,0x0,0xb2,0x0,0x0,0x0,
0x0,0x0,0x0,0x0,0xc6,0x1,0x50,0x1,
0xc6,0x1,0xb0,0x1,0x8,0x0,0x0,0x0,
0x0,0x0,0x7,0x0,0xb1,0x0,0x0,0x0,
0x0,0x0,0x0,0x0,0xc4,0x1,0x50,0x1,
0xc4,0x1,0xe0,0x1,0x0,0x0,0x0,0x0,
0x0,0x0,0x8,0x0,0x88,0x0,0x0,0x0,
0x0,0x0,0x0,0x0,0xcb,0x1,0x50,0x1,
0xcb,0x1,0x50,0x1,0x7d,0x0,0x0,0x0,
0x0,0x0,0xa,0x0,0x87,0x0,0x0,0x0,
0x0,0x0,0x0,0x0,0xc9,0x1,0x50,0x1,
0xc9,0x1,0xa0,0x1,0x0,0x0,0x0,0x0,
0x0,0x0,0x0,0x0,0x0,0x0,0x0,0x0,
0x0,0x0,0xff,0xff,0xff,0xff,0xff,0xff,
0x0,0x0,0x0,0x0,0x54,0x0,0x0,0x0,
0x54,0x0,0x0,0x0,0x54,0x0,0x0,0x0,
0x0,0x0,0x0,0x0,0x54,0x0,0x0,0x0,
0x54,0x0,0x0,0x0,0x0,0x0,0x2,0x0,
0x54,0x0,0x0,0x0,0x0,0x0,0x0,0x0,
0x84,0x0,0x0,0x0,0xc9,0x1,0x50,0x1,
0x0,0x0,0x0,0x0,0x84,0x0,0x0,0x0,
0x0,0x0,0x0,0x0,0x84,0x0,0x0,0x0,
0x0,0x0,0x0,0x0,0x85,0x0,0x0,0x0,
0x0,0x0,0x7,0x0,0xb3,0x0,0x0,0x0,
0x0,0x0,0x0,0x0,0xca,0x1,0xa0,0x1,
0xca,0x1,0x50,0x2,0x7e,0x0,0x0,0x0,
0x0,0x0,0x2,0x0,0x9,0x0,0x0,0x0,
0x0,0x0,0x0,0x0,0xc9,0x1,0xa0,0x1,
0xc9,0x1,0x50,0x2,0x0,0x0,0x0,0x0,
0x87,0x0,0x0,0x0,0xc5,0x0,0x0,0x0,
0x0,0x0,0xff,0xff,0xff,0xff,0xff,0xff,
0x0,0x0,0x0,0x0,0x54,0x0,0x0,0x0,
0x54,0x0,0x0,0x0,0x54,0x0,0x0,0x0,
0x0,0x0,0x0,0x0,0x54,0x0,0x0,0x0,
0x54,0x0,0x0,0x0,0x0,0x0,0x4,0x0,
0x54,0x0,0x0,0x0,0x0,0x0,0x0,0x0,
0xb4,0x0,0x0,0x0,0xcb,0x1,0x50,0x1,
0xcc,0x1,0x90,0x1,0xb4,0x0,0x0,0x0,
0x0,0x0,0x0,0x0,0xb4,0x0,0x0,0x0,
0x0,0x0,0x0,0x0,0x8c,0x0,0x0,0x0,
0x0,0x0,0x7,0x0,0xb5,0x0,0x0,0x0,
0x0,0x0,0x0,0x0,0xd0,0x1,0x90,0x1,
0xd0,0x1,0x40,0x2,0x8a,0x0,0x0,0x0,
0x0,0x0,0x7,0x0,0xb4,0x0,0x0,0x0,
0x0,0x0,0x0,0x0,0xcf,0x1,0x90,0x1,
0xcf,0x1,0x60,0x2,0x89,0x0,0x0,0x0,
0x0,0x0,0x1,0x0,0x1,0x0,0x0,0x0,
0x0,0x0,0x0,0x0,0xce,0x1,0x90,0x1,
0xce,0x1,0x70,0x2,0x70,0x0,0x0,0x0,
0x0,0x0,0xa,0x0,0x89,0x0,0x0,0x0,
0x0,0x0,0x0,0x0,0xcd,0x1,0x90,0x1,
0xcd,0x1,0x10,0x2,0x0,0x0,0x0,0x0,
0x0,0x0,0x0,0x0,0x0,0x0,0x0,0x0,
0x0,0x0,0xff,0xff,0xff,0xff,0xff,0xff,
0x0,0x0,0x0,0x0,0x54,0x0,0x0,0x0,
0x54,0x0,0x0,0x0,0x54,0x0,0x0,0x0,
0x0,0x0,0x0,0x0,0x54,0x0,0x0,0x0,
0x54,0x0,0x0,0x0,0x0,0x0,0x1,0x0,
0x54,0x0,0x0,0x0,0x0,0x0,0x0,0x0,
0x6c,0x0,0x0,0x0,0xcd,0x1,0x90,0x1,
0x0,0x0,0x0,0x0,0x6c,0x0,0x0,0x0,
0x0,0x0,0x0,0x0,0x6c,0x0,0x0,0x0,
0x0,0x0,0x0,0x0,0x71,0x0,0x0,0x0,
0x0,0x0,0x7,0x0,0xb6,0x0,0x0,0x0,
0x0,0x0,0x0,0x0,0xcd,0x1,0x10,0x2,
0xcd,0x1,0x70,0x2,0x0,0x0,0x0,0x0,
0x7a,0x0,0x0,0x0,0x0,0x0,0x0,0x0,
0x0,0x0,0xff,0xff,0xff,0xff,0xff,0xff,
0x0,0x0,0x0,0x0,0x54,0x0,0x0,0x0,
0x54,0x0,0x0,0x0,0x54,0x0,0x0,0x0,
0x0,0x0,0x0,0x0,0x54,0x0,0x0,0x0,
0x54,0x0,0x0,0x0,0x0,0x0,0x5,0x0,
0x54,0x0,0x0,0x0,0x0,0x0,0x0,0x0,
0xcc,0x0,0x0,0x0,0xd4,0x1,0x10,0x1,
0x0,0x0,0x0,0x0,0xcc,0x0,0x0,0x0,
0x0,0x0,0x0,0x0,0xcc,0x0,0x0,0x0,
0x0,0x0,0x0,0x0,0xd,0x0,0x0,0x0,
0x0,0x0,0x3,0x0,0x0,0x0,0x0,0x0,
0xc4,0x0,0x0,0x0,0xd9,0x1,0x50,0x1,
0xd9,0x1,0xc0,0x1,0x55,0x0,0x0,0x0,
0x0,0x0,0x7,0x0,0xb8,0x0,0x0,0x0,
0x0,0x0,0x0,0x0,0xd6,0x1,0x50,0x1,
0xd6,0x1,0xb0,0x1,0x8,0x0,0x0,0x0,
0x0,0x0,0x7,0x0,0xb7,0x0,0x0,0x0,
0x0,0x0,0x0,0x0,0xd5,0x1,0x50,0x1,
0xd5,0x1,0xe0,0x1,0x0,0x0,0x0,0x0,
0x0,0x0,0x8,0x0,0x8c,0x0,0x0,0x0,
0x0,0x0,0x0,0x0,0xdb,0x1,0x50,0x1,
0xdb,0x1,0x50,0x1,0x7d,0x0,0x0,0x0,
0x0,0x0,0xa,0x0,0x8b,0x0,0x0,0x0,
0x0,0x0,0x0,0x0,0xda,0x1,0x50,0x1,
0xda,0x1,0xa0,0x1,0x0,0x0,0x0,0x0,
0x0,0x0,0x0,0x0,0x0,0x0,0x0,0x0,
0x0,0x0,0xff,0xff,0xff,0xff,0xff,0xff,
0x0,0x0,0x0,0x0,0x54,0x0,0x0,0x0,
0x54,0x0,0x0,0x0,0x54,0x0,0x0,0x0,
0x0,0x0,0x0,0x0,0x54,0x0,0x0,0x0,
0x54,0x0,0x0,0x0,0x0,0x0,0x1,0x0,
0x54,0x0,0x0,0x0,0x0,0x0,0x0,0x0,
0x6c,0x0,0x0,0x0,0xda,0x1,0x50,0x1,
0x0,0x0,0x0,0x0,0x6c,0x0,0x0,0x0,
0x0,0x0,0x0,0x0,0x6c,0x0,0x0,0x0,
0x0,0x0,0x0,0x0,0x7e,0x0,0x0,0x0,
0x0,0x0,0x2,0x0,0x9,0x0,0x0,0x0,
0x0,0x0,0x0,0x0,0xda,0x1,0xa0,0x1,
0xda,0x1,0x50,0x2,0x0,0x0,0x0,0x0,
0x87,0x0,0x0,0x0,0xc6,0x0,0x0,0x0,
0x0,0x0,0xff,0xff,0xff,0xff,0xff,0xff,
0x0,0x0,0x0,0x0,0x54,0x0,0x0,0x0,
0x54,0x0,0x0,0x0,0x54,0x0,0x0,0x0,
0x0,0x0,0x0,0x0,0x54,0x0,0x0,0x0,
0x54,0x0,0x0,0x0,0x0,0x0,0x4,0x0,
0x54,0x0,0x0,0x0,0x0,0x0,0x0,0x0,
0xb4,0x0,0x0,0x0,0xdb,0x1,0x50,0x1,
0xdc,0x1,0x90,0x1,0xb4,0x0,0x0,0x0,
0x0,0x0,0x0,0x0,0xb4,0x0,0x0,0x0,
0x0,0x0,0x0,0x0,0x8c,0x0,0x0,0x0,
0x0,0x0,0x7,0x0,0xba,0x0,0x0,0x0,
0x0,0x0,0x0,0x0,0xe0,0x1,0x90,0x1,
0xe0,0x1,0x40,0x2,0x8a,0x0,0x0,0x0,
0x0,0x0,0x7,0x0,0xb9,0x0,0x0,0x0,
0x0,0x0,0x0,0x0,0xdf,0x1,0x90,0x1,
0xdf,0x1,0x60,0x2,0x89,0x0,0x0,0x0,
0x0,0x0,0x1,0x0,0x1,0x0,0x0,0x0,
0x0,0x0,0x0,0x0,0xde,0x1,0x90,0x1,
0xde,0x1,0x70,0x2,0x70,0x0,0x0,0x0,
0x0,0x0,0xa,0x0,0x8d,0x0,0x0,0x0,
0x0,0x0,0x0,0x0,0xdd,0x1,0x90,0x1,
0xdd,0x1,0x10,0x2,0x0,0x0,0x0,0x0,
0x0,0x0,0x0,0x0,0x0,0x0,0x0,0x0,
0x0,0x0,0xff,0xff,0xff,0xff,0xff,0xff,
0x0,0x0,0x0,0x0,0x54,0x0,0x0,0x0,
0x54,0x0,0x0,0x0,0x54,0x0,0x0,0x0,
0x0,0x0,0x0,0x0,0x54,0x0,0x0,0x0,
0x54,0x0,0x0,0x0,0x0,0x0,0x1,0x0,
0x54,0x0,0x0,0x0,0x0,0x0,0x0,0x0,
0x6c,0x0,0x0,0x0,0xdd,0x1,0x90,0x1,
0x0,0x0,0x0,0x0,0x6c,0x0,0x0,0x0,
0x0,0x0,0x0,0x0,0x6c,0x0,0x0,0x0,
0x0,0x0,0x0,0x0,0x71,0x0,0x0,0x0,
0x0,0x0,0x7,0x0,0xbb,0x0,0x0,0x0,
0x0,0x0,0x0,0x0,0xdd,0x1,0x10,0x2,
0xdd,0x1,0x70,0x2,0x0,0x0,0x0,0x0,
0x91,0x0,0x0,0x0,0x0,0x0,0x0,0x0,
0x0,0x0,0xff,0xff,0xff,0xff,0xff,0xff,
0x0,0x0,0x0,0x0,0x54,0x0,0x0,0x0,
0x54,0x0,0x0,0x0,0x54,0x0,0x0,0x0,
0x0,0x0,0x0,0x0,0x54,0x0,0x0,0x0,
0x54,0x0,0x0,0x0,0x0,0x0,0x5,0x0,
0x54,0x0,0x0,0x0,0x0,0x0,0x0,0x0,
0xcc,0x0,0x0,0x0,0xe6,0x1,0xd0,0x0,
0x0,0x0,0x0,0x0,0xcc,0x0,0x0,0x0,
0x0,0x0,0x0,0x0,0xcc,0x0,0x0,0x0,
0x0,0x0,0x0,0x0,0x8,0x0,0x0,0x0,
0x0,0x0,0x7,0x0,0xbc,0x0,0x0,0x0,
0x0,0x0,0x0,0x0,0xeb,0x1,0x10,0x1,
0xeb,0x1,0xa0,0x1,0x73,0x0,0x0,0x0,
0x0,0x0,0x2,0x0,0xa,0x0,0x0,0x0,
0x0,0x0,0x0,0x0,0xea,0x1,0x10,0x1,
0xea,0x1,0xa0,0x1,0x0,0x0,0x0,0x0,
0x0,0x0,0x8,0x0,0x90,0x0,0x0,0x0,
0x0,0x0,0x0,0x0,0xec,0x1,0x10,0x1,
0xec,0x1,0x10,0x1,0x0,0x0,0x0,0x0,
0x0,0x0,0x8,0x0,0x92,0x0,0x0,0x0,
0x0,0x0,0x0,0x0,0xf2,0x1,0x10,0x1,
0xf2,0x1,0x10,0x1,0x70,0x0,0x0,0x0,
0x0,0x0,0xa,0x0,0x8f,0x0,0x0,0x0,
0x0,0x0,0x0,0x0,0xe7,0x1,0x10,0x1,
0xe7,0x1,0x90,0x1,0x0,0x0,0x0,0x0,
0x0,0x0,0x0,0x0,0x0,0x0,0x0,0x0,
0x0,0x0,0xff,0xff,0xff,0xff,0xff,0xff,
0x0,0x0,0x0,0x0,0x54,0x0,0x0,0x0,
0x54,0x0,0x0,0x0,0x54,0x0,0x0,0x0,
0x0,0x0,0x0,0x0,0x54,0x0,0x0,0x0,
0x54,0x0,0x0,0x0,0x0,0x0,0x3,0x0,
0x54,0x0,0x0,0x0,0x0,0x0,0x0,0x0,
0x9c,0x0,0x0,0x0,0xe7,0x1,0x10,0x1,
0x0,0x0,0x0,0x0,0x9c,0x0,0x0,0x0,
0x0,0x0,0x0,0x0,0x9c,0x0,0x0,0x0,
0x0,0x0,0x0,0x0,0xae,0x0,0x0,0x0,
0x0,0x0,0x2,0x0,0x7,0x0,0x0,0x0,
0x0,0x0,0x0,0x0,0xe9,0x1,0x90,0x1,
0xe9,0x1,0x20,0x2,0xa6,0x0,0x0,0x0,
0x0,0x0,0x7,0x0,0xbe,0x0,0x0,0x0,
0x0,0x0,0x0,0x0,0xe8,0x1,0x90,0x1,
0xe8,0x1,0x10,0x2,0xc7,0x0,0x0,0x0,
0x0,0x0,0x7,0x0,0xbd,0x0,0x0,0x0,
0x0,0x0,0x0,0x0,0xe7,0x1,0x90,0x1,
0xe7,0x1,0xf0,0x1,0x0,0x0,0x0,0x0,
0x7a,0x0,0x0,0x0,0x0,0x0,0x0,0x0,
0x0,0x0,0xff,0xff,0xff,0xff,0xff,0xff,
0x0,0x0,0x0,0x0,0x54,0x0,0x0,0x0,
0x54,0x0,0x0,0x0,0x54,0x0,0x0,0x0,
0x0,0x0,0x0,0x0,0x54,0x0,0x0,0x0,
0x54,0x0,0x0,0x0,0x0,0x0,0x3,0x0,
0x54,0x0,0x0,0x0,0x0,0x0,0x0,0x0,
0x9c,0x0,0x0,0x0,0xec,0x1,0x10,0x1,
0x0,0x0,0x0,0x0,0x9c,0x0,0x0,0x0,
0x0,0x0,0x0,0x0,0x9c,0x0,0x0,0x0,
0x0,0x0,0x0,0x0,0xd,0x0,0x0,0x0,
0x0,0x0,0x7,0x0,0xc0,0x0,0x0,0x0,
0x0,0x0,0x0,0x0,0xef,0x1,0x50,0x1,
0xef,0x1,0xc0,0x1,0x55,0x0,0x0,0x0,
0x0,0x0,0x7,0x0,0xbf,0x0,0x0,0x0,
0x0,0x0,0x0,0x0,0xed,0x1,0x50,0x1,
0xed,0x1,0xb0,0x1,0x7d,0x0,0x0,0x0,
0x0,0x0,0xa,0x0,0x91,0x0,0x0,0x0,
0x0,0x0,0x0,0x0,0xf0,0x1,0x50,0x1,
0xf0,0x1,0xa0,0x1,0x0,0x0,0x0,0x0,
0x0,0x0,0x0,0x0,0x0,0x0,0x0,0x0,
0x0,0x0,0xff,0xff,0xff,0xff,0xff,0xff,
0x0,0x0,0x0,0x0,0x54,0x0,0x0,0x0,
0x54,0x0,0x0,0x0,0x54,0x0,0x0,0x0,
0x0,0x0,0x0,0x0,0x54,0x0,0x0,0x0,
0x54,0x0,0x0,0x0,0x0,0x0,0x1,0x0,
0x54,0x0,0x0,0x0,0x0,0x0,0x0,0x0,
0x6c,0x0,0x0,0x0,0xf0,0x1,0x50,0x1,
0x0,0x0,0x0,0x0,0x6c,0x0,0x0,0x0,
0x0,0x0,0x0,0x0,0x6c,0x0,0x0,0x0,
0x0,0x0,0x0,0x0,0x7e,0x0,0x0,0x0,
0x0,0x0,0x2,0x0,0x13,0x0,0x0,0x0,
0x0,0x0,0x0,0x0,0xf0,0x1,0xa0,0x1,
0xf0,0x1,0x50,0x2,0x0,0x0,0x0,0x0,
0x7a,0x0,0x0,0x0,0x0,0x0,0x0,0x0,
0x0,0x0,0xff,0xff,0xff,0xff,0xff,0xff,
0x0,0x0,0x0,0x0,0x54,0x0,0x0,0x0,
0x54,0x0,0x0,0x0,0x54,0x0,0x0,0x0,
0x0,0x0,0x0,0x0,0x54,0x0,0x0,0x0,
0x54,0x0,0x0,0x0,0x0,0x0,0x4,0x0,
0x54,0x0,0x0,0x0,0x0,0x0,0x0,0x0,
0xb4,0x0,0x0,0x0,0xf2,0x1,0x10,0x1,
0x0,0x0,0x0,0x0,0xb4,0x0,0x0,0x0,
0x0,0x0,0x0,0x0,0xb4,0x0,0x0,0x0,
0x0,0x0,0x0,0x0,0xd,0x0,0x0,0x0,
0x0,0x0,0x3,0x0,0x0,0x0,0x0,0x0,
0xc4,0x0,0x0,0x0,0xf4,0x1,0x50,0x1,
0xf4,0x1,0xc0,0x1,0x55,0x0,0x0,0x0,
0x0,0x0,0x7,0x0,0xc1,0x0,0x0,0x0,
0x0,0x0,0x0,0x0,0xf3,0x1,0x50,0x1,
0xf3,0x1,0xb0,0x1,0x70,0x0,0x0,0x0,
0x0,0x0,0xa,0x0,0x94,0x0,0x0,0x0,
0x0,0x0,0x0,0x0,0xf6,0x1,0x50,0x1,
0xf6,0x1,0xd0,0x1,0x7d,0x0,0x0,0x0,
0x0,0x0,0xa,0x0,0x93,0x0,0x0,0x0,
0x0,0x0,0x0,0x0,0xf5,0x1,0x50,0x1,
0xf5,0x1,0xa0,0x1,0x0,0x0,0x0,0x0,
0x0,0x0,0x0,0x0,0x0,0x0,0x0,0x0,
0x0,0x0,0xff,0xff,0xff,0xff,0xff,0xff,
0x0,0x0,0x0,0x0,0x54,0x0,0x0,0x0,
0x54,0x0,0x0,0x0,0x54,0x0,0x0,0x0,
0x0,0x0,0x0,0x0,0x54,0x0,0x0,0x0,
0x54,0x0,0x0,0x0,0x0,0x0,0x1,0x0,
0x54,0x0,0x0,0x0,0x0,0x0,0x0,0x0,
0x6c,0x0,0x0,0x0,0xf5,0x1,0x50,0x1,
0x0,0x0,0x0,0x0,0x6c,0x0,0x0,0x0,
0x0,0x0,0x0,0x0,0x6c,0x0,0x0,0x0,
0x0,0x0,0x0,0x0,0x7e,0x0,0x0,0x0,
0x0,0x0,0x2,0x0,0x9,0x0,0x0,0x0,
0x0,0x0,0x0,0x0,0xf5,0x1,0xa0,0x1,
0xf5,0x1,0x50,0x2,0x0,0x0,0x0,0x0,
0x0,0x0,0x0,0x0,0x0,0x0,0x0,0x0,
0x0,0x0,0xff,0xff,0xff,0xff,0xff,0xff,
0x0,0x0,0x0,0x0,0x54,0x0,0x0,0x0,
0x54,0x0,0x0,0x0,0x54,0x0,0x0,0x0,
0x0,0x0,0x0,0x0,0x54,0x0,0x0,0x0,
0x54,0x0,0x0,0x0,0x0,0x0,0x1,0x0,
0x54,0x0,0x0,0x0,0x0,0x0,0x0,0x0,
0x6c,0x0,0x0,0x0,0xf6,0x1,0x50,0x1,
0x0,0x0,0x0,0x0,0x6c,0x0,0x0,0x0,
0x0,0x0,0x0,0x0,0x6c,0x0,0x0,0x0,
0x0,0x0,0x0,0x0,0x97,0x0,0x0,0x0,
0x0,0x0,0x7,0x0,0xc2,0x0,0x0,0x0,
0x0,0x0,0x0,0x0,0xf6,0x1,0xd0,0x1,
0xf6,0x1,0xd0,0x2,0x0,0x0,0x0,0x0,
0xc9,0x0,0x0,0x0,0x0,0x0,0x0,0x0,
0x0,0x0,0xff,0xff,0xff,0xff,0xff,0xff,
0x0,0x0,0x0,0x0,0x54,0x0,0x0,0x0,
0x54,0x0,0x0,0x0,0x54,0x0,0x0,0x0,
0x0,0x0,0x0,0x0,0x54,0x0,0x0,0x0,
0x54,0x0,0x0,0x0,0x0,0x0,0x5,0x0,
0x54,0x0,0x0,0x0,0x0,0x0,0x0,0x0,
0xcc,0x0,0x0,0x0,0xfa,0x1,0xd0,0x0,
0x0,0x0,0x0,0x0,0xcc,0x0,0x0,0x0,
0x0,0x0,0x0,0x0,0xcc,0x0,0x0,0x0,
0x0,0x0,0x0,0x0,0x8,0x0,0x0,0x0,
0x0,0x0,0x7,0x0,0xc3,0x0,0x0,0x0,
0x0,0x0,0x0,0x0,0xfd,0x1,0x10,0x1,
0xfd,0x1,0xa0,0x1,0x73,0x0,0x0,0x0,
0x0,0x0,0x2,0x0,0xa,0x0,0x0,0x0,
0x0,0x0,0x0,0x0,0xfc,0x1,0x10,0x1,
0xfc,0x1,0xa0,0x1,0x0,0x0,0x0,0x0,
0x0,0x0,0x8,0x0,0x97,0x0,0x0,0x0,
0x0,0x0,0x0,0x0,0xfe,0x1,0x10,0x1,
0xfe,0x1,0x10,0x1,0x0,0x0,0x0,0x0,
0x0,0x0,0x8,0x0,0x9a,0x0,0x0,0x0,
0x0,0x0,0x0,0x0,0x5,0x2,0x10,0x1,
0x5,0x2,0x10,0x1,0x70,0x0,0x0,0x0,
0x0,0x0,0xa,0x0,0x96,0x0,0x0,0x0,
0x0,0x0,0x0,0x0,0xfb,0x1,0x10,0x1,
0xfb,0x1,0x90,0x1,0x0,0x0,0x0,0x0,
0x0,0x0,0x0,0x0,0x0,0x0,0x0,0x0,
0x0,0x0,0xff,0xff,0xff,0xff,0xff,0xff,
0x0,0x0,0x0,0x0,0x54,0x0,0x0,0x0,
0x54,0x0,0x0,0x0,0x54,0x0,0x0,0x0,
0x0,0x0,0x0,0x0,0x54,0x0,0x0,0x0,
0x54,0x0,0x0,0x0,0x0,0x0,0x1,0x0,
0x54,0x0,0x0,0x0,0x0,0x0,0x0,0x0,
0x6c,0x0,0x0,0x0,0xfb,0x1,0x10,0x1,
0x0,0x0,0x0,0x0,0x6c,0x0,0x0,0x0,
0x0,0x0,0x0,0x0,0x6c,0x0,0x0,0x0,
0x0,0x0,0x0,0x0,0x93,0x0,0x0,0x0,
0x0,0x0,0x7,0x0,0xc4,0x0,0x0,0x0,
0x0,0x0,0x0,0x0,0xfb,0x1,0x90,0x1,
0xfb,0x1,0x30,0x2,0x0,0x0,0x0,0x0,
0x7a,0x0,0x0,0x0,0x0,0x0,0x0,0x0,
0x0,0x0,0xff,0xff,0xff,0xff,0xff,0xff,
0x0,0x0,0x0,0x0,0x54,0x0,0x0,0x0,
0x54,0x0,0x0,0x0,0x54,0x0,0x0,0x0,
0x0,0x0,0x0,0x0,0x54,0x0,0x0,0x0,
0x54,0x0,0x0,0x0,0x0,0x0,0x4,0x0,
0x54,0x0,0x0,0x0,0x0,0x0,0x0,0x0,
0xb4,0x0,0x0,0x0,0xfe,0x1,0x10,0x1,
0x0,0x0,0x0,0x0,0xb4,0x0,0x0,0x0,
0x0,0x0,0x0,0x0,0xb4,0x0,0x0,0x0,
0x0,0x0,0x0,0x0,0xd,0x0,0x0,0x0,
0x0,0x0,0x3,0x0,0x0,0x0,0x0,0x0,
0xcc,0x0,0x0,0x0,0x1,0x2,0x50,0x1,
0x1,0x2,0xc0,0x1,0x55,0x0,0x0,0x0,
0x0,0x0,0x7,0x0,0xc5,0x0,0x0,0x0,
0x0,0x0,0x0,0x0,0x0,0x2,0x50,0x1,
0x0,0x2,0xb0,0x1,0x7d,0x0,0x0,0x0,
0x0,0x0,0xa,0x0,0x99,0x0,0x0,0x0,
0x0,0x0,0x0,0x0,0x2,0x2,0x50,0x1,
0x2,0x2,0xa0,0x1,0x70,0x0,0x0,0x0,
0x0,0x0,0xa,0x0,0x98,0x0,0x0,0x0,
0x0,0x0,0x0,0x0,0xff,0x1,0x50,0x1,
0xff,0x1,0xd0,0x1,0x0,0x0,0x0,0x0,
0x0,0x0,0x0,0x0,0x0,0x0,0x0,0x0,
0x0,0x0,0xff,0xff,0xff,0xff,0xff,0xff,
0x0,0x0,0x0,0x0,0x54,0x0,0x0,0x0,
0x54,0x0,0x0,0x0,0x54,0x0,0x0,0x0,
0x0,0x0,0x0,0x0,0x54,0x0,0x0,0x0,
0x54,0x0,0x0,0x0,0x0,0x0,0x1,0x0,
0x54,0x0,0x0,0x0,0x0,0x0,0x0,0x0,
0x6c,0x0,0x0,0x0,0xff,0x1,0x50,0x1,
0x0,0x0,0x0,0x0,0x6c,0x0,0x0,0x0,
0x0,0x0,0x0,0x0,0x6c,0x0,0x0,0x0,
0x0,0x0,0x0,0x0,0xca,0x0,0x0,0x0,
0x0,0x0,0x7,0x0,0xc6,0x0,0x0,0x0,
0x0,0x0,0x0,0x0,0xff,0x1,0xd0,0x1,
0xff,0x1,0xf0,0x2,0x0,0x0,0x0,0x0,
0x0,0x0,0x0,0x0,0x0,0x0,0x0,0x0,
0x0,0x0,0xff,0xff,0xff,0xff,0xff,0xff,
0x0,0x0,0x0,0x0,0x54,0x0,0x0,0x0,
0x54,0x0,0x0,0x0,0x54,0x0,0x0,0x0,
0x0,0x0,0x0,0x0,0x54,0x0,0x0,0x0,
0x54,0x0,0x0,0x0,0x0,0x0,0x2,0x0,
0x54,0x0,0x0,0x0,0x0,0x0,0x0,0x0,
0x84,0x0,0x0,0x0,0x2,0x2,0x50,0x1,
0x0,0x0,0x0,0x0,0x84,0x0,0x0,0x0,
0x0,0x0,0x0,0x0,0x84,0x0,0x0,0x0,
0x0,0x0,0x0,0x0,0x7f,0x0,0x0,0x0,
0x0,0x0,0x2,0x0,0x10,0x0,0x0,0x0,
0x0,0x0,0x0,0x0,0x3,0x2,0xa0,0x1,
0x3,0x2,0x90,0x2,0x7e,0x0,0x0,0x0,
0x0,0x0,0x2,0x0,0x6,0x0,0x0,0x0,
0x0,0x0,0x0,0x0,0x2,0x2,0xa0,0x1,
0x2,0x2,0x50,0x2,0x0,0x0,0x0,0x0,
0x7a,0x0,0x0,0x0,0x0,0x0,0x0,0x0,
0x0,0x0,0xff,0xff,0xff,0xff,0xff,0xff,
0x0,0x0,0x0,0x0,0x54,0x0,0x0,0x0,
0x54,0x0,0x0,0x0,0x54,0x0,0x0,0x0,
0x0,0x0,0x0,0x0,0x54,0x0,0x0,0x0,
0x54,0x0,0x0,0x0,0x0,0x0,0x4,0x0,
0x54,0x0,0x0,0x0,0x0,0x0,0x0,0x0,
0xb4,0x0,0x0,0x0,0x5,0x2,0x10,0x1,
0x0,0x0,0x0,0x0,0xb4,0x0,0x0,0x0,
0x0,0x0,0x0,0x0,0xb4,0x0,0x0,0x0,
0x0,0x0,0x0,0x0,0xd,0x0,0x0,0x0,
0x0,0x0,0x7,0x0,0xc8,0x0,0x0,0x0,
0x0,0x0,0x0,0x0,0xd,0x2,0x50,0x1,
0xd,0x2,0xc0,0x1,0x55,0x0,0x0,0x0,
0x0,0x0,0x7,0x0,0xc7,0x0,0x0,0x0,
0x0,0x0,0x0,0x0,0x7,0x2,0x50,0x1,
0x7,0x2,0xb0,0x1,0x7d,0x0,0x0,0x0,
0x0,0x0,0xa,0x0,0x9c,0x0,0x0,0x0,
0x0,0x0,0x0,0x0,0xf,0x2,0x50,0x1,
0xf,0x2,0xa0,0x1,0x70,0x0,0x0,0x0,
0x0,0x0,0xa,0x0,0x9b,0x0,0x0,0x0,
0x0,0x0,0x0,0x0,0x6,0x2,0x50,0x1,
0x6,0x2,0xd0,0x1,0x0,0x0,0x0,0x0,
0x0,0x0,0x0,0x0,0x0,0x0,0x0,0x0,
0x0,0x0,0xff,0xff,0xff,0xff,0xff,0xff,
0x0,0x0,0x0,0x0,0x54,0x0,0x0,0x0,
0x54,0x0,0x0,0x0,0x54,0x0,0x0,0x0,
0x0,0x0,0x0,0x0,0x54,0x0,0x0,0x0,
0x54,0x0,0x0,0x0,0x0,0x0,0x1,0x0,
0x54,0x0,0x0,0x0,0x0,0x0,0x0,0x0,
0x6c,0x0,0x0,0x0,0x6,0x2,0x50,0x1,
0x0,0x0,0x0,0x0,0x6c,0x0,0x0,0x0,
0x0,0x0,0x0,0x0,0x6c,0x0,0x0,0x0,
0x0,0x0,0x0,0x0,0xca,0x0,0x0,0x0,
0x0,0x0,0x7,0x0,0xc9,0x0,0x0,0x0,
0x0,0x0,0x0,0x0,0x6,0x2,0xd0,0x1,
0x6,0x2,0xf0,0x2,0x0,0x0,0x0,0x0,
0x0,0x0,0x0,0x0,0x0,0x0,0x0,0x0,
0x0,0x0,0xff,0xff,0xff,0xff,0xff,0xff,
0x0,0x0,0x0,0x0,0x54,0x0,0x0,0x0,
0x54,0x0,0x0,0x0,0x54,0x0,0x0,0x0,
0x0,0x0,0x0,0x0,0x54,0x0,0x0,0x0,
0x54,0x0,0x0,0x0,0x0,0x0,0x1,0x0,
0x54,0x0,0x0,0x0,0x0,0x0,0x0,0x0,
0x6c,0x0,0x0,0x0,0xf,0x2,0x50,0x1,
0x0,0x0,0x0,0x0,0x6c,0x0,0x0,0x0,
0x0,0x0,0x0,0x0,0x6c,0x0,0x0,0x0,
0x0,0x0,0x0,0x0,0x7e,0x0,0x0,0x0,
0x0,0x0,0x2,0x0,0x9,0x0,0x0,0x0,
0x0,0x0,0x0,0x0,0xf,0x2,0xa0,0x1,
0xf,0x2,0x50,0x2,0x0,0x0,0x0,0x0,
0x7a,0x0,0x0,0x0,0x0,0x0,0x0,0x0,
0x0,0x0,0xff,0xff,0xff,0xff,0xff,0xff,
0x0,0x0,0x0,0x0,0x54,0x0,0x0,0x0,
0x54,0x0,0x0,0x0,0x54,0x0,0x0,0x0,
0x0,0x0,0x0,0x0,0x54,0x0,0x0,0x0,
0x54,0x0,0x0,0x0,0x0,0x0,0x5,0x0,
0x54,0x0,0x0,0x0,0x0,0x0,0x0,0x0,
0xcc,0x0,0x0,0x0,0x12,0x2,0xd0,0x0,
0x0,0x0,0x0,0x0,0xcc,0x0,0x0,0x0,
0x0,0x0,0x0,0x0,0xcc,0x0,0x0,0x0,
0x0,0x0,0x0,0x0,0xd,0x0,0x0,0x0,
0x0,0x0,0x3,0x0,0x0,0x0,0x0,0x0,
0xcd,0x0,0x0,0x0,0x17,0x2,0x10,0x1,
0x17,0x2,0x80,0x1,0x55,0x0,0x0,0x0,
0x0,0x0,0x7,0x0,0xcb,0x0,0x0,0x0,
0x0,0x0,0x0,0x0,0x15,0x2,0x10,0x1,
0x15,0x2,0x70,0x1,0x8,0x0,0x0,0x0,
0x0,0x0,0x7,0x0,0xca,0x0,0x0,0x0,
0x0,0x0,0x0,0x0,0x14,0x2,0x10,0x1,
0x14,0x2,0xa0,0x1,0x7d,0x0,0x0,0x0,
0x0,0x0,0xa,0x0,0x9f,0x0,0x0,0x0,
0x0,0x0,0x0,0x0,0x18,0x2,0x10,0x1,
0x18,0x2,0x60,0x1,0x70,0x0,0x0,0x0,
0x0,0x0,0xa,0x0,0x9e,0x0,0x0,0x0,
0x0,0x0,0x0,0x0,0x13,0x2,0x10,0x1,
0x13,0x2,0x90,0x1,0x0,0x0,0x0,0x0,
0x0,0x0,0x0,0x0,0x0,0x0,0x0,0x0,
0x0,0x0,0xff,0xff,0xff,0xff,0xff,0xff,
0x0,0x0,0x0,0x0,0x54,0x0,0x0,0x0,
0x54,0x0,0x0,0x0,0x54,0x0,0x0,0x0,
0x0,0x0,0x0,0x0,0x54,0x0,0x0,0x0,
0x54,0x0,0x0,0x0,0x0,0x0,0x1,0x0,
0x54,0x0,0x0,0x0,0x0,0x0,0x0,0x0,
0x6c,0x0,0x0,0x0,0x13,0x2,0x10,0x1,
0x0,0x0,0x0,0x0,0x6c,0x0,0x0,0x0,
0x0,0x0,0x0,0x0,0x6c,0x0,0x0,0x0,
0x0,0x0,0x0,0x0,0x93,0x0,0x0,0x0,
0x0,0x0,0x7,0x0,0xcc,0x0,0x0,0x0,
0x0,0x0,0x0,0x0,0x13,0x2,0x90,0x1,
0x13,0x2,0x30,0x2,0x0,0x0,0x0,0x0,
0x0,0x0,0x0,0x0,0x0,0x0,0x0,0x0,
0x0,0x0,0xff,0xff,0xff,0xff,0xff,0xff,
0x0,0x0,0x0,0x0,0x54,0x0,0x0,0x0,
0x54,0x0,0x0,0x0,0x54,0x0,0x0,0x0,
0x0,0x0,0x0,0x0,0x54,0x0,0x0,0x0,
0x54,0x0,0x0,0x0,0x0,0x0,0x1,0x0,
0x54,0x0,0x0,0x0,0x0,0x0,0x0,0x0,
0x6c,0x0,0x0,0x0,0x18,0x2,0x10,0x1,
0x0,0x0,0x0,0x0,0x6c,0x0,0x0,0x0,
0x0,0x0,0x0,0x0,0x6c,0x0,0x0,0x0,
0x0,0x0,0x0,0x0,0x7e,0x0,0x0,0x0,
0x0,0x0,0x2,0x0,0x7,0x0,0x0,0x0,
0x0,0x0,0x0,0x0,0x18,0x2,0x60,0x1,
0x18,0x2,0x10,0x2,0x0,0x0,0x0,0x0,
0x50,0x0,0x0,0x0,0x0,0x0,0x0,0x0,
0x0,0x0,0xff,0xff,0xff,0xff,0xff,0xff,
0x0,0x0,0x0,0x0,0x54,0x0,0x0,0x0,
0x54,0x0,0x0,0x0,0x54,0x0,0x0,0x0,
0x0,0x0,0x0,0x0,0x54,0x0,0x0,0x0,
0x54,0x0,0x0,0x0,0x0,0x0,0x4,0x0,
0x54,0x0,0x0,0x0,0x0,0x0,0x0,0x0,
0xb4,0x0,0x0,0x0,0x1e,0x2,0x90,0x0,
0x0,0x0,0x0,0x0,0xb4,0x0,0x0,0x0,
0x0,0x0,0x0,0x0,0xb4,0x0,0x0,0x0,
0x0,0x0,0x0,0x0,0xd,0x0,0x0,0x0,
0x0,0x0,0x3,0x0,0x0,0x0,0x0,0x0,
0xe,0x0,0x0,0x0,0x21,0x2,0xd0,0x0,
0x21,0x2,0x40,0x1,0x0,0x0,0x0,0x0,
0x0,0x0,0x8,0x0,0xa2,0x0,0x0,0x0,
0x0,0x0,0x0,0x0,0x22,0x2,0xd0,0x0,
0x22,0x2,0xd0,0x0,0x0,0x0,0x0,0x0,
0x0,0x0,0x8,0x0,0xa3,0x0,0x0,0x0,
0x0,0x0,0x0,0x0,0x23,0x2,0xd0,0x0,
0x23,0x2,0xd0,0x0,0x74,0x0,0x0,0x0,
0x0,0x0,0x9,0x0,0xa1,0x0,0x0,0x0,
0x0,0x0,0x0,0x0,0x1f,0x2,0xd0,0x0,
0x1f,0x2,0x40,0x1,0x0,0x0,0x0,0x0,
0x0,0x0,0x0,0x0,0x0,0x0,0x0,0x0,
0x0,0x0,0xff,0xff,0xff,0xff,0xff,0xff,
0x0,0x0,0x0,0x0,0x54,0x0,0x0,0x0,
0x54,0x0,0x0,0x0,0x54,0x0,0x0,0x0,
0x0,0x0,0x0,0x0,0x54,0x0,0x0,0x0,
0x54,0x0,0x0,0x0,0x0,0x0,0x2,0x0,
0x54,0x0,0x0,0x0,0x0,0x0,0x0,0x0,
0x84,0x0,0x0,0x0,0x1f,0x2,0xd0,0x0,
0x0,0x0,0x0,0x0,0x84,0x0,0x0,0x0,
0x0,0x0,0x0,0x0,0x84,0x0,0x0,0x0,
0x0,0x0,0x0,0x0,0x76,0x0,0x0,0x0,
0x0,0x0,0x2,0x0,0x15,0x0,0x0,0x0,
0x0,0x0,0x0,0x0,0x20,0x2,0x40,0x1,
0x20,0x2,0x50,0x2,0x75,0x0,0x0,0x0,
0x0,0x0,0x1,0x0,0x1,0x0,0x0,0x0,
0x0,0x0,0x0,0x0,0x1f,0x2,0x40,0x1,
0x1f,0x2,0xf0,0x1,0x0,0x0,0x0,0x0,
0x50,0x0,0x0,0x0,0x0,0x0,0x0,0x0,
0x0,0x0,0xff,0xff,0xff,0xff,0xff,0xff,
0x0,0x0,0x0,0x0,0x54,0x0,0x0,0x0,
0x54,0x0,0x0,0x0,0x54,0x0,0x0,0x0,
0x0,0x0,0x0,0x0,0x54,0x0,0x0,0x0,
0x54,0x0,0x0,0x0,0x0,0x0,0x3,0x0,
0x54,0x0,0x0,0x0,0x0,0x0,0x0,0x0,
0x9c,0x0,0x0,0x0,0x22,0x2,0xd0,0x0,
0x0,0x0,0x0,0x0,0x9c,0x0,0x0,0x0,
0x0,0x0,0x0,0x0,0x9c,0x0,0x0,0x0,
0x0,0x0,0x0,0x0,0xd,0x0,0x0,0x0,
0x0,0x0,0x7,0x0,0xce,0x0,0x0,0x0,
0x0,0x0,0x0,0x0,0x22,0x2,0x90,0x3,
0x22,0x2,0x0,0x4,0xa,0x0,0x0,0x0,
0x0,0x0,0x2,0x0,0x8,0x0,0x0,0x0,
0x0,0x0,0x0,0x0,0x22,0x2,0xe0,0x2,
0x22,0x2,0x60,0x3,0x9,0x0,0x0,0x0,
0x0,0x0,0x7,0x0,0xcd,0x0,0x0,0x0,
0x0,0x0,0x0,0x0,0x22,0x2,0x90,0x1,
0x22,0x2,0x0,0x2,0x0,0x0,0x0,0x0,
0x77,0x0,0x0,0x0,0x0,0x0,0x0,0x0,
0x0,0x0,0xff,0xff,0xff,0xff,0xff,0xff,
0x0,0x0,0x0,0x0,0x54,0x0,0x0,0x0,
0x54,0x0,0x0,0x0,0x54,0x0,0x0,0x0,
0x0,0x0,0x0,0x0,0x54,0x0,0x0,0x0,
0x54,0x0,0x0,0x0,0x0,0x0,0x8,0x0,
0x54,0x0,0x0,0x0,0x0,0x0,0x0,0x0,
0x14,0x1,0x0,0x0,0x23,0x2,0xd0,0x0,
0x0,0x0,0x0,0x0,0x14,0x1,0x0,0x0,
0x0,0x0,0x0,0x0,0x14,0x1,0x0,0x0,
0x0,0x0,0x0,0x0,0x73,0x0,0x0,0x0,
0x0,0x0,0x2,0x0,0x16,0x0,0x0,0x0,
0x0,0x0,0x0,0x0,0x27,0x2,0x10,0x1,
0x27,0x2,0xa0,0x1,0x0,0x0,0x0,0x0,
0x0,0x0,0x8,0x0,0xa5,0x0,0x0,0x0,
0x0,0x0,0x0,0x0,0x28,0x2,0x10,0x1,
0x28,0x2,0x10,0x1,0x0,0x0,0x0,0x0,
0x0,0x0,0x8,0x0,0xad,0x0,0x0,0x0,
0x0,0x0,0x0,0x0,0x4b,0x2,0x10,0x1,
0x4b,0x2,0x10,0x1,0x0,0x0,0x0,0x0,
0x0,0x0,0x8,0x0,0xaf,0x0,0x0,0x0,
0x0,0x0,0x0,0x0,0x4c,0x2,0x10,0x1,
0x4c,0x2,0x10,0x1,0x0,0x0,0x0,0x0,
0x0,0x0,0x8,0x0,0xb1,0x0,0x0,0x0,
0x0,0x0,0x0,0x0,0x57,0x2,0x10,0x1,
0x57,0x2,0x10,0x1,0x0,0x0,0x0,0x0,
0x0,0x0,0x8,0x0,0xb7,0x0,0x0,0x0,
0x0,0x0,0x0,0x0,0x6e,0x2,0x10,0x1,
0x6e,0x2,0x10,0x1,0x0,0x0,0x0,0x0,
0x0,0x0,0x8,0x0,0xbb,0x0,0x0,0x0,
0x0,0x0,0x0,0x0,0x7c,0x2,0x10,0x1,
0x7c,0x2,0x10,0x1,0x70,0x0,0x0,0x0,
0x0,0x0,0xa,0x0,0xa4,0x0,0x0,0x0,
0x0,0x0,0x0,0x0,0x24,0x2,0x10,0x1,
0x24,0x2,0x90,0x1,0x0,0x0,0x0,0x0,
0x0,0x0,0x0,0x0,0x0,0x0,0x0,0x0,
0x0,0x0,0xff,0xff,0xff,0xff,0xff,0xff,
0x0,0x0,0x0,0x0,0x54,0x0,0x0,0x0,
0x54,0x0,0x0,0x0,0x54,0x0,0x0,0x0,
0x0,0x0,0x0,0x0,0x54,0x0,0x0,0x0,
0x54,0x0,0x0,0x0,0x0,0x0,0x3,0x0,
0x54,0x0,0x0,0x0,0x0,0x0,0x0,0x0,
0x9c,0x0,0x0,0x0,0x24,0x2,0x10,0x1,
0x0,0x0,0x0,0x0,0x9c,0x0,0x0,0x0,
0x0,0x0,0x0,0x0,0x9c,0x0,0x0,0x0,
0x0,0x0,0x0,0x0,0x79,0x0,0x0,0x0,
0x0,0x0,0x2,0x0,0x6,0x0,0x0,0x0,
0x0,0x0,0x0,0x0,0x26,0x2,0x90,0x1,
0x26,0x2,0x60,0x2,0x78,0x0,0x0,0x0,
0x0,0x0,0x2,0x0,0x6,0x0,0x0,0x0,
0x0,0x0,0x0,0x0,0x25,0x2,0x90,0x1,
0x25,0x2,0x50,0x2,0x71,0x0,0x0,0x0,
0x0,0x0,0x7,0x0,0xcf,0x0,0x0,0x0,
0x0,0x0,0x0,0x0,0x24,0x2,0x90,0x1,
0x24,0x2,0xf0,0x1,0x0,0x0,0x0,0x0,
0xce,0x0,0x0,0x0,0x0,0x0,0x0,0x0,
0x0,0x0,0xff,0xff,0xff,0xff,0xff,0xff,
0x0,0x0,0x0,0x0,0x54,0x0,0x0,0x0,
0x54,0x0,0x0,0x0,0x54,0x0,0x0,0x0,
0x0,0x0,0x0,0x0,0x54,0x0,0x0,0x0,
0x54,0x0,0x0,0x0,0x0,0x0,0x2,0x0,
0x54,0x0,0x0,0x0,0x0,0x0,0x0,0x0,
0x84,0x0,0x0,0x0,0x28,0x2,0x10,0x1,
0x0,0x0,0x0,0x0,0x84,0x0,0x0,0x0,
0x0,0x0,0x0,0x0,0x84,0x0,0x0,0x0,
0x0,0x0,0x0,0x0,0xcf,0x0,0x0,0x0,
0x0,0x0,0x7,0x0,0xd0,0x0,0x0,0x0,
0x0,0x0,0x0,0x0,0x29,0x2,0x50,0x1,
0x29,0x2,0xc0,0x1,0x0,0x0,0x0,0x0,
0x0,0x0,0x8,0x0,0xa6,0x0,0x0,0x0,
0x0,0x0,0x0,0x0,0x2a,0x2,0x50,0x1,
0x2a,0x2,0x50,0x1,0x0,0x0,0x0,0x0,
0x77,0x0,0x0,0x0,0x0,0x0,0x0,0x0,
0x0,0x0,0xff,0xff,0xff,0xff,0xff,0xff,
0x0,0x0,0x2,0x0,0x54,0x0,0x0,0x0,
0x54,0x0,0x0,0x0,0x6c,0x0,0x0,0x0,
0x0,0x0,0x0,0x0,0x6c,0x0,0x0,0x0,
0x6c,0x0,0x0,0x0,0x0,0x0,0x3,0x0,
0x6c,0x0,0x0,0x0,0x0,0x0,0x0,0x0,
0xb4,0x0,0x0,0x0,0x2a,0x2,0x50,0x1,
0x0,0x0,0x0,0x0,0xb4,0x0,0x0,0x0,
0x0,0x0,0x0,0x0,0xb4,0x0,0x0,0x0,
0x0,0x0,0x0,0x0,0xd1,0x0,0x0,0x0,
0x2,0x0,0x0,0x30,0x2c,0x2,0x90,0x1,
0xd2,0x0,0x0,0x0,0x5,0x0,0x0,0x30,
0x2d,0x2,0x90,0x1,0x73,0x0,0x0,0x0,
0x0,0x0,0x2,0x0,0x17,0x0,0x0,0x0,
0x0,0x0,0x0,0x0,0x2b,0x2,0x90,0x1,
0x2b,0x2,0x20,0x2,0x0,0x0,0x0,0x0,
0x0,0x0,0x8,0x0,0xa7,0x0,0x0,0x0,
0x0,0x0,0x0,0x0,0x2e,0x2,0x90,0x1,
0x2e,0x2,0x90,0x1,0x0,0x0,0x0,0x0,
0x0,0x0,0x8,0x0,0xab,0x0,0x0,0x0,
0x0,0x0,0x0,0x0,0x3e,0x2,0x90,0x1,
0x3e,0x2,0x90,0x1,0x0,0x0,0x0,0x0,
0x7a,0x0,0x0,0x0,0x0,0x0,0x0,0x0,
0x0,0x0,0xff,0xff,0xff,0xff,0xff,0xff,
0x0,0x0,0x0,0x0,0x54,0x0,0x0,0x0,
0x54,0x0,0x0,0x0,0x54,0x0,0x0,0x0,
0x0,0x0,0x0,0x0,0x54,0x0,0x0,0x0,
0x54,0x0,0x0,0x0,0x0,0x0,0x4,0x0,
0x54,0x0,0x0,0x0,0x0,0x0,0x0,0x0,
0xb4,0x0,0x0,0x0,0x2e,0x2,0x90,0x1,
0x0,0x0,0x0,0x0,0xb4,0x0,0x0,0x0,
0x0,0x0,0x0,0x0,0xb4,0x0,0x0,0x0,
0x0,0x0,0x0,0x0,0xd,0x0,0x0,0x0,
0x0,0x0,0x7,0x0,0xd2,0x0,0x0,0x0,
0x0,0x0,0x0,0x0,0x30,0x2,0xd0,0x1,
0x30,0x2,0x40,0x2,0x55,0x0,0x0,0x0,
0x0,0x0,0x7,0x0,0xd1,0x0,0x0,0x0,
0x0,0x0,0x0,0x0,0x2f,0x2,0xd0,0x1,
0x2f,0x2,0x30,0x2,0x0,0x0,0x0,0x0,
0x0,0x0,0x8,0x0,0xa9,0x0,0x0,0x0,
0x0,0x0,0x0,0x0,0x34,0x2,0xd0,0x1,
0x34,0x2,0xd0,0x1,0x7d,0x0,0x0,0x0,
0x0,0x0,0xa,0x0,0xa8,0x0,0x0,0x0,
0x0,0x0,0x0,0x0,0x31,0x2,0xd0,0x1,
0x31,0x2,0x20,0x2,0x0,0x0,0x0,0x0,
0x0,0x0,0x0,0x0,0x0,0x0,0x0,0x0,
0x0,0x0,0xff,0xff,0xff,0xff,0xff,0xff,
0x0,0x0,0x0,0x0,0x54,0x0,0x0,0x0,
0x54,0x0,0x0,0x0,0x54,0x0,0x0,0x0,
0x0,0x0,0x0,0x0,0x54,0x0,0x0,0x0,
0x54,0x0,0x0,0x0,0x0,0x0,0x3,0x0,
0x54,0x0,0x0,0x0,0x0,0x0,0x0,0x0,
0x9c,0x0,0x0,0x0,0x31,0x2,0xd0,0x1,
0x0,0x0,0x0,0x0,0x9c,0x0,0x0,0x0,
0x0,0x0,0x0,0x0,0x9c,0x0,0x0,0x0,
0x0,0x0,0x0,0x0,0xd3,0x0,0x0,0x0,
0x0,0x0,0x7,0x0,0xd4,0x0,0x0,0x0,
0x0,0x0,0x0,0x0,0x33,0x2,0x20,0x2,
0x33,0x2,0x80,0x2,0x85,0x0,0x0,0x0,
0x0,0x0,0x7,0x0,0xd3,0x0,0x0,0x0,
0x0,0x0,0x0,0x0,0x32,0x2,0x20,0x2,
0x32,0x2,0xd0,0x2,0x7e,0x0,0x0,0x0,
0x0,0x0,0x2,0x0,0x9,0x0,0x0,0x0,
0x0,0x0,0x0,0x0,0x31,0x2,0x20,0x2,
0x31,0x2,0xd0,0x2,0x0,0x0,0x0,0x0,
0x87,0x0,0x0,0x0,0xd5,0x0,0x0,0x0,
0x0,0x0,0xff,0xff,0xff,0xff,0xff,0xff,
0x0,0x0,0x0,0x0,0x54,0x0,0x0,0x0,
0x54,0x0,0x0,0x0,0x54,0x0,0x0,0x0,
0x0,0x0,0x0,0x0,0x54,0x0,0x0,0x0,
0x54,0x0,0x0,0x0,0x0,0x0,0x4,0x0,
0x54,0x0,0x0,0x0,0x0,0x0,0x0,0x0,
0xb4,0x0,0x0,0x0,0x34,0x2,0xd0,0x1,
0x35,0x2,0x10,0x2,0xb4,0x0,0x0,0x0,
0x0,0x0,0x0,0x0,0xb4,0x0,0x0,0x0,
0x0,0x0,0x0,0x0,0x8c,0x0,0x0,0x0,
0x0,0x0,0x7,0x0,0xd6,0x0,0x0,0x0,
0x0,0x0,0x0,0x0,0x39,0x2,0x10,0x2,
0x39,0x2,0xc0,0x2,0x8a,0x0,0x0,0x0,
0x0,0x0,0x7,0x0,0xd5,0x0,0x0,0x0,
0x0,0x0,0x0,0x0,0x38,0x2,0x10,0x2,
0x38,0x2,0xe0,0x2,0x89,0x0,0x0,0x0,
0x0,0x0,0x1,0x0,0x1,0x0,0x0,0x0,
0x0,0x0,0x0,0x0,0x37,0x2,0x10,0x2,
0x37,0x2,0xf0,0x2,0x70,0x0,0x0,0x0,
0x0,0x0,0xa,0x0,0xaa,0x0,0x0,0x0,
0x0,0x0,0x0,0x0,0x36,0x2,0x10,0x2,
0x36,0x2,0x90,0x2,0x0,0x0,0x0,0x0,
0x0,0x0,0x0,0x0,0x0,0x0,0x0,0x0,
0x0,0x0,0xff,0xff,0xff,0xff,0xff,0xff,
0x0,0x0,0x0,0x0,0x54,0x0,0x0,0x0,
0x54,0x0,0x0,0x0,0x54,0x0,0x0,0x0,
0x0,0x0,0x0,0x0,0x54,0x0,0x0,0x0,
0x54,0x0,0x0,0x0,0x0,0x0,0x1,0x0,
0x54,0x0,0x0,0x0,0x0,0x0,0x0,0x0,
0x6c,0x0,0x0,0x0,0x36,0x2,0x10,0x2,
0x0,0x0,0x0,0x0,0x6c,0x0,0x0,0x0,
0x0,0x0,0x0,0x0,0x6c,0x0,0x0,0x0,
0x0,0x0,0x0,0x0,0x71,0x0,0x0,0x0,
0x0,0x0,0x7,0x0,0xd7,0x0,0x0,0x0,
0x0,0x0,0x0,0x0,0x36,0x2,0x90,0x2,
0x36,0x2,0xf0,0x2,0x0,0x0,0x0,0x0,
0x7a,0x0,0x0,0x0,0x0,0x0,0x0,0x0,
0x0,0x0,0xff,0xff,0xff,0xff,0xff,0xff,
0x0,0x0,0x0,0x0,0x54,0x0,0x0,0x0,
0x54,0x0,0x0,0x0,0x54,0x0,0x0,0x0,
0x0,0x0,0x0,0x0,0x54,0x0,0x0,0x0,
0x54,0x0,0x0,0x0,0x0,0x0,0x3,0x0,
0x54,0x0,0x0,0x0,0x0,0x0,0x0,0x0,
0x9c,0x0,0x0,0x0,0x3e,0x2,0x90,0x1,
0x0,0x0,0x0,0x0,0x9c,0x0,0x0,0x0,
0x0,0x0,0x0,0x0,0x9c,0x0,0x0,0x0,
0x0,0x0,0x0,0x0,0xd,0x0,0x0,0x0,
0x0,0x0,0x7,0x0,0xd9,0x0,0x0,0x0,
0x0,0x0,0x0,0x0,0x46,0x2,0xd0,0x1,
0x46,0x2,0x40,0x2,0x55,0x0,0x0,0x0,
0x0,0x0,0x7,0x0,0xd8,0x0,0x0,0x0,
0x0,0x0,0x0,0x0,0x3f,0x2,0xd0,0x1,
0x3f,0x2,0x30,0x2,0x7d,0x0,0x0,0x0,
0x0,0x0,0xa,0x0,0xac,0x0,0x0,0x0,
0x0,0x0,0x0,0x0,0x47,0x2,0xd0,0x1,
0x47,0x2,0x20,0x2,0x0,0x0,0x0,0x0,
0x0,0x0,0x0,0x0,0x0,0x0,0x0,0x0,
0x0,0x0,0xff,0xff,0xff,0xff,0xff,0xff,
0x0,0x0,0x0,0x0,0x54,0x0,0x0,0x0,
0x54,0x0,0x0,0x0,0x54,0x0,0x0,0x0,
0x0,0x0,0x0,0x0,0x54,0x0,0x0,0x0,
0x54,0x0,0x0,0x0,0x0,0x0,0x1,0x0,
0x54,0x0,0x0,0x0,0x0,0x0,0x0,0x0,
0x6c,0x0,0x0,0x0,0x47,0x2,0xd0,0x1,
0x0,0x0,0x0,0x0,0x6c,0x0,0x0,0x0,
0x0,0x0,0x0,0x0,0x6c,0x0,0x0,0x0,
0x0,0x0,0x0,0x0,0x7e,0x0,0x0,0x0,
0x0,0x0,0x2,0x0,0x9,0x0,0x0,0x0,
0x0,0x0,0x0,0x0,0x47,0x2,0x20,0x2,
0x47,0x2,0xd0,0x2,0x0,0x0,0x0,0x0,
0x82,0x0,0x0,0x0,0x0,0x0,0x0,0x0,
0x0,0x0,0xff,0xff,0xff,0xff,0xff,0xff,
0x0,0x0,0x0,0x0,0x54,0x0,0x0,0x0,
0x54,0x0,0x0,0x0,0x54,0x0,0x0,0x0,
0x0,0x0,0x0,0x0,0x54,0x0,0x0,0x0,
0x54,0x0,0x0,0x0,0x0,0x0,0x1,0x0,
0x54,0x0,0x0,0x0,0x0,0x0,0x0,0x0,
0x6c,0x0,0x0,0x0,0x4b,0x2,0x10,0x1,
0x0,0x0,0x0,0x0,0x6c,0x0,0x0,0x0,
0x0,0x0,0x0,0x0,0x6c,0x0,0x0,0x0,
0x0,0x0,0x0,0x0,0x74,0x0,0x0,0x0,
0x0,0x0,0x9,0x0,0xae,0x0,0x0,0x0,
0x0,0x0,0x0,0x0,0x4b,0x2,0x80,0x1,
0x4b,0x2,0xf0,0x1,0x0,0x0,0x0,0x0,
0x0,0x0,0x0,0x0,0x0,0x0,0x0,0x0,
0x0,0x0,0xff,0xff,0xff,0xff,0xff,0xff,
0x0,0x0,0x0,0x0,0x54,0x0,0x0,0x0,
0x54,0x0,0x0,0x0,0x54,0x0,0x0,0x0,
0x0,0x0,0x0,0x0,0x54,0x0,0x0,0x0,
0x54,0x0,0x0,0x0,0x0,0x0,0x1,0x0,
0x54,0x0,0x0,0x0,0x0,0x0,0x0,0x0,
0x6c,0x0,0x0,0x0,0x4b,0x2,0x80,0x1,
0x0,0x0,0x0,0x0,0x6c,0x0,0x0,0x0,
0x0,0x0,0x0,0x0,0x6c,0x0,0x0,0x0,
0x0,0x0,0x0,0x0,0x75,0x0,0x0,0x0,
0x0,0x0,0x1,0x0,0x1,0x0,0x0,0x0,
0x0,0x0,0x0,0x0,0x4b,0x2,0xf0,0x1,
0x4b,0x2,0xa0,0x2,0x0,0x0,0x0,0x0,
0x7a,0x0,0x0,0x0,0x0,0x0,0x0,0x0,
0x0,0x0,0xff,0xff,0xff,0xff,0xff,0xff,
0x0,0x0,0x0,0x0,0x54,0x0,0x0,0x0,
0x54,0x0,0x0,0x0,0x54,0x0,0x0,0x0,
0x0,0x0,0x0,0x0,0x54,0x0,0x0,0x0,
0x54,0x0,0x0,0x0,0x0,0x0,0x3,0x0,
0x54,0x0,0x0,0x0,0x0,0x0,0x0,0x0,
0x9c,0x0,0x0,0x0,0x4c,0x2,0x10,0x1,
0x0,0x0,0x0,0x0,0x9c,0x0,0x0,0x0,
0x0,0x0,0x0,0x0,0x9c,0x0,0x0,0x0,
0x0,0x0,0x0,0x0,0xd,0x0,0x0,0x0,
0x0,0x0,0x7,0x0,0xdb,0x0,0x0,0x0,
0x0,0x0,0x0,0x0,0x54,0x2,0x50,0x1,
0x54,0x2,0xc0,0x1,0x55,0x0,0x0,0x0,
0x0,0x0,0x7,0x0,0xda,0x0,0x0,0x0,
0x0,0x0,0x0,0x0,0x4d,0x2,0x50,0x1,
0x4d,0x2,0xb0,0x1,0x7d,0x0,0x0,0x0,
0x0,0x0,0xa,0x0,0xb0,0x0,0x0,0x0,
0x0,0x0,0x0,0x0,0x55,0x2,0x50,0x1,
0x55,0x2,0xa0,0x1,0x0,0x0,0x0,0x0,
0x0,0x0,0x0,0x0,0x0,0x0,0x0,0x0,
0x0,0x0,0xff,0xff,0xff,0xff,0xff,0xff,
0x0,0x0,0x0,0x0,0x54,0x0,0x0,0x0,
0x54,0x0,0x0,0x0,0x54,0x0,0x0,0x0,
0x0,0x0,0x0,0x0,0x54,0x0,0x0,0x0,
0x54,0x0,0x0,0x0,0x0,0x0,0x1,0x0,
0x54,0x0,0x0,0x0,0x0,0x0,0x0,0x0,
0x6c,0x0,0x0,0x0,0x55,0x2,0x50,0x1,
0x0,0x0,0x0,0x0,0x6c,0x0,0x0,0x0,
0x0,0x0,0x0,0x0,0x6c,0x0,0x0,0x0,
0x0,0x0,0x0,0x0,0x7e,0x0,0x0,0x0,
0x0,0x0,0x2,0x0,0x9,0x0,0x0,0x0,
0x0,0x0,0x0,0x0,0x55,0x2,0xa0,0x1,
0x55,0x2,0x50,0x2,0x0,0x0,0x0,0x0,
0x91,0x0,0x0,0x0,0x0,0x0,0x0,0x0,
0x0,0x0,0xff,0xff,0xff,0xff,0xff,0xff,
0x0,0x0,0x0,0x0,0x54,0x0,0x0,0x0,
0x54,0x0,0x0,0x0,0x54,0x0,0x0,0x0,
0x0,0x0,0x0,0x0,0x54,0x0,0x0,0x0,
0x54,0x0,0x0,0x0,0x0,0x0,0x3,0x0,
0x54,0x0,0x0,0x0,0x0,0x0,0x0,0x0,
0x9c,0x0,0x0,0x0,0x57,0x2,0x10,0x1,
0x0,0x0,0x0,0x0,0x9c,0x0,0x0,0x0,
0x0,0x0,0x0,0x0,0x9c,0x0,0x0,0x0,
0x0,0x0,0x0,0x0,0x8,0x0,0x0,0x0,
0x0,0x0,0x7,0x0,0xdc,0x0,0x0,0x0,
0x0,0x0,0x0,0x0,0x59,0x2,0x50,0x1,
0x59,0x2,0xe0,0x1,0x73,0x0,0x0,0x0,
0x0,0x0,0x2,0x0,0x8,0x0,0x0,0x0,
0x0,0x0,0x0,0x0,0x58,0x2,0x50,0x1,
0x58,0x2,0xe0,0x1,0x0,0x0,0x0,0x0,
0x0,0x0,0x8,0x0,0xb2,0x0,0x0,0x0,
0x0,0x0,0x0,0x0,0x5a,0x2,0x50,0x1,
0x5a,0x2,0x50,0x1,0x0,0x0,0x0,0x0,
0xce,0x0,0x0,0x0,0x0,0x0,0x0,0x0,
0x0,0x0,0xff,0xff,0xff,0xff,0xff,0xff,
0x0,0x0,0x0,0x0,0x54,0x0,0x0,0x0,
0x54,0x0,0x0,0x0,0x54,0x0,0x0,0x0,
0x0,0x0,0x0,0x0,0x54,0x0,0x0,0x0,
0x54,0x0,0x0,0x0,0x0,0x0,0x2,0x0,
0x54,0x0,0x0,0x0,0x0,0x0,0x0,0x0,
0x84,0x0,0x0,0x0,0x5a,0x2,0x50,0x1,
0x0,0x0,0x0,0x0,0x84,0x0,0x0,0x0,
0x0,0x0,0x0,0x0,0x84,0x0,0x0,0x0,
0x0,0x0,0x0,0x0,0xcf,0x0,0x0,0x0,
0x0,0x0,0x2,0x0,0x17,0x0,0x0,0x0,
0x0,0x0,0x0,0x0,0x5b,0x2,0x90,0x1,
0x5b,0x2,0x0,0x2,0x0,0x0,0x0,0x0,
0x0,0x0,0x8,0x0,0xb3,0x0,0x0,0x0,
0x0,0x0,0x0,0x0,0x5c,0x2,0x90,0x1,
0x5c,0x2,0x90,0x1,0x0,0x0,0x0,0x0,
0x7a,0x0,0x0,0x0,0x0,0x0,0x0,0x0,
0x0,0x0,0xff,0xff,0xff,0xff,0xff,0xff,
0x0,0x0,0x1,0x0,0x54,0x0,0x0,0x0,
0x54,0x0,0x0,0x0,0x60,0x0,0x0,0x0,
0x0,0x0,0x0,0x0,0x60,0x0,0x0,0x0,
0x60,0x0,0x0,0x0,0x0,0x0,0x4,0x0,
0x60,0x0,0x0,0x0,0x0,0x0,0x0,0x0,
0xc0,0x0,0x0,0x0,0x5c,0x2,0x90,0x1,
0x0,0x0,0x0,0x0,0xc0,0x0,0x0,0x0,
0x0,0x0,0x0,0x0,0xc0,0x0,0x0,0x0,
0x0,0x0,0x0,0x0,0xd1,0x0,0x0,0x0,
0x2,0x0,0x0,0x30,0x5d,0x2,0xd0,0x1,
0xd,0x0,0x0,0x0,0x0,0x0,0x7,0x0,
0xde,0x0,0x0,0x0,0x0,0x0,0x0,0x0,
0x5f,0x2,0xd0,0x1,0x5f,0x2,0x40,0x2,
0x55,0x0,0x0,0x0,0x0,0x0,0x7,0x0,
0xdd,0x0,0x0,0x0,0x0,0x0,0x0,0x0,
0x5e,0x2,0xd0,0x1,0x5e,0x2,0x30,0x2,
0x0,0x0,0x0,0x0,0x0,0x0,0x8,0x0,
0xb5,0x0,0x0,0x0,0x0,0x0,0x0,0x0,
0x62,0x2,0xd0,0x1,0x62,0x2,0xd0,0x1,
0x7d,0x0,0x0,0x0,0x0,0x0,0xa,0x0,
0xb4,0x0,0x0,0x0,0x0,0x0,0x0,0x0,
0x61,0x2,0xd0,0x1,0x61,0x2,0x20,0x2,
0x0,0x0,0x0,0x0,0x0,0x0,0x0,0x0,
0x0,0x0,0xff,0xff,0xff,0xff,0xff,0xff,
0x0,0x0,0x0,0x0,0x54,0x0,0x0,0x0,
0x54,0x0,0x0,0x0,0x54,0x0,0x0,0x0,
0x0,0x0,0x0,0x0,0x54,0x0,0x0,0x0,
0x54,0x0,0x0,0x0,0x0,0x0,0x1,0x0,
0x54,0x0,0x0,0x0,0x0,0x0,0x0,0x0,
0x6c,0x0,0x0,0x0,0x61,0x2,0xd0,0x1,
0x0,0x0,0x0,0x0,0x6c,0x0,0x0,0x0,
0x0,0x0,0x0,0x0,0x6c,0x0,0x0,0x0,
0x0,0x0,0x0,0x0,0x7e,0x0,0x0,0x0,
0x0,0x0,0x2,0x0,0x7,0x0,0x0,0x0,
0x0,0x0,0x0,0x0,0x61,0x2,0x20,0x2,
0x61,0x2,0xd0,0x2,0x0,0x0,0x0,0x0,
0x87,0x0,0x0,0x0,0x0,0x0,0x0,0x0,
0x0,0x0,0xff,0xff,0xff,0xff,0xff,0xff,
0x0,0x0,0x0,0x0,0x54,0x0,0x0,0x0,
0x54,0x0,0x0,0x0,0x54,0x0,0x0,0x0,
0x0,0x0,0x0,0x0,0x54,0x0,0x0,0x0,
0x54,0x0,0x0,0x0,0x0,0x0,0x3,0x0,
0x54,0x0,0x0,0x0,0x0,0x0,0x0,0x0,
0x9c,0x0,0x0,0x0,0x62,0x2,0xd0,0x1,
0x0,0x0,0x0,0x0,0x9c,0x0,0x0,0x0,
0x0,0x0,0x0,0x0,0x9c,0x0,0x0,0x0,
0x0,0x0,0x0,0x0,0x8c,0x0,0x0,0x0,
0x0,0x0,0x7,0x0,0xe0,0x0,0x0,0x0,
0x0,0x0,0x0,0x0,0x65,0x2,0x10,0x2,
0x65,0x2,0xc0,0x2,0x8a,0x0,0x0,0x0,
0x0,0x0,0x7,0x0,0xdf,0x0,0x0,0x0,
0x0,0x0,0x0,0x0,0x64,0x2,0x10,0x2,
0x64,0x2,0xe0,0x2,0x70,0x0,0x0,0x0,
0x0,0x0,0xa,0x0,0xb6,0x0,0x0,0x0,
0x0,0x0,0x0,0x0,0x63,0x2,0x10,0x2,
0x63,0x2,0x90,0x2,0x0,0x0,0x0,0x0,
0x0,0x0,0x0,0x0,0x0,0x0,0x0,0x0,
0x0,0x0,0xff,0xff,0xff,0xff,0xff,0xff,
0x0,0x0,0x0,0x0,0x54,0x0,0x0,0x0,
0x54,0x0,0x0,0x0,0x54,0x0,0x0,0x0,
0x0,0x0,0x0,0x0,0x54,0x0,0x0,0x0,
0x54,0x0,0x0,0x0,0x0,0x0,0x1,0x0,
0x54,0x0,0x0,0x0,0x0,0x0,0x0,0x0,
0x6c,0x0,0x0,0x0,0x63,0x2,0x10,0x2,
0x0,0x0,0x0,0x0,0x6c,0x0,0x0,0x0,
0x0,0x0,0x0,0x0,0x6c,0x0,0x0,0x0,
0x0,0x0,0x0,0x0,0x71,0x0,0x0,0x0,
0x0,0x0,0x7,0x0,0xe1,0x0,0x0,0x0,
0x0,0x0,0x0,0x0,0x63,0x2,0x90,0x2,
0x63,0x2,0xf0,0x2,0x0,0x0,0x0,0x0,
0x7a,0x0,0x0,0x0,0x0,0x0,0x0,0x0,
0x0,0x0,0xff,0xff,0xff,0xff,0xff,0xff,
0x0,0x0,0x0,0x0,0x54,0x0,0x0,0x0,
0x54,0x0,0x0,0x0,0x54,0x0,0x0,0x0,
0x0,0x0,0x0,0x0,0x54,0x0,0x0,0x0,
0x54,0x0,0x0,0x0,0x0,0x0,0x5,0x0,
0x54,0x0,0x0,0x0,0x0,0x0,0x0,0x0,
0xcc,0x0,0x0,0x0,0x6e,0x2,0x10,0x1,
0x0,0x0,0x0,0x0,0xcc,0x0,0x0,0x0,
0x0,0x0,0x0,0x0,0xcc,0x0,0x0,0x0,
0x0,0x0,0x0,0x0,0xd,0x0,0x0,0x0,
0x0,0x0,0x7,0x0,0xe3,0x0,0x0,0x0,
0x0,0x0,0x0,0x0,0x71,0x2,0x50,0x1,
0x71,0x2,0xc0,0x1,0x55,0x0,0x0,0x0,
0x0,0x0,0x3,0x0,0x0,0x0,0x0,0x0,
0xd6,0x0,0x0,0x0,0x70,0x2,0x50,0x1,
0x70,0x2,0xb0,0x1,0x8,0x0,0x0,0x0,
0x0,0x0,0x7,0x0,0xe2,0x0,0x0,0x0,
0x0,0x0,0x0,0x0,0x6f,0x2,0x50,0x1,
0x6f,0x2,0xe0,0x1,0x0,0x0,0x0,0x0,
0x0,0x0,0x8,0x0,0xb9,0x0,0x0,0x0,
0x0,0x0,0x0,0x0,0x75,0x2,0x50,0x1,
0x75,0x2,0x50,0x1,0x7d,0x0,0x0,0x0,
0x0,0x0,0xa,0x0,0xb8,0x0,0x0,0x0,
0x0,0x0,0x0,0x0,0x73,0x2,0x50,0x1,
0x73,0x2,0xa0,0x1,0x0,0x0,0x0,0x0,
0x0,0x0,0x0,0x0,0x0,0x0,0x0,0x0,
0x0,0x0,0xff,0xff,0xff,0xff,0xff,0xff,
0x0,0x0,0x0,0x0,0x54,0x0,0x0,0x0,
0x54,0x0,0x0,0x0,0x54,0x0,0x0,0x0,
0x0,0x0,0x0,0x0,0x54,0x0,0x0,0x0,
0x54,0x0,0x0,0x0,0x0,0x0,0x2,0x0,
0x54,0x0,0x0,0x0,0x0,0x0,0x0,0x0,
0x84,0x0,0x0,0x0,0x73,0x2,0x50,0x1,
0x0,0x0,0x0,0x0,0x84,0x0,0x0,0x0,
0x0,0x0,0x0,0x0,0x84,0x0,0x0,0x0,
0x0,0x0,0x0,0x0,0xd3,0x0,0x0,0x0,
0x0,0x0,0x7,0x0,0xe4,0x0,0x0,0x0,
0x0,0x0,0x0,0x0,0x74,0x2,0xa0,0x1,
0x74,0x2,0x0,0x2,0x7e,0x0,0x0,0x0,
0x0,0x0,0x2,0x0,0x14,0x0,0x0,0x0,
0x0,0x0,0x0,0x0,0x73,0x2,0xa0,0x1,
0x73,0x2,0x50,0x2,0x0,0x0,0x0,0x0,
0x87,0x0,0x0,0x0,0x0,0x0,0x0,0x0,
0x0,0x0,0xff,0xff,0xff,0xff,0xff,0xff,
0x0,0x0,0x0,0x0,0x54,0x0,0x0,0x0,
0x54,0x0,0x0,0x0,0x54,0x0,0x0,0x0,
0x0,0x0,0x0,0x0,0x54,0x0,0x0,0x0,
0x54,0x0,0x0,0x0,0x0,0x0,0x3,0x0,
0x54,0x0,0x0,0x0,0x0,0x0,0x0,0x0,
0x9c,0x0,0x0,0x0,0x75,0x2,0x50,0x1,
0x0,0x0,0x0,0x0,0x9c,0x0,0x0,0x0,
0x0,0x0,0x0,0x0,0x9c,0x0,0x0,0x0,
0x0,0x0,0x0,0x0,0x8c,0x0,0x0,0x0,
0x0,0x0,0x7,0x0,0xe6,0x0,0x0,0x0,
0x0,0x0,0x0,0x0,0x78,0x2,0x90,0x1,
0x78,0x2,0x40,0x2,0x8a,0x0,0x0,0x0,
0x0,0x0,0x7,0x0,0xe5,0x0,0x0,0x0,
0x0,0x0,0x0,0x0,0x77,0x2,0x90,0x1,
0x77,0x2,0x60,0x2,0x70,0x0,0x0,0x0,
0x0,0x0,0xa,0x0,0xba,0x0,0x0,0x0,
0x0,0x0,0x0,0x0,0x76,0x2,0x90,0x1,
0x76,0x2,0x10,0x2,0x0,0x0,0x0,0x0,
0x0,0x0,0x0,0x0,0x0,0x0,0x0,0x0,
0x0,0x0,0xff,0xff,0xff,0xff,0xff,0xff,
0x0,0x0,0x0,0x0,0x54,0x0,0x0,0x0,
0x54,0x0,0x0,0x0,0x54,0x0,0x0,0x0,
0x0,0x0,0x0,0x0,0x54,0x0,0x0,0x0,
0x54,0x0,0x0,0x0,0x0,0x0,0x1,0x0,
0x54,0x0,0x0,0x0,0x0,0x0,0x0,0x0,
0x6c,0x0,0x0,0x0,0x76,0x2,0x90,0x1,
0x0,0x0,0x0,0x0,0x6c,0x0,0x0,0x0,
0x0,0x0,0x0,0x0,0x6c,0x0,0x0,0x0,
0x0,0x0,0x0,0x0,0x71,0x0,0x0,0x0,
0x0,0x0,0x7,0x0,0xe7,0x0,0x0,0x0,
0x0,0x0,0x0,0x0,0x76,0x2,0x10,0x2,
0x76,0x2,0x70,0x2,0x0,0x0,0x0,0x0,
0xd7,0x0,0x0,0x0,0xd8,0x0,0x0,0x0,
0x0,0x0,0xff,0xff,0xff,0xff,0xff,0xff,
0x1,0x0,0x0,0x0,0x54,0x0,0x0,0x0,
0x58,0x0,0x0,0x0,0x58,0x0,0x0,0x0,
0x0,0x0,0x0,0x0,0x58,0x0,0x0,0x0,
0x58,0x0,0x0,0x0,0x0,0x0,0x9,0x0,
0x58,0x0,0x0,0x0,0x0,0x0,0x0,0x0,
0x30,0x1,0x0,0x0,0x7c,0x2,0x10,0x1,
0x7d,0x2,0x50,0x1,0x30,0x1,0x0,0x0,
0x0,0x0,0x0,0x0,0x30,0x1,0x0,0x0,
0x0,0x0,0x0,0x0,0xeb,0x0,0x0,0x0,
0x2a,0x0,0x0,0x0,0x0,0x0,0x7,0x0,
0xec,0x0,0x0,0x0,0x0,0x0,0x0,0x0,
0x94,0x2,0x50,0x1,0x94,0x2,0x10,0x2,
0x51,0x0,0x0,0x0,0x0,0x0,0x8,0x0,
0xbe,0x0,0x0,0x0,0x0,0x0,0x0,0x0,
0x84,0x2,0x50,0x1,0x84,0x2,0x10,0x2,
0xd,0x0,0x0,0x0,0x0,0x0,0x7,0x0,
0xea,0x0,0x0,0x0,0x0,0x0,0x0,0x0,
0x83,0x2,0x50,0x1,0x83,0x2,0xc0,0x1,
0xd9,0x0,0x0,0x0,0x0,0x0,0x5,0x0,
0x1a,0x0,0x0,0x0,0x0,0x0,0x0,0x0,
0x81,0x2,0x50,0x1,0x81,0x2,0x60,0x2,
0x55,0x0,0x0,0x0,0x0,0x0,0x7,0x0,
0xe9,0x0,0x0,0x0,0x0,0x0,0x0,0x0,
0x80,0x2,0x50,0x1,0x80,0x2,0xb0,0x1,
0x8,0x0,0x0,0x0,0x0,0x0,0x7,0x0,
0xe8,0x0,0x0,0x0,0x0,0x0,0x0,0x0,
0x7f,0x2,0x50,0x1,0x7f,0x2,0xe0,0x1,
0xdd,0x0,0x0,0x0,0x0,0x0,0x9,0x0,
0xc2,0x0,0x0,0x0,0x0,0x0,0x0,0x0,
0x98,0x2,0x50,0x1,0x98,0x2,0xa0,0x1,
0x74,0x0,0x0,0x0,0x0,0x0,0x9,0x0,
0xbc,0x0,0x0,0x0,0x0,0x0,0x0,0x0,
0x7e,0x2,0x50,0x1,0x7e,0x2,0xc0,0x1,
0x7d,0x0,0x0,0x0,0x0,0x0,0xa,0x0,
0xbd,0x0,0x0,0x0,0x0,0x0,0x0,0x0,
0x82,0x2,0x50,0x1,0x82,0x2,0xa0,0x1,
0x0,0x0,0x0,0x0,0x0,0x0,0x0,0x0,
0x0,0x0,0xff,0xff,0xff,0xff,0xff,0xff,
0x0,0x0,0x0,0x0,0x54,0x0,0x0,0x0,
0x54,0x0,0x0,0x0,0x54,0x0,0x0,0x0,
0x0,0x0,0x0,0x0,0x54,0x0,0x0,0x0,
0x54,0x0,0x0,0x0,0x0,0x0,0x1,0x0,
0x54,0x0,0x0,0x0,0x0,0x0,0x0,0x0,
0x6c,0x0,0x0,0x0,0x7e,0x2,0x50,0x1,
0x0,0x0,0x0,0x0,0x6c,0x0,0x0,0x0,
0x0,0x0,0x0,0x0,0x6c,0x0,0x0,0x0,
0x0,0x0,0x0,0x0,0x8e,0x0,0x0,0x0,
0x0,0x0,0x2,0x0,0x18,0x0,0x0,0x0,
0x0,0x0,0x0,0x0,0x7e,0x2,0xc0,0x1,
0x7e,0x2,0xc0,0x2,0x0,0x0,0x0,0x0,
0x0,0x0,0x0,0x0,0x0,0x0,0x0,0x0,
0x0,0x0,0xff,0xff,0xff,0xff,0xff,0xff,
0x0,0x0,0x0,0x0,0x54,0x0,0x0,0x0,
0x54,0x0,0x0,0x0,0x54,0x0,0x0,0x0,
0x0,0x0,0x0,0x0,0x54,0x0,0x0,0x0,
0x54,0x0,0x0,0x0,0x0,0x0,0x1,0x0,
0x54,0x0,0x0,0x0,0x0,0x0,0x0,0x0,
0x6c,0x0,0x0,0x0,0x82,0x2,0x50,0x1,
0x0,0x0,0x0,0x0,0x6c,0x0,0x0,0x0,
0x0,0x0,0x0,0x0,0x6c,0x0,0x0,0x0,
0x0,0x0,0x0,0x0,0x7e,0x0,0x0,0x0,
0x0,0x0,0x2,0x0,0x9,0x0,0x0,0x0,
0x0,0x0,0x0,0x0,0x82,0x2,0xa0,0x1,
0x82,0x2,0x50,0x2,0x0,0x0,0x0,0x0,
0x50,0x0,0x0,0x0,0x0,0x0,0x0,0x0,
0x0,0x0,0xff,0xff,0xff,0xff,0xff,0xff,
0x0,0x0,0x0,0x0,0x54,0x0,0x0,0x0,
0x54,0x0,0x0,0x0,0x54,0x0,0x0,0x0,
0x0,0x0,0x0,0x0,0x54,0x0,0x0,0x0,
0x54,0x0,0x0,0x0,0x0,0x0,0x3,0x0,
0x54,0x0,0x0,0x0,0x0,0x0,0x0,0x0,
0x9c,0x0,0x0,0x0,0x84,0x2,0x10,0x2,
0x0,0x0,0x0,0x0,0x9c,0x0,0x0,0x0,
0x0,0x0,0x0,0x0,0x9c,0x0,0x0,0x0,
0x0,0x0,0x0,0x0,0xd,0x0,0x0,0x0,
0x0,0x0,0x3,0x0,0x0,0x0,0x0,0x0,
0xdb,0x0,0x0,0x0,0x85,0x2,0x90,0x1,
0x85,0x2,0x0,0x2,0x0,0x0,0x0,0x0,
0x0,0x0,0x8,0x0,0xc0,0x0,0x0,0x0,
0x0,0x0,0x0,0x0,0x87,0x2,0x90,0x1,
0x87,0x2,0x90,0x1,0x90,0x0,0x0,0x0,
0x0,0x0,0xa,0x0,0xbf,0x0,0x0,0x0,
0x0,0x0,0x0,0x0,0x86,0x2,0x90,0x1,
0x86,0x2,0x0,0x2,0x0,0x0,0x0,0x0,
0x0,0x0,0x0,0x0,0x0,0x0,0x0,0x0,
0x0,0x0,0xff,0xff,0xff,0xff,0xff,0xff,
0x0,0x0,0x0,0x0,0x54,0x0,0x0,0x0,
0x54,0x0,0x0,0x0,0x54,0x0,0x0,0x0,
0x0,0x0,0x0,0x0,0x54,0x0,0x0,0x0,
0x54,0x0,0x0,0x0,0x0,0x0,0x1,0x0,
0x54,0x0,0x0,0x0,0x0,0x0,0x0,0x0,
0x6c,0x0,0x0,0x0,0x86,0x2,0x90,0x1,
0x0,0x0,0x0,0x0,0x6c,0x0,0x0,0x0,
0x0,0x0,0x0,0x0,0x6c,0x0,0x0,0x0,
0x0,0x0,0x0,0x0,0x9,0x0,0x0,0x0,
0x0,0x0,0x2,0x0,0x3,0x0,0x0,0x0,
0x0,0x0,0x0,0x0,0x86,0x2,0x0,0x2,
0x86,0x2,0x70,0x2,0x0,0x0,0x0,0x0,
0x50,0x0,0x0,0x0,0x0,0x0,0x0,0x0,
0x0,0x0,0xff,0xff,0xff,0xff,0xff,0xff,
0x0,0x0,0x0,0x0,0x54,0x0,0x0,0x0,
0x54,0x0,0x0,0x0,0x54,0x0,0x0,0x0,
0x0,0x0,0x0,0x0,0x54,0x0,0x0,0x0,
0x54,0x0,0x0,0x0,0x0,0x0,0x4,0x0,
0x54,0x0,0x0,0x0,0x0,0x0,0x0,0x0,
0xb4,0x0,0x0,0x0,0x87,0x2,0x90,0x1,
0x0,0x0,0x0,0x0,0xb4,0x0,0x0,0x0,
0x0,0x0,0x0,0x0,0xb4,0x0,0x0,0x0,
0x0,0x0,0x0,0x0,0xd,0x0,0x0,0x0,
0x0,0x0,0x7,0x0,0xee,0x0,0x0,0x0,
0x0,0x0,0x0,0x0,0x8b,0x2,0xd0,0x1,
0x8b,0x2,0x40,0x2,0xa,0x0,0x0,0x0,
0x0,0x0,0x2,0x0,0x8,0x0,0x0,0x0,
0x0,0x0,0x0,0x0,0x8a,0x2,0xd0,0x1,
0x8a,0x2,0x50,0x2,0x9,0x0,0x0,0x0,
0x0,0x0,0x7,0x0,0xed,0x0,0x0,0x0,
0x0,0x0,0x0,0x0,0x89,0x2,0xd0,0x1,
0x89,0x2,0x40,0x2,0x70,0x0,0x0,0x0,
0x0,0x0,0xa,0x0,0xc1,0x0,0x0,0x0,
0x0,0x0,0x0,0x0,0x88,0x2,0xd0,0x1,
0x88,0x2,0x50,0x2,0x0,0x0,0x0,0x0,
0x0,0x0,0x0,0x0,0x0,0x0,0x0,0x0,
0x0,0x0,0xff,0xff,0xff,0xff,0xff,0xff,
0x0,0x0,0x0,0x0,0x54,0x0,0x0,0x0,
0x54,0x0,0x0,0x0,0x54,0x0,0x0,0x0,
0x0,0x0,0x0,0x0,0x54,0x0,0x0,0x0,
0x54,0x0,0x0,0x0,0x0,0x0,0x1,0x0,
0x54,0x0,0x0,0x0,0x0,0x0,0x0,0x0,
0x6c,0x0,0x0,0x0,0x88,0x2,0xd0,0x1,
0x0,0x0,0x0,0x0,0x6c,0x0,0x0,0x0,
0x0,0x0,0x0,0x0,0x6c,0x0,0x0,0x0,
0x0,0x0,0x0,0x0,0xa6,0x0,0x0,0x0,
0x0,0x0,0x7,0x0,0xef,0x0,0x0,0x0,
0x0,0x0,0x0,0x0,0x88,0x2,0x50,0x2,
0x88,0x2,0xd0,0x2,0x0,0x0,0x0,0x0,
0x0,0x0,0x0,0x0,0x0,0x0,0x0,0x0,
0x0,0x0,0xff,0xff,0xff,0xff,0xff,0xff,
0x0,0x0,0x0,0x0,0x54,0x0,0x0,0x0,
0x54,0x0,0x0,0x0,0x54,0x0,0x0,0x0,
0x0,0x0,0x0,0x0,0x54,0x0,0x0,0x0,
0x54,0x0,0x0,0x0,0x0,0x0,0x1,0x0,
0x54,0x0,0x0,0x0,0x0,0x0,0x0,0x0,
0x6c,0x0,0x0,0x0,0x98,0x2,0x50,0x1,
0x0,0x0,0x0,0x0,0x6c,0x0,0x0,0x0,
0x0,0x0,0x0,0x0,0x6c,0x0,0x0,0x0,
0x0,0x0,0x0,0x0,0xde,0x0,0x0,0x0,
0x0,0x0,0x7,0x0,0xf0,0x0,0x0,0x0,
0x0,0x0,0x0,0x0,0x98,0x2,0xa0,0x1,
0x98,0x2,0xb0,0x2,0x0,0x0,0x0,0x0,
0x50,0x0,0x0,0x0,0x0,0x0,0x0,0x0,
0x0,0x0,0xff,0xff,0xff,0xff,0xff,0xff,
0x0,0x0,0x0,0x0,0x54,0x0,0x0,0x0,
0x54,0x0,0x0,0x0,0x54,0x0,0x0,0x0,
0x0,0x0,0x0,0x0,0x54,0x0,0x0,0x0,
0x54,0x0,0x0,0x0,0x0,0x0,0x5,0x0,
0x54,0x0,0x0,0x0,0x0,0x0,0x0,0x0,
0xcc,0x0,0x0,0x0,0xa1,0x2,0x90,0x0,
0x0,0x0,0x0,0x0,0xcc,0x0,0x0,0x0,
0x0,0x0,0x0,0x0,0xcc,0x0,0x0,0x0,
0x0,0x0,0x0,0x0,0xd,0x0,0x0,0x0,
0x0,0x0,0x3,0x0,0x0,0x0,0x0,0x0,
0xe,0x0,0x0,0x0,0xa4,0x2,0xd0,0x0,
0xa4,0x2,0x40,0x1,0x0,0x0,0x0,0x0,
0x0,0x0,0x8,0x0,0xc5,0x0,0x0,0x0,
0x0,0x0,0x0,0x0,0xa5,0x2,0xd0,0x0,
0xa5,0x2,0xd0,0x0,0x0,0x0,0x0,0x0,
0x0,0x0,0x8,0x0,0xc6,0x0,0x0,0x0,
0x0,0x0,0x0,0x0,0xa6,0x2,0xd0,0x0,
0xa6,0x2,0xd0,0x0,0x0,0x0,0x0,0x0,
0x0,0x0,0x8,0x0,0xc9,0x0,0x0,0x0,
0x0,0x0,0x0,0x0,0xad,0x2,0xd0,0x0,
0xad,0x2,0xd0,0x0,0x74,0x0,0x0,0x0,
0x0,0x0,0x9,0x0,0xc4,0x0,0x0,0x0,
0x0,0x0,0x0,0x0,0xa2,0x2,0xd0,0x0,
0xa2,0x2,0x40,0x1,0x0,0x0,0x0,0x0,
0x0,0x0,0x0,0x0,0x0,0x0,0x0,0x0,
0x0,0x0,0xff,0xff,0xff,0xff,0xff,0xff,
0x0,0x0,0x0,0x0,0x54,0x0,0x0,0x0,
0x54,0x0,0x0,0x0,0x54,0x0,0x0,0x0,
0x0,0x0,0x0,0x0,0x54,0x0,0x0,0x0,
0x54,0x0,0x0,0x0,0x0,0x0,0x2,0x0,
0x54,0x0,0x0,0x0,0x0,0x0,0x0,0x0,
0x84,0x0,0x0,0x0,0xa2,0x2,0xd0,0x0,
0x0,0x0,0x0,0x0,0x84,0x0,0x0,0x0,
0x0,0x0,0x0,0x0,0x84,0x0,0x0,0x0,
0x0,0x0,0x0,0x0,0x76,0x0,0x0,0x0,
0x0,0x0,0x2,0x0,0x19,0x0,0x0,0x0,
0x0,0x0,0x0,0x0,0xa3,0x2,0x40,0x1,
0xa3,0x2,0x50,0x2,0x75,0x0,0x0,0x0,
0x0,0x0,0x1,0x0,0x1,0x0,0x0,0x0,
0x0,0x0,0x0,0x0,0xa2,0x2,0x40,0x1,
0xa2,0x2,0xf0,0x1,0x0,0x0,0x0,0x0,
0x50,0x0,0x0,0x0,0x0,0x0,0x0,0x0,
0x0,0x0,0xff,0xff,0xff,0xff,0xff,0xff,
0x0,0x0,0x0,0x0,0x54,0x0,0x0,0x0,
0x54,0x0,0x0,0x0,0x54,0x0,0x0,0x0,
0x0,0x0,0x0,0x0,0x54,0x0,0x0,0x0,
0x54,0x0,0x0,0x0,0x0,0x0,0x3,0x0,
0x54,0x0,0x0,0x0,0x0,0x0,0x0,0x0,
0x9c,0x0,0x0,0x0,0xa5,0x2,0xd0,0x0,
0x0,0x0,0x0,0x0,0x9c,0x0,0x0,0x0,
0x0,0x0,0x0,0x0,0x9c,0x0,0x0,0x0,
0x0,0x0,0x0,0x0,0xd,0x0,0x0,0x0,
0x0,0x0,0x7,0x0,0xf2,0x0,0x0,0x0,
0x0,0x0,0x0,0x0,0xa5,0x2,0x90,0x3,
0xa5,0x2,0x0,0x4,0xa,0x0,0x0,0x0,
0x0,0x0,0x2,0x0,0x8,0x0,0x0,0x0,
0x0,0x0,0x0,0x0,0xa5,0x2,0xe0,0x2,
0xa5,0x2,0x60,0x3,0x9,0x0,0x0,0x0,
0x0,0x0,0x7,0x0,0xf1,0x0,0x0,0x0,
0x0,0x0,0x0,0x0,0xa5,0x2,0x90,0x1,
0xa5,0x2,0x0,0x2,0x0,0x0,0x0,0x0,
0x7a,0x0,0x0,0x0,0x0,0x0,0x0,0x0,
0x0,0x0,0xff,0xff,0xff,0xff,0xff,0xff,
0x0,0x0,0x0,0x0,0x54,0x0,0x0,0x0,
0x54,0x0,0x0,0x0,0x54,0x0,0x0,0x0,
0x0,0x0,0x0,0x0,0x54,0x0,0x0,0x0,
0x54,0x0,0x0,0x0,0x0,0x0,0x5,0x0,
0x54,0x0,0x0,0x0,0x0,0x0,0x0,0x0,
0xcc,0x0,0x0,0x0,0xa6,0x2,0xd0,0x0,
0x0,0x0,0x0,0x0,0xcc,0x0,0x0,0x0,
0x0,0x0,0x0,0x0,0xcc,0x0,0x0,0x0,
0x0,0x0,0x0,0x0,0xd,0x0,0x0,0x0,
0x0,0x0,0x7,0x0,0xf4,0x0,0x0,0x0,
0x0,0x0,0x0,0x0,0xaa,0x2,0x10,0x1,
0xaa,0x2,0x80,0x1,0x55,0x0,0x0,0x0,
0x0,0x0,0x5,0x0,0x1b,0x0,0x0,0x0,
0x0,0x0,0x0,0x0,0xa9,0x2,0x10,0x1,
0xa9,0x2,0x70,0x1,0x8,0x0,0x0,0x0,
0x0,0x0,0x7,0x0,0xf3,0x0,0x0,0x0,
0x0,0x0,0x0,0x0,0xa8,0x2,0x10,0x1,
0xa8,0x2,0xa0,0x1,0x7d,0x0,0x0,0x0,
0x0,0x0,0xa,0x0,0xc8,0x0,0x0,0x0,
0x0,0x0,0x0,0x0,0xab,0x2,0x10,0x1,
0xab,0x2,0x60,0x1,0x70,0x0,0x0,0x0,
0x0,0x0,0xa,0x0,0xc7,0x0,0x0,0x0,
0x0,0x0,0x0,0x0,0xa7,0x2,0x10,0x1,
0xa7,0x2,0x90,0x1,0x0,0x0,0x0,0x0,
0x0,0x0,0x0,0x0,0x0,0x0,0x0,0x0,
0x0,0x0,0xff,0xff,0xff,0xff,0xff,0xff,
0x0,0x0,0x0,0x0,0x54,0x0,0x0,0x0,
0x54,0x0,0x0,0x0,0x54,0x0,0x0,0x0,
0x0,0x0,0x0,0x0,0x54,0x0,0x0,0x0,
0x54,0x0,0x0,0x0,0x0,0x0,0x1,0x0,
0x54,0x0,0x0,0x0,0x0,0x0,0x0,0x0,
0x6c,0x0,0x0,0x0,0xa7,0x2,0x10,0x1,
0x0,0x0,0x0,0x0,0x6c,0x0,0x0,0x0,
0x0,0x0,0x0,0x0,0x6c,0x0,0x0,0x0,
0x0,0x0,0x0,0x0,0x93,0x0,0x0,0x0,
0x0,0x0,0x7,0x0,0xf5,0x0,0x0,0x0,
0x0,0x0,0x0,0x0,0xa7,0x2,0x90,0x1,
0xa7,0x2,0x30,0x2,0x0,0x0,0x0,0x0,
0x0,0x0,0x0,0x0,0x0,0x0,0x0,0x0,
0x0,0x0,0xff,0xff,0xff,0xff,0xff,0xff,
0x0,0x0,0x0,0x0,0x54,0x0,0x0,0x0,
0x54,0x0,0x0,0x0,0x54,0x0,0x0,0x0,
0x0,0x0,0x0,0x0,0x54,0x0,0x0,0x0,
0x54,0x0,0x0,0x0,0x0,0x0,0x1,0x0,
0x54,0x0,0x0,0x0,0x0,0x0,0x0,0x0,
0x6c,0x0,0x0,0x0,0xab,0x2,0x10,0x1,
0x0,0x0,0x0,0x0,0x6c,0x0,0x0,0x0,
0x0,0x0,0x0,0x0,0x6c,0x0,0x0,0x0,
0x0,0x0,0x0,0x0,0x7e,0x0,0x0,0x0,
0x0,0x0,0x2,0x0,0x9,0x0,0x0,0x0,
0x0,0x0,0x0,0x0,0xab,0x2,0x60,0x1,
0xab,0x2,0x10,0x2,0x0,0x0,0x0,0x0,
0xe1,0x0,0x0,0x0,0xe2,0x0,0x0,0x0,
0x0,0x0,0xff,0xff,0xff,0xff,0xff,0xff,
0x0,0x0,0x0,0x0,0x54,0x0,0x0,0x0,
0x54,0x0,0x0,0x0,0x54,0x0,0x0,0x0,
0x0,0x0,0x0,0x0,0x54,0x0,0x0,0x0,
0x54,0x0,0x0,0x0,0x0,0x0,0x7,0x0,
0x54,0x0,0x0,0x0,0x0,0x0,0x0,0x0,
0xfc,0x0,0x0,0x0,0xad,0x2,0xd0,0x0,
0xae,0x2,0x10,0x1,0xfc,0x0,0x0,0x0,
0x0,0x0,0x0,0x0,0xfc,0x0,0x0,0x0,
0x0,0x0,0x0,0x0,0x23,0x1,0x0,0x0,
0x0,0x0,0x8,0x0,0xcb,0x0,0x0,0x0,
0x0,0x0,0x0,0x0,0xba,0x2,0x10,0x1,
0xba,0x2,0xb0,0x1,0xe8,0x0,0x0,0x0,
0x0,0x0,0x7,0x0,0xf8,0x0,0x0,0x0,
0x0,0x0,0x0,0x0,0xb8,0x2,0x10,0x1,
0xb8,0x2,0x10,0x2,0xcf,0x0,0x0,0x0,
0x0,0x0,0x7,0x0,0xf7,0x0,0x0,0x0,
0x0,0x0,0x0,0x0,0xb7,0x2,0x10,0x1,
0xb7,0x2,0x80,0x1,0xe7,0x0,0x0,0x0,
0x0,0x0,0x1,0x0,0x1,0x0,0x0,0x0,
0x0,0x0,0x0,0x0,0xb6,0x2,0x10,0x1,
0xb6,0x2,0x70,0x1,0x73,0x0,0x0,0x0,
0x0,0x0,0x2,0x0,0xa,0x0,0x0,0x0,
0x0,0x0,0x0,0x0,0xb5,0x2,0x10,0x1,
0xb5,0x2,0xa0,0x1,0xe5,0x0,0x0,0x0,
0x0,0x0,0x7,0x0,0xf6,0x0,0x0,0x0,
0x0,0x0,0x0,0x0,0xb4,0x2,0x10,0x1,
0xb4,0x2,0xe0,0x1,0x70,0x0,0x0,0x0,
0x0,0x0,0xa,0x0,0xca,0x0,0x0,0x0,
0x0,0x0,0x0,0x0,0xaf,0x2,0x10,0x1,
0xaf,0x2,0x90,0x1,0x0,0x0,0x0,0x0,
0x0,0x0,0x0,0x0,0x0,0x0,0x0,0x0,
0x0,0x0,0xff,0xff,0xff,0xff,0xff,0xff,
0x0,0x0,0x0,0x0,0x54,0x0,0x0,0x0,
0x54,0x0,0x0,0x0,0x54,0x0,0x0,0x0,
0x0,0x0,0x0,0x0,0x54,0x0,0x0,0x0,
0x54,0x0,0x0,0x0,0x0,0x0,0x5,0x0,
0x54,0x0,0x0,0x0,0x0,0x0,0x0,0x0,
0xcc,0x0,0x0,0x0,0xaf,0x2,0x10,0x1,
0x0,0x0,0x0,0x0,0xcc,0x0,0x0,0x0,
0x0,0x0,0x0,0x0,0xcc,0x0,0x0,0x0,
0x0,0x0,0x0,0x0,0x78,0x0,0x0,0x0,
0x0,0x0,0x2,0x0,0x6,0x0,0x0,0x0,
0x0,0x0,0x0,0x0,0xb3,0x2,0x90,0x1,
0xb3,0x2,0x50,0x2,0x79,0x0,0x0,0x0,
0x0,0x0,0x2,0x0,0x1b,0x0,0x0,0x0,
0x0,0x0,0x0,0x0,0xb2,0x2,0x90,0x1,
0xb2,0x2,0x60,0x2,0xe4,0x0,0x0,0x0,
0x0,0x0,0x2,0x0,0x11,0x0,0x0,0x0,
0x0,0x0,0x0,0x0,0xb1,0x2,0x90,0x1,
0xb1,0x2,0x70,0x2,0xe3,0x0,0x0,0x0,
0x0,0x0,0x2,0x0,0x1a,0x0,0x0,0x0,
0x0,0x0,0x0,0x0,0xb0,0x2,0x90,0x1,
0xb0,0x2,0x40,0x2,0x71,0x0,0x0,0x0,
0x0,0x0,0x7,0x0,0xf9,0x0,0x0,0x0,
0x0,0x0,0x0,0x0,0xaf,0x2,0x90,0x1,
0xaf,0x2,0xf0,0x1,0x0,0x0,0x0,0x0,
0x82,0x0,0x0,0x0,0xea,0x0,0x0,0x0,
0x0,0x0,0xff,0xff,0xff,0xff,0xff,0xff,
0x0,0x0,0x23,0x0,0x54,0x0,0x0,0x0,
0x54,0x0,0x0,0x0,0xf8,0x1,0x0,0x0,
0x0,0x0,0x0,0x0,0xf8,0x1,0x0,0x0,
0xf8,0x1,0x0,0x0,0x0,0x0,0x15,0x0,
0xf8,0x1,0x0,0x0,0x0,0x0,0x0,0x0,
0xf0,0x3,0x0,0x0,0xba,0x2,0xb0,0x1,
0xbb,0x2,0x50,0x1,0xf0,0x3,0x0,0x0,
0x0,0x0,0x0,0x0,0xf0,0x3,0x0,0x0,
0x0,0x0,0x0,0x0,0xd1,0x0,0x0,0x0,
0x2,0x0,0x0,0x30,0xbc,0x2,0x50,0x1,
0xeb,0x0,0x0,0x0,0x2,0x0,0x0,0x30,
0xbd,0x2,0x50,0x1,0xec,0x0,0x0,0x0,
0x5,0x0,0x0,0x30,0xbe,0x2,0x50,0x1,
0xed,0x0,0x0,0x0,0x2,0x0,0x0,0x30,
0xbf,0x2,0x50,0x1,0xee,0x0,0x0,0x0,
0x3,0x0,0x0,0x30,0xc0,0x2,0x50,0x1,
0xda,0x0,0x0,0x0,0x5,0x0,0x0,0x30,
0xc1,0x2,0x50,0x1,0xef,0x0,0x0,0x0,
0x1,0x0,0x0,0x30,0xc2,0x2,0x50,0x1,
0xf0,0x0,0x0,0x0,0x1,0x0,0x0,0x30,
0xc3,0x2,0x50,0x1,0xf1,0x0,0x0,0x0,
0x1,0x0,0x0,0x30,0xc4,0x2,0x50,0x1,
0xf2,0x0,0x0,0x0,0x1,0x0,0x0,0x30,
0xc5,0x2,0x50,0x1,0xf3,0x0,0x0,0x0,
0x1,0x0,0x0,0x30,0xc6,0x2,0x50,0x1,
0xf4,0x0,0x0,0x0,0x1,0x0,0x0,0x30,
0xc7,0x2,0x50,0x1,0xf5,0x0,0x0,0x0,
0x1,0x0,0x0,0x30,0xc8,0x2,0x50,0x1,
0xf6,0x0,0x0,0x0,0x5,0x0,0x0,0x30,
0xc9,0x2,0x50,0x1,0xb7,0x0,0x0,0x0,
0x4,0x0,0x0,0x30,0xca,0x2,0x50,0x1,
0xb9,0x0,0x0,0x0,0x4,0x0,0x0,0x30,
0xcb,0x2,0x50,0x1,0xbb,0x0,0x0,0x0,
0x4,0x0,0x0,0x30,0xcc,0x2,0x50,0x1,
0xf7,0x0,0x0,0x0,0x3,0x0,0x0,0x30,
0xcd,0x2,0x50,0x1,0xf8,0x0,0x0,0x0,
0x2,0x0,0x0,0xa0,0xcf,0x2,0x50,0x1,
0xfa,0x0,0x0,0x0,0x5,0x0,0x0,0xa0,
0xd0,0x2,0x50,0x1,0xfc,0x0,0x0,0x0,
0x2,0x0,0x0,0xa0,0xd1,0x2,0x50,0x1,
0xfe,0x0,0x0,0x0,0x3,0x0,0x0,0xa0,
0xd2,0x2,0x50,0x1,0x0,0x1,0x0,0x0,
0x5,0x0,0x0,0xa0,0xd3,0x2,0x50,0x1,
0x2,0x1,0x0,0x0,0x1,0x0,0x0,0xa0,
0xd4,0x2,0x50,0x1,0x4,0x1,0x0,0x0,
0x1,0x0,0x0,0xa0,0xd5,0x2,0x50,0x1,
0x6,0x1,0x0,0x0,0x1,0x0,0x0,0xa0,
0xd6,0x2,0x50,0x1,0x8,0x1,0x0,0x0,
0x1,0x0,0x0,0xa0,0xd7,0x2,0x50,0x1,
0xa,0x1,0x0,0x0,0x1,0x0,0x0,0xa0,
0xd8,0x2,0x50,0x1,0xc,0x1,0x0,0x0,
0x1,0x0,0x0,0xa0,0xd9,0x2,0x50,0x1,
0xe,0x1,0x0,0x0,0x1,0x0,0x0,0xa0,
0xda,0x2,0x50,0x1,0x10,0x1,0x0,0x0,
0x5,0x0,0x0,0xa0,0xdb,0x2,0x50,0x1,
0x12,0x1,0x0,0x0,0x4,0x0,0x0,0xa0,
0xdc,0x2,0x50,0x1,0x14,0x1,0x0,0x0,
0x4,0x0,0x0,0xa0,0xdd,0x2,0x50,0x1,
0x16,0x1,0x0,0x0,0x4,0x0,0x0,0xa0,
0xde,0x2,0x50,0x1,0x18,0x1,0x0,0x0,
0x3,0x0,0x0,0xa0,0xdf,0x2,0x50,0x1,
0xa,0x0,0x0,0x0,0x0,0x0,0x7,0x0,
0xb,0x1,0x0,0x0,0x0,0x0,0x0,0x0,
0xe1,0x2,0x50,0x1,0xe1,0x2,0xd0,0x1,
0x9,0x0,0x0,0x0,0x0,0x0,0x2,0x0,
0x1c,0x0,0x0,0x0,0x0,0x0,0x0,0x0,
0xe0,0x2,0x50,0x1,0xe0,0x2,0xc0,0x1,
0x18,0x1,0x0,0x0,0x8,0x0,0x7,0x0,
0xa,0x1,0x0,0x0,0x0,0x0,0x0,0x0,
0xdf,0x2,0xc0,0x2,0xdf,0x2,0x80,0x3,
0x16,0x1,0x0,0x0,0x8,0x0,0x7,0x0,
0x9,0x1,0x0,0x0,0x0,0x0,0x0,0x0,
0xde,0x2,0xe0,0x2,0xde,0x2,0x60,0x3,
0x14,0x1,0x0,0x0,0x8,0x0,0x7,0x0,
0x8,0x1,0x0,0x0,0x0,0x0,0x0,0x0,
0xdd,0x2,0xe0,0x2,0xdd,0x2,0x60,0x3,
0x12,0x1,0x0,0x0,0x8,0x0,0x7,0x0,
0x7,0x1,0x0,0x0,0x0,0x0,0x0,0x0,
0xdc,0x2,0xe0,0x2,0xdc,0x2,0x60,0x3,
0x10,0x1,0x0,0x0,0x8,0x0,0x7,0x0,
0x6,0x1,0x0,0x0,0x0,0x0,0x0,0x0,
0xdb,0x2,0xe0,0x2,0xdb,0x2,0x80,0x3,
0xe,0x1,0x0,0x0,0x8,0x0,0x7,0x0,
0x5,0x1,0x0,0x0,0x0,0x0,0x0,0x0,
0xda,0x2,0xb0,0x2,0xda,0x2,0xb0,0x3,
0xc,0x1,0x0,0x0,0x8,0x0,0x7,0x0,
0x4,0x1,0x0,0x0,0x0,0x0,0x0,0x0,
0xd9,0x2,0xb0,0x2,0xd9,0x2,0x60,0x3,
0xa,0x1,0x0,0x0,0x8,0x0,0x7,0x0,
0x3,0x1,0x0,0x0,0x0,0x0,0x0,0x0,
0xd8,0x2,0xb0,0x2,0xd8,0x2,0x70,0x3,
0x8,0x1,0x0,0x0,0x8,0x0,0x7,0x0,
0x2,0x1,0x0,0x0,0x0,0x0,0x0,0x0,
0xd7,0x2,0xb0,0x2,0xd7,0x2,0xa0,0x3,
0x6,0x1,0x0,0x0,0x8,0x0,0x7,0x0,
0x1,0x1,0x0,0x0,0x0,0x0,0x0,0x0,
0xd6,0x2,0xb0,0x2,0xd6,0x2,0xb0,0x3,
0x4,0x1,0x0,0x0,0x8,0x0,0x7,0x0,
0x0,0x1,0x0,0x0,0x0,0x0,0x0,0x0,
0xd5,0x2,0xb0,0x2,0xd5,0x2,0x80,0x3,
0x2,0x1,0x0,0x0,0x8,0x0,0x7,0x0,
0xff,0x0,0x0,0x0,0x0,0x0,0x0,0x0,
0xd4,0x2,0xb0,0x2,0xd4,0x2,0x90,0x3,
0x0,0x1,0x0,0x0,0x8,0x0,0x7,0x0,
0xfe,0x0,0x0,0x0,0x0,0x0,0x0,0x0,
0xd3,0x2,0xe0,0x2,0xd3,0x2,0x50,0x3,
0xfe,0x0,0x0,0x0,0x8,0x0,0x7,0x0,
0xfd,0x0,0x0,0x0,0x0,0x0,0x0,0x0,
0xd2,0x2,0xc0,0x2,0xd2,0x2,0x70,0x3,
0xfc,0x0,0x0,0x0,0x8,0x0,0x7,0x0,
0xfc,0x0,0x0,0x0,0x0,0x0,0x0,0x0,
0xd1,0x2,0xb0,0x2,0xd1,0x2,0x40,0x3,
0xfa,0x0,0x0,0x0,0x8,0x0,0x7,0x0,
0xfb,0x0,0x0,0x0,0x0,0x0,0x0,0x0,
0xd0,0x2,0xe0,0x2,0xd0,0x2,0x60,0x3,
0xf8,0x0,0x0,0x0,0x8,0x0,0x7,0x0,
0xfa,0x0,0x0,0x0,0x0,0x0,0x0,0x0,
0xcf,0x2,0xb0,0x2,0xcf,0x2,0x10,0x3,
0x0,0x0,0x0,0x0,0x0,0x0,0x8,0x0,
0xcc,0x0,0x0,0x0,0x0,0x0,0x0,0x0,
0xe2,0x2,0x50,0x1,0xe2,0x2,0x50,0x1,
0x0,0x0,0x0,0x0,0x0,0x0,0x8,0x0,
0xdd,0x0,0x0,0x0,0x0,0x0,0x0,0x0,
0x1e,0x3,0x50,0x1,0x1e,0x3,0x50,0x1,
0xc9,0x0,0x0,0x0,0x0,0x0,0x0,0x0,
0x0,0x0,0xff,0xff,0xff,0xff,0xff,0xff,
0x0,0x0,0x0,0x0,0x54,0x0,0x0,0x0,
0x54,0x0,0x0,0x0,0x54,0x0,0x0,0x0,
0x0,0x0,0x0,0x0,0x54,0x0,0x0,0x0,
0x54,0x0,0x0,0x0,0x0,0x0,0x6,0x0,
0x54,0x0,0x0,0x0,0x0,0x0,0x0,0x0,
0xe4,0x0,0x0,0x0,0xe2,0x2,0x50,0x1,
0x0,0x0,0x0,0x0,0xe4,0x0,0x0,0x0,
0x0,0x0,0x0,0x0,0xe4,0x0,0x0,0x0,
0x0,0x0,0x0,0x0,0x73,0x0,0x0,0x0,
0x0,0x0,0x2,0x0,0x10,0x0,0x0,0x0,
0x0,0x0,0x0,0x0,0xe4,0x2,0x90,0x1,
0xe4,0x2,0x20,0x2,0x0,0x0,0x0,0x0,
0x0,0x0,0x8,0x0,0xce,0x0,0x0,0x0,
0x0,0x0,0x0,0x0,0xe5,0x2,0x90,0x1,
0xe5,0x2,0x90,0x1,0x0,0x0,0x0,0x0,
0x0,0x0,0x8,0x0,0xd6,0x0,0x0,0x0,
0x0,0x0,0x0,0x0,0x3,0x3,0x90,0x1,
0x3,0x3,0x90,0x1,0x0,0x0,0x0,0x0,
0x0,0x0,0x8,0x0,0xd9,0x0,0x0,0x0,
0x0,0x0,0x0,0x0,0x11,0x3,0x90,0x1,
0x11,0x3,0x90,0x1,0x0,0x0,0x0,0x0,
0x0,0x0,0x8,0x0,0xdb,0x0,0x0,0x0,
0x0,0x0,0x0,0x0,0x17,0x3,0x90,0x1,
0x17,0x3,0x90,0x1,0x70,0x0,0x0,0x0,
0x0,0x0,0xa,0x0,0xcd,0x0,0x0,0x0,
0x0,0x0,0x0,0x0,0xe3,0x2,0x90,0x1,
0xe3,0x2,0x10,0x2,0x0,0x0,0x0,0x0,
0x0,0x0,0x0,0x0,0x0,0x0,0x0,0x0,
0x0,0x0,0xff,0xff,0xff,0xff,0xff,0xff,
0x0,0x0,0x0,0x0,0x54,0x0,0x0,0x0,
0x54,0x0,0x0,0x0,0x54,0x0,0x0,0x0,
0x0,0x0,0x0,0x0,0x54,0x0,0x0,0x0,
0x54,0x0,0x0,0x0,0x0,0x0,0x1,0x0,
0x54,0x0,0x0,0x0,0x0,0x0,0x0,0x0,
0x6c,0x0,0x0,0x0,0xe3,0x2,0x90,0x1,
0x0,0x0,0x0,0x0,0x6c,0x0,0x0,0x0,
0x0,0x0,0x0,0x0,0x6c,0x0,0x0,0x0,
0x0,0x0,0x0,0x0,0x71,0x0,0x0,0x0,
0x0,0x0,0x7,0x0,0xc,0x1,0x0,0x0,
0x0,0x0,0x0,0x0,0xe3,0x2,0x10,0x2,
0xe3,0x2,0x70,0x2,0x0,0x0,0x0,0x0,
0x50,0x0,0x0,0x0,0x0,0x0,0x0,0x0,
0x0,0x0,0xff,0xff,0xff,0xff,0xff,0xff,
0x0,0x0,0x0,0x0,0x54,0x0,0x0,0x0,
0x54,0x0,0x0,0x0,0x54,0x0,0x0,0x0,
0x0,0x0,0x0,0x0,0x54,0x0,0x0,0x0,
0x54,0x0,0x0,0x0,0x0,0x0,0x8,0x0,
0x54,0x0,0x0,0x0,0x0,0x0,0x0,0x0,
0x14,0x1,0x0,0x0,0xe5,0x2,0x90,0x1,
0x0,0x0,0x0,0x0,0x14,0x1,0x0,0x0,
0x0,0x0,0x0,0x0,0x14,0x1,0x0,0x0,
0x0,0x0,0x0,0x0,0xe7,0x0,0x0,0x0,
0x0,0x0,0x1,0x0,0x1,0x0,0x0,0x0,
0x0,0x0,0x0,0x0,0xed,0x2,0xd0,0x1,
0xed,0x2,0x30,0x2,0xa4,0x0,0x0,0x0,
0x0,0x0,0x7,0x0,0xf,0x1,0x0,0x0,
0x0,0x0,0x0,0x0,0xea,0x2,0xd0,0x1,
0xea,0x2,0x60,0x2,0xd,0x0,0x0,0x0,
0x0,0x0,0x7,0x0,0xe,0x1,0x0,0x0,
0x0,0x0,0x0,0x0,0xe8,0x2,0xd0,0x1,
0xe8,0x2,0x40,0x2,0xa,0x0,0x0,0x0,
0x0,0x0,0x2,0x0,0x1d,0x0,0x0,0x0,
0x0,0x0,0x0,0x0,0xe7,0x2,0xd0,0x1,
0xe7,0x2,0x50,0x2,0x9,0x0,0x0,0x0,
0x0,0x0,0x7,0x0,0xd,0x1,0x0,0x0,
0x0,0x0,0x0,0x0,0xe6,0x2,0xd0,0x1,
0xe6,0x2,0x40,0x2,0x0,0x0,0x0,0x0,
0x0,0x0,0x8,0x0,0xd0,0x0,0x0,0x0,
0x0,0x0,0x0,0x0,0xee,0x2,0xd0,0x1,
0xee,0x2,0xd0,0x1,0x0,0x0,0x0,0x0,
0x0,0x0,0x8,0x0,0xd3,0x0,0x0,0x0,
0x0,0x0,0x0,0x0,0xfb,0x2,0xd0,0x1,
0xfb,0x2,0xd0,0x1,0x90,0x0,0x0,0x0,
0x0,0x0,0xa,0x0,0xcf,0x0,0x0,0x0,
0x0,0x0,0x0,0x0,0xeb,0x2,0xd0,0x1,
0xeb,0x2,0x40,0x2,0x0,0x0,0x0,0x0,
0x0,0x0,0x0,0x0,0x0,0x0,0x0,0x0,
0x0,0x0,0xff,0xff,0xff,0xff,0xff,0xff,
0x0,0x0,0x0,0x0,0x54,0x0,0x0,0x0,
0x54,0x0,0x0,0x0,0x54,0x0,0x0,0x0,
0x0,0x0,0x0,0x0,0x54,0x0,0x0,0x0,
0x54,0x0,0x0,0x0,0x0,0x0,0x2,0x0,
0x54,0x0,0x0,0x0,0x0,0x0,0x0,0x0,
0x84,0x0,0x0,0x0,0xeb,0x2,0xd0,0x1,
0x0,0x0,0x0,0x0,0x84,0x0,0x0,0x0,
0x0,0x0,0x0,0x0,0x84,0x0,0x0,0x0,
0x0,0x0,0x0,0x0,0xd,0x0,0x0,0x0,
0x0,0x0,0x7,0x0,0x11,0x1,0x0,0x0,
0x0,0x0,0x0,0x0,0xec,0x2,0x40,0x2,
0xec,0x2,0xb0,0x2,0x9,0x0,0x0,0x0,
0x0,0x0,0x7,0x0,0x10,0x1,0x0,0x0,
0x0,0x0,0x0,0x0,0xeb,0x2,0x40,0x2,
0xeb,0x2,0xb0,0x2,0x0,0x0,0x0,0x0,
0x1b,0x1,0x0,0x0,0x0,0x0,0x0,0x0,
0x0,0x0,0xff,0xff,0xff,0xff,0xff,0xff,
0x0,0x0,0x0,0x0,0x54,0x0,0x0,0x0,
0x54,0x0,0x0,0x0,0x54,0x0,0x0,0x0,
0x0,0x0,0x0,0x0,0x54,0x0,0x0,0x0,
0x54,0x0,0x0,0x0,0x0,0x0,0x6,0x0,
0x54,0x0,0x0,0x0,0x0,0x0,0x0,0x0,
0xe4,0x0,0x0,0x0,0xee,0x2,0xd0,0x1,
0x0,0x0,0x0,0x0,0xe4,0x0,0x0,0x0,
0x0,0x0,0x0,0x0,0xe4,0x0,0x0,0x0,
0x0,0x0,0x0,0x0,0xa4,0x0,0x0,0x0,
0x0,0x0,0x7,0x0,0x14,0x1,0x0,0x0,
0x0,0x0,0x0,0x0,0xf9,0x2,0x10,0x2,
0xf9,0x2,0xa0,0x2,0x21,0x1,0x0,0x0,
0x0,0x0,0x1,0x0,0x1,0x0,0x0,0x0,
0x0,0x0,0x0,0x0,0xf8,0x2,0x10,0x2,
0xf8,0x2,0xf0,0x2,0x1f,0x1,0x0,0x0,
0x0,0x0,0x7,0x0,0x13,0x1,0x0,0x0,
0x0,0x0,0x0,0x0,0xf7,0x2,0x10,0x2,
0xf7,0x2,0xb0,0x2,0x1c,0x1,0x0,0x0,
0x0,0x0,0x7,0x0,0x12,0x1,0x0,0x0,
0x0,0x0,0x0,0x0,0xf0,0x2,0x10,0x2,
0xf0,0x2,0x90,0x2,0x1e,0x1,0x0,0x0,
0x0,0x0,0xa,0x0,0xd2,0x0,0x0,0x0,
0x0,0x0,0x0,0x0,0xf6,0x2,0x10,0x2,
0xf6,0x2,0xc0,0x2,0x70,0x0,0x0,0x0,
0x0,0x0,0xa,0x0,0xd1,0x0,0x0,0x0,
0x0,0x0,0x0,0x0,0xef,0x2,0x10,0x2,
0xef,0x2,0x90,0x2,0x0,0x0,0x0,0x0,
0x0,0x0,0x0,0x0,0x0,0x0,0x0,0x0,
0x0,0x0,0xff,0xff,0xff,0xff,0xff,0xff,
0x0,0x0,0x0,0x0,0x54,0x0,0x0,0x0,
0x54,0x0,0x0,0x0,0x54,0x0,0x0,0x0,
0x0,0x0,0x0,0x0,0x54,0x0,0x0,0x0,
0x54,0x0,0x0,0x0,0x0,0x0,0x1,0x0,
0x54,0x0,0x0,0x0,0x0,0x0,0x0,0x0,
0x6c,0x0,0x0,0x0,0xef,0x2,0x10,0x2,
0x0,0x0,0x0,0x0,0x6c,0x0,0x0,0x0,
0x0,0x0,0x0,0x0,0x6c,0x0,0x0,0x0,
0x0,0x0,0x0,0x0,0x71,0x0,0x0,0x0,
0x0,0x0,0x7,0x0,0x15,0x1,0x0,0x0,
0x0,0x0,0x0,0x0,0xef,0x2,0x90,0x2,
0xef,0x2,0xf0,0x2,0x0,0x0,0x0,0x0,
0x0,0x0,0x0,0x0,0x0,0x0,0x0,0x0,
0x0,0x0,0xff,0xff,0xff,0xff,0xff,0xff,
0x0,0x0,0x0,0x0,0x54,0x0,0x0,0x0,
0x54,0x0,0x0,0x0,0x54,0x0,0x0,0x0,
0x0,0x0,0x0,0x0,0x54,0x0,0x0,0x0,
0x54,0x0,0x0,0x0,0x0,0x0,0x1,0x0,
0x54,0x0,0x0,0x0,0x0,0x0,0x0,0x0,
0x6c,0x0,0x0,0x0,0xf6,0x2,0x10,0x2,
0x0,0x0,0x0,0x0,0x6c,0x0,0x0,0x0,
0x0,0x0,0x0,0x0,0x6c,0x0,0x0,0x0,
0x0,0x0,0x0,0x0,0xa,0x0,0x0,0x0,
0x0,0x0,0x2,0x0,0x1e,0x0,0x0,0x0,
0x0,0x0,0x0,0x0,0xf6,0x2,0xc0,0x2,
0xf6,0x2,0x40,0x3,0x0,0x0,0x0,0x0,
0x7a,0x0,0x0,0x0,0x0,0x0,0x0,0x0,
0x0,0x0,0xff,0xff,0xff,0xff,0xff,0xff,
0x0,0x0,0x0,0x0,0x54,0x0,0x0,0x0,
0x54,0x0,0x0,0x0,0x54,0x0,0x0,0x0,
0x0,0x0,0x0,0x0,0x54,0x0,0x0,0x0,
0x54,0x0,0x0,0x0,0x0,0x0,0x5,0x0,
0x54,0x0,0x0,0x0,0x0,0x0,0x0,0x0,
0xcc,0x0,0x0,0x0,0xfb,0x2,0xd0,0x1,
0x0,0x0,0x0,0x0,0xcc,0x0,0x0,0x0,
0x0,0x0,0x0,0x0,0xcc,0x0,0x0,0x0,
0x0,0x0,0x0,0x0,0xd,0x0,0x0,0x0,
0x0,0x0,0x7,0x0,0x17,0x1,0x0,0x0,
0x0,0x0,0x0,0x0,0xff,0x2,0x10,0x2,
0xff,0x2,0x80,0x2,0x55,0x0,0x0,0x0,
0x0,0x0,0x5,0x0,0x1c,0x0,0x0,0x0,
0x0,0x0,0x0,0x0,0xfe,0x2,0x10,0x2,
0xfe,0x2,0x70,0x2,0x8,0x0,0x0,0x0,
0x0,0x0,0x7,0x0,0x16,0x1,0x0,0x0,
0x0,0x0,0x0,0x0,0xfd,0x2,0x10,0x2,
0xfd,0x2,0xa0,0x2,0x7d,0x0,0x0,0x0,
0x0,0x0,0xa,0x0,0xd5,0x0,0x0,0x0,
0x0,0x0,0x0,0x0,0x0,0x3,0x10,0x2,
0x0,0x3,0x60,0x2,0x70,0x0,0x0,0x0,
0x0,0x0,0xa,0x0,0xd4,0x0,0x0,0x0,
0x0,0x0,0x0,0x0,0xfc,0x2,0x10,0x2,
0xfc,0x2,0x90,0x2,0x0,0x0,0x0,0x0,
0x0,0x0,0x0,0x0,0x0,0x0,0x0,0x0,
0x0,0x0,0xff,0xff,0xff,0xff,0xff,0xff,
0x0,0x0,0x0,0x0,0x54,0x0,0x0,0x0,
0x54,0x0,0x0,0x0,0x54,0x0,0x0,0x0,
0x0,0x0,0x0,0x0,0x54,0x0,0x0,0x0,
0x54,0x0,0x0,0x0,0x0,0x0,0x1,0x0,
0x54,0x0,0x0,0x0,0x0,0x0,0x0,0x0,
0x6c,0x0,0x0,0x0,0xfc,0x2,0x10,0x2,
0x0,0x0,0x0,0x0,0x6c,0x0,0x0,0x0,
0x0,0x0,0x0,0x0,0x6c,0x0,0x0,0x0,
0x0,0x0,0x0,0x0,0x93,0x0,0x0,0x0,
0x0,0x0,0x7,0x0,0x18,0x1,0x0,0x0,
0x0,0x0,0x0,0x0,0xfc,0x2,0x90,0x2,
0xfc,0x2,0x30,0x3,0x0,0x0,0x0,0x0,
0x0,0x0,0x0,0x0,0x0,0x0,0x0,0x0,
0x0,0x0,0xff,0xff,0xff,0xff,0xff,0xff,
0x0,0x0,0x0,0x0,0x54,0x0,0x0,0x0,
0x54,0x0,0x0,0x0,0x54,0x0,0x0,0x0,
0x0,0x0,0x0,0x0,0x54,0x0,0x0,0x0,
0x54,0x0,0x0,0x0,0x0,0x0,0x1,0x0,
0x54,0x0,0x0,0x0,0x0,0x0,0x0,0x0,
0x6c,0x0,0x0,0x0,0x0,0x3,0x10,0x2,
0x0,0x0,0x0,0x0,0x6c,0x0,0x0,0x0,
0x0,0x0,0x0,0x0,0x6c,0x0,0x0,0x0,
0x0,0x0,0x0,0x0,0x7e,0x0,0x0,0x0,
0x0,0x0,0x2,0x0,0x1b,0x0,0x0,0x0,
0x0,0x0,0x0,0x0,0x0,0x3,0x60,0x2,
0x0,0x3,0x10,0x3,0x0,0x0,0x0,0x0,
0x91,0x0,0x0,0x0,0x0,0x0,0x0,0x0,
0x0,0x0,0xff,0xff,0xff,0xff,0xff,0xff,
0x0,0x0,0x0,0x0,0x54,0x0,0x0,0x0,
0x54,0x0,0x0,0x0,0x54,0x0,0x0,0x0,
0x0,0x0,0x0,0x0,0x54,0x0,0x0,0x0,
0x54,0x0,0x0,0x0,0x0,0x0,0x2,0x0,
0x54,0x0,0x0,0x0,0x0,0x0,0x0,0x0,
0x84,0x0,0x0,0x0,0x3,0x3,0x90,0x1,
0x0,0x0,0x0,0x0,0x84,0x0,0x0,0x0,
0x0,0x0,0x0,0x0,0x84,0x0,0x0,0x0,
0x0,0x0,0x0,0x0,0x73,0x0,0x0,0x0,
0x0,0x0,0x2,0x0,0x10,0x0,0x0,0x0,
0x0,0x0,0x0,0x0,0x4,0x3,0xd0,0x1,
0x4,0x3,0x60,0x2,0x0,0x0,0x0,0x0,
0x0,0x0,0x8,0x0,0xd7,0x0,0x0,0x0,
0x0,0x0,0x0,0x0,0x5,0x3,0xd0,0x1,
0x5,0x3,0xd0,0x1,0x0,0x0,0x0,0x0,
0xce,0x0,0x0,0x0,0x0,0x0,0x0,0x0,
0x0,0x0,0xff,0xff,0xff,0xff,0xff,0xff,
0x0,0x0,0x0,0x0,0x54,0x0,0x0,0x0,
0x54,0x0,0x0,0x0,0x54,0x0,0x0,0x0,
0x0,0x0,0x0,0x0,0x54,0x0,0x0,0x0,
0x54,0x0,0x0,0x0,0x0,0x0,0x2,0x0,
0x54,0x0,0x0,0x0,0x0,0x0,0x0,0x0,
0x84,0x0,0x0,0x0,0x5,0x3,0xd0,0x1,
0x0,0x0,0x0,0x0,0x84,0x0,0x0,0x0,
0x0,0x0,0x0,0x0,0x84,0x0,0x0,0x0,
0x0,0x0,0x0,0x0,0xcf,0x0,0x0,0x0,
0x0,0x0,0x7,0x0,0x19,0x1,0x0,0x0,
0x0,0x0,0x0,0x0,0x6,0x3,0x10,0x2,
0x6,0x3,0x80,0x2,0x0,0x0,0x0,0x0,
0x0,0x0,0x8,0x0,0xd8,0x0,0x0,0x0,
0x0,0x0,0x0,0x0,0x7,0x3,0x10,0x2,
0x7,0x3,0x10,0x2,0x0,0x0,0x0,0x0,
0x50,0x0,0x0,0x0,0x0,0x0,0x0,0x0,
0x0,0x0,0xff,0xff,0xff,0xff,0xff,0xff,
0x0,0x0,0x2,0x0,0x54,0x0,0x0,0x0,
0x54,0x0,0x0,0x0,0x6c,0x0,0x0,0x0,
0x0,0x0,0x0,0x0,0x6c,0x0,0x0,0x0,
0x6c,0x0,0x0,0x0,0x0,0x0,0x3,0x0,
0x6c,0x0,0x0,0x0,0x0,0x0,0x0,0x0,
0xb4,0x0,0x0,0x0,0x7,0x3,0x10,0x2,
0x0,0x0,0x0,0x0,0xb4,0x0,0x0,0x0,
0x0,0x0,0x0,0x0,0xb4,0x0,0x0,0x0,
0x0,0x0,0x0,0x0,0xd1,0x0,0x0,0x0,
0x2,0x0,0x0,0x30,0x8,0x3,0x50,0x2,
0xd2,0x0,0x0,0x0,0x5,0x0,0x0,0x30,
0x9,0x3,0x50,0x2,0xd,0x0,0x0,0x0,
0x0,0x0,0x7,0x0,0x1a,0x1,0x0,0x0,
0x0,0x0,0x0,0x0,0xc,0x3,0x50,0x2,
0xc,0x3,0xc0,0x2,0xa,0x0,0x0,0x0,
0x0,0x0,0x2,0x0,0x12,0x0,0x0,0x0,
0x0,0x0,0x0,0x0,0xb,0x3,0x50,0x2,
0xb,0x3,0xd0,0x2,0x9,0x0,0x0,0x0,
0x0,0x0,0x2,0x0,0x7,0x0,0x0,0x0,
0x0,0x0,0x0,0x0,0xa,0x3,0x50,0x2,
0xa,0x3,0xc0,0x2,0x0,0x0,0x0,0x0,
0x7a,0x0,0x0,0x0,0x0,0x0,0x0,0x0,
0x0,0x0,0xff,0xff,0xff,0xff,0xff,0xff,
0x0,0x0,0x0,0x0,0x54,0x0,0x0,0x0,
0x54,0x0,0x0,0x0,0x54,0x0,0x0,0x0,
0x0,0x0,0x0,0x0,0x54,0x0,0x0,0x0,
0x54,0x0,0x0,0x0,0x0,0x0,0x3,0x0,
0x54,0x0,0x0,0x0,0x0,0x0,0x0,0x0,
0x9c,0x0,0x0,0x0,0x11,0x3,0x90,0x1,
0x0,0x0,0x0,0x0,0x9c,0x0,0x0,0x0,
0x0,0x0,0x0,0x0,0x9c,0x0,0x0,0x0,
0x0,0x0,0x0,0x0,0xd,0x0,0x0,0x0,
0x0,0x0,0x7,0x0,0x1c,0x1,0x0,0x0,
0x0,0x0,0x0,0x0,0x14,0x3,0xd0,0x1,
0x14,0x3,0x40,0x2,0x55,0x0,0x0,0x0,
0x0,0x0,0x7,0x0,0x1b,0x1,0x0,0x0,
0x0,0x0,0x0,0x0,0x12,0x3,0xd0,0x1,
0x12,0x3,0x30,0x2,0x7d,0x0,0x0,0x0,
0x0,0x0,0xa,0x0,0xda,0x0,0x0,0x0,
0x0,0x0,0x0,0x0,0x15,0x3,0xd0,0x1,
0x15,0x3,0x20,0x2,0x0,0x0,0x0,0x0,
0x0,0x0,0x0,0x0,0x0,0x0,0x0,0x0,
0x0,0x0,0xff,0xff,0xff,0xff,0xff,0xff,
0x0,0x0,0x0,0x0,0x54,0x0,0x0,0x0,
0x54,0x0,0x0,0x0,0x54,0x0,0x0,0x0,
0x0,0x0,0x0,0x0,0x54,0x0,0x0,0x0,
0x54,0x0,0x0,0x0,0x0,0x0,0x1,0x0,
0x54,0x0,0x0,0x0,0x0,0x0,0x0,0x0,
0x6c,0x0,0x0,0x0,0x15,0x3,0xd0,0x1,
0x0,0x0,0x0,0x0,0x6c,0x0,0x0,0x0,
0x0,0x0,0x0,0x0,0x6c,0x0,0x0,0x0,
0x0,0x0,0x0,0x0,0x7e,0x0,0x0,0x0,
0x0,0x0,0x2,0x0,0x1b,0x0,0x0,0x0,
0x0,0x0,0x0,0x0,0x15,0x3,0x20,0x2,
0x15,0x3,0xd0,0x2,0x0,0x0,0x0,0x0,
0x7a,0x0,0x0,0x0,0x0,0x0,0x0,0x0,
0x0,0x0,0xff,0xff,0xff,0xff,0xff,0xff,
0x0,0x0,0x0,0x0,0x54,0x0,0x0,0x0,
0x54,0x0,0x0,0x0,0x54,0x0,0x0,0x0,
0x0,0x0,0x0,0x0,0x54,0x0,0x0,0x0,
0x54,0x0,0x0,0x0,0x0,0x0,0x4,0x0,
0x54,0x0,0x0,0x0,0x0,0x0,0x0,0x0,
0xb4,0x0,0x0,0x0,0x17,0x3,0x90,0x1,
0x0,0x0,0x0,0x0,0xb4,0x0,0x0,0x0,
0x0,0x0,0x0,0x0,0xb4,0x0,0x0,0x0,
0x0,0x0,0x0,0x0,0xd,0x0,0x0,0x0,
0x0,0x0,0x7,0x0,0x1f,0x1,0x0,0x0,
0x0,0x0,0x0,0x0,0x1a,0x3,0xd0,0x1,
0x1a,0x3,0x40,0x2,0x55,0x0,0x0,0x0,
0x0,0x0,0x7,0x0,0x1e,0x1,0x0,0x0,
0x0,0x0,0x0,0x0,0x19,0x3,0xd0,0x1,
0x19,0x3,0x30,0x2,0x8,0x0,0x0,0x0,
0x0,0x0,0x7,0x0,0x1d,0x1,0x0,0x0,
0x0,0x0,0x0,0x0,0x18,0x3,0xd0,0x1,
0x18,0x3,0x60,0x2,0x7d,0x0,0x0,0x0,
0x0,0x0,0xa,0x0,0xdc,0x0,0x0,0x0,
0x0,0x0,0x0,0x0,0x1b,0x3,0xd0,0x1,
0x1b,0x3,0x20,0x2,0x0,0x0,0x0,0x0,
0x0,0x0,0x0,0x0,0x0,0x0,0x0,0x0,
0x0,0x0,0xff,0xff,0xff,0xff,0xff,0xff,
0x0,0x0,0x0,0x0,0x54,0x0,0x0,0x0,
0x54,0x0,0x0,0x0,0x54,0x0,0x0,0x0,
0x0,0x0,0x0,0x0,0x54,0x0,0x0,0x0,
0x54,0x0,0x0,0x0,0x0,0x0,0x1,0x0,
0x54,0x0,0x0,0x0,0x0,0x0,0x0,0x0,
0x6c,0x0,0x0,0x0,0x1b,0x3,0xd0,0x1,
0x0,0x0,0x0,0x0,0x6c,0x0,0x0,0x0,
0x0,0x0,0x0,0x0,0x6c,0x0,0x0,0x0,
0x0,0x0,0x0,0x0,0x7e,0x0,0x0,0x0,
0x0,0x0,0x2,0x0,0x1f,0x0,0x0,0x0,
0x0,0x0,0x0,0x0,0x1b,0x3,0x20,0x2,
0x1b,0x3,0xd0,0x2,0x0,0x0,0x0,0x0,
0x87,0x0,0x0,0x0,0x0,0x0,0x0,0x0,
0x0,0x0,0xff,0xff,0xff,0xff,0xff,0xff,
0x0,0x0,0x0,0x0,0x54,0x0,0x0,0x0,
0x54,0x0,0x0,0x0,0x54,0x0,0x0,0x0,
0x0,0x0,0x0,0x0,0x54,0x0,0x0,0x0,
0x54,0x0,0x0,0x0,0x0,0x0,0x2,0x0,
0x54,0x0,0x0,0x0,0x0,0x0,0x0,0x0,
0x84,0x0,0x0,0x0,0x1e,0x3,0x50,0x1,
0x0,0x0,0x0,0x0,0x84,0x0,0x0,0x0,
0x0,0x0,0x0,0x0,0x84,0x0,0x0,0x0,
0x0,0x0,0x0,0x0,0x8c,0x0,0x0,0x0,
0x0,0x0,0x7,0x0,0x20,0x1,0x0,0x0,
0x0,0x0,0x0,0x0,0x20,0x3,0x90,0x1,
0x20,0x3,0x40,0x2,0x70,0x0,0x0,0x0,
0x0,0x0,0xa,0x0,0xde,0x0,0x0,0x0,
0x0,0x0,0x0,0x0,0x1f,0x3,0x90,0x1,
0x1f,0x3,0x10,0x2,0x0,0x0,0x0,0x0,
0x0,0x0,0x0,0x0,0x0,0x0,0x0,0x0,
0x0,0x0,0xff,0xff,0xff,0xff,0xff,0xff,
0x0,0x0,0x0,0x0,0x54,0x0,0x0,0x0,
0x54,0x0,0x0,0x0,0x54,0x0,0x0,0x0,
0x0,0x0,0x0,0x0,0x54,0x0,0x0,0x0,
0x54,0x0,0x0,0x0,0x0,0x0,0x1,0x0,
0x54,0x0,0x0,0x0,0x0,0x0,0x0,0x0,
0x6c,0x0,0x0,0x0,0x1f,0x3,0x90,0x1,
0x0,0x0,0x0,0x0,0x6c,0x0,0x0,0x0,
0x0,0x0,0x0,0x0,0x6c,0x0,0x0,0x0,
0x0,0x0,0x0,0x0,0x71,0x0,0x0,0x0,
0x0,0x0,0x7,0x0,0x21,0x1,0x0,0x0,
0x0,0x0,0x0,0x0,0x1f,0x3,0x10,0x2,
0x1f,0x3,0x70,0x2,0x0,0x0,0x0,0x0,
0x50,0x0,0x0,0x0,0x0,0x0,0x0,0x0,
0x0,0x0,0xff,0xff,0xff,0xff,0xff,0xff,
0x0,0x0,0x0,0x0,0x54,0x0,0x0,0x0,
0x54,0x0,0x0,0x0,0x54,0x0,0x0,0x0,
0x0,0x0,0x0,0x0,0x54,0x0,0x0,0x0,
0x54,0x0,0x0,0x0,0x0,0x0,0x5,0x0,
0x54,0x0,0x0,0x0,0x0,0x0,0x0,0x0,
0xcc,0x0,0x0,0x0,0x28,0x3,0x50,0x0,
0x0,0x0,0x0,0x0,0xcc,0x0,0x0,0x0,
0x0,0x0,0x0,0x0,0xcc,0x0,0x0,0x0,
0x0,0x0,0x0,0x0,0x25,0x1,0x0,0x0,
0x0,0x0,0x2,0x0,0x20,0x0,0x0,0x0,
0x0,0x0,0x0,0x0,0x2e,0x3,0x90,0x0,
0x2e,0x3,0xc0,0x0,0xd,0x0,0x0,0x0,
0x0,0x0,0x3,0x0,0x0,0x0,0x0,0x0,
0x24,0x1,0x0,0x0,0x2d,0x3,0x90,0x0,
0x2d,0x3,0x0,0x1,0x8,0x0,0x0,0x0,
0x0,0x0,0x7,0x0,0x22,0x1,0x0,0x0,
0x0,0x0,0x0,0x0,0x29,0x3,0x90,0x0,
0x29,0x3,0x20,0x1,0x0,0x0,0x0,0x0,
0x0,0x0,0x8,0x0,0xe1,0x0,0x0,0x0,
0x0,0x0,0x0,0x0,0x30,0x3,0x90,0x0,
0x30,0x3,0x90,0x0,0x70,0x0,0x0,0x0,
0x0,0x0,0xa,0x0,0xe0,0x0,0x0,0x0,
0x0,0x0,0x0,0x0,0x2a,0x3,0x90,0x0,
0x2a,0x3,0x10,0x1,0x0,0x0,0x0,0x0,
0x0,0x0,0x0,0x0,0x0,0x0,0x0,0x0,
0x0,0x0,0xff,0xff,0xff,0xff,0xff,0xff,
0x0,0x0,0x0,0x0,0x54,0x0,0x0,0x0,
0x54,0x0,0x0,0x0,0x54,0x0,0x0,0x0,
0x0,0x0,0x0,0x0,0x54,0x0,0x0,0x0,
0x54,0x0,0x0,0x0,0x0,0x0,0x3,0x0,
0x54,0x0,0x0,0x0,0x0,0x0,0x0,0x0,
0x9c,0x0,0x0,0x0,0x2a,0x3,0x90,0x0,
0x0,0x0,0x0,0x0,0x9c,0x0,0x0,0x0,
0x0,0x0,0x0,0x0,0x9c,0x0,0x0,0x0,
0x0,0x0,0x0,0x0,0xe4,0x0,0x0,0x0,
0x0,0x0,0x2,0x0,0x19,0x0,0x0,0x0,
0x0,0x0,0x0,0x0,0x2c,0x3,0x10,0x1,
0x2c,0x3,0xf0,0x1,0xe3,0x0,0x0,0x0,
0x0,0x0,0x2,0x0,0x5,0x0,0x0,0x0,
0x0,0x0,0x0,0x0,0x2b,0x3,0x10,0x1,
0x2b,0x3,0xc0,0x1,0x71,0x0,0x0,0x0,
0x0,0x0,0x7,0x0,0x23,0x1,0x0,0x0,
0x0,0x0,0x0,0x0,0x2a,0x3,0x10,0x1,
0x2a,0x3,0x70,0x1,0x0,0x0,0x0,0x0,
0xc9,0x0,0x0,0x0,0x0,0x0,0x0,0x0,
0x0,0x0,0xff,0xff,0xff,0xff,0xff,0xff,
0x0,0x0,0x0,0x0,0x54,0x0,0x0,0x0,
0x54,0x0,0x0,0x0,0x54,0x0,0x0,0x0,
0x0,0x0,0x0,0x0,0x54,0x0,0x0,0x0,
0x54,0x0,0x0,0x0,0x0,0x0,0x7,0x0,
0x54,0x0,0x0,0x0,0x0,0x0,0x0,0x0,
0xfc,0x0,0x0,0x0,0x30,0x3,0x90,0x0,
0x0,0x0,0x0,0x0,0xfc,0x0,0x0,0x0,
0x0,0x0,0x0,0x0,0xfc,0x0,0x0,0x0,
0x0,0x0,0x0,0x0,0x9,0x0,0x0,0x0,
0x0,0x0,0x7,0x0,0x24,0x1,0x0,0x0,
0x0,0x0,0x0,0x0,0x33,0x3,0xd0,0x0,
0x33,0x3,0x40,0x1,0x73,0x0,0x0,0x0,
0x0,0x0,0x2,0x0,0x6,0x0,0x0,0x0,
0x0,0x0,0x0,0x0,0x32,0x3,0xd0,0x0,
0x32,0x3,0x60,0x1,0x0,0x0,0x0,0x0,
0x0,0x0,0x8,0x0,0xe3,0x0,0x0,0x0,
0x0,0x0,0x0,0x0,0x35,0x3,0xd0,0x0,
0x35,0x3,0xd0,0x0,0x0,0x0,0x0,0x0,
0x0,0x0,0x8,0x0,0xee,0x0,0x0,0x0,
0x0,0x0,0x0,0x0,0x54,0x3,0xd0,0x0,
0x54,0x3,0xd0,0x0,0x0,0x0,0x0,0x0,
0x0,0x0,0x8,0x0,0xf2,0x0,0x0,0x0,
0x0,0x0,0x0,0x0,0x65,0x3,0xd0,0x0,
0x65,0x3,0xd0,0x0,0x0,0x0,0x0,0x0,
0x0,0x0,0x8,0x0,0xfb,0x0,0x0,0x0,
0x0,0x0,0x0,0x0,0x86,0x3,0xd0,0x0,
0x86,0x3,0xd0,0x0,0x70,0x0,0x0,0x0,
0x0,0x0,0xa,0x0,0xe2,0x0,0x0,0x0,
0x0,0x0,0x0,0x0,0x31,0x3,0xd0,0x0,
0x31,0x3,0x50,0x1,0x0,0x0,0x0,0x0,
0x0,0x0,0x0,0x0,0x0,0x0,0x0,0x0,
0x0,0x0,0xff,0xff,0xff,0xff,0xff,0xff,
0x0,0x0,0x0,0x0,0x54,0x0,0x0,0x0,
0x54,0x0,0x0,0x0,0x54,0x0,0x0,0x0,
0x0,0x0,0x0,0x0,0x54,0x0,0x0,0x0,
0x54,0x0,0x0,0x0,0x0,0x0,0x1,0x0,
0x54,0x0,0x0,0x0,0x0,0x0,0x0,0x0,
0x6c,0x0,0x0,0x0,0x31,0x3,0xd0,0x0,
0x0,0x0,0x0,0x0,0x6c,0x0,0x0,0x0,
0x0,0x0,0x0,0x0,0x6c,0x0,0x0,0x0,
0x0,0x0,0x0,0x0,0x93,0x0,0x0,0x0,
0x0,0x0,0x7,0x0,0x25,0x1,0x0,0x0,
0x0,0x0,0x0,0x0,0x31,0x3,0x50,0x1,
0x31,0x3,0xf0,0x1,0x0,0x0,0x0,0x0,
0x77,0x0,0x0,0x0,0x0,0x0,0x0,0x0,
0x0,0x0,0xff,0xff,0xff,0xff,0xff,0xff,
0x0,0x0,0x0,0x0,0x54,0x0,0x0,0x0,
0x54,0x0,0x0,0x0,0x54,0x0,0x0,0x0,
0x0,0x0,0x0,0x0,0x54,0x0,0x0,0x0,
0x54,0x0,0x0,0x0,0x0,0x0,0x5,0x0,
0x54,0x0,0x0,0x0,0x0,0x0,0x0,0x0,
0xcc,0x0,0x0,0x0,0x35,0x3,0xd0,0x0,
0x0,0x0,0x0,0x0,0xcc,0x0,0x0,0x0,
0x0,0x0,0x0,0x0,0xcc,0x0,0x0,0x0,
0x0,0x0,0x0,0x0,0x9,0x0,0x0,0x0,
0x0,0x0,0x7,0x0,0x26,0x1,0x0,0x0,
0x0,0x0,0x0,0x0,0x36,0x3,0x10,0x1,
0x36,0x3,0x80,0x1,0x0,0x0,0x0,0x0,
0x0,0x0,0x8,0x0,0xe4,0x0,0x0,0x0,
0x0,0x0,0x0,0x0,0x37,0x3,0x10,0x1,
0x37,0x3,0x10,0x1,0x0,0x0,0x0,0x0,
0x0,0x0,0x8,0x0,0xe6,0x0,0x0,0x0,
0x0,0x0,0x0,0x0,0x3d,0x3,0x10,0x1,
0x3d,0x3,0x10,0x1,0x0,0x0,0x0,0x0,
0x0,0x0,0x8,0x0,0xe8,0x0,0x0,0x0,
0x0,0x0,0x0,0x0,0x3e,0x3,0x10,0x1,
0x3e,0x3,0x10,0x1,0x0,0x0,0x0,0x0,
0x0,0x0,0x8,0x0,0xea,0x0,0x0,0x0,
0x0,0x0,0x0,0x0,0x43,0x3,0x10,0x1,
0x43,0x3,0x10,0x1,0x0,0x0,0x0,0x0,
0x7a,0x0,0x0,0x0,0x0,0x0,0x0,0x0,
0x0,0x0,0xff,0xff,0xff,0xff,0xff,0xff,
0x0,0x0,0x0,0x0,0x54,0x0,0x0,0x0,
0x54,0x0,0x0,0x0,0x54,0x0,0x0,0x0,
0x0,0x0,0x0,0x0,0x54,0x0,0x0,0x0,
0x54,0x0,0x0,0x0,0x0,0x0,0x3,0x0,
0x54,0x0,0x0,0x0,0x0,0x0,0x0,0x0,
0x9c,0x0,0x0,0x0,0x37,0x3,0x10,0x1,
0x0,0x0,0x0,0x0,0x9c,0x0,0x0,0x0,
0x0,0x0,0x0,0x0,0x9c,0x0,0x0,0x0,
0x0,0x0,0x0,0x0,0xd,0x0,0x0,0x0,
0x0,0x0,0x3,0x0,0x0,0x0,0x0,0x0,
0xe,0x0,0x0,0x0,0x39,0x3,0x50,0x1,
0x39,0x3,0xc0,0x1,0x55,0x0,0x0,0x0,
0x0,0x0,0x5,0x0,0x1d,0x0,0x0,0x0,
0x0,0x0,0x0,0x0,0x38,0x3,0x50,0x1,
0x38,0x3,0xb0,0x1,0x7d,0x0,0x0,0x0,
0x0,0x0,0xa,0x0,0xe5,0x0,0x0,0x0,
0x0,0x0,0x0,0x0,0x3a,0x3,0x50,0x1,
0x3a,0x3,0xa0,0x1,0x0,0x0,0x0,0x0,
0x0,0x0,0x0,0x0,0x0,0x0,0x0,0x0,
0x0,0x0,0xff,0xff,0xff,0xff,0xff,0xff,
0x0,0x0,0x0,0x0,0x54,0x0,0x0,0x0,
0x54,0x0,0x0,0x0,0x54,0x0,0x0,0x0,
0x0,0x0,0x0,0x0,0x54,0x0,0x0,0x0,
0x54,0x0,0x0,0x0,0x0,0x0,0x2,0x0,
0x54,0x0,0x0,0x0,0x0,0x0,0x0,0x0,
0x84,0x0,0x0,0x0,0x3a,0x3,0x50,0x1,
0x0,0x0,0x0,0x0,0x84,0x0,0x0,0x0,
0x0,0x0,0x0,0x0,0x84,0x0,0x0,0x0,
0x0,0x0,0x0,0x0,0x7f,0x0,0x0,0x0,
0x0,0x0,0x2,0x0,0x10,0x0,0x0,0x0,
0x0,0x0,0x0,0x0,0x3b,0x3,0xa0,0x1,
0x3b,0x3,0x90,0x2,0x7e,0x0,0x0,0x0,
0x0,0x0,0x2,0x0,0x7,0x0,0x0,0x0,
0x0,0x0,0x0,0x0,0x3a,0x3,0xa0,0x1,
0x3a,0x3,0x50,0x2,0x0,0x0,0x0,0x0,
0x82,0x0,0x0,0x0,0x0,0x0,0x0,0x0,
0x0,0x0,0xff,0xff,0xff,0xff,0xff,0xff,
0x0,0x0,0x0,0x0,0x54,0x0,0x0,0x0,
0x54,0x0,0x0,0x0,0x54,0x0,0x0,0x0,
0x0,0x0,0x0,0x0,0x54,0x0,0x0,0x0,
0x54,0x0,0x0,0x0,0x0,0x0,0x1,0x0,
0x54,0x0,0x0,0x0,0x0,0x0,0x0,0x0,
0x6c,0x0,0x0,0x0,0x3d,0x3,0x10,0x1,
0x0,0x0,0x0,0x0,0x6c,0x0,0x0,0x0,
0x0,0x0,0x0,0x0,0x6c,0x0,0x0,0x0,
0x0,0x0,0x0,0x0,0x74,0x0,0x0,0x0,
0x0,0x0,0x9,0x0,0xe7,0x0,0x0,0x0,
0x0,0x0,0x0,0x0,0x3d,0x3,0x80,0x1,
0x3d,0x3,0xf0,0x1,0x0,0x0,0x0,0x0,
0x0,0x0,0x0,0x0,0x0,0x0,0x0,0x0,
0x0,0x0,0xff,0xff,0xff,0xff,0xff,0xff,
0x0,0x0,0x0,0x0,0x54,0x0,0x0,0x0,
0x54,0x0,0x0,0x0,0x54,0x0,0x0,0x0,
0x0,0x0,0x0,0x0,0x54,0x0,0x0,0x0,
0x54,0x0,0x0,0x0,0x0,0x0,0x1,0x0,
0x54,0x0,0x0,0x0,0x0,0x0,0x0,0x0,
0x6c,0x0,0x0,0x0,0x3d,0x3,0x80,0x1,
0x0,0x0,0x0,0x0,0x6c,0x0,0x0,0x0,
0x0,0x0,0x0,0x0,0x6c,0x0,0x0,0x0,
0x0,0x0,0x0,0x0,0x75,0x0,0x0,0x0,
0x0,0x0,0x1,0x0,0x1,0x0,0x0,0x0,
0x0,0x0,0x0,0x0,0x3d,0x3,0xf0,0x1,
0x3d,0x3,0xa0,0x2,0x0,0x0,0x0,0x0,
0x7a,0x0,0x0,0x0,0x0,0x0,0x0,0x0,
0x0,0x0,0xff,0xff,0xff,0xff,0xff,0xff,
0x0,0x0,0x0,0x0,0x54,0x0,0x0,0x0,
0x54,0x0,0x0,0x0,0x54,0x0,0x0,0x0,
0x0,0x0,0x0,0x0,0x54,0x0,0x0,0x0,
0x54,0x0,0x0,0x0,0x0,0x0,0x3,0x0,
0x54,0x0,0x0,0x0,0x0,0x0,0x0,0x0,
0x9c,0x0,0x0,0x0,0x3e,0x3,0x10,0x1,
0x0,0x0,0x0,0x0,0x9c,0x0,0x0,0x0,
0x0,0x0,0x0,0x0,0x9c,0x0,0x0,0x0,
0x0,0x0,0x0,0x0,0xd,0x0,0x0,0x0,
0x0,0x0,0x7,0x0,0x28,0x1,0x0,0x0,
0x0,0x0,0x0,0x0,0x40,0x3,0x50,0x1,
0x40,0x3,0xc0,0x1,0x55,0x0,0x0,0x0,
0x0,0x0,0x7,0x0,0x27,0x1,0x0,0x0,
0x0,0x0,0x0,0x0,0x3f,0x3,0x50,0x1,
0x3f,0x3,0xb0,0x1,0x7d,0x0,0x0,0x0,
0x0,0x0,0xa,0x0,0xe9,0x0,0x0,0x0,
0x0,0x0,0x0,0x0,0x41,0x3,0x50,0x1,
0x41,0x3,0xa0,0x1,0x0,0x0,0x0,0x0,
0x0,0x0,0x0,0x0,0x0,0x0,0x0,0x0,
0x0,0x0,0xff,0xff,0xff,0xff,0xff,0xff,
0x0,0x0,0x0,0x0,0x54,0x0,0x0,0x0,
0x54,0x0,0x0,0x0,0x54,0x0,0x0,0x0,
0x0,0x0,0x0,0x0,0x54,0x0,0x0,0x0,
0x54,0x0,0x0,0x0,0x0,0x0,0x1,0x0,
0x54,0x0,0x0,0x0,0x0,0x0,0x0,0x0,
0x6c,0x0,0x0,0x0,0x41,0x3,0x50,0x1,
0x0,0x0,0x0,0x0,0x6c,0x0,0x0,0x0,
0x0,0x0,0x0,0x0,0x6c,0x0,0x0,0x0,
0x0,0x0,0x0,0x0,0x7e,0x0,0x0,0x0,
0x0,0x0,0x2,0x0,0x9,0x0,0x0,0x0,
0x0,0x0,0x0,0x0,0x41,0x3,0xa0,0x1,
0x41,0x3,0x50,0x2,0x0,0x0,0x0,0x0,
0x7a,0x0,0x0,0x0,0x0,0x0,0x0,0x0,
0x0,0x0,0xff,0xff,0xff,0xff,0xff,0xff,
0x0,0x0,0x0,0x0,0x54,0x0,0x0,0x0,
0x54,0x0,0x0,0x0,0x54,0x0,0x0,0x0,
0x0,0x0,0x0,0x0,0x54,0x0,0x0,0x0,
0x54,0x0,0x0,0x0,0x0,0x0,0x5,0x0,
0x54,0x0,0x0,0x0,0x0,0x0,0x0,0x0,
0xcc,0x0,0x0,0x0,0x43,0x3,0x10,0x1,
0x0,0x0,0x0,0x0,0xcc,0x0,0x0,0x0,
0x0,0x0,0x0,0x0,0xcc,0x0,0x0,0x0,
0x0,0x0,0x0,0x0,0x81,0x0,0x0,0x0,
0x0,0x0,0x2,0x0,0x6,0x0,0x0,0x0,
0x0,0x0,0x0,0x0,0x47,0x3,0x50,0x1,
0x47,0x3,0x20,0x2,0xd,0x0,0x0,0x0,
0x0,0x0,0x3,0x0,0x0,0x0,0x0,0x0,
0xe,0x0,0x0,0x0,0x45,0x3,0x50,0x1,
0x45,0x3,0xc0,0x1,0x55,0x0,0x0,0x0,
0x0,0x0,0x5,0x0,0x1e,0x0,0x0,0x0,
0x0,0x0,0x0,0x0,0x44,0x3,0x50,0x1,
0x44,0x3,0xb0,0x1,0x0,0x0,0x0,0x0,
0x0,0x0,0x8,0x0,0xec,0x0,0x0,0x0,
0x0,0x0,0x0,0x0,0x49,0x3,0x50,0x1,
0x49,0x3,0x50,0x1,0x7d,0x0,0x0,0x0,
0x0,0x0,0xa,0x0,0xeb,0x0,0x0,0x0,
0x0,0x0,0x0,0x0,0x46,0x3,0x50,0x1,
0x46,0x3,0xa0,0x1,0x0,0x0,0x0,0x0,
0x0,0x0,0x0,0x0,0x0,0x0,0x0,0x0,
0x0,0x0,0xff,0xff,0xff,0xff,0xff,0xff,
0x0,0x0,0x0,0x0,0x54,0x0,0x0,0x0,
0x54,0x0,0x0,0x0,0x54,0x0,0x0,0x0,
0x0,0x0,0x0,0x0,0x54,0x0,0x0,0x0,
0x54,0x0,0x0,0x0,0x0,0x0,0x2,0x0,
0x54,0x0,0x0,0x0,0x0,0x0,0x0,0x0,
0x84,0x0,0x0,0x0,0x46,0x3,0x50,0x1,
0x0,0x0,0x0,0x0,0x84,0x0,0x0,0x0,
0x0,0x0,0x0,0x0,0x84,0x0,0x0,0x0,
0x0,0x0,0x0,0x0,0x85,0x0,0x0,0x0,
0x0,0x0,0x7,0x0,0x29,0x1,0x0,0x0,
0x0,0x0,0x0,0x0,0x48,0x3,0xa0,0x1,
0x48,0x3,0x50,0x2,0x7e,0x0,0x0,0x0,
0x0,0x0,0x2,0x0,0x9,0x0,0x0,0x0,
0x0,0x0,0x0,0x0,0x46,0x3,0xa0,0x1,
0x46,0x3,0x50,0x2,0x0,0x0,0x0,0x0,
0x87,0x0,0x0,0x0,0x28,0x1,0x0,0x0,
0x0,0x0,0xff,0xff,0xff,0xff,0xff,0xff,
0x0,0x0,0x0,0x0,0x54,0x0,0x0,0x0,
0x54,0x0,0x0,0x0,0x54,0x0,0x0,0x0,
0x0,0x0,0x0,0x0,0x54,0x0,0x0,0x0,
0x54,0x0,0x0,0x0,0x0,0x0,0x4,0x0,
0x54,0x0,0x0,0x0,0x0,0x0,0x0,0x0,
0xb4,0x0,0x0,0x0,0x49,0x3,0x50,0x1,
0x4a,0x3,0x90,0x1,0xb4,0x0,0x0,0x0,
0x0,0x0,0x0,0x0,0xb4,0x0,0x0,0x0,
0x0,0x0,0x0,0x0,0x8c,0x0,0x0,0x0,
0x0,0x0,0x7,0x0,0x2b,0x1,0x0,0x0,
0x0,0x0,0x0,0x0,0x4e,0x3,0x90,0x1,
0x4e,0x3,0x40,0x2,0x8a,0x0,0x0,0x0,
0x0,0x0,0x7,0x0,0x2a,0x1,0x0,0x0,
0x0,0x0,0x0,0x0,0x4d,0x3,0x90,0x1,
0x4d,0x3,0x60,0x2,0x89,0x0,0x0,0x0,
0x0,0x0,0x1,0x0,0x1,0x0,0x0,0x0,
0x0,0x0,0x0,0x0,0x4c,0x3,0x90,0x1,
0x4c,0x3,0x70,0x2,0x70,0x0,0x0,0x0,
0x0,0x0,0xa,0x0,0xed,0x0,0x0,0x0,
0x0,0x0,0x0,0x0,0x4b,0x3,0x90,0x1,
0x4b,0x3,0x10,0x2,0x0,0x0,0x0,0x0,
0x0,0x0,0x0,0x0,0x0,0x0,0x0,0x0,
0x0,0x0,0xff,0xff,0xff,0xff,0xff,0xff,
0x0,0x0,0x0,0x0,0x54,0x0,0x0,0x0,
0x54,0x0,0x0,0x0,0x54,0x0,0x0,0x0,
0x0,0x0,0x0,0x0,0x54,0x0,0x0,0x0,
0x54,0x0,0x0,0x0,0x0,0x0,0x1,0x0,
0x54,0x0,0x0,0x0,0x0,0x0,0x0,0x0,
0x6c,0x0,0x0,0x0,0x4b,0x3,0x90,0x1,
0x0,0x0,0x0,0x0,0x6c,0x0,0x0,0x0,
0x0,0x0,0x0,0x0,0x6c,0x0,0x0,0x0,
0x0,0x0,0x0,0x0,0x71,0x0,0x0,0x0,
0x0,0x0,0x7,0x0,0x2c,0x1,0x0,0x0,
0x0,0x0,0x0,0x0,0x4b,0x3,0x10,0x2,
0x4b,0x3,0x70,0x2,0x0,0x0,0x0,0x0,
0x50,0x0,0x0,0x0,0x0,0x0,0x0,0x0,
0x0,0x0,0xff,0xff,0xff,0xff,0xff,0xff,
0x0,0x0,0x0,0x0,0x54,0x0,0x0,0x0,
0x54,0x0,0x0,0x0,0x54,0x0,0x0,0x0,
0x0,0x0,0x0,0x0,0x54,0x0,0x0,0x0,
0x54,0x0,0x0,0x0,0x0,0x0,0x5,0x0,
0x54,0x0,0x0,0x0,0x0,0x0,0x0,0x0,
0xcc,0x0,0x0,0x0,0x54,0x3,0xd0,0x0,
0x0,0x0,0x0,0x0,0xcc,0x0,0x0,0x0,
0x0,0x0,0x0,0x0,0xcc,0x0,0x0,0x0,
0x0,0x0,0x0,0x0,0xd,0x0,0x0,0x0,
0x0,0x0,0x3,0x0,0x0,0x0,0x0,0x0,
0x29,0x1,0x0,0x0,0x57,0x3,0x10,0x1,
0x57,0x3,0x80,0x1,0xa,0x0,0x0,0x0,
0x0,0x0,0x2,0x0,0x21,0x0,0x0,0x0,
0x0,0x0,0x0,0x0,0x56,0x3,0x10,0x1,
0x56,0x3,0x90,0x1,0x9,0x0,0x0,0x0,
0x0,0x0,0x7,0x0,0x2d,0x1,0x0,0x0,
0x0,0x0,0x0,0x0,0x55,0x3,0x10,0x1,
0x55,0x3,0x80,0x1,0x0,0x0,0x0,0x0,
0x0,0x0,0x8,0x0,0xf0,0x0,0x0,0x0,
0x0,0x0,0x0,0x0,0x5a,0x3,0x10,0x1,
0x5a,0x3,0x10,0x1,0x90,0x0,0x0,0x0,
0x0,0x0,0xa,0x0,0xef,0x0,0x0,0x0,
0x0,0x0,0x0,0x0,0x58,0x3,0x10,0x1,
0x58,0x3,0x80,0x1,0x0,0x0,0x0,0x0,
0x0,0x0,0x0,0x0,0x0,0x0,0x0,0x0,
0x0,0x0,0xff,0xff,0xff,0xff,0xff,0xff,
0x0,0x0,0x0,0x0,0x54,0x0,0x0,0x0,
0x54,0x0,0x0,0x0,0x54,0x0,0x0,0x0,
0x0,0x0,0x0,0x0,0x54,0x0,0x0,0x0,
0x54,0x0,0x0,0x0,0x0,0x0,0x2,0x0,
0x54,0x0,0x0,0x0,0x0,0x0,0x0,0x0,
0x84,0x0,0x0,0x0,0x58,0x3,0x10,0x1,
0x0,0x0,0x0,0x0,0x84,0x0,0x0,0x0,
0x0,0x0,0x0,0x0,0x84,0x0,0x0,0x0,
0x0,0x0,0x0,0x0,0xd,0x0,0x0,0x0,
0x0,0x0,0x3,0x0,0x0,0x0,0x0,0x0,
0x2a,0x1,0x0,0x0,0x59,0x3,0x80,0x1,
0x59,0x3,0xf0,0x1,0x9,0x0,0x0,0x0,
0x0,0x0,0x2,0x0,0x8,0x0,0x0,0x0,
0x0,0x0,0x0,0x0,0x58,0x3,0x80,0x1,
0x58,0x3,0xf0,0x1,0x0,0x0,0x0,0x0,
0x1b,0x1,0x0,0x0,0x0,0x0,0x0,0x0,
0x0,0x0,0xff,0xff,0xff,0xff,0xff,0xff,
0x0,0x0,0x0,0x0,0x54,0x0,0x0,0x0,
0x54,0x0,0x0,0x0,0x54,0x0,0x0,0x0,
0x0,0x0,0x0,0x0,0x54,0x0,0x0,0x0,
0x54,0x0,0x0,0x0,0x0,0x0,0x5,0x0,
0x54,0x0,0x0,0x0,0x0,0x0,0x0,0x0,
0xcc,0x0,0x0,0x0,0x5a,0x3,0x10,0x1,
0x0,0x0,0x0,0x0,0xcc,0x0,0x0,0x0,
0x0,0x0,0x0,0x0,0xcc,0x0,0x0,0x0,
0x0,0x0,0x0,0x0,0x2c,0x1,0x0,0x0,
0x0,0x0,0x1,0x0,0x0,0x0,0x0,0x0,
0x0,0x0,0x0,0x0,0x60,0x3,0x50,0x1,
0x60,0x3,0xd0,0x1,0x1f,0x1,0x0,0x0,
0x0,0x0,0x7,0x0,0x2f,0x1,0x0,0x0,
0x0,0x0,0x0,0x0,0x5f,0x3,0x50,0x1,
0x5f,0x3,0xf0,0x1,0x2b,0x1,0x0,0x0,
0x0,0x0,0x1,0x0,0x0,0x0,0x0,0x0,
0x0,0x0,0x0,0x0,0x5e,0x3,0x50,0x1,
0x5e,0x3,0xc0,0x1,0x1c,0x1,0x0,0x0,
0x0,0x0,0x7,0x0,0x2e,0x1,0x0,0x0,
0x0,0x0,0x0,0x0,0x5d,0x3,0x50,0x1,
0x5d,0x3,0xd0,0x1,0x70,0x0,0x0,0x0,
0x0,0x0,0xa,0x0,0xf1,0x0,0x0,0x0,
0x0,0x0,0x0,0x0,0x5b,0x3,0x50,0x1,
0x5b,0x3,0xd0,0x1,0x0,0x0,0x0,0x0,
0x0,0x0,0x0,0x0,0x0,0x0,0x0,0x0,
0x0,0x0,0xff,0xff,0xff,0xff,0xff,0xff,
0x0,0x0,0x0,0x0,0x54,0x0,0x0,0x0,
0x54,0x0,0x0,0x0,0x54,0x0,0x0,0x0,
0x0,0x0,0x0,0x0,0x54,0x0,0x0,0x0,
0x54,0x0,0x0,0x0,0x0,0x0,0x2,0x0,
0x54,0x0,0x0,0x0,0x0,0x0,0x0,0x0,
0x84,0x0,0x0,0x0,0x5b,0x3,0x50,0x1,
0x0,0x0,0x0,0x0,0x84,0x0,0x0,0x0,
0x0,0x0,0x0,0x0,0x84,0x0,0x0,0x0,
0x0,0x0,0x0,0x0,0xae,0x0,0x0,0x0,
0x0,0x0,0x2,0x0,0x8,0x0,0x0,0x0,
0x0,0x0,0x0,0x0,0x5c,0x3,0xd0,0x1,
0x5c,0x3,0x60,0x2,0x71,0x0,0x0,0x0,
0x0,0x0,0x7,0x0,0x30,0x1,0x0,0x0,
0x0,0x0,0x0,0x0,0x5b,0x3,0xd0,0x1,
0x5b,0x3,0x30,0x2,0x0,0x0,0x0,0x0,
0x77,0x0,0x0,0x0,0x0,0x0,0x0,0x0,
0x0,0x0,0xff,0xff,0xff,0xff,0xff,0xff,
0x0,0x0,0x0,0x0,0x54,0x0,0x0,0x0,
0x54,0x0,0x0,0x0,0x54,0x0,0x0,0x0,
0x0,0x0,0x0,0x0,0x54,0x0,0x0,0x0,
0x54,0x0,0x0,0x0,0x0,0x0,0x5,0x0,
0x54,0x0,0x0,0x0,0x0,0x0,0x0,0x0,
0xcc,0x0,0x0,0x0,0x65,0x3,0xd0,0x0,
0x0,0x0,0x0,0x0,0xcc,0x0,0x0,0x0,
0x0,0x0,0x0,0x0,0xcc,0x0,0x0,0x0,
0x0,0x0,0x0,0x0,0x73,0x0,0x0,0x0,
0x0,0x0,0x2,0x0,0x6,0x0,0x0,0x0,
0x0,0x0,0x0,0x0,0x67,0x3,0x10,0x1,
0x67,0x3,0xa0,0x1,0x9,0x0,0x0,0x0,
0x0,0x0,0x7,0x0,0x31,0x1,0x0,0x0,
0x0,0x0,0x0,0x0,0x66,0x3,0x10,0x1,
0x66,0x3,0x80,0x1,0x0,0x0,0x0,0x0,
0x0,0x0,0x8,0x0,0xf3,0x0,0x0,0x0,
0x0,0x0,0x0,0x0,0x68,0x3,0x10,0x1,
0x68,0x3,0x10,0x1,0x0,0x0,0x0,0x0,
0x0,0x0,0x8,0x0,0xf5,0x0,0x0,0x0,
0x0,0x0,0x0,0x0,0x6d,0x3,0x10,0x1,
0x6d,0x3,0x10,0x1,0x0,0x0,0x0,0x0,
0x0,0x0,0x8,0x0,0xf9,0x0,0x0,0x0,
0x0,0x0,0x0,0x0,0x7e,0x3,0x10,0x1,
0x7e,0x3,0x10,0x1,0x0,0x0,0x0,0x0,
0x7a,0x0,0x0,0x0,0x0,0x0,0x0,0x0,
0x0,0x0,0xff,0xff,0xff,0xff,0xff,0xff,
0x0,0x0,0x0,0x0,0x54,0x0,0x0,0x0,
0x54,0x0,0x0,0x0,0x54,0x0,0x0,0x0,
0x0,0x0,0x0,0x0,0x54,0x0,0x0,0x0,
0x54,0x0,0x0,0x0,0x0,0x0,0x3,0x0,
0x54,0x0,0x0,0x0,0x0,0x0,0x0,0x0,
0x9c,0x0,0x0,0x0,0x68,0x3,0x10,0x1,
0x0,0x0,0x0,0x0,0x9c,0x0,0x0,0x0,
0x0,0x0,0x0,0x0,0x9c,0x0,0x0,0x0,
0x0,0x0,0x0,0x0,0xd,0x0,0x0,0x0,
0x0,0x0,0x3,0x0,0x0,0x0,0x0,0x0,
0xcd,0x0,0x0,0x0,0x6a,0x3,0x50,0x1,
0x6a,0x3,0xc0,0x1,0x55,0x0,0x0,0x0,
0x0,0x0,0x5,0x0,0x1f,0x0,0x0,0x0,
0x0,0x0,0x0,0x0,0x69,0x3,0x50,0x1,
0x69,0x3,0xb0,0x1,0x7d,0x0,0x0,0x0,
0x0,0x0,0xa,0x0,0xf4,0x0,0x0,0x0,
0x0,0x0,0x0,0x0,0x6b,0x3,0x50,0x1,
0x6b,0x3,0xa0,0x1,0x0,0x0,0x0,0x0,
0x0,0x0,0x0,0x0,0x0,0x0,0x0,0x0,
0x0,0x0,0xff,0xff,0xff,0xff,0xff,0xff,
0x0,0x0,0x0,0x0,0x54,0x0,0x0,0x0,
0x54,0x0,0x0,0x0,0x54,0x0,0x0,0x0,
0x0,0x0,0x0,0x0,0x54,0x0,0x0,0x0,
0x54,0x0,0x0,0x0,0x0,0x0,0x1,0x0,
0x54,0x0,0x0,0x0,0x0,0x0,0x0,0x0,
0x6c,0x0,0x0,0x0,0x6b,0x3,0x50,0x1,
0x0,0x0,0x0,0x0,0x6c,0x0,0x0,0x0,
0x0,0x0,0x0,0x0,0x6c,0x0,0x0,0x0,
0x0,0x0,0x0,0x0,0x7e,0x0,0x0,0x0,
0x0,0x0,0x2,0x0,0x9,0x0,0x0,0x0,
0x0,0x0,0x0,0x0,0x6b,0x3,0xa0,0x1,
0x6b,0x3,0x50,0x2,0x0,0x0,0x0,0x0,
0x50,0x0,0x0,0x0,0x0,0x0,0x0,0x0,
0x0,0x0,0xff,0xff,0xff,0xff,0xff,0xff,
0x0,0x0,0x0,0x0,0x54,0x0,0x0,0x0,
0x54,0x0,0x0,0x0,0x54,0x0,0x0,0x0,
0x0,0x0,0x0,0x0,0x54,0x0,0x0,0x0,
0x54,0x0,0x0,0x0,0x0,0x0,0x5,0x0,
0x54,0x0,0x0,0x0,0x0,0x0,0x0,0x0,
0xcc,0x0,0x0,0x0,0x6d,0x3,0x10,0x1,
0x0,0x0,0x0,0x0,0xcc,0x0,0x0,0x0,
0x0,0x0,0x0,0x0,0xcc,0x0,0x0,0x0,
0x0,0x0,0x0,0x0,0xd,0x0,0x0,0x0,
0x0,0x0,0x3,0x0,0x0,0x0,0x0,0x0,
0x2e,0x1,0x0,0x0,0x70,0x3,0x50,0x1,
0x70,0x3,0xc0,0x1,0xa,0x0,0x0,0x0,
0x0,0x0,0x2,0x0,0x1a,0x0,0x0,0x0,
0x0,0x0,0x0,0x0,0x6f,0x3,0x50,0x1,
0x6f,0x3,0xd0,0x1,0x0,0x0,0x0,0x0,
0x0,0x0,0x8,0x0,0xf7,0x0,0x0,0x0,
0x0,0x0,0x0,0x0,0x71,0x3,0x50,0x1,
0x71,0x3,0x50,0x1,0x0,0x0,0x0,0x0,
0x0,0x0,0x8,0x0,0xf8,0x0,0x0,0x0,
0x0,0x0,0x0,0x0,0x77,0x3,0x50,0x1,
0x77,0x3,0x50,0x1,0x74,0x0,0x0,0x0,
0x0,0x0,0x9,0x0,0xf6,0x0,0x0,0x0,
0x0,0x0,0x0,0x0,0x6e,0x3,0x50,0x1,
0x6e,0x3,0xc0,0x1,0x0,0x0,0x0,0x0,
0x0,0x0,0x0,0x0,0x0,0x0,0x0,0x0,
0x0,0x0,0xff,0xff,0xff,0xff,0xff,0xff,
0x0,0x0,0x0,0x0,0x54,0x0,0x0,0x0,
0x54,0x0,0x0,0x0,0x54,0x0,0x0,0x0,
0x0,0x0,0x0,0x0,0x54,0x0,0x0,0x0,
0x54,0x0,0x0,0x0,0x0,0x0,0x1,0x0,
0x54,0x0,0x0,0x0,0x0,0x0,0x0,0x0,
0x6c,0x0,0x0,0x0,0x6e,0x3,0x50,0x1,
0x0,0x0,0x0,0x0,0x6c,0x0,0x0,0x0,
0x0,0x0,0x0,0x0,0x6c,0x0,0x0,0x0,
0x0,0x0,0x0,0x0,0x75,0x0,0x0,0x0,
0x0,0x0,0x1,0x0,0x1,0x0,0x0,0x0,
0x0,0x0,0x0,0x0,0x6e,0x3,0xc0,0x1,
0x6e,0x3,0x70,0x2,0x0,0x0,0x0,0x0,
0x50,0x0,0x0,0x0,0x0,0x0,0x0,0x0,
0x0,0x0,0xff,0xff,0xff,0xff,0xff,0xff,
0x0,0x0,0x0,0x0,0x54,0x0,0x0,0x0,
0x54,0x0,0x0,0x0,0x54,0x0,0x0,0x0,
0x0,0x0,0x0,0x0,0x54,0x0,0x0,0x0,
0x54,0x0,0x0,0x0,0x0,0x0,0x3,0x0,
0x54,0x0,0x0,0x0,0x0,0x0,0x0,0x0,
0x9c,0x0,0x0,0x0,0x71,0x3,0x50,0x1,
0x0,0x0,0x0,0x0,0x9c,0x0,0x0,0x0,
0x0,0x0,0x0,0x0,0x9c,0x0,0x0,0x0,
0x0,0x0,0x0,0x0,0xd,0x0,0x0,0x0,
0x0,0x0,0x3,0x0,0x0,0x0,0x0,0x0,
0xe,0x0,0x0,0x0,0x74,0x3,0x90,0x1,
0x74,0x3,0x0,0x2,0xa,0x0,0x0,0x0,
0x0,0x0,0x7,0x0,0x33,0x1,0x0,0x0,
0x0,0x0,0x0,0x0,0x73,0x3,0x90,0x1,
0x73,0x3,0x10,0x2,0x9,0x0,0x0,0x0,
0x0,0x0,0x7,0x0,0x32,0x1,0x0,0x0,
0x0,0x0,0x0,0x0,0x72,0x3,0x90,0x1,
0x72,0x3,0x0,0x2,0x0,0x0,0x0,0x0,
0x50,0x0,0x0,0x0,0x0,0x0,0x0,0x0,
0x0,0x0,0xff,0xff,0xff,0xff,0xff,0xff,
0x0,0x0,0x0,0x0,0x54,0x0,0x0,0x0,
0x54,0x0,0x0,0x0,0x54,0x0,0x0,0x0,
0x0,0x0,0x0,0x0,0x54,0x0,0x0,0x0,
0x54,0x0,0x0,0x0,0x0,0x0,0x4,0x0,
0x54,0x0,0x0,0x0,0x0,0x0,0x0,0x0,
0xb4,0x0,0x0,0x0,0x77,0x3,0x50,0x1,
0x0,0x0,0x0,0x0,0xb4,0x0,0x0,0x0,
0x0,0x0,0x0,0x0,0xb4,0x0,0x0,0x0,
0x0,0x0,0x0,0x0,0xd,0x0,0x0,0x0,
0x0,0x0,0x7,0x0,0x36,0x1,0x0,0x0,
0x0,0x0,0x0,0x0,0x7b,0x3,0x90,0x1,
0x7b,0x3,0x0,0x2,0xa,0x0,0x0,0x0,
0x0,0x0,0x7,0x0,0x35,0x1,0x0,0x0,
0x0,0x0,0x0,0x0,0x7a,0x3,0x90,0x1,
0x7a,0x3,0x10,0x2,0x9,0x0,0x0,0x0,
0x0,0x0,0x2,0x0,0x10,0x0,0x0,0x0,
0x0,0x0,0x0,0x0,0x79,0x3,0x90,0x1,
0x79,0x3,0x0,0x2,0x2f,0x1,0x0,0x0,
0x0,0x0,0x7,0x0,0x34,0x1,0x0,0x0,
0x0,0x0,0x0,0x0,0x78,0x3,0x90,0x1,
0x78,0x3,0xc0,0x1,0x0,0x0,0x0,0x0,
0x7a,0x0,0x0,0x0,0x0,0x0,0x0,0x0,
0x0,0x0,0xff,0xff,0xff,0xff,0xff,0xff,
0x0,0x0,0x0,0x0,0x54,0x0,0x0,0x0,
0x54,0x0,0x0,0x0,0x54,0x0,0x0,0x0,
0x0,0x0,0x0,0x0,0x54,0x0,0x0,0x0,
0x54,0x0,0x0,0x0,0x0,0x0,0x3,0x0,
0x54,0x0,0x0,0x0,0x0,0x0,0x0,0x0,
0x9c,0x0,0x0,0x0,0x7e,0x3,0x10,0x1,
0x0,0x0,0x0,0x0,0x9c,0x0,0x0,0x0,
0x0,0x0,0x0,0x0,0x9c,0x0,0x0,0x0,
0x0,0x0,0x0,0x0,0xd,0x0,0x0,0x0,
0x0,0x0,0x3,0x0,0x0,0x0,0x0,0x0,
0xe,0x0,0x0,0x0,0x81,0x3,0x50,0x1,
0x81,0x3,0xc0,0x1,0x55,0x0,0x0,0x0,
0x0,0x0,0x7,0x0,0x37,0x1,0x0,0x0,
0x0,0x0,0x0,0x0,0x7f,0x3,0x50,0x1,
0x7f,0x3,0xb0,0x1,0x7d,0x0,0x0,0x0,
0x0,0x0,0xa,0x0,0xfa,0x0,0x0,0x0,
0x0,0x0,0x0,0x0,0x82,0x3,0x50,0x1,
0x82,0x3,0xa0,0x1,0x0,0x0,0x0,0x0,
0x0,0x0,0x0,0x0,0x0,0x0,0x0,0x0,
0x0,0x0,0xff,0xff,0xff,0xff,0xff,0xff,
0x0,0x0,0x0,0x0,0x54,0x0,0x0,0x0,
0x54,0x0,0x0,0x0,0x54,0x0,0x0,0x0,
0x0,0x0,0x0,0x0,0x54,0x0,0x0,0x0,
0x54,0x0,0x0,0x0,0x0,0x0,0x1,0x0,
0x54,0x0,0x0,0x0,0x0,0x0,0x0,0x0,
0x6c,0x0,0x0,0x0,0x82,0x3,0x50,0x1,
0x0,0x0,0x0,0x0,0x6c,0x0,0x0,0x0,
0x0,0x0,0x0,0x0,0x6c,0x0,0x0,0x0,
0x0,0x0,0x0,0x0,0x7e,0x0,0x0,0x0,
0x0,0x0,0x2,0x0,0x14,0x0,0x0,0x0,
0x0,0x0,0x0,0x0,0x82,0x3,0xa0,0x1,
0x82,0x3,0x50,0x2,0x0,0x0,0x0,0x0,
0x7a,0x0,0x0,0x0,0x0,0x0,0x0,0x0,
0x0,0x0,0xff,0xff,0xff,0xff,0xff,0xff,
0x0,0x0,0x0,0x0,0x54,0x0,0x0,0x0,
0x54,0x0,0x0,0x0,0x54,0x0,0x0,0x0,
0x0,0x0,0x0,0x0,0x54,0x0,0x0,0x0,
0x54,0x0,0x0,0x0,0x0,0x0,0x6,0x0,
0x54,0x0,0x0,0x0,0x0,0x0,0x0,0x0,
0xe4,0x0,0x0,0x0,0x86,0x3,0xd0,0x0,
0x0,0x0,0x0,0x0,0xe4,0x0,0x0,0x0,
0x0,0x0,0x0,0x0,0xe4,0x0,0x0,0x0,
0x0,0x0,0x0,0x0,0xd,0x0,0x0,0x0,
0x0,0x0,0x7,0x0,0x3c,0x1,0x0,0x0,
0x0,0x0,0x0,0x0,0x8b,0x3,0x10,0x1,
0x8b,0x3,0x80,0x1,0x55,0x0,0x0,0x0,
0x0,0x0,0x7,0x0,0x3b,0x1,0x0,0x0,
0x0,0x0,0x0,0x0,0x8a,0x3,0x10,0x1,
0x8a,0x3,0x70,0x1,0x31,0x1,0x0,0x0,
0x0,0x0,0x7,0x0,0x3a,0x1,0x0,0x0,
0x0,0x0,0x0,0x0,0x89,0x3,0x10,0x1,
0x89,0x3,0xb0,0x1,0x9,0x0,0x0,0x0,
0x0,0x0,0x7,0x0,0x39,0x1,0x0,0x0,
0x0,0x0,0x0,0x0,0x88,0x3,0x10,0x1,
0x88,0x3,0x80,0x1,0x8,0x0,0x0,0x0,
0x0,0x0,0x7,0x0,0x38,0x1,0x0,0x0,
0x0,0x0,0x0,0x0,0x87,0x3,0x10,0x1,
0x87,0x3,0xa0,0x1,0x7d,0x0,0x0,0x0,
0x0,0x0,0xa,0x0,0xfc,0x0,0x0,0x0,
0x0,0x0,0x0,0x0,0x8c,0x3,0x10,0x1,
0x8c,0x3,0x60,0x1,0x0,0x0,0x0,0x0,
0x0,0x0,0x0,0x0,0x0,0x0,0x0,0x0,
0x0,0x0,0xff,0xff,0xff,0xff,0xff,0xff,
0x0,0x0,0x0,0x0,0x54,0x0,0x0,0x0,
0x54,0x0,0x0,0x0,0x54,0x0,0x0,0x0,
0x0,0x0,0x0,0x0,0x54,0x0,0x0,0x0,
0x54,0x0,0x0,0x0,0x0,0x0,0x1,0x0,
0x54,0x0,0x0,0x0,0x0,0x0,0x0,0x0,
0x6c,0x0,0x0,0x0,0x8c,0x3,0x10,0x1,
0x0,0x0,0x0,0x0,0x6c,0x0,0x0,0x0,
0x0,0x0,0x0,0x0,0x6c,0x0,0x0,0x0,
0x0,0x0,0x0,0x0,0x7e,0x0,0x0,0x0,
0x0,0x0,0x2,0x0,0x9,0x0,0x0,0x0,
0x0,0x0,0x0,0x0,0x8c,0x3,0x60,0x1,
0x8c,0x3,0x10,0x2,0x0,0x0,0x0,0x0,
0x50,0x0,0x0,0x0,0x0,0x0,0x0,0x0,
0x0,0x0,0xff,0xff,0xff,0xff,0xff,0xff,
0x0,0x0,0x0,0x0,0x54,0x0,0x0,0x0,
0x54,0x0,0x0,0x0,0x54,0x0,0x0,0x0,
0x0,0x0,0x0,0x0,0x54,0x0,0x0,0x0,
0x54,0x0,0x0,0x0,0x0,0x0,0x7,0x0,
0x54,0x0,0x0,0x0,0x0,0x0,0x0,0x0,
0xfc,0x0,0x0,0x0,0x92,0x3,0x50,0x0,
0x0,0x0,0x0,0x0,0xfc,0x0,0x0,0x0,
0x0,0x0,0x0,0x0,0xfc,0x0,0x0,0x0,
0x0,0x0,0x0,0x0,0x25,0x1,0x0,0x0,
0x0,0x0,0x2,0x0,0x22,0x0,0x0,0x0,
0x0,0x0,0x0,0x0,0x98,0x3,0x90,0x0,
0x98,0x3,0xc0,0x0,0xd,0x0,0x0,0x0,
0x0,0x0,0x3,0x0,0x0,0x0,0x0,0x0,
0xe,0x0,0x0,0x0,0x97,0x3,0x90,0x0,
0x97,0x3,0x0,0x1,0x8,0x0,0x0,0x0,
0x0,0x0,0x7,0x0,0x3d,0x1,0x0,0x0,
0x0,0x0,0x0,0x0,0x93,0x3,0x90,0x0,
0x93,0x3,0x20,0x1,0x0,0x0,0x0,0x0,
0x0,0x0,0x8,0x0,0xff,0x0,0x0,0x0,
0x0,0x0,0x0,0x0,0x9a,0x3,0x90,0x0,
0x9a,0x3,0x90,0x0,0x0,0x0,0x0,0x0,
0x0,0x0,0x8,0x0,0x11,0x1,0x0,0x0,
0x0,0x0,0x0,0x0,0xd2,0x3,0x90,0x0,
0xd2,0x3,0x90,0x0,0x0,0x0,0x0,0x0,
0x0,0x0,0x8,0x0,0x1d,0x1,0x0,0x0,
0x0,0x0,0x0,0x0,0xd,0x4,0x90,0x0,
0xd,0x4,0x90,0x0,0x70,0x0,0x0,0x0,
0x0,0x0,0xa,0x0,0xfe,0x0,0x0,0x0,
0x0,0x0,0x0,0x0,0x94,0x3,0x90,0x0,
0x94,0x3,0x10,0x1,0x0,0x0,0x0,0x0,
0x0,0x0,0x0,0x0,0x0,0x0,0x0,0x0,
0x0,0x0,0xff,0xff,0xff,0xff,0xff,0xff,
0x0,0x0,0x0,0x0,0x54,0x0,0x0,0x0,
0x54,0x0,0x0,0x0,0x54,0x0,0x0,0x0,
0x0,0x0,0x0,0x0,0x54,0x0,0x0,0x0,
0x54,0x0,0x0,0x0,0x0,0x0,0x3,0x0,
0x54,0x0,0x0,0x0,0x0,0x0,0x0,0x0,
0x9c,0x0,0x0,0x0,0x94,0x3,0x90,0x0,
0x0,0x0,0x0,0x0,0x9c,0x0,0x0,0x0,
0x0,0x0,0x0,0x0,0x9c,0x0,0x0,0x0,
0x0,0x0,0x0,0x0,0xe4,0x0,0x0,0x0,
0x0,0x0,0x2,0x0,0x19,0x0,0x0,0x0,
0x0,0x0,0x0,0x0,0x96,0x3,0x10,0x1,
0x96,0x3,0xf0,0x1,0xe3,0x0,0x0,0x0,
0x0,0x0,0x2,0x0,0x5,0x0,0x0,0x0,
0x0,0x0,0x0,0x0,0x95,0x3,0x10,0x1,
0x95,0x3,0xc0,0x1,0x71,0x0,0x0,0x0,
0x0,0x0,0x7,0x0,0x3e,0x1,0x0,0x0,
0x0,0x0,0x0,0x0,0x94,0x3,0x10,0x1,
0x94,0x3,0x70,0x1,0x0,0x0,0x0,0x0,
0x77,0x0,0x0,0x0,0x33,0x1,0x0,0x0,
0x0,0x0,0xff,0xff,0xff,0xff,0xff,0xff,
0x0,0x0,0x0,0x0,0x54,0x0,0x0,0x0,
0x54,0x0,0x0,0x0,0x54,0x0,0x0,0x0,
0x0,0x0,0x0,0x0,0x54,0x0,0x0,0x0,
0x54,0x0,0x0,0x0,0x0,0x0,0x7,0x0,
0x54,0x0,0x0,0x0,0x0,0x0,0x0,0x0,
0xfc,0x0,0x0,0x0,0x9a,0x3,0x90,0x0,
0x9b,0x3,0xd0,0x0,0xfc,0x0,0x0,0x0,
0x0,0x0,0x0,0x0,0xfc,0x0,0x0,0x0,
0x0,0x0,0x0,0x0,0xa,0x0,0x0,0x0,
0x0,0x0,0x2,0x0,0xb,0x0,0x0,0x0,
0x0,0x0,0x0,0x0,0xa0,0x3,0xd0,0x0,
0xa0,0x3,0x50,0x1,0x0,0x0,0x0,0x0,
0x0,0x0,0x8,0x0,0x1,0x1,0x0,0x0,
0x0,0x0,0x0,0x0,0xa1,0x3,0xd0,0x0,
0xa1,0x3,0xd0,0x0,0x0,0x0,0x0,0x0,
0x0,0x0,0x8,0x0,0x3,0x1,0x0,0x0,
0x0,0x0,0x0,0x0,0xa7,0x3,0xd0,0x0,
0xa7,0x3,0xd0,0x0,0x0,0x0,0x0,0x0,
0x0,0x0,0x8,0x0,0x5,0x1,0x0,0x0,
0x0,0x0,0x0,0x0,0xa8,0x3,0xd0,0x0,
0xa8,0x3,0xd0,0x0,0x0,0x0,0x0,0x0,
0x0,0x0,0x8,0x0,0x9,0x1,0x0,0x0,
0x0,0x0,0x0,0x0,0xb5,0x3,0xd0,0x0,
0xb5,0x3,0xd0,0x0,0x0,0x0,0x0,0x0,
0x0,0x0,0x8,0x0,0xd,0x1,0x0,0x0,
0x0,0x0,0x0,0x0,0xc2,0x3,0xd0,0x0,
0xc2,0x3,0xd0,0x0,0x70,0x0,0x0,0x0,
0x0,0x0,0xa,0x0,0x0,0x1,0x0,0x0,
0x0,0x0,0x0,0x0,0x9c,0x3,0xd0,0x0,
0x9c,0x3,0x50,0x1,0x0,0x0,0x0,0x0,
0x0,0x0,0x0,0x0,0x0,0x0,0x0,0x0,
0x0,0x0,0xff,0xff,0xff,0xff,0xff,0xff,
0x0,0x0,0x0,0x0,0x54,0x0,0x0,0x0,
0x54,0x0,0x0,0x0,0x54,0x0,0x0,0x0,
0x0,0x0,0x0,0x0,0x54,0x0,0x0,0x0,
0x54,0x0,0x0,0x0,0x0,0x0,0x4,0x0,
0x54,0x0,0x0,0x0,0x0,0x0,0x0,0x0,
0xb4,0x0,0x0,0x0,0x9c,0x3,0xd0,0x0,
0x0,0x0,0x0,0x0,0xb4,0x0,0x0,0x0,
0x0,0x0,0x0,0x0,0xb4,0x0,0x0,0x0,
0x0,0x0,0x0,0x0,0xae,0x0,0x0,0x0,
0x0,0x0,0x2,0x0,0x6,0x0,0x0,0x0,
0x0,0x0,0x0,0x0,0x9f,0x3,0x50,0x1,
0x9f,0x3,0xe0,0x1,0xc1,0x0,0x0,0x0,
0x0,0x0,0x7,0x0,0x41,0x1,0x0,0x0,
0x0,0x0,0x0,0x0,0x9e,0x3,0x50,0x1,
0x9e,0x3,0xc0,0x1,0xc7,0x0,0x0,0x0,
0x0,0x0,0x7,0x0,0x40,0x1,0x0,0x0,
0x0,0x0,0x0,0x0,0x9d,0x3,0x50,0x1,
0x9d,0x3,0xb0,0x1,0x34,0x1,0x0,0x0,
0x0,0x0,0x7,0x0,0x3f,0x1,0x0,0x0,
0x0,0x0,0x0,0x0,0x9c,0x3,0x50,0x1,
0x9c,0x3,0xa0,0x1,0x0,0x0,0x0,0x0,
0x7a,0x0,0x0,0x0,0x0,0x0,0x0,0x0,
0x0,0x0,0xff,0xff,0xff,0xff,0xff,0xff,
0x0,0x0,0x0,0x0,0x54,0x0,0x0,0x0,
0x54,0x0,0x0,0x0,0x54,0x0,0x0,0x0,
0x0,0x0,0x0,0x0,0x54,0x0,0x0,0x0,
0x54,0x0,0x0,0x0,0x0,0x0,0x3,0x0,
0x54,0x0,0x0,0x0,0x0,0x0,0x0,0x0,
0x9c,0x0,0x0,0x0,0xa1,0x3,0xd0,0x0,
0x0,0x0,0x0,0x0,0x9c,0x0,0x0,0x0,
0x0,0x0,0x0,0x0,0x9c,0x0,0x0,0x0,
0x0,0x0,0x0,0x0,0xd,0x0,0x0,0x0,
0x0,0x0,0x7,0x0,0x43,0x1,0x0,0x0,
0x0,0x0,0x0,0x0,0xa3,0x3,0x10,0x1,
0xa3,0x3,0x80,0x1,0x55,0x0,0x0,0x0,
0x0,0x0,0x7,0x0,0x42,0x1,0x0,0x0,
0x0,0x0,0x0,0x0,0xa2,0x3,0x10,0x1,
0xa2,0x3,0x70,0x1,0x7d,0x0,0x0,0x0,
0x0,0x0,0xa,0x0,0x2,0x1,0x0,0x0,
0x0,0x0,0x0,0x0,0xa4,0x3,0x10,0x1,
0xa4,0x3,0x60,0x1,0x0,0x0,0x0,0x0,
0x0,0x0,0x0,0x0,0x0,0x0,0x0,0x0,
0x0,0x0,0xff,0xff,0xff,0xff,0xff,0xff,
0x0,0x0,0x0,0x0,0x54,0x0,0x0,0x0,
0x54,0x0,0x0,0x0,0x54,0x0,0x0,0x0,
0x0,0x0,0x0,0x0,0x54,0x0,0x0,0x0,
0x54,0x0,0x0,0x0,0x0,0x0,0x2,0x0,
0x54,0x0,0x0,0x0,0x0,0x0,0x0,0x0,
0x84,0x0,0x0,0x0,0xa4,0x3,0x10,0x1,
0x0,0x0,0x0,0x0,0x84,0x0,0x0,0x0,
0x0,0x0,0x0,0x0,0x84,0x0,0x0,0x0,
0x0,0x0,0x0,0x0,0x7f,0x0,0x0,0x0,
0x0,0x0,0x2,0x0,0x8,0x0,0x0,0x0,
0x0,0x0,0x0,0x0,0xa5,0x3,0x60,0x1,
0xa5,0x3,0x50,0x2,0x7e,0x0,0x0,0x0,
0x0,0x0,0x2,0x0,0x7,0x0,0x0,0x0,
0x0,0x0,0x0,0x0,0xa4,0x3,0x60,0x1,
0xa4,0x3,0x10,0x2,0x0,0x0,0x0,0x0,
0x82,0x0,0x0,0x0,0x0,0x0,0x0,0x0,
0x0,0x0,0xff,0xff,0xff,0xff,0xff,0xff,
0x0,0x0,0x0,0x0,0x54,0x0,0x0,0x0,
0x54,0x0,0x0,0x0,0x54,0x0,0x0,0x0,
0x0,0x0,0x0,0x0,0x54,0x0,0x0,0x0,
0x54,0x0,0x0,0x0,0x0,0x0,0x1,0x0,
0x54,0x0,0x0,0x0,0x0,0x0,0x0,0x0,
0x6c,0x0,0x0,0x0,0xa7,0x3,0xd0,0x0,
0x0,0x0,0x0,0x0,0x6c,0x0,0x0,0x0,
0x0,0x0,0x0,0x0,0x6c,0x0,0x0,0x0,
0x0,0x0,0x0,0x0,0x74,0x0,0x0,0x0,
0x0,0x0,0x9,0x0,0x4,0x1,0x0,0x0,
0x0,0x0,0x0,0x0,0xa7,0x3,0x40,0x1,
0xa7,0x3,0xb0,0x1,0x0,0x0,0x0,0x0,
0x0,0x0,0x0,0x0,0x0,0x0,0x0,0x0,
0x0,0x0,0xff,0xff,0xff,0xff,0xff,0xff,
0x0,0x0,0x0,0x0,0x54,0x0,0x0,0x0,
0x54,0x0,0x0,0x0,0x54,0x0,0x0,0x0,
0x0,0x0,0x0,0x0,0x54,0x0,0x0,0x0,
0x54,0x0,0x0,0x0,0x0,0x0,0x1,0x0,
0x54,0x0,0x0,0x0,0x0,0x0,0x0,0x0,
0x6c,0x0,0x0,0x0,0xa7,0x3,0x40,0x1,
0x0,0x0,0x0,0x0,0x6c,0x0,0x0,0x0,
0x0,0x0,0x0,0x0,0x6c,0x0,0x0,0x0,
0x0,0x0,0x0,0x0,0x75,0x0,0x0,0x0,
0x0,0x0,0x1,0x0,0x1,0x0,0x0,0x0,
0x0,0x0,0x0,0x0,0xa7,0x3,0xb0,0x1,
0xa7,0x3,0x60,0x2,0x0,0x0,0x0,0x0,
0x7a,0x0,0x0,0x0,0x0,0x0,0x0,0x0,
0x0,0x0,0xff,0xff,0xff,0xff,0xff,0xff,
0x0,0x0,0x0,0x0,0x54,0x0,0x0,0x0,
0x54,0x0,0x0,0x0,0x54,0x0,0x0,0x0,
0x0,0x0,0x0,0x0,0x54,0x0,0x0,0x0,
0x54,0x0,0x0,0x0,0x0,0x0,0x4,0x0,
0x54,0x0,0x0,0x0,0x0,0x0,0x0,0x0,
0xb4,0x0,0x0,0x0,0xa8,0x3,0xd0,0x0,
0x0,0x0,0x0,0x0,0xb4,0x0,0x0,0x0,
0x0,0x0,0x0,0x0,0xb4,0x0,0x0,0x0,
0x0,0x0,0x0,0x0,0xd,0x0,0x0,0x0,
0x0,0x0,0x7,0x0,0x44,0x1,0x0,0x0,
0x0,0x0,0x0,0x0,0xaa,0x3,0x10,0x1,
0xaa,0x3,0x80,0x1,0x55,0x0,0x0,0x0,
0x0,0x0,0x5,0x0,0x20,0x0,0x0,0x0,
0x0,0x0,0x0,0x0,0xa9,0x3,0x10,0x1,
0xa9,0x3,0x70,0x1,0x0,0x0,0x0,0x0,
0x0,0x0,0x8,0x0,0x7,0x1,0x0,0x0,
0x0,0x0,0x0,0x0,0xad,0x3,0x10,0x1,
0xad,0x3,0x10,0x1,0x7d,0x0,0x0,0x0,
0x0,0x0,0xa,0x0,0x6,0x1,0x0,0x0,
0x0,0x0,0x0,0x0,0xab,0x3,0x10,0x1,
0xab,0x3,0x60,0x1,0x0,0x0,0x0,0x0,
0x0,0x0,0x0,0x0,0x0,0x0,0x0,0x0,
0x0,0x0,0xff,0xff,0xff,0xff,0xff,0xff,
0x0,0x0,0x0,0x0,0x54,0x0,0x0,0x0,
0x54,0x0,0x0,0x0,0x54,0x0,0x0,0x0,
0x0,0x0,0x0,0x0,0x54,0x0,0x0,0x0,
0x54,0x0,0x0,0x0,0x0,0x0,0x2,0x0,
0x54,0x0,0x0,0x0,0x0,0x0,0x0,0x0,
0x84,0x0,0x0,0x0,0xab,0x3,0x10,0x1,
0x0,0x0,0x0,0x0,0x84,0x0,0x0,0x0,
0x0,0x0,0x0,0x0,0x84,0x0,0x0,0x0,
0x0,0x0,0x0,0x0,0x85,0x0,0x0,0x0,
0x0,0x0,0x7,0x0,0x45,0x1,0x0,0x0,
0x0,0x0,0x0,0x0,0xac,0x3,0x60,0x1,
0xac,0x3,0x10,0x2,0x7e,0x0,0x0,0x0,
0x0,0x0,0x2,0x0,0x9,0x0,0x0,0x0,
0x0,0x0,0x0,0x0,0xab,0x3,0x60,0x1,
0xab,0x3,0x10,0x2,0x0,0x0,0x0,0x0,
0x87,0x0,0x0,0x0,0x37,0x1,0x0,0x0,
0x0,0x0,0xff,0xff,0xff,0xff,0xff,0xff,
0x0,0x0,0x0,0x0,0x54,0x0,0x0,0x0,
0x54,0x0,0x0,0x0,0x54,0x0,0x0,0x0,
0x0,0x0,0x0,0x0,0x54,0x0,0x0,0x0,
0x54,0x0,0x0,0x0,0x0,0x0,0x4,0x0,
0x54,0x0,0x0,0x0,0x0,0x0,0x0,0x0,
0xb4,0x0,0x0,0x0,0xad,0x3,0x10,0x1,
0xae,0x3,0x50,0x1,0xb4,0x0,0x0,0x0,
0x0,0x0,0x0,0x0,0xb4,0x0,0x0,0x0,
0x0,0x0,0x0,0x0,0x8c,0x0,0x0,0x0,
0x0,0x0,0x7,0x0,0x47,0x1,0x0,0x0,
0x0,0x0,0x0,0x0,0xb2,0x3,0x50,0x1,
0xb2,0x3,0x0,0x2,0x8a,0x0,0x0,0x0,
0x0,0x0,0x7,0x0,0x46,0x1,0x0,0x0,
0x0,0x0,0x0,0x0,0xb1,0x3,0x50,0x1,
0xb1,0x3,0x20,0x2,0x89,0x0,0x0,0x0,
0x0,0x0,0x1,0x0,0x1,0x0,0x0,0x0,
0x0,0x0,0x0,0x0,0xb0,0x3,0x50,0x1,
0xb0,0x3,0x30,0x2,0x70,0x0,0x0,0x0,
0x0,0x0,0xa,0x0,0x8,0x1,0x0,0x0,
0x0,0x0,0x0,0x0,0xaf,0x3,0x50,0x1,
0xaf,0x3,0xd0,0x1,0x0,0x0,0x0,0x0,
0x0,0x0,0x0,0x0,0x0,0x0,0x0,0x0,
0x0,0x0,0xff,0xff,0xff,0xff,0xff,0xff,
0x0,0x0,0x0,0x0,0x54,0x0,0x0,0x0,
0x54,0x0,0x0,0x0,0x54,0x0,0x0,0x0,
0x0,0x0,0x0,0x0,0x54,0x0,0x0,0x0,
0x54,0x0,0x0,0x0,0x0,0x0,0x1,0x0,
0x54,0x0,0x0,0x0,0x0,0x0,0x0,0x0,
0x6c,0x0,0x0,0x0,0xaf,0x3,0x50,0x1,
0x0,0x0,0x0,0x0,0x6c,0x0,0x0,0x0,
0x0,0x0,0x0,0x0,0x6c,0x0,0x0,0x0,
0x0,0x0,0x0,0x0,0x71,0x0,0x0,0x0,
0x0,0x0,0x7,0x0,0x48,0x1,0x0,0x0,
0x0,0x0,0x0,0x0,0xaf,0x3,0xd0,0x1,
0xaf,0x3,0x30,0x2,0x0,0x0,0x0,0x0,
0x7a,0x0,0x0,0x0,0x0,0x0,0x0,0x0,
0x0,0x0,0xff,0xff,0xff,0xff,0xff,0xff,
0x0,0x0,0x0,0x0,0x54,0x0,0x0,0x0,
0x54,0x0,0x0,0x0,0x54,0x0,0x0,0x0,
0x0,0x0,0x0,0x0,0x54,0x0,0x0,0x0,
0x54,0x0,0x0,0x0,0x0,0x0,0x4,0x0,
0x54,0x0,0x0,0x0,0x0,0x0,0x0,0x0,
0xb4,0x0,0x0,0x0,0xb5,0x3,0xd0,0x0,
0x0,0x0,0x0,0x0,0xb4,0x0,0x0,0x0,
0x0,0x0,0x0,0x0,0xb4,0x0,0x0,0x0,
0x0,0x0,0x0,0x0,0xd,0x0,0x0,0x0,
0x0,0x0,0x7,0x0,0x49,0x1,0x0,0x0,
0x0,0x0,0x0,0x0,0xb7,0x3,0x10,0x1,
0xb7,0x3,0x80,0x1,0x55,0x0,0x0,0x0,
0x0,0x0,0x5,0x0,0x21,0x0,0x0,0x0,
0x0,0x0,0x0,0x0,0xb6,0x3,0x10,0x1,
0xb6,0x3,0x70,0x1,0x0,0x0,0x0,0x0,
0x0,0x0,0x8,0x0,0xb,0x1,0x0,0x0,
0x0,0x0,0x0,0x0,0xba,0x3,0x10,0x1,
0xba,0x3,0x10,0x1,0x7d,0x0,0x0,0x0,
0x0,0x0,0xa,0x0,0xa,0x1,0x0,0x0,
0x0,0x0,0x0,0x0,0xb8,0x3,0x10,0x1,
0xb8,0x3,0x60,0x1,0x0,0x0,0x0,0x0,
0x0,0x0,0x0,0x0,0x0,0x0,0x0,0x0,
0x0,0x0,0xff,0xff,0xff,0xff,0xff,0xff,
0x0,0x0,0x0,0x0,0x54,0x0,0x0,0x0,
0x54,0x0,0x0,0x0,0x54,0x0,0x0,0x0,
0x0,0x0,0x0,0x0,0x54,0x0,0x0,0x0,
0x54,0x0,0x0,0x0,0x0,0x0,0x2,0x0,
0x54,0x0,0x0,0x0,0x0,0x0,0x0,0x0,
0x84,0x0,0x0,0x0,0xb8,0x3,0x10,0x1,
0x0,0x0,0x0,0x0,0x84,0x0,0x0,0x0,
0x0,0x0,0x0,0x0,0x84,0x0,0x0,0x0,
0x0,0x0,0x0,0x0,0x85,0x0,0x0,0x0,
0x0,0x0,0x7,0x0,0x4a,0x1,0x0,0x0,
0x0,0x0,0x0,0x0,0xb9,0x3,0x60,0x1,
0xb9,0x3,0x10,0x2,0x7e,0x0,0x0,0x0,
0x0,0x0,0x2,0x0,0x9,0x0,0x0,0x0,
0x0,0x0,0x0,0x0,0xb8,0x3,0x60,0x1,
0xb8,0x3,0x10,0x2,0x0,0x0,0x0,0x0,
0x87,0x0,0x0,0x0,0x39,0x1,0x0,0x0,
0x0,0x0,0xff,0xff,0xff,0xff,0xff,0xff,
0x0,0x0,0x0,0x0,0x54,0x0,0x0,0x0,
0x54,0x0,0x0,0x0,0x54,0x0,0x0,0x0,
0x0,0x0,0x0,0x0,0x54,0x0,0x0,0x0,
0x54,0x0,0x0,0x0,0x0,0x0,0x4,0x0,
0x54,0x0,0x0,0x0,0x0,0x0,0x0,0x0,
0xb4,0x0,0x0,0x0,0xba,0x3,0x10,0x1,
0xbb,0x3,0x50,0x1,0xb4,0x0,0x0,0x0,
0x0,0x0,0x0,0x0,0xb4,0x0,0x0,0x0,
0x0,0x0,0x0,0x0,0x8c,0x0,0x0,0x0,
0x0,0x0,0x7,0x0,0x4c,0x1,0x0,0x0,
0x0,0x0,0x0,0x0,0xbf,0x3,0x50,0x1,
0xbf,0x3,0x0,0x2,0x8a,0x0,0x0,0x0,
0x0,0x0,0x7,0x0,0x4b,0x1,0x0,0x0,
0x0,0x0,0x0,0x0,0xbe,0x3,0x50,0x1,
0xbe,0x3,0x20,0x2,0x89,0x0,0x0,0x0,
0x0,0x0,0x1,0x0,0x1,0x0,0x0,0x0,
0x0,0x0,0x0,0x0,0xbd,0x3,0x50,0x1,
0xbd,0x3,0x30,0x2,0x70,0x0,0x0,0x0,
0x0,0x0,0xa,0x0,0xc,0x1,0x0,0x0,
0x0,0x0,0x0,0x0,0xbc,0x3,0x50,0x1,
0xbc,0x3,0xd0,0x1,0x0,0x0,0x0,0x0,
0x0,0x0,0x0,0x0,0x0,0x0,0x0,0x0,
0x0,0x0,0xff,0xff,0xff,0xff,0xff,0xff,
0x0,0x0,0x0,0x0,0x54,0x0,0x0,0x0,
0x54,0x0,0x0,0x0,0x54,0x0,0x0,0x0,
0x0,0x0,0x0,0x0,0x54,0x0,0x0,0x0,
0x54,0x0,0x0,0x0,0x0,0x0,0x1,0x0,
0x54,0x0,0x0,0x0,0x0,0x0,0x0,0x0,
0x6c,0x0,0x0,0x0,0xbc,0x3,0x50,0x1,
0x0,0x0,0x0,0x0,0x6c,0x0,0x0,0x0,
0x0,0x0,0x0,0x0,0x6c,0x0,0x0,0x0,
0x0,0x0,0x0,0x0,0x71,0x0,0x0,0x0,
0x0,0x0,0x7,0x0,0x4d,0x1,0x0,0x0,
0x0,0x0,0x0,0x0,0xbc,0x3,0xd0,0x1,
0xbc,0x3,0x30,0x2,0x0,0x0,0x0,0x0,
0x7a,0x0,0x0,0x0,0x0,0x0,0x0,0x0,
0x0,0x0,0xff,0xff,0xff,0xff,0xff,0xff,
0x0,0x0,0x0,0x0,0x54,0x0,0x0,0x0,
0x54,0x0,0x0,0x0,0x54,0x0,0x0,0x0,
0x0,0x0,0x0,0x0,0x54,0x0,0x0,0x0,
0x54,0x0,0x0,0x0,0x0,0x0,0x5,0x0,
0x54,0x0,0x0,0x0,0x0,0x0,0x0,0x0,
0xcc,0x0,0x0,0x0,0xc2,0x3,0xd0,0x0,
0x0,0x0,0x0,0x0,0xcc,0x0,0x0,0x0,
0x0,0x0,0x0,0x0,0xcc,0x0,0x0,0x0,
0x0,0x0,0x0,0x0,0x81,0x0,0x0,0x0,
0x0,0x0,0x2,0x0,0x7,0x0,0x0,0x0,
0x0,0x0,0x0,0x0,0xc7,0x3,0x10,0x1,
0xc7,0x3,0xe0,0x1,0xd,0x0,0x0,0x0,
0x0,0x0,0x7,0x0,0x4e,0x1,0x0,0x0,
0x0,0x0,0x0,0x0,0xc4,0x3,0x10,0x1,
0xc4,0x3,0x80,0x1,0x55,0x0,0x0,0x0,
0x0,0x0,0x5,0x0,0x22,0x0,0x0,0x0,
0x0,0x0,0x0,0x0,0xc3,0x3,0x10,0x1,
0xc3,0x3,0x70,0x1,0x0,0x0,0x0,0x0,
0x0,0x0,0x8,0x0,0xf,0x1,0x0,0x0,
0x0,0x0,0x0,0x0,0xc8,0x3,0x10,0x1,
0xc8,0x3,0x10,0x1,0x7d,0x0,0x0,0x0,
0x0,0x0,0xa,0x0,0xe,0x1,0x0,0x0,
0x0,0x0,0x0,0x0,0xc5,0x3,0x10,0x1,
0xc5,0x3,0x60,0x1,0x0,0x0,0x0,0x0,
0x0,0x0,0x0,0x0,0x0,0x0,0x0,0x0,
0x0,0x0,0xff,0xff,0xff,0xff,0xff,0xff,
0x0,0x0,0x0,0x0,0x54,0x0,0x0,0x0,
0x54,0x0,0x0,0x0,0x54,0x0,0x0,0x0,
0x0,0x0,0x0,0x0,0x54,0x0,0x0,0x0,
0x54,0x0,0x0,0x0,0x0,0x0,0x2,0x0,
0x54,0x0,0x0,0x0,0x0,0x0,0x0,0x0,
0x84,0x0,0x0,0x0,0xc5,0x3,0x10,0x1,
0x0,0x0,0x0,0x0,0x84,0x0,0x0,0x0,
0x0,0x0,0x0,0x0,0x84,0x0,0x0,0x0,
0x0,0x0,0x0,0x0,0x85,0x0,0x0,0x0,
0x0,0x0,0x7,0x0,0x4f,0x1,0x0,0x0,
0x0,0x0,0x0,0x0,0xc6,0x3,0x60,0x1,
0xc6,0x3,0x10,0x2,0x7e,0x0,0x0,0x0,
0x0,0x0,0x2,0x0,0x9,0x0,0x0,0x0,
0x0,0x0,0x0,0x0,0xc5,0x3,0x60,0x1,
0xc5,0x3,0x10,0x2,0x0,0x0,0x0,0x0,
0x87,0x0,0x0,0x0,0x3b,0x1,0x0,0x0,
0x0,0x0,0xff,0xff,0xff,0xff,0xff,0xff,
0x0,0x0,0x0,0x0,0x54,0x0,0x0,0x0,
0x54,0x0,0x0,0x0,0x54,0x0,0x0,0x0,
0x0,0x0,0x0,0x0,0x54,0x0,0x0,0x0,
0x54,0x0,0x0,0x0,0x0,0x0,0x4,0x0,
0x54,0x0,0x0,0x0,0x0,0x0,0x0,0x0,
0xb4,0x0,0x0,0x0,0xc8,0x3,0x10,0x1,
0xc9,0x3,0x50,0x1,0xb4,0x0,0x0,0x0,
0x0,0x0,0x0,0x0,0xb4,0x0,0x0,0x0,
0x0,0x0,0x0,0x0,0x8c,0x0,0x0,0x0,
0x0,0x0,0x7,0x0,0x51,0x1,0x0,0x0,
0x0,0x0,0x0,0x0,0xcd,0x3,0x50,0x1,
0xcd,0x3,0x0,0x2,0x8a,0x0,0x0,0x0,
0x0,0x0,0x7,0x0,0x50,0x1,0x0,0x0,
0x0,0x0,0x0,0x0,0xcc,0x3,0x50,0x1,
0xcc,0x3,0x20,0x2,0x89,0x0,0x0,0x0,
0x0,0x0,0x1,0x0,0x1,0x0,0x0,0x0,
0x0,0x0,0x0,0x0,0xcb,0x3,0x50,0x1,
0xcb,0x3,0x30,0x2,0x70,0x0,0x0,0x0,
0x0,0x0,0xa,0x0,0x10,0x1,0x0,0x0,
0x0,0x0,0x0,0x0,0xca,0x3,0x50,0x1,
0xca,0x3,0xd0,0x1,0x0,0x0,0x0,0x0,
0x0,0x0,0x0,0x0,0x0,0x0,0x0,0x0,
0x0,0x0,0xff,0xff,0xff,0xff,0xff,0xff,
0x0,0x0,0x0,0x0,0x54,0x0,0x0,0x0,
0x54,0x0,0x0,0x0,0x54,0x0,0x0,0x0,
0x0,0x0,0x0,0x0,0x54,0x0,0x0,0x0,
0x54,0x0,0x0,0x0,0x0,0x0,0x1,0x0,
0x54,0x0,0x0,0x0,0x0,0x0,0x0,0x0,
0x6c,0x0,0x0,0x0,0xca,0x3,0x50,0x1,
0x0,0x0,0x0,0x0,0x6c,0x0,0x0,0x0,
0x0,0x0,0x0,0x0,0x6c,0x0,0x0,0x0,
0x0,0x0,0x0,0x0,0x71,0x0,0x0,0x0,
0x0,0x0,0x7,0x0,0x52,0x1,0x0,0x0,
0x0,0x0,0x0,0x0,0xca,0x3,0xd0,0x1,
0xca,0x3,0x30,0x2,0x0,0x0,0x0,0x0,
0x3c,0x1,0x0,0x0,0x0,0x0,0x0,0x0,
0x0,0x0,0xff,0xff,0xff,0xff,0xff,0xff,
0x0,0x0,0x0,0x0,0x54,0x0,0x0,0x0,
0x54,0x0,0x0,0x0,0x54,0x0,0x0,0x0,
0x0,0x0,0x0,0x0,0x54,0x0,0x0,0x0,
0x54,0x0,0x0,0x0,0x0,0x0,0x7,0x0,
0x54,0x0,0x0,0x0,0x0,0x0,0x0,0x0,
0xfc,0x0,0x0,0x0,0xd2,0x3,0x90,0x0,
0x0,0x0,0x0,0x0,0xfc,0x0,0x0,0x0,
0x0,0x0,0x0,0x0,0xfc,0x0,0x0,0x0,
0x0,0x0,0x0,0x0,0x23,0x1,0x0,0x0,
0x0,0x0,0x8,0x0,0x13,0x1,0x0,0x0,
0x0,0x0,0x0,0x0,0xdd,0x3,0xd0,0x0,
0xdd,0x3,0x70,0x1,0xcf,0x0,0x0,0x0,
0x0,0x0,0x7,0x0,0x54,0x1,0x0,0x0,
0x0,0x0,0x0,0x0,0xdc,0x3,0xd0,0x0,
0xdc,0x3,0x40,0x1,0x3e,0x1,0x0,0x0,
0x0,0x0,0x2,0x0,0x24,0x0,0x0,0x0,
0x0,0x0,0x0,0x0,0xdb,0x3,0xd0,0x0,
0xdb,0x3,0x90,0x1,0x3d,0x1,0x0,0x0,
0x0,0x0,0x2,0x0,0x23,0x0,0x0,0x0,
0x0,0x0,0x0,0x0,0xda,0x3,0xd0,0x0,
0xda,0x3,0x80,0x1,0xe7,0x0,0x0,0x0,
0x0,0x0,0x1,0x0,0x1,0x0,0x0,0x0,
0x0,0x0,0x0,0x0,0xd9,0x3,0xd0,0x0,
0xd9,0x3,0x30,0x1,0x8,0x0,0x0,0x0,
0x0,0x0,0x7,0x0,0x53,0x1,0x0,0x0,
0x0,0x0,0x0,0x0,0xd3,0x3,0xd0,0x0,
0xd3,0x3,0x60,0x1,0x70,0x0,0x0,0x0,
0x0,0x0,0xa,0x0,0x12,0x1,0x0,0x0,
0x0,0x0,0x0,0x0,0xd4,0x3,0xd0,0x0,
0xd4,0x3,0x50,0x1,0x0,0x0,0x0,0x0,
0x0,0x0,0x0,0x0,0x0,0x0,0x0,0x0,
0x0,0x0,0xff,0xff,0xff,0xff,0xff,0xff,
0x0,0x0,0x0,0x0,0x54,0x0,0x0,0x0,
0x54,0x0,0x0,0x0,0x54,0x0,0x0,0x0,
0x0,0x0,0x0,0x0,0x54,0x0,0x0,0x0,
0x54,0x0,0x0,0x0,0x0,0x0,0x5,0x0,
0x54,0x0,0x0,0x0,0x0,0x0,0x0,0x0,
0xcc,0x0,0x0,0x0,0xd4,0x3,0xd0,0x0,
0x0,0x0,0x0,0x0,0xcc,0x0,0x0,0x0,
0x0,0x0,0x0,0x0,0xcc,0x0,0x0,0x0,
0x0,0x0,0x0,0x0,0xae,0x0,0x0,0x0,
0x0,0x0,0x2,0x0,0x6,0x0,0x0,0x0,
0x0,0x0,0x0,0x0,0xd8,0x3,0x50,0x1,
0xd8,0x3,0xe0,0x1,0xa6,0x0,0x0,0x0,
0x0,0x0,0x7,0x0,0x58,0x1,0x0,0x0,
0x0,0x0,0x0,0x0,0xd7,0x3,0x50,0x1,
0xd7,0x3,0xd0,0x1,0xc1,0x0,0x0,0x0,
0x0,0x0,0x7,0x0,0x57,0x1,0x0,0x0,
0x0,0x0,0x0,0x0,0xd6,0x3,0x50,0x1,
0xd6,0x3,0xc0,0x1,0xc7,0x0,0x0,0x0,
0x0,0x0,0x7,0x0,0x56,0x1,0x0,0x0,
0x0,0x0,0x0,0x0,0xd5,0x3,0x50,0x1,
0xd5,0x3,0xb0,0x1,0x34,0x1,0x0,0x0,
0x0,0x0,0x7,0x0,0x55,0x1,0x0,0x0,
0x0,0x0,0x0,0x0,0xd4,0x3,0x50,0x1,
0xd4,0x3,0xa0,0x1,0x0,0x0,0x0,0x0,
0x82,0x0,0x0,0x0,0x3f,0x1,0x0,0x0,
0x0,0x0,0xff,0xff,0xff,0xff,0xff,0xff,
0x0,0x0,0x7,0x0,0x54,0x0,0x0,0x0,
0x54,0x0,0x0,0x0,0xa8,0x0,0x0,0x0,
0x0,0x0,0x0,0x0,0xa8,0x0,0x0,0x0,
0xa8,0x0,0x0,0x0,0x0,0x0,0x5,0x0,
0xa8,0x0,0x0,0x0,0x0,0x0,0x0,0x0,
0x20,0x1,0x0,0x0,0xdd,0x3,0x70,0x1,
0xde,0x3,0x10,0x1,0x20,0x1,0x0,0x0,
0x0,0x0,0x0,0x0,0x20,0x1,0x0,0x0,
0x0,0x0,0x0,0x0,0xd1,0x0,0x0,0x0,
0x2,0x0,0x0,0x30,0xdf,0x3,0x10,0x1,
0xeb,0x0,0x0,0x0,0x2,0x0,0x0,0x30,
0xe0,0x3,0x10,0x1,0xed,0x0,0x0,0x0,
0x2,0x0,0x0,0x30,0xe1,0x3,0x10,0x1,
0xee,0x0,0x0,0x0,0x3,0x0,0x0,0x30,
0xe2,0x3,0x10,0x1,0xec,0x0,0x0,0x0,
0x5,0x0,0x0,0x30,0xe3,0x3,0x10,0x1,
0xf2,0x0,0x0,0x0,0x1,0x0,0x0,0x30,
0xe4,0x3,0x10,0x1,0x40,0x1,0x0,0x0,
0x5,0x0,0x0,0xa0,0xe5,0x3,0x10,0x1,
0xa,0x0,0x0,0x0,0x0,0x0,0x2,0x0,
0x26,0x0,0x0,0x0,0x0,0x0,0x0,0x0,
0xec,0x3,0x10,0x1,0xec,0x3,0x90,0x1,
0x9,0x0,0x0,0x0,0x0,0x0,0x2,0x0,
0x25,0x0,0x0,0x0,0x0,0x0,0x0,0x0,
0xeb,0x3,0x10,0x1,0xeb,0x3,0x80,0x1,
0x40,0x1,0x0,0x0,0x8,0x0,0x7,0x0,
0x59,0x1,0x0,0x0,0x0,0x0,0x0,0x0,
0xe5,0x3,0xa0,0x2,0xe5,0x3,0x80,0x3,
0x0,0x0,0x0,0x0,0x0,0x0,0x8,0x0,
0x14,0x1,0x0,0x0,0x0,0x0,0x0,0x0,
0xed,0x3,0x10,0x1,0xed,0x3,0x10,0x1,
0x0,0x0,0x0,0x0,0x0,0x0,0x8,0x0,
0x1b,0x1,0x0,0x0,0x0,0x0,0x0,0x0,
0x6,0x4,0x10,0x1,0x6,0x4,0x10,0x1,
0xc9,0x0,0x0,0x0,0x0,0x0,0x0,0x0,
0x0,0x0,0xff,0xff,0xff,0xff,0xff,0xff,
0x0,0x0,0x0,0x0,0x54,0x0,0x0,0x0,
0x54,0x0,0x0,0x0,0x54,0x0,0x0,0x0,
0x0,0x0,0x0,0x0,0x54,0x0,0x0,0x0,
0x54,0x0,0x0,0x0,0x0,0x0,0x3,0x0,
0x54,0x0,0x0,0x0,0x0,0x0,0x0,0x0,
0x9c,0x0,0x0,0x0,0xed,0x3,0x10,0x1,
0x0,0x0,0x0,0x0,0x9c,0x0,0x0,0x0,
0x0,0x0,0x0,0x0,0x9c,0x0,0x0,0x0,
0x0,0x0,0x0,0x0,0x73,0x0,0x0,0x0,
0x0,0x0,0x2,0x0,0x11,0x0,0x0,0x0,
0x0,0x0,0x0,0x0,0xee,0x3,0x50,0x1,
0xee,0x3,0xe0,0x1,0x0,0x0,0x0,0x0,
0x0,0x0,0x8,0x0,0x15,0x1,0x0,0x0,
0x0,0x0,0x0,0x0,0xef,0x3,0x50,0x1,
0xef,0x3,0x50,0x1,0x0,0x0,0x0,0x0,
0x0,0x0,0x8,0x0,0x19,0x1,0x0,0x0,
0x0,0x0,0x0,0x0,0xfd,0x3,0x50,0x1,
0xfd,0x3,0x50,0x1,0x0,0x0,0x0,0x0,
0x50,0x0,0x0,0x0,0x0,0x0,0x0,0x0,
0x0,0x0,0xff,0xff,0xff,0xff,0xff,0xff,
0x0,0x0,0x0,0x0,0x54,0x0,0x0,0x0,
0x54,0x0,0x0,0x0,0x54,0x0,0x0,0x0,
0x0,0x0,0x0,0x0,0x54,0x0,0x0,0x0,
0x54,0x0,0x0,0x0,0x0,0x0,0x6,0x0,
0x54,0x0,0x0,0x0,0x0,0x0,0x0,0x0,
0xe4,0x0,0x0,0x0,0xef,0x3,0x50,0x1,
0x0,0x0,0x0,0x0,0xe4,0x0,0x0,0x0,
0x0,0x0,0x0,0x0,0xe4,0x0,0x0,0x0,
0x0,0x0,0x0,0x0,0xe7,0x0,0x0,0x0,
0x0,0x0,0x1,0x0,0x1,0x0,0x0,0x0,
0x0,0x0,0x0,0x0,0xf4,0x3,0x90,0x1,
0xf4,0x3,0xf0,0x1,0xa4,0x0,0x0,0x0,
0x0,0x0,0x7,0x0,0x5a,0x1,0x0,0x0,
0x0,0x0,0x0,0x0,0xf3,0x3,0x90,0x1,
0xf3,0x3,0x20,0x2,0xd,0x0,0x0,0x0,
0x0,0x0,0x3,0x0,0x0,0x0,0x0,0x0,
0x42,0x1,0x0,0x0,0xf2,0x3,0x90,0x1,
0xf2,0x3,0x0,0x2,0xa,0x0,0x0,0x0,
0x0,0x0,0x2,0x0,0x27,0x0,0x0,0x0,
0x0,0x0,0x0,0x0,0xf1,0x3,0x90,0x1,
0xf1,0x3,0x10,0x2,0x9,0x0,0x0,0x0,
0x0,0x0,0x2,0x0,0x25,0x0,0x0,0x0,
0x0,0x0,0x0,0x0,0xf0,0x3,0x90,0x1,
0xf0,0x3,0x0,0x2,0x0,0x0,0x0,0x0,
0x0,0x0,0x8,0x0,0x16,0x1,0x0,0x0,
0x0,0x0,0x0,0x0,0xf5,0x3,0x90,0x1,
0xf5,0x3,0x90,0x1,0x0,0x0,0x0,0x0,
0x1b,0x1,0x0,0x0,0x0,0x0,0x0,0x0,
0x0,0x0,0xff,0xff,0xff,0xff,0xff,0xff,
0x0,0x0,0x0,0x0,0x54,0x0,0x0,0x0,
0x54,0x0,0x0,0x0,0x54,0x0,0x0,0x0,
0x0,0x0,0x0,0x0,0x54,0x0,0x0,0x0,
0x54,0x0,0x0,0x0,0x0,0x0,0x5,0x0,
0x54,0x0,0x0,0x0,0x0,0x0,0x0,0x0,
0xcc,0x0,0x0,0x0,0xf5,0x3,0x90,0x1,
0x0,0x0,0x0,0x0,0xcc,0x0,0x0,0x0,
0x0,0x0,0x0,0x0,0xcc,0x0,0x0,0x0,
0x0,0x0,0x0,0x0,0x21,0x1,0x0,0x0,
0x0,0x0,0x1,0x0,0x1,0x0,0x0,0x0,
0x0,0x0,0x0,0x0,0xfa,0x3,0xd0,0x1,
0xfa,0x3,0xb0,0x2,0x1f,0x1,0x0,0x0,
0x0,0x0,0x7,0x0,0x5c,0x1,0x0,0x0,
0x0,0x0,0x0,0x0,0xf9,0x3,0xd0,0x1,
0xf9,0x3,0x70,0x2,0x1c,0x1,0x0,0x0,
0x0,0x0,0x7,0x0,0x5b,0x1,0x0,0x0,
0x0,0x0,0x0,0x0,0xf7,0x3,0xd0,0x1,
0xf7,0x3,0x50,0x2,0x1e,0x1,0x0,0x0,
0x0,0x0,0xa,0x0,0x18,0x1,0x0,0x0,
0x0,0x0,0x0,0x0,0xf8,0x3,0xd0,0x1,
0xf8,0x3,0x80,0x2,0x70,0x0,0x0,0x0,
0x0,0x0,0xa,0x0,0x17,0x1,0x0,0x0,
0x0,0x0,0x0,0x0,0xf6,0x3,0xd0,0x1,
0xf6,0x3,0x50,0x2,0x0,0x0,0x0,0x0,
0x0,0x0,0x0,0x0,0x0,0x0,0x0,0x0,
0x0,0x0,0xff,0xff,0xff,0xff,0xff,0xff,
0x0,0x0,0x0,0x0,0x54,0x0,0x0,0x0,
0x54,0x0,0x0,0x0,0x54,0x0,0x0,0x0,
0x0,0x0,0x0,0x0,0x54,0x0,0x0,0x0,
0x54,0x0,0x0,0x0,0x0,0x0,0x1,0x0,
0x54,0x0,0x0,0x0,0x0,0x0,0x0,0x0,
0x6c,0x0,0x0,0x0,0xf6,0x3,0xd0,0x1,
0x0,0x0,0x0,0x0,0x6c,0x0,0x0,0x0,
0x0,0x0,0x0,0x0,0x6c,0x0,0x0,0x0,
0x0,0x0,0x0,0x0,0x71,0x0,0x0,0x0,
0x0,0x0,0x7,0x0,0x5d,0x1,0x0,0x0,
0x0,0x0,0x0,0x0,0xf6,0x3,0x50,0x2,
0xf6,0x3,0xb0,0x2,0x0,0x0,0x0,0x0,
0x0,0x0,0x0,0x0,0x0,0x0,0x0,0x0,
0x0,0x0,0xff,0xff,0xff,0xff,0xff,0xff,
0x0,0x0,0x0,0x0,0x54,0x0,0x0,0x0,
0x54,0x0,0x0,0x0,0x54,0x0,0x0,0x0,
0x0,0x0,0x0,0x0,0x54,0x0,0x0,0x0,
0x54,0x0,0x0,0x0,0x0,0x0,0x1,0x0,
0x54,0x0,0x0,0x0,0x0,0x0,0x0,0x0,
0x6c,0x0,0x0,0x0,0xf8,0x3,0xd0,0x1,
0x0,0x0,0x0,0x0,0x6c,0x0,0x0,0x0,
0x0,0x0,0x0,0x0,0x6c,0x0,0x0,0x0,
0x0,0x0,0x0,0x0,0xa,0x0,0x0,0x0,
0x0,0x0,0x2,0x0,0x28,0x0,0x0,0x0,
0x0,0x0,0x0,0x0,0xf8,0x3,0x80,0x2,
0xf8,0x3,0x0,0x3,0x0,0x0,0x0,0x0,
0x7a,0x0,0x0,0x0,0x0,0x0,0x0,0x0,
0x0,0x0,0xff,0xff,0xff,0xff,0xff,0xff,
0x0,0x0,0x0,0x0,0x54,0x0,0x0,0x0,
0x54,0x0,0x0,0x0,0x54,0x0,0x0,0x0,
0x0,0x0,0x0,0x0,0x54,0x0,0x0,0x0,
0x54,0x0,0x0,0x0,0x0,0x0,0x3,0x0,
0x54,0x0,0x0,0x0,0x0,0x0,0x0,0x0,
0x9c,0x0,0x0,0x0,0xfd,0x3,0x50,0x1,
0x0,0x0,0x0,0x0,0x9c,0x0,0x0,0x0,
0x0,0x0,0x0,0x0,0x9c,0x0,0x0,0x0,
0x0,0x0,0x0,0x0,0xd,0x0,0x0,0x0,
0x0,0x0,0x7,0x0,0x5f,0x1,0x0,0x0,
0x0,0x0,0x0,0x0,0x2,0x4,0x90,0x1,
0x2,0x4,0x0,0x2,0x55,0x0,0x0,0x0,
0x0,0x0,0x7,0x0,0x5e,0x1,0x0,0x0,
0x0,0x0,0x0,0x0,0xfe,0x3,0x90,0x1,
0xfe,0x3,0xf0,0x1,0x7d,0x0,0x0,0x0,
0x0,0x0,0xa,0x0,0x1a,0x1,0x0,0x0,
0x0,0x0,0x0,0x0,0x3,0x4,0x90,0x1,
0x3,0x4,0xe0,0x1,0x0,0x0,0x0,0x0,
0x0,0x0,0x0,0x0,0x0,0x0,0x0,0x0,
0x0,0x0,0xff,0xff,0xff,0xff,0xff,0xff,
0x0,0x0,0x0,0x0,0x54,0x0,0x0,0x0,
0x54,0x0,0x0,0x0,0x54,0x0,0x0,0x0,
0x0,0x0,0x0,0x0,0x54,0x0,0x0,0x0,
0x54,0x0,0x0,0x0,0x0,0x0,0x1,0x0,
0x54,0x0,0x0,0x0,0x0,0x0,0x0,0x0,
0x6c,0x0,0x0,0x0,0x3,0x4,0x90,0x1,
0x0,0x0,0x0,0x0,0x6c,0x0,0x0,0x0,
0x0,0x0,0x0,0x0,0x6c,0x0,0x0,0x0,
0x0,0x0,0x0,0x0,0x7e,0x0,0x0,0x0,
0x0,0x0,0x2,0x0,0x9,0x0,0x0,0x0,
0x0,0x0,0x0,0x0,0x3,0x4,0xe0,0x1,
0x3,0x4,0x90,0x2,0x0,0x0,0x0,0x0,
0x87,0x0,0x0,0x0,0x0,0x0,0x0,0x0,
0x0,0x0,0xff,0xff,0xff,0xff,0xff,0xff,
0x0,0x0,0x0,0x0,0x54,0x0,0x0,0x0,
0x54,0x0,0x0,0x0,0x54,0x0,0x0,0x0,
0x0,0x0,0x0,0x0,0x54,0x0,0x0,0x0,
0x54,0x0,0x0,0x0,0x0,0x0,0x2,0x0,
0x54,0x0,0x0,0x0,0x0,0x0,0x0,0x0,
0x84,0x0,0x0,0x0,0x6,0x4,0x10,0x1,
0x0,0x0,0x0,0x0,0x84,0x0,0x0,0x0,
0x0,0x0,0x0,0x0,0x84,0x0,0x0,0x0,
0x0,0x0,0x0,0x0,0x8c,0x0,0x0,0x0,
0x0,0x0,0x7,0x0,0x60,0x1,0x0,0x0,
0x0,0x0,0x0,0x0,0x8,0x4,0x50,0x1,
0x8,0x4,0x0,0x2,0x70,0x0,0x0,0x0,
0x0,0x0,0xa,0x0,0x1c,0x1,0x0,0x0,
0x0,0x0,0x0,0x0,0x7,0x4,0x50,0x1,
0x7,0x4,0xd0,0x1,0x0,0x0,0x0,0x0,
0x0,0x0,0x0,0x0,0x0,0x0,0x0,0x0,
0x0,0x0,0xff,0xff,0xff,0xff,0xff,0xff,
0x0,0x0,0x0,0x0,0x54,0x0,0x0,0x0,
0x54,0x0,0x0,0x0,0x54,0x0,0x0,0x0,
0x0,0x0,0x0,0x0,0x54,0x0,0x0,0x0,
0x54,0x0,0x0,0x0,0x0,0x0,0x1,0x0,
0x54,0x0,0x0,0x0,0x0,0x0,0x0,0x0,
0x6c,0x0,0x0,0x0,0x7,0x4,0x50,0x1,
0x0,0x0,0x0,0x0,0x6c,0x0,0x0,0x0,
0x0,0x0,0x0,0x0,0x6c,0x0,0x0,0x0,
0x0,0x0,0x0,0x0,0x71,0x0,0x0,0x0,
0x0,0x0,0x7,0x0,0x61,0x1,0x0,0x0,
0x0,0x0,0x0,0x0,0x7,0x4,0xd0,0x1,
0x7,0x4,0x30,0x2,0x0,0x0,0x0,0x0,
0xe1,0x0,0x0,0x0,0x0,0x0,0x0,0x0,
0x0,0x0,0xff,0xff,0xff,0xff,0xff,0xff,
0x0,0x0,0x0,0x0,0x54,0x0,0x0,0x0,
0x54,0x0,0x0,0x0,0x54,0x0,0x0,0x0,
0x0,0x0,0x0,0x0,0x54,0x0,0x0,0x0,
0x54,0x0,0x0,0x0,0x0,0x0,0x6,0x0,
0x54,0x0,0x0,0x0,0x0,0x0,0x0,0x0,
0xe4,0x0,0x0,0x0,0xd,0x4,0x90,0x0,
0x0,0x0,0x0,0x0,0xe4,0x0,0x0,0x0,
0x0,0x0,0x0,0x0,0xe4,0x0,0x0,0x0,
0x0,0x0,0x0,0x0,0x23,0x1,0x0,0x0,
0x0,0x0,0x8,0x0,0x1f,0x1,0x0,0x0,
0x0,0x0,0x0,0x0,0x17,0x4,0xd0,0x0,
0x17,0x4,0x70,0x1,0xcf,0x0,0x0,0x0,
0x0,0x0,0x7,0x0,0x63,0x1,0x0,0x0,
0x0,0x0,0x0,0x0,0x16,0x4,0xd0,0x0,
0x16,0x4,0x40,0x1,0x73,0x0,0x0,0x0,
0x0,0x0,0x2,0x0,0x8,0x0,0x0,0x0,
0x0,0x0,0x0,0x0,0x15,0x4,0xd0,0x0,
0x15,0x4,0x60,0x1,0xe7,0x0,0x0,0x0,
0x0,0x0,0x1,0x0,0x1,0x0,0x0,0x0,
0x0,0x0,0x0,0x0,0x14,0x4,0xd0,0x0,
0x14,0x4,0x30,0x1,0x8,0x0,0x0,0x0,
0x0,0x0,0x7,0x0,0x62,0x1,0x0,0x0,
0x0,0x0,0x0,0x0,0xe,0x4,0xd0,0x0,
0xe,0x4,0x60,0x1,0x70,0x0,0x0,0x0,
0x0,0x0,0xa,0x0,0x1e,0x1,0x0,0x0,
0x0,0x0,0x0,0x0,0xf,0x4,0xd0,0x0,
0xf,0x4,0x50,0x1,0x0,0x0,0x0,0x0,
0x0,0x0,0x0,0x0,0x0,0x0,0x0,0x0,
0x0,0x0,0xff,0xff,0xff,0xff,0xff,0xff,
0x0,0x0,0x0,0x0,0x54,0x0,0x0,0x0,
0x54,0x0,0x0,0x0,0x54,0x0,0x0,0x0,
0x0,0x0,0x0,0x0,0x54,0x0,0x0,0x0,
0x54,0x0,0x0,0x0,0x0,0x0,0x5,0x0,
0x54,0x0,0x0,0x0,0x0,0x0,0x0,0x0,
0xcc,0x0,0x0,0x0,0xf,0x4,0xd0,0x0,
0x0,0x0,0x0,0x0,0xcc,0x0,0x0,0x0,
0x0,0x0,0x0,0x0,0xcc,0x0,0x0,0x0,
0x0,0x0,0x0,0x0,0xae,0x0,0x0,0x0,
0x0,0x0,0x2,0x0,0x6,0x0,0x0,0x0,
0x0,0x0,0x0,0x0,0x13,0x4,0x50,0x1,
0x13,0x4,0xe0,0x1,0xa6,0x0,0x0,0x0,
0x0,0x0,0x7,0x0,0x67,0x1,0x0,0x0,
0x0,0x0,0x0,0x0,0x12,0x4,0x50,0x1,
0x12,0x4,0xd0,0x1,0xc1,0x0,0x0,0x0,
0x0,0x0,0x7,0x0,0x66,0x1,0x0,0x0,
0x0,0x0,0x0,0x0,0x11,0x4,0x50,0x1,
0x11,0x4,0xc0,0x1,0xc7,0x0,0x0,0x0,
0x0,0x0,0x7,0x0,0x65,0x1,0x0,0x0,
0x0,0x0,0x0,0x0,0x10,0x4,0x50,0x1,
0x10,0x4,0xb0,0x1,0x34,0x1,0x0,0x0,
0x0,0x0,0x7,0x0,0x64,0x1,0x0,0x0,
0x0,0x0,0x0,0x0,0xf,0x4,0x50,0x1,
0xf,0x4,0xa0,0x1,0x0,0x0,0x0,0x0,
0x50,0x0,0x0,0x0,0x43,0x1,0x0,0x0,
0x0,0x0,0xff,0xff,0xff,0xff,0xff,0xff,
0x0,0x0,0xb,0x0,0x54,0x0,0x0,0x0,
0x54,0x0,0x0,0x0,0xd8,0x0,0x0,0x0,
0x0,0x0,0x0,0x0,0xd8,0x0,0x0,0x0,
0xd8,0x0,0x0,0x0,0x0,0x0,0x7,0x0,
0xd8,0x0,0x0,0x0,0x0,0x0,0x0,0x0,
0x80,0x1,0x0,0x0,0x17,0x4,0x70,0x1,
0x18,0x4,0x10,0x1,0x80,0x1,0x0,0x0,
0x0,0x0,0x0,0x0,0x80,0x1,0x0,0x0,
0x0,0x0,0x0,0x0,0xd1,0x0,0x0,0x0,
0x2,0x0,0x0,0x30,0x19,0x4,0x10,0x1,
0xeb,0x0,0x0,0x0,0x2,0x0,0x0,0x30,
0x1a,0x4,0x10,0x1,0xed,0x0,0x0,0x0,
0x2,0x0,0x0,0x30,0x1b,0x4,0x10,0x1,
0xee,0x0,0x0,0x0,0x3,0x0,0x0,0x30,
0x1c,0x4,0x10,0x1,0xda,0x0,0x0,0x0,
0x5,0x0,0x0,0x30,0x1d,0x4,0x10,0x1,
0xec,0x0,0x0,0x0,0x5,0x0,0x0,0x30,
0x1e,0x4,0x10,0x1,0xef,0x0,0x0,0x0,
0x1,0x0,0x0,0x30,0x1f,0x4,0x10,0x1,
0xf1,0x0,0x0,0x0,0x1,0x0,0x0,0x30,
0x20,0x4,0x10,0x1,0xf2,0x0,0x0,0x0,
0x1,0x0,0x0,0x30,0x21,0x4,0x10,0x1,
0x44,0x1,0x0,0x0,0x4,0x0,0x0,0x30,
0x22,0x4,0x10,0x1,0x40,0x1,0x0,0x0,
0x5,0x0,0x0,0xa0,0x23,0x4,0x10,0x1,
0xd,0x0,0x0,0x0,0x0,0x0,0x3,0x0,
0x0,0x0,0x0,0x0,0xe,0x0,0x0,0x0,
0x2b,0x4,0x10,0x1,0x2b,0x4,0x80,0x1,
0xa,0x0,0x0,0x0,0x0,0x0,0x2,0x0,
0x29,0x0,0x0,0x0,0x0,0x0,0x0,0x0,
0x2a,0x4,0x10,0x1,0x2a,0x4,0x90,0x1,
0x9,0x0,0x0,0x0,0x0,0x0,0x7,0x0,
0x69,0x1,0x0,0x0,0x0,0x0,0x0,0x0,
0x29,0x4,0x10,0x1,0x29,0x4,0x80,0x1,
0x40,0x1,0x0,0x0,0x8,0x0,0x7,0x0,
0x68,0x1,0x0,0x0,0x0,0x0,0x0,0x0,
0x23,0x4,0xa0,0x2,0x23,0x4,0x80,0x3,
0x0,0x0,0x0,0x0,0x0,0x0,0x8,0x0,
0x20,0x1,0x0,0x0,0x0,0x0,0x0,0x0,
0x2c,0x4,0x10,0x1,0x2c,0x4,0x10,0x1,
0x0,0x0,0x0,0x0,0x0,0x0,0x8,0x0,
0x22,0x1,0x0,0x0,0x0,0x0,0x0,0x0,
0x2d,0x4,0x10,0x1,0x2d,0x4,0x10,0x1,
0x0,0x0,0x0,0x0,0x0,0x0,0x8,0x0,
0x3a,0x1,0x0,0x0,0x0,0x0,0x0,0x0,
0x6c,0x4,0x10,0x1,0x6c,0x4,0x10,0x1,
0x50,0x0,0x0,0x0,0x0,0x0,0x0,0x0,
0x0,0x0,0xff,0xff,0xff,0xff,0xff,0xff,
0x0,0x0,0x0,0x0,0x54,0x0,0x0,0x0,
0x54,0x0,0x0,0x0,0x54,0x0,0x0,0x0,
0x0,0x0,0x0,0x0,0x54,0x0,0x0,0x0,
0x54,0x0,0x0,0x0,0x0,0x0,0x4,0x0,
0x54,0x0,0x0,0x0,0x0,0x0,0x0,0x0,
0xb4,0x0,0x0,0x0,0x2c,0x4,0x10,0x1,
0x0,0x0,0x0,0x0,0xb4,0x0,0x0,0x0,
0x0,0x0,0x0,0x0,0xb4,0x0,0x0,0x0,
0x0,0x0,0x0,0x0,0xd,0x0,0x0,0x0,
0x0,0x0,0x7,0x0,0x6b,0x1,0x0,0x0,
0x0,0x0,0x0,0x0,0x2c,0x4,0xc0,0x5,
0x2c,0x4,0x30,0x6,0xa,0x0,0x0,0x0,
0x0,0x0,0x2,0x0,0x8,0x0,0x0,0x0,
0x0,0x0,0x0,0x0,0x2c,0x4,0x10,0x5,
0x2c,0x4,0x90,0x5,0x9,0x0,0x0,0x0,
0x0,0x0,0x7,0x0,0x6a,0x1,0x0,0x0,
0x0,0x0,0x0,0x0,0x2c,0x4,0xc0,0x3,
0x2c,0x4,0x30,0x4,0x70,0x0,0x0,0x0,
0x0,0x0,0xa,0x0,0x21,0x1,0x0,0x0,
0x0,0x0,0x0,0x0,0x2c,0x4,0xd0,0x1,
0x2c,0x4,0x50,0x2,0x0,0x0,0x0,0x0,
0x0,0x0,0x0,0x0,0x0,0x0,0x0,0x0,
0x0,0x0,0xff,0xff,0xff,0xff,0xff,0xff,
0x0,0x0,0x0,0x0,0x54,0x0,0x0,0x0,
0x54,0x0,0x0,0x0,0x54,0x0,0x0,0x0,
0x0,0x0,0x0,0x0,0x54,0x0,0x0,0x0,
0x54,0x0,0x0,0x0,0x0,0x0,0x1,0x0,
0x54,0x0,0x0,0x0,0x0,0x0,0x0,0x0,
0x6c,0x0,0x0,0x0,0x2c,0x4,0xd0,0x1,
0x0,0x0,0x0,0x0,0x6c,0x0,0x0,0x0,
0x0,0x0,0x0,0x0,0x6c,0x0,0x0,0x0,
0x0,0x0,0x0,0x0,0xa6,0x0,0x0,0x0,
0x0,0x0,0x7,0x0,0x6c,0x1,0x0,0x0,
0x0,0x0,0x0,0x0,0x2c,0x4,0x50,0x2,
0x2c,0x4,0xd0,0x2,0x0,0x0,0x0,0x0,
0x77,0x0,0x0,0x0,0x0,0x0,0x0,0x0,
0x0,0x0,0xff,0xff,0xff,0xff,0xff,0xff,
0x0,0x0,0x0,0x0,0x54,0x0,0x0,0x0,
0x54,0x0,0x0,0x0,0x54,0x0,0x0,0x0,
0x0,0x0,0x0,0x0,0x54,0x0,0x0,0x0,
0x54,0x0,0x0,0x0,0x0,0x0,0xa,0x0,
0x54,0x0,0x0,0x0,0x0,0x0,0x0,0x0,
0x44,0x1,0x0,0x0,0x2d,0x4,0x10,0x1,
0x0,0x0,0x0,0x0,0x44,0x1,0x0,0x0,
0x0,0x0,0x0,0x0,0x44,0x1,0x0,0x0,
0x0,0x0,0x0,0x0,0x73,0x0,0x0,0x0,
0x0,0x0,0x2,0x0,0x6,0x0,0x0,0x0,
0x0,0x0,0x0,0x0,0x30,0x4,0x50,0x1,
0x30,0x4,0xe0,0x1,0x0,0x0,0x0,0x0,
0x0,0x0,0x8,0x0,0x24,0x1,0x0,0x0,
0x0,0x0,0x0,0x0,0x31,0x4,0x50,0x1,
0x31,0x4,0x50,0x1,0x0,0x0,0x0,0x0,
0x0,0x0,0x8,0x0,0x29,0x1,0x0,0x0,
0x0,0x0,0x0,0x0,0x3f,0x4,0x50,0x1,
0x3f,0x4,0x50,0x1,0x0,0x0,0x0,0x0,
0x0,0x0,0x8,0x0,0x2b,0x1,0x0,0x0,
0x0,0x0,0x0,0x0,0x44,0x4,0x50,0x1,
0x44,0x4,0x50,0x1,0x0,0x0,0x0,0x0,
0x0,0x0,0x8,0x0,0x2d,0x1,0x0,0x0,
0x0,0x0,0x0,0x0,0x49,0x4,0x50,0x1,
0x49,0x4,0x50,0x1,0x0,0x0,0x0,0x0,
0x0,0x0,0x8,0x0,0x31,0x1,0x0,0x0,
0x0,0x0,0x0,0x0,0x58,0x4,0x50,0x1,
0x58,0x4,0x50,0x1,0x0,0x0,0x0,0x0,
0x0,0x0,0x8,0x0,0x33,0x1,0x0,0x0,
0x0,0x0,0x0,0x0,0x5d,0x4,0x50,0x1,
0x5d,0x4,0x50,0x1,0x0,0x0,0x0,0x0,
0x0,0x0,0x8,0x0,0x35,0x1,0x0,0x0,
0x0,0x0,0x0,0x0,0x5e,0x4,0x50,0x1,
0x5e,0x4,0x50,0x1,0x0,0x0,0x0,0x0,
0x0,0x0,0x8,0x0,0x38,0x1,0x0,0x0,
0x0,0x0,0x0,0x0,0x65,0x4,0x50,0x1,
0x65,0x4,0x50,0x1,0x70,0x0,0x0,0x0,
0x0,0x0,0xa,0x0,0x23,0x1,0x0,0x0,
0x0,0x0,0x0,0x0,0x2e,0x4,0x50,0x1,
0x2e,0x4,0xd0,0x1,0x0,0x0,0x0,0x0,
0x0,0x0,0x0,0x0,0x0,0x0,0x0,0x0,
0x0,0x0,0xff,0xff,0xff,0xff,0xff,0xff,
0x0,0x0,0x0,0x0,0x54,0x0,0x0,0x0,
0x54,0x0,0x0,0x0,0x54,0x0,0x0,0x0,
0x0,0x0,0x0,0x0,0x54,0x0,0x0,0x0,
0x54,0x0,0x0,0x0,0x0,0x0,0x2,0x0,
0x54,0x0,0x0,0x0,0x0,0x0,0x0,0x0,
0x84,0x0,0x0,0x0,0x2e,0x4,0x50,0x1,
0x0,0x0,0x0,0x0,0x84,0x0,0x0,0x0,
0x0,0x0,0x0,0x0,0x84,0x0,0x0,0x0,
0x0,0x0,0x0,0x0,0x79,0x0,0x0,0x0,
0x0,0x0,0x2,0x0,0xa,0x0,0x0,0x0,
0x0,0x0,0x0,0x0,0x2f,0x4,0xd0,0x1,
0x2f,0x4,0xa0,0x2,0x71,0x0,0x0,0x0,
0x0,0x0,0x7,0x0,0x6d,0x1,0x0,0x0,
0x0,0x0,0x0,0x0,0x2e,0x4,0xd0,0x1,
0x2e,0x4,0x30,0x2,0x0,0x0,0x0,0x0,
0x50,0x0,0x0,0x0,0x0,0x0,0x0,0x0,
0x0,0x0,0xff,0xff,0xff,0xff,0xff,0xff,
0x0,0x0,0x0,0x0,0x54,0x0,0x0,0x0,
0x54,0x0,0x0,0x0,0x54,0x0,0x0,0x0,
0x0,0x0,0x0,0x0,0x54,0x0,0x0,0x0,
0x54,0x0,0x0,0x0,0x0,0x0,0x5,0x0,
0x54,0x0,0x0,0x0,0x0,0x0,0x0,0x0,
0xcc,0x0,0x0,0x0,0x31,0x4,0x50,0x1,
0x0,0x0,0x0,0x0,0xcc,0x0,0x0,0x0,
0x0,0x0,0x0,0x0,0xcc,0x0,0x0,0x0,
0x0,0x0,0x0,0x0,0xe7,0x0,0x0,0x0,
0x0,0x0,0x1,0x0,0x1,0x0,0x0,0x0,
0x0,0x0,0x0,0x0,0x36,0x4,0x90,0x1,
0x36,0x4,0xf0,0x1,0xa4,0x0,0x0,0x0,
0x0,0x0,0x7,0x0,0x6e,0x1,0x0,0x0,
0x0,0x0,0x0,0x0,0x35,0x4,0x90,0x1,
0x35,0x4,0x20,0x2,0xd,0x0,0x0,0x0,
0x0,0x0,0x3,0x0,0x0,0x0,0x0,0x0,
0x42,0x1,0x0,0x0,0x34,0x4,0x90,0x1,
0x34,0x4,0x0,0x2,0x0,0x0,0x0,0x0,
0x0,0x0,0x8,0x0,0x26,0x1,0x0,0x0,
0x0,0x0,0x0,0x0,0x37,0x4,0x90,0x1,
0x37,0x4,0x90,0x1,0x74,0x0,0x0,0x0,
0x0,0x0,0x9,0x0,0x25,0x1,0x0,0x0,
0x0,0x0,0x0,0x0,0x32,0x4,0x90,0x1,
0x32,0x4,0x0,0x2,0x0,0x0,0x0,0x0,
0x0,0x0,0x0,0x0,0x0,0x0,0x0,0x0,
0x0,0x0,0xff,0xff,0xff,0xff,0xff,0xff,
0x0,0x0,0x0,0x0,0x54,0x0,0x0,0x0,
0x54,0x0,0x0,0x0,0x54,0x0,0x0,0x0,
0x0,0x0,0x0,0x0,0x54,0x0,0x0,0x0,
0x54,0x0,0x0,0x0,0x0,0x0,0x2,0x0,
0x54,0x0,0x0,0x0,0x0,0x0,0x0,0x0,
0x84,0x0,0x0,0x0,0x32,0x4,0x90,0x1,
0x0,0x0,0x0,0x0,0x84,0x0,0x0,0x0,
0x0,0x0,0x0,0x0,0x84,0x0,0x0,0x0,
0x0,0x0,0x0,0x0,0x76,0x0,0x0,0x0,
0x0,0x0,0x2,0x0,0x5,0x0,0x0,0x0,
0x0,0x0,0x0,0x0,0x33,0x4,0x0,0x2,
0x33,0x4,0x10,0x3,0x8e,0x0,0x0,0x0,
0x0,0x0,0x2,0x0,0x15,0x0,0x0,0x0,
0x0,0x0,0x0,0x0,0x32,0x4,0x0,0x2,
0x32,0x4,0x0,0x3,0x0,0x0,0x0,0x0,
0x1b,0x1,0x0,0x0,0x0,0x0,0x0,0x0,
0x0,0x0,0xff,0xff,0xff,0xff,0xff,0xff,
0x0,0x0,0x0,0x0,0x54,0x0,0x0,0x0,
0x54,0x0,0x0,0x0,0x54,0x0,0x0,0x0,
0x0,0x0,0x0,0x0,0x54,0x0,0x0,0x0,
0x54,0x0,0x0,0x0,0x0,0x0,0x5,0x0,
0x54,0x0,0x0,0x0,0x0,0x0,0x0,0x0,
0xcc,0x0,0x0,0x0,0x37,0x4,0x90,0x1,
0x0,0x0,0x0,0x0,0xcc,0x0,0x0,0x0,
0x0,0x0,0x0,0x0,0xcc,0x0,0x0,0x0,
0x0,0x0,0x0,0x0,0x21,0x1,0x0,0x0,
0x0,0x0,0x1,0x0,0x1,0x0,0x0,0x0,
0x0,0x0,0x0,0x0,0x3c,0x4,0xd0,0x1,
0x3c,0x4,0xb0,0x2,0x1f,0x1,0x0,0x0,
0x0,0x0,0x7,0x0,0x70,0x1,0x0,0x0,
0x0,0x0,0x0,0x0,0x3b,0x4,0xd0,0x1,
0x3b,0x4,0x70,0x2,0x1c,0x1,0x0,0x0,
0x0,0x0,0x7,0x0,0x6f,0x1,0x0,0x0,
0x0,0x0,0x0,0x0,0x39,0x4,0xd0,0x1,
0x39,0x4,0x50,0x2,0x1e,0x1,0x0,0x0,
0x0,0x0,0xa,0x0,0x28,0x1,0x0,0x0,
0x0,0x0,0x0,0x0,0x3a,0x4,0xd0,0x1,
0x3a,0x4,0x80,0x2,0x70,0x0,0x0,0x0,
0x0,0x0,0xa,0x0,0x27,0x1,0x0,0x0,
0x0,0x0,0x0,0x0,0x38,0x4,0xd0,0x1,
0x38,0x4,0x50,0x2,0x0,0x0,0x0,0x0,
0x0,0x0,0x0,0x0,0x0,0x0,0x0,0x0,
0x0,0x0,0xff,0xff,0xff,0xff,0xff,0xff,
0x0,0x0,0x0,0x0,0x54,0x0,0x0,0x0,
0x54,0x0,0x0,0x0,0x54,0x0,0x0,0x0,
0x0,0x0,0x0,0x0,0x54,0x0,0x0,0x0,
0x54,0x0,0x0,0x0,0x0,0x0,0x1,0x0,
0x54,0x0,0x0,0x0,0x0,0x0,0x0,0x0,
0x6c,0x0,0x0,0x0,0x38,0x4,0xd0,0x1,
0x0,0x0,0x0,0x0,0x6c,0x0,0x0,0x0,
0x0,0x0,0x0,0x0,0x6c,0x0,0x0,0x0,
0x0,0x0,0x0,0x0,0x71,0x0,0x0,0x0,
0x0,0x0,0x7,0x0,0x71,0x1,0x0,0x0,
0x0,0x0,0x0,0x0,0x38,0x4,0x50,0x2,
0x38,0x4,0xb0,0x2,0x0,0x0,0x0,0x0,
0x0,0x0,0x0,0x0,0x0,0x0,0x0,0x0,
0x0,0x0,0xff,0xff,0xff,0xff,0xff,0xff,
0x0,0x0,0x0,0x0,0x54,0x0,0x0,0x0,
0x54,0x0,0x0,0x0,0x54,0x0,0x0,0x0,
0x0,0x0,0x0,0x0,0x54,0x0,0x0,0x0,
0x54,0x0,0x0,0x0,0x0,0x0,0x1,0x0,
0x54,0x0,0x0,0x0,0x0,0x0,0x0,0x0,
0x6c,0x0,0x0,0x0,0x3a,0x4,0xd0,0x1,
0x0,0x0,0x0,0x0,0x6c,0x0,0x0,0x0,
0x0,0x0,0x0,0x0,0x6c,0x0,0x0,0x0,
0x0,0x0,0x0,0x0,0xa,0x0,0x0,0x0,
0x0,0x0,0x2,0x0,0x19,0x0,0x0,0x0,
0x0,0x0,0x0,0x0,0x3a,0x4,0x80,0x2,
0x3a,0x4,0x0,0x3,0x0,0x0,0x0,0x0,
0x7a,0x0,0x0,0x0,0x0,0x0,0x0,0x0,
0x0,0x0,0xff,0xff,0xff,0xff,0xff,0xff,
0x0,0x0,0x0,0x0,0x54,0x0,0x0,0x0,
0x54,0x0,0x0,0x0,0x54,0x0,0x0,0x0,
0x0,0x0,0x0,0x0,0x54,0x0,0x0,0x0,
0x54,0x0,0x0,0x0,0x0,0x0,0x3,0x0,
0x54,0x0,0x0,0x0,0x0,0x0,0x0,0x0,
0x9c,0x0,0x0,0x0,0x3f,0x4,0x50,0x1,
0x0,0x0,0x0,0x0,0x9c,0x0,0x0,0x0,
0x0,0x0,0x0,0x0,0x9c,0x0,0x0,0x0,
0x0,0x0,0x0,0x0,0xd,0x0,0x0,0x0,
0x0,0x0,0x7,0x0,0x73,0x1,0x0,0x0,
0x0,0x0,0x0,0x0,0x41,0x4,0x90,0x1,
0x41,0x4,0x0,0x2,0x55,0x0,0x0,0x0,
0x0,0x0,0x7,0x0,0x72,0x1,0x0,0x0,
0x0,0x0,0x0,0x0,0x40,0x4,0x90,0x1,
0x40,0x4,0xf0,0x1,0x7d,0x0,0x0,0x0,
0x0,0x0,0xa,0x0,0x2a,0x1,0x0,0x0,
0x0,0x0,0x0,0x0,0x42,0x4,0x90,0x1,
0x42,0x4,0xe0,0x1,0x0,0x0,0x0,0x0,
0x0,0x0,0x0,0x0,0x0,0x0,0x0,0x0,
0x0,0x0,0xff,0xff,0xff,0xff,0xff,0xff,
0x0,0x0,0x0,0x0,0x54,0x0,0x0,0x0,
0x54,0x0,0x0,0x0,0x54,0x0,0x0,0x0,
0x0,0x0,0x0,0x0,0x54,0x0,0x0,0x0,
0x54,0x0,0x0,0x0,0x0,0x0,0x1,0x0,
0x54,0x0,0x0,0x0,0x0,0x0,0x0,0x0,
0x6c,0x0,0x0,0x0,0x42,0x4,0x90,0x1,
0x0,0x0,0x0,0x0,0x6c,0x0,0x0,0x0,
0x0,0x0,0x0,0x0,0x6c,0x0,0x0,0x0,
0x0,0x0,0x0,0x0,0x7e,0x0,0x0,0x0,
0x0,0x0,0x2,0x0,0x9,0x0,0x0,0x0,
0x0,0x0,0x0,0x0,0x42,0x4,0xe0,0x1,
0x42,0x4,0x90,0x2,0x0,0x0,0x0,0x0,
0x7a,0x0,0x0,0x0,0x0,0x0,0x0,0x0,
0x0,0x0,0xff,0xff,0xff,0xff,0xff,0xff,
0x0,0x0,0x0,0x0,0x54,0x0,0x0,0x0,
0x54,0x0,0x0,0x0,0x54,0x0,0x0,0x0,
0x0,0x0,0x0,0x0,0x54,0x0,0x0,0x0,
0x54,0x0,0x0,0x0,0x0,0x0,0x3,0x0,
0x54,0x0,0x0,0x0,0x0,0x0,0x0,0x0,
0x9c,0x0,0x0,0x0,0x44,0x4,0x50,0x1,
0x0,0x0,0x0,0x0,0x9c,0x0,0x0,0x0,
0x0,0x0,0x0,0x0,0x9c,0x0,0x0,0x0,
0x0,0x0,0x0,0x0,0xd,0x0,0x0,0x0,
0x0,0x0,0x7,0x0,0x75,0x1,0x0,0x0,
0x0,0x0,0x0,0x0,0x46,0x4,0x90,0x1,
0x46,0x4,0x0,0x2,0x55,0x0,0x0,0x0,
0x0,0x0,0x7,0x0,0x74,0x1,0x0,0x0,
0x0,0x0,0x0,0x0,0x45,0x4,0x90,0x1,
0x45,0x4,0xf0,0x1,0x7d,0x0,0x0,0x0,
0x0,0x0,0xa,0x0,0x2c,0x1,0x0,0x0,
0x0,0x0,0x0,0x0,0x47,0x4,0x90,0x1,
0x47,0x4,0xe0,0x1,0x0,0x0,0x0,0x0,
0x0,0x0,0x0,0x0,0x0,0x0,0x0,0x0,
0x0,0x0,0xff,0xff,0xff,0xff,0xff,0xff,
0x0,0x0,0x0,0x0,0x54,0x0,0x0,0x0,
0x54,0x0,0x0,0x0,0x54,0x0,0x0,0x0,
0x0,0x0,0x0,0x0,0x54,0x0,0x0,0x0,
0x54,0x0,0x0,0x0,0x0,0x0,0x1,0x0,
0x54,0x0,0x0,0x0,0x0,0x0,0x0,0x0,
0x6c,0x0,0x0,0x0,0x47,0x4,0x90,0x1,
0x0,0x0,0x0,0x0,0x6c,0x0,0x0,0x0,
0x0,0x0,0x0,0x0,0x6c,0x0,0x0,0x0,
0x0,0x0,0x0,0x0,0x7e,0x0,0x0,0x0,
0x0,0x0,0x2,0x0,0x9,0x0,0x0,0x0,
0x0,0x0,0x0,0x0,0x47,0x4,0xe0,0x1,
0x47,0x4,0x90,0x2,0x0,0x0,0x0,0x0,
0x91,0x0,0x0,0x0,0x0,0x0,0x0,0x0,
0x0,0x0,0xff,0xff,0xff,0xff,0xff,0xff,
0x0,0x0,0x0,0x0,0x54,0x0,0x0,0x0,
0x54,0x0,0x0,0x0,0x54,0x0,0x0,0x0,
0x0,0x0,0x0,0x0,0x54,0x0,0x0,0x0,
0x54,0x0,0x0,0x0,0x0,0x0,0x2,0x0,
0x54,0x0,0x0,0x0,0x0,0x0,0x0,0x0,
0x84,0x0,0x0,0x0,0x49,0x4,0x50,0x1,
0x0,0x0,0x0,0x0,0x84,0x0,0x0,0x0,
0x0,0x0,0x0,0x0,0x84,0x0,0x0,0x0,
0x0,0x0,0x0,0x0,0x73,0x0,0x0,0x0,
0x0,0x0,0x2,0x0,0xa,0x0,0x0,0x0,
0x0,0x0,0x0,0x0,0x4a,0x4,0x90,0x1,
0x4a,0x4,0x20,0x2,0x0,0x0,0x0,0x0,
0x0,0x0,0x8,0x0,0x2e,0x1,0x0,0x0,
0x0,0x0,0x0,0x0,0x4b,0x4,0x90,0x1,
0x4b,0x4,0x90,0x1,0x0,0x0,0x0,0x0,
0xce,0x0,0x0,0x0,0x0,0x0,0x0,0x0,
0x0,0x0,0xff,0xff,0xff,0xff,0xff,0xff,
0x0,0x0,0x0,0x0,0x54,0x0,0x0,0x0,
0x54,0x0,0x0,0x0,0x54,0x0,0x0,0x0,
0x0,0x0,0x0,0x0,0x54,0x0,0x0,0x0,
0x54,0x0,0x0,0x0,0x0,0x0,0x2,0x0,
0x54,0x0,0x0,0x0,0x0,0x0,0x0,0x0,
0x84,0x0,0x0,0x0,0x4b,0x4,0x90,0x1,
0x0,0x0,0x0,0x0,0x84,0x0,0x0,0x0,
0x0,0x0,0x0,0x0,0x84,0x0,0x0,0x0,
0x0,0x0,0x0,0x0,0xcf,0x0,0x0,0x0,
0x0,0x0,0x7,0x0,0x76,0x1,0x0,0x0,
0x0,0x0,0x0,0x0,0x4c,0x4,0xd0,0x1,
0x4c,0x4,0x40,0x2,0x0,0x0,0x0,0x0,
0x0,0x0,0x8,0x0,0x2f,0x1,0x0,0x0,
0x0,0x0,0x0,0x0,0x4d,0x4,0xd0,0x1,
0x4d,0x4,0xd0,0x1,0x0,0x0,0x0,0x0,
0x7a,0x0,0x0,0x0,0x0,0x0,0x0,0x0,
0x0,0x0,0xff,0xff,0xff,0xff,0xff,0xff,
0x0,0x0,0x2,0x0,0x54,0x0,0x0,0x0,
0x54,0x0,0x0,0x0,0x6c,0x0,0x0,0x0,
0x0,0x0,0x0,0x0,0x6c,0x0,0x0,0x0,
0x6c,0x0,0x0,0x0,0x0,0x0,0x3,0x0,
0x6c,0x0,0x0,0x0,0x0,0x0,0x0,0x0,
0xb4,0x0,0x0,0x0,0x4d,0x4,0xd0,0x1,
0x0,0x0,0x0,0x0,0xb4,0x0,0x0,0x0,
0x0,0x0,0x0,0x0,0xb4,0x0,0x0,0x0,
0x0,0x0,0x0,0x0,0xd1,0x0,0x0,0x0,
0x2,0x0,0x0,0x30,0x4e,0x4,0x10,0x2,
0xd2,0x0,0x0,0x0,0x5,0x0,0x0,0x30,
0x4f,0x4,0x10,0x2,0xd,0x0,0x0,0x0,
0x0,0x0,0x7,0x0,0x78,0x1,0x0,0x0,
0x0,0x0,0x0,0x0,0x53,0x4,0x10,0x2,
0x53,0x4,0x80,0x2,0x55,0x0,0x0,0x0,
0x0,0x0,0x7,0x0,0x77,0x1,0x0,0x0,
0x0,0x0,0x0,0x0,0x50,0x4,0x10,0x2,
0x50,0x4,0x70,0x2,0x7d,0x0,0x0,0x0,
0x0,0x0,0xa,0x0,0x30,0x1,0x0,0x0,
0x0,0x0,0x0,0x0,0x54,0x4,0x10,0x2,
0x54,0x4,0x60,0x2,0x0,0x0,0x0,0x0,
0x0,0x0,0x0,0x0,0x0,0x0,0x0,0x0,
0x0,0x0,0xff,0xff,0xff,0xff,0xff,0xff,
0x0,0x0,0x0,0x0,0x54,0x0,0x0,0x0,
0x54,0x0,0x0,0x0,0x54,0x0,0x0,0x0,
0x0,0x0,0x0,0x0,0x54,0x0,0x0,0x0,
0x54,0x0,0x0,0x0,0x0,0x0,0x1,0x0,
0x54,0x0,0x0,0x0,0x0,0x0,0x0,0x0,
0x6c,0x0,0x0,0x0,0x54,0x4,0x10,0x2,
0x0,0x0,0x0,0x0,0x6c,0x0,0x0,0x0,
0x0,0x0,0x0,0x0,0x6c,0x0,0x0,0x0,
0x0,0x0,0x0,0x0,0x7e,0x0,0x0,0x0,
0x0,0x0,0x2,0x0,0x9,0x0,0x0,0x0,
0x0,0x0,0x0,0x0,0x54,0x4,0x60,0x2,
0x54,0x4,0x10,0x3,0x0,0x0,0x0,0x0,
0x7a,0x0,0x0,0x0,0x0,0x0,0x0,0x0,
0x0,0x0,0xff,0xff,0xff,0xff,0xff,0xff,
0x0,0x0,0x0,0x0,0x54,0x0,0x0,0x0,
0x54,0x0,0x0,0x0,0x54,0x0,0x0,0x0,
0x0,0x0,0x0,0x0,0x54,0x0,0x0,0x0,
0x54,0x0,0x0,0x0,0x0,0x0,0x3,0x0,
0x54,0x0,0x0,0x0,0x0,0x0,0x0,0x0,
0x9c,0x0,0x0,0x0,0x58,0x4,0x50,0x1,
0x0,0x0,0x0,0x0,0x9c,0x0,0x0,0x0,
0x0,0x0,0x0,0x0,0x9c,0x0,0x0,0x0,
0x0,0x0,0x0,0x0,0xd,0x0,0x0,0x0,
0x0,0x0,0x7,0x0,0x7a,0x1,0x0,0x0,
0x0,0x0,0x0,0x0,0x5a,0x4,0x90,0x1,
0x5a,0x4,0x0,0x2,0x55,0x0,0x0,0x0,
0x0,0x0,0x7,0x0,0x79,0x1,0x0,0x0,
0x0,0x0,0x0,0x0,0x59,0x4,0x90,0x1,
0x59,0x4,0xf0,0x1,0x7d,0x0,0x0,0x0,
0x0,0x0,0xa,0x0,0x32,0x1,0x0,0x0,
0x0,0x0,0x0,0x0,0x5b,0x4,0x90,0x1,
0x5b,0x4,0xe0,0x1,0x0,0x0,0x0,0x0,
0x0,0x0,0x0,0x0,0x0,0x0,0x0,0x0,
0x0,0x0,0xff,0xff,0xff,0xff,0xff,0xff,
0x0,0x0,0x0,0x0,0x54,0x0,0x0,0x0,
0x54,0x0,0x0,0x0,0x54,0x0,0x0,0x0,
0x0,0x0,0x0,0x0,0x54,0x0,0x0,0x0,
0x54,0x0,0x0,0x0,0x0,0x0,0x1,0x0,
0x54,0x0,0x0,0x0,0x0,0x0,0x0,0x0,
0x6c,0x0,0x0,0x0,0x5b,0x4,0x90,0x1,
0x0,0x0,0x0,0x0,0x6c,0x0,0x0,0x0,
0x0,0x0,0x0,0x0,0x6c,0x0,0x0,0x0,
0x0,0x0,0x0,0x0,0x7e,0x0,0x0,0x0,
0x0,0x0,0x2,0x0,0x9,0x0,0x0,0x0,
0x0,0x0,0x0,0x0,0x5b,0x4,0xe0,0x1,
0x5b,0x4,0x90,0x2,0x0,0x0,0x0,0x0,
0x82,0x0,0x0,0x0,0x0,0x0,0x0,0x0,
0x0,0x0,0xff,0xff,0xff,0xff,0xff,0xff,
0x0,0x0,0x0,0x0,0x54,0x0,0x0,0x0,
0x54,0x0,0x0,0x0,0x54,0x0,0x0,0x0,
0x0,0x0,0x0,0x0,0x54,0x0,0x0,0x0,
0x54,0x0,0x0,0x0,0x0,0x0,0x1,0x0,
0x54,0x0,0x0,0x0,0x0,0x0,0x0,0x0,
0x6c,0x0,0x0,0x0,0x5d,0x4,0x50,0x1,
0x0,0x0,0x0,0x0,0x6c,0x0,0x0,0x0,
0x0,0x0,0x0,0x0,0x6c,0x0,0x0,0x0,
0x0,0x0,0x0,0x0,0x74,0x0,0x0,0x0,
0x0,0x0,0x9,0x0,0x34,0x1,0x0,0x0,
0x0,0x0,0x0,0x0,0x5d,0x4,0xc0,0x1,
0x5d,0x4,0x30,0x2,0x0,0x0,0x0,0x0,
0x0,0x0,0x0,0x0,0x0,0x0,0x0,0x0,
0x0,0x0,0xff,0xff,0xff,0xff,0xff,0xff,
0x0,0x0,0x0,0x0,0x54,0x0,0x0,0x0,
0x54,0x0,0x0,0x0,0x54,0x0,0x0,0x0,
0x0,0x0,0x0,0x0,0x54,0x0,0x0,0x0,
0x54,0x0,0x0,0x0,0x0,0x0,0x1,0x0,
0x54,0x0,0x0,0x0,0x0,0x0,0x0,0x0,
0x6c,0x0,0x0,0x0,0x5d,0x4,0xc0,0x1,
0x0,0x0,0x0,0x0,0x6c,0x0,0x0,0x0,
0x0,0x0,0x0,0x0,0x6c,0x0,0x0,0x0,
0x0,0x0,0x0,0x0,0x75,0x0,0x0,0x0,
0x0,0x0,0x1,0x0,0x1,0x0,0x0,0x0,
0x0,0x0,0x0,0x0,0x5d,0x4,0x30,0x2,
0x5d,0x4,0xe0,0x2,0x0,0x0,0x0,0x0,
0x7a,0x0,0x0,0x0,0x0,0x0,0x0,0x0,
0x0,0x0,0xff,0xff,0xff,0xff,0xff,0xff,
0x0,0x0,0x0,0x0,0x54,0x0,0x0,0x0,
0x54,0x0,0x0,0x0,0x54,0x0,0x0,0x0,
0x0,0x0,0x0,0x0,0x54,0x0,0x0,0x0,
0x54,0x0,0x0,0x0,0x0,0x0,0x5,0x0,
0x54,0x0,0x0,0x0,0x0,0x0,0x0,0x0,
0xcc,0x0,0x0,0x0,0x5e,0x4,0x50,0x1,
0x0,0x0,0x0,0x0,0xcc,0x0,0x0,0x0,
0x0,0x0,0x0,0x0,0xcc,0x0,0x0,0x0,
0x0,0x0,0x0,0x0,0x45,0x1,0x0,0x0,
0x0,0x0,0x7,0x0,0x7d,0x1,0x0,0x0,
0x0,0x0,0x0,0x0,0x62,0x4,0x90,0x1,
0x62,0x4,0x0,0x2,0xd,0x0,0x0,0x0,
0x0,0x0,0x7,0x0,0x7c,0x1,0x0,0x0,
0x0,0x0,0x0,0x0,0x60,0x4,0x90,0x1,
0x60,0x4,0x0,0x2,0x55,0x0,0x0,0x0,
0x0,0x0,0x7,0x0,0x7b,0x1,0x0,0x0,
0x0,0x0,0x0,0x0,0x5f,0x4,0x90,0x1,
0x5f,0x4,0xf0,0x1,0x74,0x0,0x0,0x0,
0x0,0x0,0x9,0x0,0x37,0x1,0x0,0x0,
0x0,0x0,0x0,0x0,0x63,0x4,0x90,0x1,
0x63,0x4,0x0,0x2,0x7d,0x0,0x0,0x0,
0x0,0x0,0xa,0x0,0x36,0x1,0x0,0x0,
0x0,0x0,0x0,0x0,0x61,0x4,0x90,0x1,
0x61,0x4,0xe0,0x1,0x0,0x0,0x0,0x0,
0x0,0x0,0x0,0x0,0x0,0x0,0x0,0x0,
0x0,0x0,0xff,0xff,0xff,0xff,0xff,0xff,
0x0,0x0,0x0,0x0,0x54,0x0,0x0,0x0,
0x54,0x0,0x0,0x0,0x54,0x0,0x0,0x0,
0x0,0x0,0x0,0x0,0x54,0x0,0x0,0x0,
0x54,0x0,0x0,0x0,0x0,0x0,0x1,0x0,
0x54,0x0,0x0,0x0,0x0,0x0,0x0,0x0,
0x6c,0x0,0x0,0x0,0x61,0x4,0x90,0x1,
0x0,0x0,0x0,0x0,0x6c,0x0,0x0,0x0,
0x0,0x0,0x0,0x0,0x6c,0x0,0x0,0x0,
0x0,0x0,0x0,0x0,0x7e,0x0,0x0,0x0,
0x0,0x0,0x2,0x0,0x9,0x0,0x0,0x0,
0x0,0x0,0x0,0x0,0x61,0x4,0xe0,0x1,
0x61,0x4,0x90,0x2,0x0,0x0,0x0,0x0,
0x0,0x0,0x0,0x0,0x0,0x0,0x0,0x0,
0x0,0x0,0xff,0xff,0xff,0xff,0xff,0xff,
0x0,0x0,0x0,0x0,0x54,0x0,0x0,0x0,
0x54,0x0,0x0,0x0,0x54,0x0,0x0,0x0,
0x0,0x0,0x0,0x0,0x54,0x0,0x0,0x0,
0x54,0x0,0x0,0x0,0x0,0x0,0x1,0x0,
0x54,0x0,0x0,0x0,0x0,0x0,0x0,0x0,
0x6c,0x0,0x0,0x0,0x63,0x4,0x90,0x1,
0x0,0x0,0x0,0x0,0x6c,0x0,0x0,0x0,
0x0,0x0,0x0,0x0,0x6c,0x0,0x0,0x0,
0x0,0x0,0x0,0x0,0x47,0x1,0x0,0x0,
0x0,0x0,0x2,0x0,0x2a,0x0,0x0,0x0,
0x0,0x0,0x0,0x0,0x63,0x4,0x0,0x2,
0x63,0x4,0xe0,0x2,0x0,0x0,0x0,0x0,
0x7a,0x0,0x0,0x0,0x0,0x0,0x0,0x0,
0x0,0x0,0xff,0xff,0xff,0xff,0xff,0xff,
0x0,0x0,0x0,0x0,0x54,0x0,0x0,0x0,
0x54,0x0,0x0,0x0,0x54,0x0,0x0,0x0,
0x0,0x0,0x0,0x0,0x54,0x0,0x0,0x0,
0x54,0x0,0x0,0x0,0x0,0x0,0x3,0x0,
0x54,0x0,0x0,0x0,0x0,0x0,0x0,0x0,
0x9c,0x0,0x0,0x0,0x65,0x4,0x50,0x1,
0x0,0x0,0x0,0x0,0x9c,0x0,0x0,0x0,
0x0,0x0,0x0,0x0,0x9c,0x0,0x0,0x0,
0x0,0x0,0x0,0x0,0xd,0x0,0x0,0x0,
0x0,0x0,0x7,0x0,0x7f,0x1,0x0,0x0,
0x0,0x0,0x0,0x0,0x68,0x4,0x90,0x1,
0x68,0x4,0x0,0x2,0x55,0x0,0x0,0x0,
0x0,0x0,0x7,0x0,0x7e,0x1,0x0,0x0,
0x0,0x0,0x0,0x0,0x66,0x4,0x90,0x1,
0x66,0x4,0xf0,0x1,0x7d,0x0,0x0,0x0,
0x0,0x0,0xa,0x0,0x39,0x1,0x0,0x0,
0x0,0x0,0x0,0x0,0x69,0x4,0x90,0x1,
0x69,0x4,0xe0,0x1,0x0,0x0,0x0,0x0,
0x0,0x0,0x0,0x0,0x0,0x0,0x0,0x0,
0x0,0x0,0xff,0xff,0xff,0xff,0xff,0xff,
0x0,0x0,0x0,0x0,0x54,0x0,0x0,0x0,
0x54,0x0,0x0,0x0,0x54,0x0,0x0,0x0,
0x0,0x0,0x0,0x0,0x54,0x0,0x0,0x0,
0x54,0x0,0x0,0x0,0x0,0x0,0x1,0x0,
0x54,0x0,0x0,0x0,0x0,0x0,0x0,0x0,
0x6c,0x0,0x0,0x0,0x69,0x4,0x90,0x1,
0x0,0x0,0x0,0x0,0x6c,0x0,0x0,0x0,
0x0,0x0,0x0,0x0,0x6c,0x0,0x0,0x0,
0x0,0x0,0x0,0x0,0x7e,0x0,0x0,0x0,
0x0,0x0,0x2,0x0,0x9,0x0,0x0,0x0,
0x0,0x0,0x0,0x0,0x69,0x4,0xe0,0x1,
0x69,0x4,0x90,0x2,0x0,0x0,0x0,0x0,
0x87,0x0,0x0,0x0,0x0,0x0,0x0,0x0,
0x0,0x0,0xff,0xff,0xff,0xff,0xff,0xff,
0x0,0x0,0x0,0x0,0x54,0x0,0x0,0x0,
0x54,0x0,0x0,0x0,0x54,0x0,0x0,0x0,
0x0,0x0,0x0,0x0,0x54,0x0,0x0,0x0,
0x54,0x0,0x0,0x0,0x0,0x0,0x2,0x0,
0x54,0x0,0x0,0x0,0x0,0x0,0x0,0x0,
0x84,0x0,0x0,0x0,0x6c,0x4,0x10,0x1,
0x0,0x0,0x0,0x0,0x84,0x0,0x0,0x0,
0x0,0x0,0x0,0x0,0x84,0x0,0x0,0x0,
0x0,0x0,0x0,0x0,0x8c,0x0,0x0,0x0,
0x0,0x0,0x7,0x0,0x80,0x1,0x0,0x0,
0x0,0x0,0x0,0x0,0x6e,0x4,0x50,0x1,
0x6e,0x4,0x0,0x2,0x70,0x0,0x0,0x0,
0x0,0x0,0xa,0x0,0x3b,0x1,0x0,0x0,
0x0,0x0,0x0,0x0,0x6d,0x4,0x50,0x1,
0x6d,0x4,0xd0,0x1,0x0,0x0,0x0,0x0,
0x0,0x0,0x0,0x0,0x0,0x0,0x0,0x0,
0x0,0x0,0xff,0xff,0xff,0xff,0xff,0xff,
0x0,0x0,0x0,0x0,0x54,0x0,0x0,0x0,
0x54,0x0,0x0,0x0,0x54,0x0,0x0,0x0,
0x0,0x0,0x0,0x0,0x54,0x0,0x0,0x0,
0x54,0x0,0x0,0x0,0x0,0x0,0x1,0x0,
0x54,0x0,0x0,0x0,0x0,0x0,0x0,0x0,
0x6c,0x0,0x0,0x0,0x6d,0x4,0x50,0x1,
0x0,0x0,0x0,0x0,0x6c,0x0,0x0,0x0,
0x0,0x0,0x0,0x0,0x6c,0x0,0x0,0x0,
0x0,0x0,0x0,0x0,0x71,0x0,0x0,0x0,
0x0,0x0,0x7,0x0,0x81,0x1,0x0,0x0,
0x0,0x0,0x0,0x0,0x6d,0x4,0xd0,0x1,
0x6d,0x4,0x30,0x2,0x0,0x0,0x0,0x0,
0x50,0x0,0x0,0x0,0x0,0x0,0x0,0x0,
0x0,0x0,0xff,0xff,0xff,0xff,0xff,0xff,
0x0,0x0,0x0,0x0,0x54,0x0,0x0,0x0,
0x54,0x0,0x0,0x0,0x54,0x0,0x0,0x0,
0x0,0x0,0x0,0x0,0x54,0x0,0x0,0x0,
0x54,0x0,0x0,0x0,0x0,0x0,0x6,0x0,
0x54,0x0,0x0,0x0,0x0,0x0,0x0,0x0,
0xe4,0x0,0x0,0x0,0x75,0x4,0x50,0x0,
0x0,0x0,0x0,0x0,0xe4,0x0,0x0,0x0,
0x0,0x0,0x0,0x0,0xe4,0x0,0x0,0x0,
0x0,0x0,0x0,0x0,0x25,0x1,0x0,0x0,
0x0,0x0,0x2,0x0,0x2b,0x0,0x0,0x0,
0x0,0x0,0x0,0x0,0x79,0x4,0x90,0x0,
0x79,0x4,0xc0,0x0,0xd,0x0,0x0,0x0,
0x0,0x0,0x3,0x0,0x0,0x0,0x0,0x0,
0x48,0x1,0x0,0x0,0x78,0x4,0x90,0x0,
0x78,0x4,0x0,0x1,0x8,0x0,0x0,0x0,
0x0,0x0,0x7,0x0,0x82,0x1,0x0,0x0,
0x0,0x0,0x0,0x0,0x76,0x4,0x90,0x0,
0x76,0x4,0x20,0x1,0x0,0x0,0x0,0x0,
0x0,0x0,0x8,0x0,0x3e,0x1,0x0,0x0,
0x0,0x0,0x0,0x0,0x7a,0x4,0x90,0x0,
0x7a,0x4,0x90,0x0,0x0,0x0,0x0,0x0,
0x0,0x0,0x8,0x0,0x40,0x1,0x0,0x0,
0x0,0x0,0x0,0x0,0x7c,0x4,0x90,0x0,
0x7c,0x4,0x90,0x0,0x70,0x0,0x0,0x0,
0x0,0x0,0xa,0x0,0x3d,0x1,0x0,0x0,
0x0,0x0,0x0,0x0,0x77,0x4,0x90,0x0,
0x77,0x4,0x10,0x1,0x0,0x0,0x0,0x0,
0x0,0x0,0x0,0x0,0x0,0x0,0x0,0x0,
0x0,0x0,0xff,0xff,0xff,0xff,0xff,0xff,
0x0,0x0,0x0,0x0,0x54,0x0,0x0,0x0,
0x54,0x0,0x0,0x0,0x54,0x0,0x0,0x0,
0x0,0x0,0x0,0x0,0x54,0x0,0x0,0x0,
0x54,0x0,0x0,0x0,0x0,0x0,0x1,0x0,
0x54,0x0,0x0,0x0,0x0,0x0,0x0,0x0,
0x6c,0x0,0x0,0x0,0x77,0x4,0x90,0x0,
0x0,0x0,0x0,0x0,0x6c,0x0,0x0,0x0,
0x0,0x0,0x0,0x0,0x6c,0x0,0x0,0x0,
0x0,0x0,0x0,0x0,0x71,0x0,0x0,0x0,
0x0,0x0,0x7,0x0,0x83,0x1,0x0,0x0,
0x0,0x0,0x0,0x0,0x77,0x4,0x10,0x1,
0x77,0x4,0x70,0x1,0x0,0x0,0x0,0x0,
0x87,0x0,0x0,0x0,0x0,0x0,0x0,0x0,
0x0,0x0,0xff,0xff,0xff,0xff,0xff,0xff,
0x0,0x0,0x0,0x0,0x54,0x0,0x0,0x0,
0x54,0x0,0x0,0x0,0x54,0x0,0x0,0x0,
0x0,0x0,0x0,0x0,0x54,0x0,0x0,0x0,
0x54,0x0,0x0,0x0,0x0,0x0,0x2,0x0,
0x54,0x0,0x0,0x0,0x0,0x0,0x0,0x0,
0x84,0x0,0x0,0x0,0x7a,0x4,0x90,0x0,
0x0,0x0,0x0,0x0,0x84,0x0,0x0,0x0,
0x0,0x0,0x0,0x0,0x84,0x0,0x0,0x0,
0x0,0x0,0x0,0x0,0x8c,0x0,0x0,0x0,
0x0,0x0,0x7,0x0,0x84,0x1,0x0,0x0,
0x0,0x0,0x0,0x0,0x7a,0x4,0xb0,0x2,
0x7a,0x4,0x60,0x3,0x70,0x0,0x0,0x0,
0x0,0x0,0xa,0x0,0x3f,0x1,0x0,0x0,
0x0,0x0,0x0,0x0,0x7a,0x4,0x50,0x1,
0x7a,0x4,0xd0,0x1,0x0,0x0,0x0,0x0,
0x0,0x0,0x0,0x0,0x0,0x0,0x0,0x0,
0x0,0x0,0xff,0xff,0xff,0xff,0xff,0xff,
0x0,0x0,0x0,0x0,0x54,0x0,0x0,0x0,
0x54,0x0,0x0,0x0,0x54,0x0,0x0,0x0,
0x0,0x0,0x0,0x0,0x54,0x0,0x0,0x0,
0x54,0x0,0x0,0x0,0x0,0x0,0x1,0x0,
0x54,0x0,0x0,0x0,0x0,0x0,0x0,0x0,
0x6c,0x0,0x0,0x0,0x7a,0x4,0x50,0x1,
0x0,0x0,0x0,0x0,0x6c,0x0,0x0,0x0,
0x0,0x0,0x0,0x0,0x6c,0x0,0x0,0x0,
0x0,0x0,0x0,0x0,0x71,0x0,0x0,0x0,
0x0,0x0,0x7,0x0,0x85,0x1,0x0,0x0,
0x0,0x0,0x0,0x0,0x7a,0x4,0xd0,0x1,
0x7a,0x4,0x30,0x2,0x0,0x0,0x0,0x0,
0x50,0x0,0x0,0x0,0x0,0x0,0x0,0x0,
0x0,0x0,0xff,0xff,0xff,0xff,0xff,0xff,
0x0,0x0,0x0,0x0,0x54,0x0,0x0,0x0,
0x54,0x0,0x0,0x0,0x54,0x0,0x0,0x0,
0x0,0x0,0x0,0x0,0x54,0x0,0x0,0x0,
0x54,0x0,0x0,0x0,0x0,0x0,0x7,0x0,
0x54,0x0,0x0,0x0,0x0,0x0,0x0,0x0,
0xfc,0x0,0x0,0x0,0x7c,0x4,0x90,0x0,
0x0,0x0,0x0,0x0,0xfc,0x0,0x0,0x0,
0x0,0x0,0x0,0x0,0xfc,0x0,0x0,0x0,
0x0,0x0,0x0,0x0,0xd,0x0,0x0,0x0,
0x0,0x0,0x3,0x0,0x0,0x0,0x0,0x0,
0xe,0x0,0x0,0x0,0x80,0x4,0xd0,0x0,
0x80,0x4,0x40,0x1,0xa,0x0,0x0,0x0,
0x0,0x0,0x7,0x0,0x86,0x1,0x0,0x0,
0x0,0x0,0x0,0x0,0x7f,0x4,0xd0,0x0,
0x7f,0x4,0x50,0x1,0x9,0x0,0x0,0x0,
0x0,0x0,0x2,0x0,0x2c,0x0,0x0,0x0,
0x0,0x0,0x0,0x0,0x7e,0x4,0xd0,0x0,
0x7e,0x4,0x40,0x1,0x0,0x0,0x0,0x0,
0x0,0x0,0x8,0x0,0x43,0x1,0x0,0x0,
0x0,0x0,0x0,0x0,0x83,0x4,0xd0,0x0,
0x83,0x4,0xd0,0x0,0x0,0x0,0x0,0x0,
0x0,0x0,0x8,0x0,0x45,0x1,0x0,0x0,
0x0,0x0,0x0,0x0,0x84,0x4,0xd0,0x0,
0x84,0x4,0xd0,0x0,0x90,0x0,0x0,0x0,
0x0,0x0,0xa,0x0,0x42,0x1,0x0,0x0,
0x0,0x0,0x0,0x0,0x81,0x4,0xd0,0x0,
0x81,0x4,0x40,0x1,0x70,0x0,0x0,0x0,
0x0,0x0,0xa,0x0,0x41,0x1,0x0,0x0,
0x0,0x0,0x0,0x0,0x7d,0x4,0xd0,0x0,
0x7d,0x4,0x50,0x1,0x0,0x0,0x0,0x0,
0x0,0x0,0x0,0x0,0x0,0x0,0x0,0x0,
0x0,0x0,0xff,0xff,0xff,0xff,0xff,0xff,
0x0,0x0,0x0,0x0,0x54,0x0,0x0,0x0,
0x54,0x0,0x0,0x0,0x54,0x0,0x0,0x0,
0x0,0x0,0x0,0x0,0x54,0x0,0x0,0x0,
0x54,0x0,0x0,0x0,0x0,0x0,0x1,0x0,
0x54,0x0,0x0,0x0,0x0,0x0,0x0,0x0,
0x6c,0x0,0x0,0x0,0x7d,0x4,0xd0,0x0,
0x0,0x0,0x0,0x0,0x6c,0x0,0x0,0x0,
0x0,0x0,0x0,0x0,0x6c,0x0,0x0,0x0,
0x0,0x0,0x0,0x0,0x93,0x0,0x0,0x0,
0x0,0x0,0x7,0x0,0x87,0x1,0x0,0x0,
0x0,0x0,0x0,0x0,0x7d,0x4,0x50,0x1,
0x7d,0x4,0xf0,0x1,0x0,0x0,0x0,0x0,
0x0,0x0,0x0,0x0,0x0,0x0,0x0,0x0,
0x0,0x0,0xff,0xff,0xff,0xff,0xff,0xff,
0x0,0x0,0x0,0x0,0x54,0x0,0x0,0x0,
0x54,0x0,0x0,0x0,0x54,0x0,0x0,0x0,
0x0,0x0,0x0,0x0,0x54,0x0,0x0,0x0,
0x54,0x0,0x0,0x0,0x0,0x0,0x2,0x0,
0x54,0x0,0x0,0x0,0x0,0x0,0x0,0x0,
0x84,0x0,0x0,0x0,0x81,0x4,0xd0,0x0,
0x0,0x0,0x0,0x0,0x84,0x0,0x0,0x0,
0x0,0x0,0x0,0x0,0x84,0x0,0x0,0x0,
0x0,0x0,0x0,0x0,0xd,0x0,0x0,0x0,
0x0,0x0,0x7,0x0,0x88,0x1,0x0,0x0,
0x0,0x0,0x0,0x0,0x82,0x4,0x40,0x1,
0x82,0x4,0xb0,0x1,0x9,0x0,0x0,0x0,
0x0,0x0,0x2,0x0,0x8,0x0,0x0,0x0,
0x0,0x0,0x0,0x0,0x81,0x4,0x40,0x1,
0x81,0x4,0xb0,0x1,0x0,0x0,0x0,0x0,
0x87,0x0,0x0,0x0,0x0,0x0,0x0,0x0,
0x0,0x0,0xff,0xff,0xff,0xff,0xff,0xff,
0x0,0x0,0x0,0x0,0x54,0x0,0x0,0x0,
0x54,0x0,0x0,0x0,0x54,0x0,0x0,0x0,
0x0,0x0,0x0,0x0,0x54,0x0,0x0,0x0,
0x54,0x0,0x0,0x0,0x0,0x0,0x1,0x0,
0x54,0x0,0x0,0x0,0x0,0x0,0x0,0x0,
0x6c,0x0,0x0,0x0,0x83,0x4,0xd0,0x0,
0x0,0x0,0x0,0x0,0x6c,0x0,0x0,0x0,
0x0,0x0,0x0,0x0,0x6c,0x0,0x0,0x0,
0x0,0x0,0x0,0x0,0x70,0x0,0x0,0x0,
0x0,0x0,0xa,0x0,0x44,0x1,0x0,0x0,
0x0,0x0,0x0,0x0,0x83,0x4,0x90,0x1,
0x83,0x4,0x10,0x2,0x0,0x0,0x0,0x0,
0x0,0x0,0x0,0x0,0x0,0x0,0x0,0x0,
0x0,0x0,0xff,0xff,0xff,0xff,0xff,0xff,
0x0,0x0,0x0,0x0,0x54,0x0,0x0,0x0,
0x54,0x0,0x0,0x0,0x54,0x0,0x0,0x0,
0x0,0x0,0x0,0x0,0x54,0x0,0x0,0x0,
0x54,0x0,0x0,0x0,0x0,0x0,0x1,0x0,
0x54,0x0,0x0,0x0,0x0,0x0,0x0,0x0,
0x6c,0x0,0x0,0x0,0x83,0x4,0x90,0x1,
0x0,0x0,0x0,0x0,0x6c,0x0,0x0,0x0,
0x0,0x0,0x0,0x0,0x6c,0x0,0x0,0x0,
0x0,0x0,0x0,0x0,0x71,0x0,0x0,0x0,
0x0,0x0,0x7,0x0,0x89,0x1,0x0,0x0,
0x0,0x0,0x0,0x0,0x83,0x4,0x10,0x2,
0x83,0x4,0x70,0x2,0x0,0x0,0x0,0x0,
0xc9,0x0,0x0,0x0,0x49,0x1,0x0,0x0,
0x0,0x0,0xff,0xff,0xff,0xff,0xff,0xff,
0x0,0x0,0x0,0x0,0x54,0x0,0x0,0x0,
0x54,0x0,0x0,0x0,0x54,0x0,0x0,0x0,
0x0,0x0,0x0,0x0,0x54,0x0,0x0,0x0,
0x54,0x0,0x0,0x0,0x0,0x0,0x7,0x0,
0x54,0x0,0x0,0x0,0x0,0x0,0x0,0x0,
0xfc,0x0,0x0,0x0,0x84,0x4,0xd0,0x0,
0x85,0x4,0x10,0x1,0xfc,0x0,0x0,0x0,
0x0,0x0,0x0,0x0,0xfc,0x0,0x0,0x0,
0x0,0x0,0x0,0x0,0x73,0x0,0x0,0x0,
0x0,0x0,0x2,0x0,0x14,0x0,0x0,0x0,
0x0,0x0,0x0,0x0,0x8a,0x4,0x10,0x1,
0x8a,0x4,0xa0,0x1,0x9,0x0,0x0,0x0,
0x0,0x0,0x7,0x0,0x8a,0x1,0x0,0x0,
0x0,0x0,0x0,0x0,0x89,0x4,0x10,0x1,
0x89,0x4,0x80,0x1,0x0,0x0,0x0,0x0,
0x0,0x0,0x8,0x0,0x47,0x1,0x0,0x0,
0x0,0x0,0x0,0x0,0x8b,0x4,0x10,0x1,
0x8b,0x4,0x10,0x1,0x0,0x0,0x0,0x0,
0x0,0x0,0x8,0x0,0x49,0x1,0x0,0x0,
0x0,0x0,0x0,0x0,0x92,0x4,0x10,0x1,
0x92,0x4,0x10,0x1,0x0,0x0,0x0,0x0,
0x0,0x0,0x8,0x0,0x4b,0x1,0x0,0x0,
0x0,0x0,0x0,0x0,0x99,0x4,0x10,0x1,
0x99,0x4,0x10,0x1,0x0,0x0,0x0,0x0,
0x0,0x0,0x8,0x0,0x56,0x1,0x0,0x0,
0x0,0x0,0x0,0x0,0xbd,0x4,0x10,0x1,
0xbd,0x4,0x10,0x1,0x70,0x0,0x0,0x0,
0x0,0x0,0xa,0x0,0x46,0x1,0x0,0x0,
0x0,0x0,0x0,0x0,0x86,0x4,0x10,0x1,
0x86,0x4,0x90,0x1,0x0,0x0,0x0,0x0,
0x0,0x0,0x0,0x0,0x0,0x0,0x0,0x0,
0x0,0x0,0xff,0xff,0xff,0xff,0xff,0xff,
0x0,0x0,0x0,0x0,0x54,0x0,0x0,0x0,
0x54,0x0,0x0,0x0,0x54,0x0,0x0,0x0,
0x0,0x0,0x0,0x0,0x54,0x0,0x0,0x0,
0x54,0x0,0x0,0x0,0x0,0x0,0x3,0x0,
0x54,0x0,0x0,0x0,0x0,0x0,0x0,0x0,
0x9c,0x0,0x0,0x0,0x86,0x4,0x10,0x1,
0x0,0x0,0x0,0x0,0x9c,0x0,0x0,0x0,
0x0,0x0,0x0,0x0,0x9c,0x0,0x0,0x0,
0x0,0x0,0x0,0x0,0xe3,0x0,0x0,0x0,
0x0,0x0,0x2,0x0,0xb,0x0,0x0,0x0,
0x0,0x0,0x0,0x0,0x88,0x4,0x90,0x1,
0x88,0x4,0x40,0x2,0xca,0x0,0x0,0x0,
0x0,0x0,0x7,0x0,0x8c,0x1,0x0,0x0,
0x0,0x0,0x0,0x0,0x87,0x4,0x90,0x1,
0x87,0x4,0xb0,0x2,0x34,0x1,0x0,0x0,
0x0,0x0,0x7,0x0,0x8b,0x1,0x0,0x0,
0x0,0x0,0x0,0x0,0x86,0x4,0x90,0x1,
0x86,0x4,0xe0,0x1,0x0,0x0,0x0,0x0,
0x7a,0x0,0x0,0x0,0x0,0x0,0x0,0x0,
0x0,0x0,0xff,0xff,0xff,0xff,0xff,0xff,
0x0,0x0,0x0,0x0,0x54,0x0,0x0,0x0,
0x54,0x0,0x0,0x0,0x54,0x0,0x0,0x0,
0x0,0x0,0x0,0x0,0x54,0x0,0x0,0x0,
0x54,0x0,0x0,0x0,0x0,0x0,0x3,0x0,
0x54,0x0,0x0,0x0,0x0,0x0,0x0,0x0,
0x9c,0x0,0x0,0x0,0x8b,0x4,0x10,0x1,
0x0,0x0,0x0,0x0,0x9c,0x0,0x0,0x0,
0x0,0x0,0x0,0x0,0x9c,0x0,0x0,0x0,
0x0,0x0,0x0,0x0,0xd,0x0,0x0,0x0,
0x0,0x0,0x7,0x0,0x8e,0x1,0x0,0x0,
0x0,0x0,0x0,0x0,0x8e,0x4,0x50,0x1,
0x8e,0x4,0xc0,0x1,0x55,0x0,0x0,0x0,
0x0,0x0,0x7,0x0,0x8d,0x1,0x0,0x0,
0x0,0x0,0x0,0x0,0x8c,0x4,0x50,0x1,
0x8c,0x4,0xb0,0x1,0x7d,0x0,0x0,0x0,
0x0,0x0,0xa,0x0,0x48,0x1,0x0,0x0,
0x0,0x0,0x0,0x0,0x8f,0x4,0x50,0x1,
0x8f,0x4,0xa0,0x1,0x0,0x0,0x0,0x0,
0x0,0x0,0x0,0x0,0x0,0x0,0x0,0x0,
0x0,0x0,0xff,0xff,0xff,0xff,0xff,0xff,
0x0,0x0,0x0,0x0,0x54,0x0,0x0,0x0,
0x54,0x0,0x0,0x0,0x54,0x0,0x0,0x0,
0x0,0x0,0x0,0x0,0x54,0x0,0x0,0x0,
0x54,0x0,0x0,0x0,0x0,0x0,0x2,0x0,
0x54,0x0,0x0,0x0,0x0,0x0,0x0,0x0,
0x84,0x0,0x0,0x0,0x8f,0x4,0x50,0x1,
0x0,0x0,0x0,0x0,0x84,0x0,0x0,0x0,
0x0,0x0,0x0,0x0,0x84,0x0,0x0,0x0,
0x0,0x0,0x0,0x0,0x7f,0x0,0x0,0x0,
0x0,0x0,0x2,0x0,0x8,0x0,0x0,0x0,
0x0,0x0,0x0,0x0,0x90,0x4,0xa0,0x1,
0x90,0x4,0x90,0x2,0x7e,0x0,0x0,0x0,
0x0,0x0,0x2,0x0,0x13,0x0,0x0,0x0,
0x0,0x0,0x0,0x0,0x8f,0x4,0xa0,0x1,
0x8f,0x4,0x50,0x2,0x0,0x0,0x0,0x0,
0x7a,0x0,0x0,0x0,0x0,0x0,0x0,0x0,
0x0,0x0,0xff,0xff,0xff,0xff,0xff,0xff,
0x0,0x0,0x0,0x0,0x54,0x0,0x0,0x0,
0x54,0x0,0x0,0x0,0x54,0x0,0x0,0x0,
0x0,0x0,0x0,0x0,0x54,0x0,0x0,0x0,
0x54,0x0,0x0,0x0,0x0,0x0,0x5,0x0,
0x54,0x0,0x0,0x0,0x0,0x0,0x0,0x0,
0xcc,0x0,0x0,0x0,0x92,0x4,0x10,0x1,
0x0,0x0,0x0,0x0,0xcc,0x0,0x0,0x0,
0x0,0x0,0x0,0x0,0xcc,0x0,0x0,0x0,
0x0,0x0,0x0,0x0,0xd,0x0,0x0,0x0,
0x0,0x0,0x7,0x0,0x91,0x1,0x0,0x0,
0x0,0x0,0x0,0x0,0x96,0x4,0x50,0x1,
0x96,0x4,0xc0,0x1,0x55,0x0,0x0,0x0,
0x0,0x0,0x5,0x0,0x23,0x0,0x0,0x0,
0x0,0x0,0x0,0x0,0x95,0x4,0x50,0x1,
0x95,0x4,0xb0,0x1,0x31,0x1,0x0,0x0,
0x0,0x0,0x7,0x0,0x90,0x1,0x0,0x0,
0x0,0x0,0x0,0x0,0x94,0x4,0x50,0x1,
0x94,0x4,0xf0,0x1,0x9,0x0,0x0,0x0,
0x0,0x0,0x7,0x0,0x8f,0x1,0x0,0x0,
0x0,0x0,0x0,0x0,0x93,0x4,0x50,0x1,
0x93,0x4,0xc0,0x1,0x7d,0x0,0x0,0x0,
0x0,0x0,0xa,0x0,0x4a,0x1,0x0,0x0,
0x0,0x0,0x0,0x0,0x97,0x4,0x50,0x1,
0x97,0x4,0xa0,0x1,0x0,0x0,0x0,0x0,
0x0,0x0,0x0,0x0,0x0,0x0,0x0,0x0,
0x0,0x0,0xff,0xff,0xff,0xff,0xff,0xff,
0x0,0x0,0x0,0x0,0x54,0x0,0x0,0x0,
0x54,0x0,0x0,0x0,0x54,0x0,0x0,0x0,
0x0,0x0,0x0,0x0,0x54,0x0,0x0,0x0,
0x54,0x0,0x0,0x0,0x0,0x0,0x1,0x0,
0x54,0x0,0x0,0x0,0x0,0x0,0x0,0x0,
0x6c,0x0,0x0,0x0,0x97,0x4,0x50,0x1,
0x0,0x0,0x0,0x0,0x6c,0x0,0x0,0x0,
0x0,0x0,0x0,0x0,0x6c,0x0,0x0,0x0,
0x0,0x0,0x0,0x0,0x7e,0x0,0x0,0x0,
0x0,0x0,0x2,0x0,0x9,0x0,0x0,0x0,
0x0,0x0,0x0,0x0,0x97,0x4,0xa0,0x1,
0x97,0x4,0x50,0x2,0x0,0x0,0x0,0x0,
0xe1,0x0,0x0,0x0,0x0,0x0,0x0,0x0,
0x0,0x0,0xff,0xff,0xff,0xff,0xff,0xff,
0x0,0x0,0x0,0x0,0x54,0x0,0x0,0x0,
0x54,0x0,0x0,0x0,0x54,0x0,0x0,0x0,
0x0,0x0,0x0,0x0,0x54,0x0,0x0,0x0,
0x54,0x0,0x0,0x0,0x0,0x0,0x5,0x0,
0x54,0x0,0x0,0x0,0x0,0x0,0x0,0x0,
0xcc,0x0,0x0,0x0,0x99,0x4,0x10,0x1,
0x0,0x0,0x0,0x0,0xcc,0x0,0x0,0x0,
0x0,0x0,0x0,0x0,0xcc,0x0,0x0,0x0,
0x0,0x0,0x0,0x0,0x23,0x1,0x0,0x0,
0x0,0x0,0x8,0x0,0x4c,0x1,0x0,0x0,
0x0,0x0,0x0,0x0,0x9e,0x4,0x50,0x1,
0x9e,0x4,0xf0,0x1,0xcf,0x0,0x0,0x0,
0x0,0x0,0x7,0x0,0x94,0x1,0x0,0x0,
0x0,0x0,0x0,0x0,0x9d,0x4,0x50,0x1,
0x9d,0x4,0xc0,0x1,0xe7,0x0,0x0,0x0,
0x0,0x0,0x1,0x0,0x1,0x0,0x0,0x0,
0x0,0x0,0x0,0x0,0x9c,0x4,0x50,0x1,
0x9c,0x4,0xb0,0x1,0xa,0x0,0x0,0x0,
0x0,0x0,0x7,0x0,0x93,0x1,0x0,0x0,
0x0,0x0,0x0,0x0,0x9b,0x4,0x50,0x1,
0x9b,0x4,0xd0,0x1,0x9,0x0,0x0,0x0,
0x0,0x0,0x7,0x0,0x92,0x1,0x0,0x0,
0x0,0x0,0x0,0x0,0x9a,0x4,0x50,0x1,
0x9a,0x4,0xc0,0x1,0x0,0x0,0x0,0x0,
0x77,0x0,0x0,0x0,0x0,0x0,0x0,0x0,
0x0,0x0,0xff,0xff,0xff,0xff,0xff,0xff,
0x0,0x0,0x1,0x0,0x54,0x0,0x0,0x0,
0x54,0x0,0x0,0x0,0x60,0x0,0x0,0x0,
0x0,0x0,0x0,0x0,0x60,0x0,0x0,0x0,
0x60,0x0,0x0,0x0,0x0,0x0,0x6,0x0,
0x60,0x0,0x0,0x0,0x0,0x0,0x0,0x0,
0xf0,0x0,0x0,0x0,0x9e,0x4,0xf0,0x1,
0x0,0x0,0x0,0x0,0xf0,0x0,0x0,0x0,
0x0,0x0,0x0,0x0,0xf0,0x0,0x0,0x0,
0x0,0x0,0x0,0x0,0xd2,0x0,0x0,0x0,
0x1,0x0,0x0,0x30,0x9f,0x4,0x90,0x1,
0x73,0x0,0x0,0x0,0x0,0x0,0x2,0x0,
0x7,0x0,0x0,0x0,0x0,0x0,0x0,0x0,
0xa2,0x4,0x90,0x1,0xa2,0x4,0x20,0x2,
0xa,0x0,0x0,0x0,0x0,0x0,0x2,0x0,
0x2d,0x0,0x0,0x0,0x0,0x0,0x0,0x0,
0xa1,0x4,0x90,0x1,0xa1,0x4,0x10,0x2,
0x9,0x0,0x0,0x0,0x0,0x0,0x7,0x0,
0x95,0x1,0x0,0x0,0x0,0x0,0x0,0x0,
0xa0,0x4,0x90,0x1,0xa0,0x4,0x0,0x2,
0x0,0x0,0x0,0x0,0x0,0x0,0x8,0x0,
0x4d,0x1,0x0,0x0,0x0,0x0,0x0,0x0,
0xa3,0x4,0x90,0x1,0xa3,0x4,0x90,0x1,
0x0,0x0,0x0,0x0,0x0,0x0,0x8,0x0,
0x4f,0x1,0x0,0x0,0x0,0x0,0x0,0x0,
0xa8,0x4,0x90,0x1,0xa8,0x4,0x90,0x1,
0x0,0x0,0x0,0x0,0x0,0x0,0x8,0x0,
0x53,0x1,0x0,0x0,0x0,0x0,0x0,0x0,
0xb4,0x4,0x90,0x1,0xb4,0x4,0x90,0x1,
0x7a,0x0,0x0,0x0,0x0,0x0,0x0,0x0,
0x0,0x0,0xff,0xff,0xff,0xff,0xff,0xff,
0x0,0x0,0x0,0x0,0x54,0x0,0x0,0x0,
0x54,0x0,0x0,0x0,0x54,0x0,0x0,0x0,
0x0,0x0,0x0,0x0,0x54,0x0,0x0,0x0,
0x54,0x0,0x0,0x0,0x0,0x0,0x3,0x0,
0x54,0x0,0x0,0x0,0x0,0x0,0x0,0x0,
0x9c,0x0,0x0,0x0,0xa3,0x4,0x90,0x1,
0x0,0x0,0x0,0x0,0x9c,0x0,0x0,0x0,
0x0,0x0,0x0,0x0,0x9c,0x0,0x0,0x0,
0x0,0x0,0x0,0x0,0xd,0x0,0x0,0x0,
0x0,0x0,0x7,0x0,0x97,0x1,0x0,0x0,
0x0,0x0,0x0,0x0,0xa5,0x4,0xd0,0x1,
0xa5,0x4,0x40,0x2,0x55,0x0,0x0,0x0,
0x0,0x0,0x7,0x0,0x96,0x1,0x0,0x0,
0x0,0x0,0x0,0x0,0xa4,0x4,0xd0,0x1,
0xa4,0x4,0x30,0x2,0x7d,0x0,0x0,0x0,
0x0,0x0,0xa,0x0,0x4e,0x1,0x0,0x0,
0x0,0x0,0x0,0x0,0xa6,0x4,0xd0,0x1,
0xa6,0x4,0x20,0x2,0x0,0x0,0x0,0x0,
0x0,0x0,0x0,0x0,0x0,0x0,0x0,0x0,
0x0,0x0,0xff,0xff,0xff,0xff,0xff,0xff,
0x0,0x0,0x0,0x0,0x54,0x0,0x0,0x0,
0x54,0x0,0x0,0x0,0x54,0x0,0x0,0x0,
0x0,0x0,0x0,0x0,0x54,0x0,0x0,0x0,
0x54,0x0,0x0,0x0,0x0,0x0,0x1,0x0,
0x54,0x0,0x0,0x0,0x0,0x0,0x0,0x0,
0x6c,0x0,0x0,0x0,0xa6,0x4,0xd0,0x1,
0x0,0x0,0x0,0x0,0x6c,0x0,0x0,0x0,
0x0,0x0,0x0,0x0,0x6c,0x0,0x0,0x0,
0x0,0x0,0x0,0x0,0x7e,0x0,0x0,0x0,
0x0,0x0,0x2,0x0,0x9,0x0,0x0,0x0,
0x0,0x0,0x0,0x0,0xa6,0x4,0x20,0x2,
0xa6,0x4,0xd0,0x2,0x0,0x0,0x0,0x0,
0x91,0x0,0x0,0x0,0x0,0x0,0x0,0x0,
0x0,0x0,0xff,0xff,0xff,0xff,0xff,0xff,
0x0,0x0,0x0,0x0,0x54,0x0,0x0,0x0,
0x54,0x0,0x0,0x0,0x54,0x0,0x0,0x0,
0x0,0x0,0x0,0x0,0x54,0x0,0x0,0x0,
0x54,0x0,0x0,0x0,0x0,0x0,0x2,0x0,
0x54,0x0,0x0,0x0,0x0,0x0,0x0,0x0,
0x84,0x0,0x0,0x0,0xa8,0x4,0x90,0x1,
0x0,0x0,0x0,0x0,0x84,0x0,0x0,0x0,
0x0,0x0,0x0,0x0,0x84,0x0,0x0,0x0,
0x0,0x0,0x0,0x0,0x73,0x0,0x0,0x0,
0x0,0x0,0x2,0x0,0x11,0x0,0x0,0x0,
0x0,0x0,0x0,0x0,0xa9,0x4,0xd0,0x1,
0xa9,0x4,0x60,0x2,0x0,0x0,0x0,0x0,
0x0,0x0,0x8,0x0,0x50,0x1,0x0,0x0,
0x0,0x0,0x0,0x0,0xaa,0x4,0xd0,0x1,
0xaa,0x4,0xd0,0x1,0x0,0x0,0x0,0x0,
0xce,0x0,0x0,0x0,0x0,0x0,0x0,0x0,
0x0,0x0,0xff,0xff,0xff,0xff,0xff,0xff,
0x0,0x0,0x0,0x0,0x54,0x0,0x0,0x0,
0x54,0x0,0x0,0x0,0x54,0x0,0x0,0x0,
0x0,0x0,0x0,0x0,0x54,0x0,0x0,0x0,
0x54,0x0,0x0,0x0,0x0,0x0,0x2,0x0,
0x54,0x0,0x0,0x0,0x0,0x0,0x0,0x0,
0x84,0x0,0x0,0x0,0xaa,0x4,0xd0,0x1,
0x0,0x0,0x0,0x0,0x84,0x0,0x0,0x0,
0x0,0x0,0x0,0x0,0x84,0x0,0x0,0x0,
0x0,0x0,0x0,0x0,0xcf,0x0,0x0,0x0,
0x0,0x0,0x7,0x0,0x98,0x1,0x0,0x0,
0x0,0x0,0x0,0x0,0xab,0x4,0x10,0x2,
0xab,0x4,0x80,0x2,0x0,0x0,0x0,0x0,
0x0,0x0,0x8,0x0,0x51,0x1,0x0,0x0,
0x0,0x0,0x0,0x0,0xac,0x4,0x10,0x2,
0xac,0x4,0x10,0x2,0x0,0x0,0x0,0x0,
0x7a,0x0,0x0,0x0,0x0,0x0,0x0,0x0,
0x0,0x0,0xff,0xff,0xff,0xff,0xff,0xff,
0x0,0x0,0x1,0x0,0x54,0x0,0x0,0x0,
0x54,0x0,0x0,0x0,0x60,0x0,0x0,0x0,
0x0,0x0,0x0,0x0,0x60,0x0,0x0,0x0,
0x60,0x0,0x0,0x0,0x0,0x0,0x3,0x0,
0x60,0x0,0x0,0x0,0x0,0x0,0x0,0x0,
0xa8,0x0,0x0,0x0,0xac,0x4,0x10,0x2,
0x0,0x0,0x0,0x0,0xa8,0x0,0x0,0x0,
0x0,0x0,0x0,0x0,0xa8,0x0,0x0,0x0,
0x0,0x0,0x0,0x0,0xd2,0x0,0x0,0x0,
0x5,0x0,0x0,0x30,0xad,0x4,0x50,0x2,
0xd,0x0,0x0,0x0,0x0,0x0,0x7,0x0,
0x9a,0x1,0x0,0x0,0x0,0x0,0x0,0x0,
0xaf,0x4,0x50,0x2,0xaf,0x4,0xc0,0x2,
0x55,0x0,0x0,0x0,0x0,0x0,0x7,0x0,
0x99,0x1,0x0,0x0,0x0,0x0,0x0,0x0,
0xae,0x4,0x50,0x2,0xae,0x4,0xb0,0x2,
0x7d,0x0,0x0,0x0,0x0,0x0,0xa,0x0,
0x52,0x1,0x0,0x0,0x0,0x0,0x0,0x0,
0xb0,0x4,0x50,0x2,0xb0,0x4,0xa0,0x2,
0x0,0x0,0x0,0x0,0x0,0x0,0x0,0x0,
0x0,0x0,0xff,0xff,0xff,0xff,0xff,0xff,
0x0,0x0,0x0,0x0,0x54,0x0,0x0,0x0,
0x54,0x0,0x0,0x0,0x54,0x0,0x0,0x0,
0x0,0x0,0x0,0x0,0x54,0x0,0x0,0x0,
0x54,0x0,0x0,0x0,0x0,0x0,0x1,0x0,
0x54,0x0,0x0,0x0,0x0,0x0,0x0,0x0,
0x6c,0x0,0x0,0x0,0xb0,0x4,0x50,0x2,
0x0,0x0,0x0,0x0,0x6c,0x0,0x0,0x0,
0x0,0x0,0x0,0x0,0x6c,0x0,0x0,0x0,
0x0,0x0,0x0,0x0,0x7e,0x0,0x0,0x0,
0x0,0x0,0x2,0x0,0x9,0x0,0x0,0x0,
0x0,0x0,0x0,0x0,0xb0,0x4,0xa0,0x2,
0xb0,0x4,0x50,0x3,0x0,0x0,0x0,0x0,
0x7a,0x0,0x0,0x0,0x0,0x0,0x0,0x0,
0x0,0x0,0xff,0xff,0xff,0xff,0xff,0xff,
0x0,0x0,0x0,0x0,0x54,0x0,0x0,0x0,
0x54,0x0,0x0,0x0,0x54,0x0,0x0,0x0,
0x0,0x0,0x0,0x0,0x54,0x0,0x0,0x0,
0x54,0x0,0x0,0x0,0x0,0x0,0x5,0x0,
0x54,0x0,0x0,0x0,0x0,0x0,0x0,0x0,
0xcc,0x0,0x0,0x0,0xb4,0x4,0x90,0x1,
0x0,0x0,0x0,0x0,0xcc,0x0,0x0,0x0,
0x0,0x0,0x0,0x0,0xcc,0x0,0x0,0x0,
0x0,0x0,0x0,0x0,0x45,0x1,0x0,0x0,
0x0,0x0,0x7,0x0,0x9d,0x1,0x0,0x0,
0x0,0x0,0x0,0x0,0xb9,0x4,0xd0,0x1,
0xb9,0x4,0x40,0x2,0xd,0x0,0x0,0x0,
0x0,0x0,0x7,0x0,0x9c,0x1,0x0,0x0,
0x0,0x0,0x0,0x0,0xb7,0x4,0xd0,0x1,
0xb7,0x4,0x40,0x2,0x55,0x0,0x0,0x0,
0x0,0x0,0x7,0x0,0x9b,0x1,0x0,0x0,
0x0,0x0,0x0,0x0,0xb6,0x4,0xd0,0x1,
0xb6,0x4,0x30,0x2,0x74,0x0,0x0,0x0,
0x0,0x0,0x9,0x0,0x54,0x1,0x0,0x0,
0x0,0x0,0x0,0x0,0xb5,0x4,0xd0,0x1,
0xb5,0x4,0x40,0x2,0x7d,0x0,0x0,0x0,
0x0,0x0,0xa,0x0,0x55,0x1,0x0,0x0,
0x0,0x0,0x0,0x0,0xb8,0x4,0xd0,0x1,
0xb8,0x4,0x20,0x2,0x0,0x0,0x0,0x0,
0x0,0x0,0x0,0x0,0x0,0x0,0x0,0x0,
0x0,0x0,0xff,0xff,0xff,0xff,0xff,0xff,
0x0,0x0,0x0,0x0,0x54,0x0,0x0,0x0,
0x54,0x0,0x0,0x0,0x54,0x0,0x0,0x0,
0x0,0x0,0x0,0x0,0x54,0x0,0x0,0x0,
0x54,0x0,0x0,0x0,0x0,0x0,0x1,0x0,
0x54,0x0,0x0,0x0,0x0,0x0,0x0,0x0,
0x6c,0x0,0x0,0x0,0xb5,0x4,0xd0,0x1,
0x0,0x0,0x0,0x0,0x6c,0x0,0x0,0x0,
0x0,0x0,0x0,0x0,0x6c,0x0,0x0,0x0,
0x0,0x0,0x0,0x0,0x75,0x0,0x0,0x0,
0x0,0x0,0x1,0x0,0x1,0x0,0x0,0x0,
0x0,0x0,0x0,0x0,0xb5,0x4,0x40,0x2,
0xb5,0x4,0xf0,0x2,0x0,0x0,0x0,0x0,
0x0,0x0,0x0,0x0,0x0,0x0,0x0,0x0,
0x0,0x0,0xff,0xff,0xff,0xff,0xff,0xff,
0x0,0x0,0x0,0x0,0x54,0x0,0x0,0x0,
0x54,0x0,0x0,0x0,0x54,0x0,0x0,0x0,
0x0,0x0,0x0,0x0,0x54,0x0,0x0,0x0,
0x54,0x0,0x0,0x0,0x0,0x0,0x1,0x0,
0x54,0x0,0x0,0x0,0x0,0x0,0x0,0x0,
0x6c,0x0,0x0,0x0,0xb8,0x4,0xd0,0x1,
0x0,0x0,0x0,0x0,0x6c,0x0,0x0,0x0,
0x0,0x0,0x0,0x0,0x6c,0x0,0x0,0x0,
0x0,0x0,0x0,0x0,0x7e,0x0,0x0,0x0,
0x0,0x0,0x2,0x0,0x1b,0x0,0x0,0x0,
0x0,0x0,0x0,0x0,0xb8,0x4,0x20,0x2,
0xb8,0x4,0xd0,0x2,0x0,0x0,0x0,0x0,
0x91,0x0,0x0,0x0,0x0,0x0,0x0,0x0,
0x0,0x0,0xff,0xff,0xff,0xff,0xff,0xff,
0x0,0x0,0x0,0x0,0x54,0x0,0x0,0x0,
0x54,0x0,0x0,0x0,0x54,0x0,0x0,0x0,
0x0,0x0,0x0,0x0,0x54,0x0,0x0,0x0,
0x54,0x0,0x0,0x0,0x0,0x0,0x4,0x0,
0x54,0x0,0x0,0x0,0x0,0x0,0x0,0x0,
0xb4,0x0,0x0,0x0,0xbd,0x4,0x10,0x1,
0x0,0x0,0x0,0x0,0xb4,0x0,0x0,0x0,
0x0,0x0,0x0,0x0,0xb4,0x0,0x0,0x0,
0x0,0x0,0x0,0x0,0x73,0x0,0x0,0x0,
0x0,0x0,0x2,0x0,0x7,0x0,0x0,0x0,
0x0,0x0,0x0,0x0,0xbe,0x4,0x50,0x1,
0xbe,0x4,0xe0,0x1,0x0,0x0,0x0,0x0,
0x0,0x0,0x8,0x0,0x58,0x1,0x0,0x0,
0x0,0x0,0x0,0x0,0xc0,0x4,0x50,0x1,
0xc0,0x4,0x50,0x1,0x0,0x0,0x0,0x0,
0x0,0x0,0x8,0x0,0x5a,0x1,0x0,0x0,
0x0,0x0,0x0,0x0,0xc6,0x4,0x50,0x1,
0xc6,0x4,0x50,0x1,0x70,0x0,0x0,0x0,
0x0,0x0,0xa,0x0,0x57,0x1,0x0,0x0,
0x0,0x0,0x0,0x0,0xbf,0x4,0x50,0x1,
0xbf,0x4,0xd0,0x1,0x0,0x0,0x0,0x0,
0x0,0x0,0x0,0x0,0x0,0x0,0x0,0x0,
0x0,0x0,0xff,0xff,0xff,0xff,0xff,0xff,
0x0,0x0,0x0,0x0,0x54,0x0,0x0,0x0,
0x54,0x0,0x0,0x0,0x54,0x0,0x0,0x0,
0x0,0x0,0x0,0x0,0x54,0x0,0x0,0x0,
0x54,0x0,0x0,0x0,0x0,0x0,0x1,0x0,
0x54,0x0,0x0,0x0,0x0,0x0,0x0,0x0,
0x6c,0x0,0x0,0x0,0xbf,0x4,0x50,0x1,
0x0,0x0,0x0,0x0,0x6c,0x0,0x0,0x0,
0x0,0x0,0x0,0x0,0x6c,0x0,0x0,0x0,
0x0,0x0,0x0,0x0,0xc1,0x0,0x0,0x0,
0x0,0x0,0x7,0x0,0x9e,0x1,0x0,0x0,
0x0,0x0,0x0,0x0,0xbf,0x4,0xd0,0x1,
0xbf,0x4,0x40,0x2,0x0,0x0,0x0,0x0,
0x4b,0x1,0x0,0x0,0x0,0x0,0x0,0x0,
0x0,0x0,0xff,0xff,0xff,0xff,0xff,0xff,
0x0,0x0,0x0,0x0,0x54,0x0,0x0,0x0,
0x54,0x0,0x0,0x0,0x54,0x0,0x0,0x0,
0x0,0x0,0x0,0x0,0x54,0x0,0x0,0x0,
0x54,0x0,0x0,0x0,0x0,0x0,0x4,0x0,
0x54,0x0,0x0,0x0,0x0,0x0,0x0,0x0,
0xb4,0x0,0x0,0x0,0xc0,0x4,0x50,0x1,
0x0,0x0,0x0,0x0,0xb4,0x0,0x0,0x0,
0x0,0x0,0x0,0x0,0xb4,0x0,0x0,0x0,
0x0,0x0,0x0,0x0,0x8c,0x0,0x0,0x0,
0x0,0x0,0x7,0x0,0x9f,0x1,0x0,0x0,
0x0,0x0,0x0,0x0,0xc4,0x4,0x90,0x1,
0xc4,0x4,0x40,0x2,0x4d,0x1,0x0,0x0,
0x0,0x0,0x1,0x0,0x1,0x0,0x0,0x0,
0x0,0x0,0x0,0x0,0xc2,0x4,0x90,0x1,
0xc2,0x4,0xf0,0x1,0x55,0x0,0x0,0x0,
0x0,0x0,0x5,0x0,0x24,0x0,0x0,0x0,
0x0,0x0,0x0,0x0,0xc1,0x4,0x90,0x1,
0xc1,0x4,0xf0,0x1,0x7d,0x0,0x0,0x0,
0x0,0x0,0xa,0x0,0x59,0x1,0x0,0x0,
0x0,0x0,0x0,0x0,0xc3,0x4,0x90,0x1,
0xc3,0x4,0xe0,0x1,0x0,0x0,0x0,0x0,
0x0,0x0,0x0,0x0,0x0,0x0,0x0,0x0,
0x0,0x0,0xff,0xff,0xff,0xff,0xff,0xff,
0x0,0x0,0x0,0x0,0x54,0x0,0x0,0x0,
0x54,0x0,0x0,0x0,0x54,0x0,0x0,0x0,
0x0,0x0,0x0,0x0,0x54,0x0,0x0,0x0,
0x54,0x0,0x0,0x0,0x0,0x0,0x1,0x0,
0x54,0x0,0x0,0x0,0x0,0x0,0x0,0x0,
0x6c,0x0,0x0,0x0,0xc3,0x4,0x90,0x1,
0x0,0x0,0x0,0x0,0x6c,0x0,0x0,0x0,
0x0,0x0,0x0,0x0,0x6c,0x0,0x0,0x0,
0x0,0x0,0x0,0x0,0x7e,0x0,0x0,0x0,
0x0,0x0,0x2,0x0,0x9,0x0,0x0,0x0,
0x0,0x0,0x0,0x0,0xc3,0x4,0xe0,0x1,
0xc3,0x4,0x90,0x2,0x0,0x0,0x0,0x0,
0x4b,0x1,0x0,0x0,0x0,0x0,0x0,0x0,
0x0,0x0,0xff,0xff,0xff,0xff,0xff,0xff,
0x0,0x0,0x0,0x0,0x54,0x0,0x0,0x0,
0x54,0x0,0x0,0x0,0x54,0x0,0x0,0x0,
0x0,0x0,0x0,0x0,0x54,0x0,0x0,0x0,
0x54,0x0,0x0,0x0,0x0,0x0,0x5,0x0,
0x54,0x0,0x0,0x0,0x0,0x0,0x0,0x0,
0xcc,0x0,0x0,0x0,0xc6,0x4,0x50,0x1,
0x0,0x0,0x0,0x0,0xcc,0x0,0x0,0x0,
0x0,0x0,0x0,0x0,0xcc,0x0,0x0,0x0,
0x0,0x0,0x0,0x0,0x8c,0x0,0x0,0x0,
0x0,0x0,0x7,0x0,0xa0,0x1,0x0,0x0,
0x0,0x0,0x0,0x0,0xcb,0x4,0x90,0x1,
0xcb,0x4,0x40,0x2,0x4d,0x1,0x0,0x0,
0x0,0x0,0x1,0x0,0x1,0x0,0x0,0x0,
0x0,0x0,0x0,0x0,0xc8,0x4,0x90,0x1,
0xc8,0x4,0xf0,0x1,0x55,0x0,0x0,0x0,
0x0,0x0,0x5,0x0,0x25,0x0,0x0,0x0,
0x0,0x0,0x0,0x0,0xc7,0x4,0x90,0x1,
0xc7,0x4,0xf0,0x1,0x4f,0x1,0x0,0x0,
0x0,0x0,0xa,0x0,0x5c,0x1,0x0,0x0,
0x0,0x0,0x0,0x0,0xca,0x4,0x90,0x1,
0xca,0x4,0x10,0x2,0x7d,0x0,0x0,0x0,
0x0,0x0,0xa,0x0,0x5b,0x1,0x0,0x0,
0x0,0x0,0x0,0x0,0xc9,0x4,0x90,0x1,
0xc9,0x4,0xe0,0x1,0x0,0x0,0x0,0x0,
0x0,0x0,0x0,0x0,0x0,0x0,0x0,0x0,
0x0,0x0,0xff,0xff,0xff,0xff,0xff,0xff,
0x0,0x0,0x0,0x0,0x54,0x0,0x0,0x0,
0x54,0x0,0x0,0x0,0x54,0x0,0x0,0x0,
0x0,0x0,0x0,0x0,0x54,0x0,0x0,0x0,
0x54,0x0,0x0,0x0,0x0,0x0,0x1,0x0,
0x54,0x0,0x0,0x0,0x0,0x0,0x0,0x0,
0x6c,0x0,0x0,0x0,0xc9,0x4,0x90,0x1,
0x0,0x0,0x0,0x0,0x6c,0x0,0x0,0x0,
0x0,0x0,0x0,0x0,0x6c,0x0,0x0,0x0,
0x0,0x0,0x0,0x0,0x7e,0x0,0x0,0x0,
0x0,0x0,0x2,0x0,0x9,0x0,0x0,0x0,
0x0,0x0,0x0,0x0,0xc9,0x4,0xe0,0x1,
0xc9,0x4,0x90,0x2,0x0,0x0,0x0,0x0,
0x0,0x0,0x0,0x0,0x0,0x0,0x0,0x0,
0x0,0x0,0xff,0xff,0xff,0xff,0xff,0xff,
0x0,0x0,0x0,0x0,0x54,0x0,0x0,0x0,
0x54,0x0,0x0,0x0,0x54,0x0,0x0,0x0,
0x0,0x0,0x0,0x0,0x54,0x0,0x0,0x0,
0x54,0x0,0x0,0x0,0x0,0x0,0x1,0x0,
0x54,0x0,0x0,0x0,0x0,0x0,0x0,0x0,
0x6c,0x0,0x0,0x0,0xca,0x4,0x90,0x1,
0x0,0x0,0x0,0x0,0x6c,0x0,0x0,0x0,
0x0,0x0,0x0,0x0,0x6c,0x0,0x0,0x0,
0x0,0x0,0x0,0x0,0x50,0x1,0x0,0x0,
0x0,0x0,0x7,0x0,0xa1,0x1,0x0,0x0,
0x0,0x0,0x0,0x0,0xca,0x4,0x10,0x2,
0xca,0x4,0xd0,0x2,0x0,0x0,0x0,0x0,
0x50,0x0,0x0,0x0,0x0,0x0,0x0,0x0,
0x0,0x0,0xff,0xff,0xff,0xff,0xff,0xff,
0x0,0x0,0x0,0x0,0x54,0x0,0x0,0x0,
0x54,0x0,0x0,0x0,0x54,0x0,0x0,0x0,
0x0,0x0,0x0,0x0,0x54,0x0,0x0,0x0,
0x54,0x0,0x0,0x0,0x0,0x0,0x6,0x0,
0x54,0x0,0x0,0x0,0x0,0x0,0x0,0x0,
0xe4,0x0,0x0,0x0,0xd8,0x4,0x50,0x0,
0x0,0x0,0x0,0x0,0xe4,0x0,0x0,0x0,
0x0,0x0,0x0,0x0,0xe4,0x0,0x0,0x0,
0x0,0x0,0x0,0x0,0x25,0x1,0x0,0x0,
0x0,0x0,0x2,0x0,0x1e,0x0,0x0,0x0,
0x0,0x0,0x0,0x0,0xdc,0x4,0x90,0x0,
0xdc,0x4,0xc0,0x0,0xd,0x0,0x0,0x0,
0x0,0x0,0x3,0x0,0x0,0x0,0x0,0x0,
0x48,0x1,0x0,0x0,0xdb,0x4,0x90,0x0,
0xdb,0x4,0x0,0x1,0x8,0x0,0x0,0x0,
0x0,0x0,0x7,0x0,0xa2,0x1,0x0,0x0,
0x0,0x0,0x0,0x0,0xd9,0x4,0x90,0x0,
0xd9,0x4,0x20,0x1,0x0,0x0,0x0,0x0,
0x0,0x0,0x8,0x0,0x5f,0x1,0x0,0x0,
0x0,0x0,0x0,0x0,0xdd,0x4,0x90,0x0,
0xdd,0x4,0x90,0x0,0x0,0x0,0x0,0x0,
0x0,0x0,0x8,0x0,0x61,0x1,0x0,0x0,
0x0,0x0,0x0,0x0,0xdf,0x4,0x90,0x0,
0xdf,0x4,0x90,0x0,0x70,0x0,0x0,0x0,
0x0,0x0,0xa,0x0,0x5e,0x1,0x0,0x0,
0x0,0x0,0x0,0x0,0xda,0x4,0x90,0x0,
0xda,0x4,0x10,0x1,0x0,0x0,0x0,0x0,
0x0,0x0,0x0,0x0,0x0,0x0,0x0,0x0,
0x0,0x0,0xff,0xff,0xff,0xff,0xff,0xff,
0x0,0x0,0x0,0x0,0x54,0x0,0x0,0x0,
0x54,0x0,0x0,0x0,0x54,0x0,0x0,0x0,
0x0,0x0,0x0,0x0,0x54,0x0,0x0,0x0,
0x54,0x0,0x0,0x0,0x0,0x0,0x1,0x0,
0x54,0x0,0x0,0x0,0x0,0x0,0x0,0x0,
0x6c,0x0,0x0,0x0,0xda,0x4,0x90,0x0,
0x0,0x0,0x0,0x0,0x6c,0x0,0x0,0x0,
0x0,0x0,0x0,0x0,0x6c,0x0,0x0,0x0,
0x0,0x0,0x0,0x0,0x71,0x0,0x0,0x0,
0x0,0x0,0x7,0x0,0xa3,0x1,0x0,0x0,
0x0,0x0,0x0,0x0,0xda,0x4,0x10,0x1,
0xda,0x4,0x70,0x1,0x0,0x0,0x0,0x0,
0x87,0x0,0x0,0x0,0x0,0x0,0x0,0x0,
0x0,0x0,0xff,0xff,0xff,0xff,0xff,0xff,
0x0,0x0,0x0,0x0,0x54,0x0,0x0,0x0,
0x54,0x0,0x0,0x0,0x54,0x0,0x0,0x0,
0x0,0x0,0x0,0x0,0x54,0x0,0x0,0x0,
0x54,0x0,0x0,0x0,0x0,0x0,0x2,0x0,
0x54,0x0,0x0,0x0,0x0,0x0,0x0,0x0,
0x84,0x0,0x0,0x0,0xdd,0x4,0x90,0x0,
0x0,0x0,0x0,0x0,0x84,0x0,0x0,0x0,
0x0,0x0,0x0,0x0,0x84,0x0,0x0,0x0,
0x0,0x0,0x0,0x0,0x8c,0x0,0x0,0x0,
0x0,0x0,0x7,0x0,0xa4,0x1,0x0,0x0,
0x0,0x0,0x0,0x0,0xdd,0x4,0xb0,0x2,
0xdd,0x4,0x60,0x3,0x70,0x0,0x0,0x0,
0x0,0x0,0xa,0x0,0x60,0x1,0x0,0x0,
0x0,0x0,0x0,0x0,0xdd,0x4,0x50,0x1,
0xdd,0x4,0xd0,0x1,0x0,0x0,0x0,0x0,
0x0,0x0,0x0,0x0,0x0,0x0,0x0,0x0,
0x0,0x0,0xff,0xff,0xff,0xff,0xff,0xff,
0x0,0x0,0x0,0x0,0x54,0x0,0x0,0x0,
0x54,0x0,0x0,0x0,0x54,0x0,0x0,0x0,
0x0,0x0,0x0,0x0,0x54,0x0,0x0,0x0,
0x54,0x0,0x0,0x0,0x0,0x0,0x1,0x0,
0x54,0x0,0x0,0x0,0x0,0x0,0x0,0x0,
0x6c,0x0,0x0,0x0,0xdd,0x4,0x50,0x1,
0x0,0x0,0x0,0x0,0x6c,0x0,0x0,0x0,
0x0,0x0,0x0,0x0,0x6c,0x0,0x0,0x0,
0x0,0x0,0x0,0x0,0x71,0x0,0x0,0x0,
0x0,0x0,0x7,0x0,0xa5,0x1,0x0,0x0,
0x0,0x0,0x0,0x0,0xdd,0x4,0xd0,0x1,
0xdd,0x4,0x30,0x2,0x0,0x0,0x0,0x0,
0x50,0x0,0x0,0x0,0x0,0x0,0x0,0x0,
0x0,0x0,0xff,0xff,0xff,0xff,0xff,0xff,
0x0,0x0,0x0,0x0,0x54,0x0,0x0,0x0,
0x54,0x0,0x0,0x0,0x54,0x0,0x0,0x0,
0x0,0x0,0x0,0x0,0x54,0x0,0x0,0x0,
0x54,0x0,0x0,0x0,0x0,0x0,0x6,0x0,
0x54,0x0,0x0,0x0,0x0,0x0,0x0,0x0,
0xe4,0x0,0x0,0x0,0xdf,0x4,0x90,0x0,
0x0,0x0,0x0,0x0,0xe4,0x0,0x0,0x0,
0x0,0x0,0x0,0x0,0xe4,0x0,0x0,0x0,
0x0,0x0,0x0,0x0,0xd,0x0,0x0,0x0,
0x0,0x0,0x3,0x0,0x0,0x0,0x0,0x0,
0xe,0x0,0x0,0x0,0xe3,0x4,0xd0,0x0,
0xe3,0x4,0x40,0x1,0xa,0x0,0x0,0x0,
0x0,0x0,0x7,0x0,0xa6,0x1,0x0,0x0,
0x0,0x0,0x0,0x0,0xe2,0x4,0xd0,0x0,
0xe2,0x4,0x50,0x1,0x9,0x0,0x0,0x0,
0x0,0x0,0x2,0x0,0x21,0x0,0x0,0x0,
0x0,0x0,0x0,0x0,0xe1,0x4,0xd0,0x0,
0xe1,0x4,0x40,0x1,0x0,0x0,0x0,0x0,
0x0,0x0,0x8,0x0,0x64,0x1,0x0,0x0,
0x0,0x0,0x0,0x0,0xe6,0x4,0xd0,0x0,
0xe6,0x4,0xd0,0x0,0x90,0x0,0x0,0x0,
0x0,0x0,0xa,0x0,0x63,0x1,0x0,0x0,
0x0,0x0,0x0,0x0,0xe4,0x4,0xd0,0x0,
0xe4,0x4,0x40,0x1,0x70,0x0,0x0,0x0,
0x0,0x0,0xa,0x0,0x62,0x1,0x0,0x0,
0x0,0x0,0x0,0x0,0xe0,0x4,0xd0,0x0,
0xe0,0x4,0x50,0x1,0x0,0x0,0x0,0x0,
0x0,0x0,0x0,0x0,0x0,0x0,0x0,0x0,
0x0,0x0,0xff,0xff,0xff,0xff,0xff,0xff,
0x0,0x0,0x0,0x0,0x54,0x0,0x0,0x0,
0x54,0x0,0x0,0x0,0x54,0x0,0x0,0x0,
0x0,0x0,0x0,0x0,0x54,0x0,0x0,0x0,
0x54,0x0,0x0,0x0,0x0,0x0,0x1,0x0,
0x54,0x0,0x0,0x0,0x0,0x0,0x0,0x0,
0x6c,0x0,0x0,0x0,0xe0,0x4,0xd0,0x0,
0x0,0x0,0x0,0x0,0x6c,0x0,0x0,0x0,
0x0,0x0,0x0,0x0,0x6c,0x0,0x0,0x0,
0x0,0x0,0x0,0x0,0x93,0x0,0x0,0x0,
0x0,0x0,0x7,0x0,0xa7,0x1,0x0,0x0,
0x0,0x0,0x0,0x0,0xe0,0x4,0x50,0x1,
0xe0,0x4,0xf0,0x1,0x0,0x0,0x0,0x0,
0x0,0x0,0x0,0x0,0x0,0x0,0x0,0x0,
0x0,0x0,0xff,0xff,0xff,0xff,0xff,0xff,
0x0,0x0,0x0,0x0,0x54,0x0,0x0,0x0,
0x54,0x0,0x0,0x0,0x54,0x0,0x0,0x0,
0x0,0x0,0x0,0x0,0x54,0x0,0x0,0x0,
0x54,0x0,0x0,0x0,0x0,0x0,0x2,0x0,
0x54,0x0,0x0,0x0,0x0,0x0,0x0,0x0,
0x84,0x0,0x0,0x0,0xe4,0x4,0xd0,0x0,
0x0,0x0,0x0,0x0,0x84,0x0,0x0,0x0,
0x0,0x0,0x0,0x0,0x84,0x0,0x0,0x0,
0x0,0x0,0x0,0x0,0xd,0x0,0x0,0x0,
0x0,0x0,0x7,0x0,0xa8,0x1,0x0,0x0,
0x0,0x0,0x0,0x0,0xe5,0x4,0x40,0x1,
0xe5,0x4,0xb0,0x1,0x9,0x0,0x0,0x0,
0x0,0x0,0x2,0x0,0x8,0x0,0x0,0x0,
0x0,0x0,0x0,0x0,0xe4,0x4,0x40,0x1,
0xe4,0x4,0xb0,0x1,0x0,0x0,0x0,0x0,
0xc9,0x0,0x0,0x0,0x52,0x1,0x0,0x0,
0x0,0x0,0xff,0xff,0xff,0xff,0xff,0xff,
0x0,0x0,0x0,0x0,0x54,0x0,0x0,0x0,
0x54,0x0,0x0,0x0,0x54,0x0,0x0,0x0,
0x0,0x0,0x0,0x0,0x54,0x0,0x0,0x0,
0x54,0x0,0x0,0x0,0x0,0x0,0x6,0x0,
0x54,0x0,0x0,0x0,0x0,0x0,0x0,0x0,
0xe4,0x0,0x0,0x0,0xe6,0x4,0xd0,0x0,
0xe7,0x4,0x10,0x1,0xe4,0x0,0x0,0x0,
0x0,0x0,0x0,0x0,0xe4,0x0,0x0,0x0,
0x0,0x0,0x0,0x0,0x73,0x0,0x0,0x0,
0x0,0x0,0x2,0x0,0x14,0x0,0x0,0x0,
0x0,0x0,0x0,0x0,0xea,0x4,0x10,0x1,
0xea,0x4,0xa0,0x1,0x9,0x0,0x0,0x0,
0x0,0x0,0x7,0x0,0xa9,0x1,0x0,0x0,
0x0,0x0,0x0,0x0,0xe9,0x4,0x10,0x1,
0xe9,0x4,0x80,0x1,0x0,0x0,0x0,0x0,
0x0,0x0,0x8,0x0,0x66,0x1,0x0,0x0,
0x0,0x0,0x0,0x0,0xeb,0x4,0x10,0x1,
0xeb,0x4,0x10,0x1,0x0,0x0,0x0,0x0,
0x0,0x0,0x8,0x0,0x68,0x1,0x0,0x0,
0x0,0x0,0x0,0x0,0xf3,0x4,0x10,0x1,
0xf3,0x4,0x10,0x1,0x0,0x0,0x0,0x0,
0x0,0x0,0x8,0x0,0x6a,0x1,0x0,0x0,
0x0,0x0,0x0,0x0,0xfe,0x4,0x10,0x1,
0xfe,0x4,0x10,0x1,0x70,0x0,0x0,0x0,
0x0,0x0,0xa,0x0,0x65,0x1,0x0,0x0,
0x0,0x0,0x0,0x0,0xe8,0x4,0x10,0x1,
0xe8,0x4,0x90,0x1,0x0,0x0,0x0,0x0,
0x0,0x0,0x0,0x0,0x0,0x0,0x0,0x0,
0x0,0x0,0xff,0xff,0xff,0xff,0xff,0xff,
0x0,0x0,0x0,0x0,0x54,0x0,0x0,0x0,
0x54,0x0,0x0,0x0,0x54,0x0,0x0,0x0,
0x0,0x0,0x0,0x0,0x54,0x0,0x0,0x0,
0x54,0x0,0x0,0x0,0x0,0x0,0x1,0x0,
0x54,0x0,0x0,0x0,0x0,0x0,0x0,0x0,
0x6c,0x0,0x0,0x0,0xe8,0x4,0x10,0x1,
0x0,0x0,0x0,0x0,0x6c,0x0,0x0,0x0,
0x0,0x0,0x0,0x0,0x6c,0x0,0x0,0x0,
0x0,0x0,0x0,0x0,0x93,0x0,0x0,0x0,
0x0,0x0,0x7,0x0,0xaa,0x1,0x0,0x0,
0x0,0x0,0x0,0x0,0xe8,0x4,0x90,0x1,
0xe8,0x4,0x30,0x2,0x0,0x0,0x0,0x0,
0x7a,0x0,0x0,0x0,0x0,0x0,0x0,0x0,
0x0,0x0,0xff,0xff,0xff,0xff,0xff,0xff,
0x0,0x0,0x0,0x0,0x54,0x0,0x0,0x0,
0x54,0x0,0x0,0x0,0x54,0x0,0x0,0x0,
0x0,0x0,0x0,0x0,0x54,0x0,0x0,0x0,
0x54,0x0,0x0,0x0,0x0,0x0,0x3,0x0,
0x54,0x0,0x0,0x0,0x0,0x0,0x0,0x0,
0x9c,0x0,0x0,0x0,0xeb,0x4,0x10,0x1,
0x0,0x0,0x0,0x0,0x9c,0x0,0x0,0x0,
0x0,0x0,0x0,0x0,0x9c,0x0,0x0,0x0,
0x0,0x0,0x0,0x0,0xd,0x0,0x0,0x0,
0x0,0x0,0x7,0x0,0xac,0x1,0x0,0x0,
0x0,0x0,0x0,0x0,0xef,0x4,0x50,0x1,
0xef,0x4,0xc0,0x1,0x55,0x0,0x0,0x0,
0x0,0x0,0x7,0x0,0xab,0x1,0x0,0x0,
0x0,0x0,0x0,0x0,0xec,0x4,0x50,0x1,
0xec,0x4,0xb0,0x1,0x7d,0x0,0x0,0x0,
0x0,0x0,0xa,0x0,0x67,0x1,0x0,0x0,
0x0,0x0,0x0,0x0,0xf0,0x4,0x50,0x1,
0xf0,0x4,0xa0,0x1,0x0,0x0,0x0,0x0,
0x0,0x0,0x0,0x0,0x0,0x0,0x0,0x0,
0x0,0x0,0xff,0xff,0xff,0xff,0xff,0xff,
0x0,0x0,0x0,0x0,0x54,0x0,0x0,0x0,
0x54,0x0,0x0,0x0,0x54,0x0,0x0,0x0,
0x0,0x0,0x0,0x0,0x54,0x0,0x0,0x0,
0x54,0x0,0x0,0x0,0x0,0x0,0x2,0x0,
0x54,0x0,0x0,0x0,0x0,0x0,0x0,0x0,
0x84,0x0,0x0,0x0,0xf0,0x4,0x50,0x1,
0x0,0x0,0x0,0x0,0x84,0x0,0x0,0x0,
0x0,0x0,0x0,0x0,0x84,0x0,0x0,0x0,
0x0,0x0,0x0,0x0,0x7f,0x0,0x0,0x0,
0x0,0x0,0x2,0x0,0x8,0x0,0x0,0x0,
0x0,0x0,0x0,0x0,0xf1,0x4,0xa0,0x1,
0xf1,0x4,0x90,0x2,0x7e,0x0,0x0,0x0,
0x0,0x0,0x2,0x0,0x13,0x0,0x0,0x0,
0x0,0x0,0x0,0x0,0xf0,0x4,0xa0,0x1,
0xf0,0x4,0x50,0x2,0x0,0x0,0x0,0x0,
0x7a,0x0,0x0,0x0,0x0,0x0,0x0,0x0,
0x0,0x0,0xff,0xff,0xff,0xff,0xff,0xff,
0x0,0x0,0x0,0x0,0x54,0x0,0x0,0x0,
0x54,0x0,0x0,0x0,0x54,0x0,0x0,0x0,
0x0,0x0,0x0,0x0,0x54,0x0,0x0,0x0,
0x54,0x0,0x0,0x0,0x0,0x0,0x5,0x0,
0x54,0x0,0x0,0x0,0x0,0x0,0x0,0x0,
0xcc,0x0,0x0,0x0,0xf3,0x4,0x10,0x1,
0x0,0x0,0x0,0x0,0xcc,0x0,0x0,0x0,
0x0,0x0,0x0,0x0,0xcc,0x0,0x0,0x0,
0x0,0x0,0x0,0x0,0xd,0x0,0x0,0x0,
0x0,0x0,0x7,0x0,0xb0,0x1,0x0,0x0,
0x0,0x0,0x0,0x0,0xfb,0x4,0x50,0x1,
0xfb,0x4,0xc0,0x1,0x55,0x0,0x0,0x0,
0x0,0x0,0x7,0x0,0xaf,0x1,0x0,0x0,
0x0,0x0,0x0,0x0,0xf6,0x4,0x50,0x1,
0xf6,0x4,0xb0,0x1,0x31,0x1,0x0,0x0,
0x0,0x0,0x7,0x0,0xae,0x1,0x0,0x0,
0x0,0x0,0x0,0x0,0xf5,0x4,0x50,0x1,
0xf5,0x4,0xf0,0x1,0x9,0x0,0x0,0x0,
0x0,0x0,0x7,0x0,0xad,0x1,0x0,0x0,
0x0,0x0,0x0,0x0,0xf4,0x4,0x50,0x1,
0xf4,0x4,0xc0,0x1,0x7d,0x0,0x0,0x0,
0x0,0x0,0xa,0x0,0x69,0x1,0x0,0x0,
0x0,0x0,0x0,0x0,0xfc,0x4,0x50,0x1,
0xfc,0x4,0xa0,0x1,0x0,0x0,0x0,0x0,
0x0,0x0,0x0,0x0,0x0,0x0,0x0,0x0,
0x0,0x0,0xff,0xff,0xff,0xff,0xff,0xff,
0x0,0x0,0x0,0x0,0x54,0x0,0x0,0x0,
0x54,0x0,0x0,0x0,0x54,0x0,0x0,0x0,
0x0,0x0,0x0,0x0,0x54,0x0,0x0,0x0,
0x54,0x0,0x0,0x0,0x0,0x0,0x1,0x0,
0x54,0x0,0x0,0x0,0x0,0x0,0x0,0x0,
0x6c,0x0,0x0,0x0,0xfc,0x4,0x50,0x1,
0x0,0x0,0x0,0x0,0x6c,0x0,0x0,0x0,
0x0,0x0,0x0,0x0,0x6c,0x0,0x0,0x0,
0x0,0x0,0x0,0x0,0x7e,0x0,0x0,0x0,
0x0,0x0,0x2,0x0,0x9,0x0,0x0,0x0,
0x0,0x0,0x0,0x0,0xfc,0x4,0xa0,0x1,
0xfc,0x4,0x50,0x2,0x0,0x0,0x0,0x0,
0x91,0x0,0x0,0x0,0x0,0x0,0x0,0x0,
0x0,0x0,0xff,0xff,0xff,0xff,0xff,0xff,
0x0,0x0,0x0,0x0,0x54,0x0,0x0,0x0,
0x54,0x0,0x0,0x0,0x54,0x0,0x0,0x0,
0x0,0x0,0x0,0x0,0x54,0x0,0x0,0x0,
0x54,0x0,0x0,0x0,0x0,0x0,0x4,0x0,
0x54,0x0,0x0,0x0,0x0,0x0,0x0,0x0,
0xb4,0x0,0x0,0x0,0xfe,0x4,0x10,0x1,
0x0,0x0,0x0,0x0,0xb4,0x0,0x0,0x0,
0x0,0x0,0x0,0x0,0xb4,0x0,0x0,0x0,
0x0,0x0,0x0,0x0,0x73,0x0,0x0,0x0,
0x0,0x0,0x2,0x0,0x7,0x0,0x0,0x0,
0x0,0x0,0x0,0x0,0xff,0x4,0x50,0x1,
0xff,0x4,0xe0,0x1,0x0,0x0,0x0,0x0,
0x0,0x0,0x8,0x0,0x6c,0x1,0x0,0x0,
0x0,0x0,0x0,0x0,0x1,0x5,0x50,0x1,
0x1,0x5,0x50,0x1,0x0,0x0,0x0,0x0,
0x0,0x0,0x8,0x0,0x6e,0x1,0x0,0x0,
0x0,0x0,0x0,0x0,0x7,0x5,0x50,0x1,
0x7,0x5,0x50,0x1,0x70,0x0,0x0,0x0,
0x0,0x0,0xa,0x0,0x6b,0x1,0x0,0x0,
0x0,0x0,0x0,0x0,0x0,0x5,0x50,0x1,
0x0,0x5,0xd0,0x1,0x0,0x0,0x0,0x0,
0x0,0x0,0x0,0x0,0x0,0x0,0x0,0x0,
0x0,0x0,0xff,0xff,0xff,0xff,0xff,0xff,
0x0,0x0,0x0,0x0,0x54,0x0,0x0,0x0,
0x54,0x0,0x0,0x0,0x54,0x0,0x0,0x0,
0x0,0x0,0x0,0x0,0x54,0x0,0x0,0x0,
0x54,0x0,0x0,0x0,0x0,0x0,0x1,0x0,
0x54,0x0,0x0,0x0,0x0,0x0,0x0,0x0,
0x6c,0x0,0x0,0x0,0x0,0x5,0x50,0x1,
0x0,0x0,0x0,0x0,0x6c,0x0,0x0,0x0,
0x0,0x0,0x0,0x0,0x6c,0x0,0x0,0x0,
0x0,0x0,0x0,0x0,0xc1,0x0,0x0,0x0,
0x0,0x0,0x7,0x0,0xb1,0x1,0x0,0x0,
0x0,0x0,0x0,0x0,0x0,0x5,0xd0,0x1,
0x0,0x5,0x40,0x2,0x0,0x0,0x0,0x0,
0x4b,0x1,0x0,0x0,0x0,0x0,0x0,0x0,
0x0,0x0,0xff,0xff,0xff,0xff,0xff,0xff,
0x0,0x0,0x0,0x0,0x54,0x0,0x0,0x0,
0x54,0x0,0x0,0x0,0x54,0x0,0x0,0x0,
0x0,0x0,0x0,0x0,0x54,0x0,0x0,0x0,
0x54,0x0,0x0,0x0,0x0,0x0,0x4,0x0,
0x54,0x0,0x0,0x0,0x0,0x0,0x0,0x0,
0xb4,0x0,0x0,0x0,0x1,0x5,0x50,0x1,
0x0,0x0,0x0,0x0,0xb4,0x0,0x0,0x0,
0x0,0x0,0x0,0x0,0xb4,0x0,0x0,0x0,
0x0,0x0,0x0,0x0,0x8c,0x0,0x0,0x0,
0x0,0x0,0x7,0x0,0xb2,0x1,0x0,0x0,
0x0,0x0,0x0,0x0,0x5,0x5,0x90,0x1,
0x5,0x5,0x40,0x2,0x4d,0x1,0x0,0x0,
0x0,0x0,0x1,0x0,0x1,0x0,0x0,0x0,
0x0,0x0,0x0,0x0,0x3,0x5,0x90,0x1,
0x3,0x5,0xf0,0x1,0x55,0x0,0x0,0x0,
0x0,0x0,0x5,0x0,0x26,0x0,0x0,0x0,
0x0,0x0,0x0,0x0,0x2,0x5,0x90,0x1,
0x2,0x5,0xf0,0x1,0x7d,0x0,0x0,0x0,
0x0,0x0,0xa,0x0,0x6d,0x1,0x0,0x0,
0x0,0x0,0x0,0x0,0x4,0x5,0x90,0x1,
0x4,0x5,0xe0,0x1,0x0,0x0,0x0,0x0,
0x0,0x0,0x0,0x0,0x0,0x0,0x0,0x0,
0x0,0x0,0xff,0xff,0xff,0xff,0xff,0xff,
0x0,0x0,0x0,0x0,0x54,0x0,0x0,0x0,
0x54,0x0,0x0,0x0,0x54,0x0,0x0,0x0,
0x0,0x0,0x0,0x0,0x54,0x0,0x0,0x0,
0x54,0x0,0x0,0x0,0x0,0x0,0x1,0x0,
0x54,0x0,0x0,0x0,0x0,0x0,0x0,0x0,
0x6c,0x0,0x0,0x0,0x4,0x5,0x90,0x1,
0x0,0x0,0x0,0x0,0x6c,0x0,0x0,0x0,
0x0,0x0,0x0,0x0,0x6c,0x0,0x0,0x0,
0x0,0x0,0x0,0x0,0x7e,0x0,0x0,0x0,
0x0,0x0,0x2,0x0,0x9,0x0,0x0,0x0,
0x0,0x0,0x0,0x0,0x4,0x5,0xe0,0x1,
0x4,0x5,0x90,0x2,0x0,0x0,0x0,0x0,
0x4b,0x1,0x0,0x0,0x0,0x0,0x0,0x0,
0x0,0x0,0xff,0xff,0xff,0xff,0xff,0xff,
0x0,0x0,0x0,0x0,0x54,0x0,0x0,0x0,
0x54,0x0,0x0,0x0,0x54,0x0,0x0,0x0,
0x0,0x0,0x0,0x0,0x54,0x0,0x0,0x0,
0x54,0x0,0x0,0x0,0x0,0x0,0x5,0x0,
0x54,0x0,0x0,0x0,0x0,0x0,0x0,0x0,
0xcc,0x0,0x0,0x0,0x7,0x5,0x50,0x1,
0x0,0x0,0x0,0x0,0xcc,0x0,0x0,0x0,
0x0,0x0,0x0,0x0,0xcc,0x0,0x0,0x0,
0x0,0x0,0x0,0x0,0x8c,0x0,0x0,0x0,
0x0,0x0,0x7,0x0,0xb4,0x1,0x0,0x0,
0x0,0x0,0x0,0x0,0xc,0x5,0x90,0x1,
0xc,0x5,0x40,0x2,0x4d,0x1,0x0,0x0,
0x0,0x0,0x1,0x0,0x1,0x0,0x0,0x0,
0x0,0x0,0x0,0x0,0x9,0x5,0x90,0x1,
0x9,0x5,0xf0,0x1,0x55,0x0,0x0,0x0,
0x0,0x0,0x7,0x0,0xb3,0x1,0x0,0x0,
0x0,0x0,0x0,0x0,0x8,0x5,0x90,0x1,
0x8,0x5,0xf0,0x1,0x4f,0x1,0x0,0x0,
0x0,0x0,0xa,0x0,0x70,0x1,0x0,0x0,
0x0,0x0,0x0,0x0,0xb,0x5,0x90,0x1,
0xb,0x5,0x10,0x2,0x7d,0x0,0x0,0x0,
0x0,0x0,0xa,0x0,0x6f,0x1,0x0,0x0,
0x0,0x0,0x0,0x0,0xa,0x5,0x90,0x1,
0xa,0x5,0xe0,0x1,0x0,0x0,0x0,0x0,
0x0,0x0,0x0,0x0,0x0,0x0,0x0,0x0,
0x0,0x0,0xff,0xff,0xff,0xff,0xff,0xff,
0x0,0x0,0x0,0x0,0x54,0x0,0x0,0x0,
0x54,0x0,0x0,0x0,0x54,0x0,0x0,0x0,
0x0,0x0,0x0,0x0,0x54,0x0,0x0,0x0,
0x54,0x0,0x0,0x0,0x0,0x0,0x1,0x0,
0x54,0x0,0x0,0x0,0x0,0x0,0x0,0x0,
0x6c,0x0,0x0,0x0,0xa,0x5,0x90,0x1,
0x0,0x0,0x0,0x0,0x6c,0x0,0x0,0x0,
0x0,0x0,0x0,0x0,0x6c,0x0,0x0,0x0,
0x0,0x0,0x0,0x0,0x7e,0x0,0x0,0x0,
0x0,0x0,0x2,0x0,0x9,0x0,0x0,0x0,
0x0,0x0,0x0,0x0,0xa,0x5,0xe0,0x1,
0xa,0x5,0x90,0x2,0x0,0x0,0x0,0x0,
0x0,0x0,0x0,0x0,0x0,0x0,0x0,0x0,
0x0,0x0,0xff,0xff,0xff,0xff,0xff,0xff,
0x0,0x0,0x0,0x0,0x54,0x0,0x0,0x0,
0x54,0x0,0x0,0x0,0x54,0x0,0x0,0x0,
0x0,0x0,0x0,0x0,0x54,0x0,0x0,0x0,
0x54,0x0,0x0,0x0,0x0,0x0,0x1,0x0,
0x54,0x0,0x0,0x0,0x0,0x0,0x0,0x0,
0x6c,0x0,0x0,0x0,0xb,0x5,0x90,0x1,
0x0,0x0,0x0,0x0,0x6c,0x0,0x0,0x0,
0x0,0x0,0x0,0x0,0x6c,0x0,0x0,0x0,
0x0,0x0,0x0,0x0,0x50,0x1,0x0,0x0,
0x0,0x0,0x7,0x0,0xb5,0x1,0x0,0x0,
0x0,0x0,0x0,0x0,0xb,0x5,0x10,0x2,
0xb,0x5,0xd0,0x2,0x0,0x0,0x0,0x0,
0x50,0x0,0x0,0x0,0x53,0x1,0x0,0x0,
0x0,0x0,0xff,0xff,0xff,0xff,0xff,0xff,
0x0,0x0,0x0,0x0,0x54,0x0,0x0,0x0,
0x54,0x0,0x0,0x0,0x54,0x0,0x0,0x0,
0x0,0x0,0x0,0x0,0x54,0x0,0x0,0x0,
0x54,0x0,0x0,0x0,0x0,0x0,0x7,0x0,
0x54,0x0,0x0,0x0,0x0,0x0,0x0,0x0,
0xfc,0x0,0x0,0x0,0x1a,0x5,0x50,0x0,
0x1b,0x5,0x90,0x0,0xfc,0x0,0x0,0x0,
0x0,0x0,0x0,0x0,0xfc,0x0,0x0,0x0,
0x0,0x0,0x0,0x0,0x5a,0x1,0x0,0x0,
0x0,0x0,0x7,0x0,0xb6,0x1,0x0,0x0,
0x0,0x0,0x0,0x0,0x3b,0x5,0x90,0x0,
0x3b,0x5,0xb0,0x1,0xa4,0x0,0x0,0x0,
0x4,0x0,0x8,0x0,0x7c,0x1,0x0,0x0,
0x0,0x0,0x0,0x0,0x38,0x5,0x50,0x1,
0x38,0x5,0x90,0x0,0x25,0x1,0x0,0x0,
0x0,0x0,0x2,0x0,0x2e,0x0,0x0,0x0,
0x0,0x0,0x0,0x0,0x1e,0x5,0x90,0x0,
0x1e,0x5,0xc0,0x0,0xd,0x0,0x0,0x0,
0x0,0x0,0x3,0x0,0x0,0x0,0x0,0x0,
0xe,0x0,0x0,0x0,0x1d,0x5,0x90,0x0,
0x1d,0x5,0x0,0x1,0x0,0x0,0x0,0x0,
0x0,0x0,0x8,0x0,0x73,0x1,0x0,0x0,
0x0,0x0,0x0,0x0,0x20,0x5,0x90,0x0,
0x20,0x5,0x90,0x0,0x0,0x0,0x0,0x0,
0x0,0x0,0x8,0x0,0x7b,0x1,0x0,0x0,
0x0,0x0,0x0,0x0,0x33,0x5,0x90,0x0,
0x33,0x5,0x90,0x0,0x70,0x0,0x0,0x0,
0x0,0x0,0xa,0x0,0x72,0x1,0x0,0x0,
0x0,0x0,0x0,0x0,0x1c,0x5,0x90,0x0,
0x1c,0x5,0x10,0x1,0x0,0x0,0x0,0x0,
0x0,0x0,0x0,0x0,0x0,0x0,0x0,0x0,
0x0,0x0,0xff,0xff,0xff,0xff,0xff,0xff,
0x0,0x0,0x0,0x0,0x54,0x0,0x0,0x0,
0x54,0x0,0x0,0x0,0x54,0x0,0x0,0x0,
0x0,0x0,0x0,0x0,0x54,0x0,0x0,0x0,
0x54,0x0,0x0,0x0,0x0,0x0,0x1,0x0,
0x54,0x0,0x0,0x0,0x0,0x0,0x0,0x0,
0x6c,0x0,0x0,0x0,0x1c,0x5,0x90,0x0,
0x0,0x0,0x0,0x0,0x6c,0x0,0x0,0x0,
0x0,0x0,0x0,0x0,0x6c,0x0,0x0,0x0,
0x0,0x0,0x0,0x0,0x71,0x0,0x0,0x0,
0x0,0x0,0x7,0x0,0xb7,0x1,0x0,0x0,
0x0,0x0,0x0,0x0,0x1c,0x5,0x10,0x1,
0x1c,0x5,0x70,0x1,0x0,0x0,0x0,0x0,
0xc9,0x0,0x0,0x0,0x0,0x0,0x0,0x0,
0x0,0x0,0xff,0xff,0xff,0xff,0xff,0xff,
0x0,0x0,0x0,0x0,0x54,0x0,0x0,0x0,
0x54,0x0,0x0,0x0,0x54,0x0,0x0,0x0,
0x0,0x0,0x0,0x0,0x54,0x0,0x0,0x0,
0x54,0x0,0x0,0x0,0x0,0x0,0x4,0x0,
0x54,0x0,0x0,0x0,0x0,0x0,0x0,0x0,
0xb4,0x0,0x0,0x0,0x20,0x5,0x90,0x0,
0x0,0x0,0x0,0x0,0xb4,0x0,0x0,0x0,
0x0,0x0,0x0,0x0,0xb4,0x0,0x0,0x0,
0x0,0x0,0x0,0x0,0x73,0x0,0x0,0x0,
0x0,0x0,0x2,0x0,0x2f,0x0,0x0,0x0,
0x0,0x0,0x0,0x0,0x22,0x5,0xd0,0x0,
0x22,0x5,0x60,0x1,0x0,0x0,0x0,0x0,
0x0,0x0,0x8,0x0,0x75,0x1,0x0,0x0,
0x0,0x0,0x0,0x0,0x23,0x5,0xd0,0x0,
0x23,0x5,0xd0,0x0,0x0,0x0,0x0,0x0,
0x0,0x0,0x8,0x0,0x78,0x1,0x0,0x0,
0x0,0x0,0x0,0x0,0x2a,0x5,0xd0,0x0,
0x2a,0x5,0xd0,0x0,0x70,0x0,0x0,0x0,
0x0,0x0,0xa,0x0,0x74,0x1,0x0,0x0,
0x0,0x0,0x0,0x0,0x21,0x5,0xd0,0x0,
0x21,0x5,0x50,0x1,0x0,0x0,0x0,0x0,
0x0,0x0,0x0,0x0,0x0,0x0,0x0,0x0,
0x0,0x0,0xff,0xff,0xff,0xff,0xff,0xff,
0x0,0x0,0x0,0x0,0x54,0x0,0x0,0x0,
0x54,0x0,0x0,0x0,0x54,0x0,0x0,0x0,
0x0,0x0,0x0,0x0,0x54,0x0,0x0,0x0,
0x54,0x0,0x0,0x0,0x0,0x0,0x1,0x0,
0x54,0x0,0x0,0x0,0x0,0x0,0x0,0x0,
0x6c,0x0,0x0,0x0,0x21,0x5,0xd0,0x0,
0x0,0x0,0x0,0x0,0x6c,0x0,0x0,0x0,
0x0,0x0,0x0,0x0,0x6c,0x0,0x0,0x0,
0x0,0x0,0x0,0x0,0x93,0x0,0x0,0x0,
0x0,0x0,0x7,0x0,0xb8,0x1,0x0,0x0,
0x0,0x0,0x0,0x0,0x21,0x5,0x50,0x1,
0x21,0x5,0xf0,0x1,0x0,0x0,0x0,0x0,
0x1b,0x1,0x0,0x0,0x0,0x0,0x0,0x0,
0x0,0x0,0xff,0xff,0xff,0xff,0xff,0xff,
0x0,0x0,0x0,0x0,0x54,0x0,0x0,0x0,
0x54,0x0,0x0,0x0,0x54,0x0,0x0,0x0,
0x0,0x0,0x0,0x0,0x54,0x0,0x0,0x0,
0x54,0x0,0x0,0x0,0x0,0x0,0x5,0x0,
0x54,0x0,0x0,0x0,0x0,0x0,0x0,0x0,
0xcc,0x0,0x0,0x0,0x23,0x5,0xd0,0x0,
0x0,0x0,0x0,0x0,0xcc,0x0,0x0,0x0,
0x0,0x0,0x0,0x0,0xcc,0x0,0x0,0x0,
0x0,0x0,0x0,0x0,0x1f,0x1,0x0,0x0,
0x0,0x0,0x7,0x0,0xb9,0x1,0x0,0x0,
0x0,0x0,0x0,0x0,0x27,0x5,0x10,0x1,
0x27,0x5,0xb0,0x1,0x9,0x0,0x0,0x0,
0x0,0x0,0x2,0x0,0x30,0x0,0x0,0x0,
0x0,0x0,0x0,0x0,0x26,0x5,0x10,0x1,
0x26,0x5,0x80,0x1,0x1c,0x1,0x0,0x0,
0x0,0x0,0x3,0x0,0x0,0x0,0x0,0x0,
0x54,0x1,0x0,0x0,0x24,0x5,0x10,0x1,
0x24,0x5,0x90,0x1,0x70,0x0,0x0,0x0,
0x0,0x0,0xa,0x0,0x77,0x1,0x0,0x0,
0x0,0x0,0x0,0x0,0x28,0x5,0x10,0x1,
0x28,0x5,0x90,0x1,0x1e,0x1,0x0,0x0,
0x0,0x0,0xa,0x0,0x76,0x1,0x0,0x0,
0x0,0x0,0x0,0x0,0x25,0x5,0x10,0x1,
0x25,0x5,0xc0,0x1,0x0,0x0,0x0,0x0,
0x0,0x0,0x0,0x0,0x0,0x0,0x0,0x0,
0x0,0x0,0xff,0xff,0xff,0xff,0xff,0xff,
0x0,0x0,0x0,0x0,0x54,0x0,0x0,0x0,
0x54,0x0,0x0,0x0,0x54,0x0,0x0,0x0,
0x0,0x0,0x0,0x0,0x54,0x0,0x0,0x0,
0x54,0x0,0x0,0x0,0x0,0x0,0x1,0x0,
0x54,0x0,0x0,0x0,0x0,0x0,0x0,0x0,
0x6c,0x0,0x0,0x0,0x25,0x5,0x10,0x1,
0x0,0x0,0x0,0x0,0x6c,0x0,0x0,0x0,
0x0,0x0,0x0,0x0,0x6c,0x0,0x0,0x0,
0x0,0x0,0x0,0x0,0x9,0x0,0x0,0x0,
0x0,0x0,0x2,0x0,0x30,0x0,0x0,0x0,
0x0,0x0,0x0,0x0,0x25,0x5,0xc0,0x1,
0x25,0x5,0x30,0x2,0x0,0x0,0x0,0x0,
0x0,0x0,0x0,0x0,0x0,0x0,0x0,0x0,
0x0,0x0,0xff,0xff,0xff,0xff,0xff,0xff,
0x0,0x0,0x0,0x0,0x54,0x0,0x0,0x0,
0x54,0x0,0x0,0x0,0x54,0x0,0x0,0x0,
0x0,0x0,0x0,0x0,0x54,0x0,0x0,0x0,
0x54,0x0,0x0,0x0,0x0,0x0,0x1,0x0,
0x54,0x0,0x0,0x0,0x0,0x0,0x0,0x0,
0x6c,0x0,0x0,0x0,0x28,0x5,0x10,0x1,
0x0,0x0,0x0,0x0,0x6c,0x0,0x0,0x0,
0x0,0x0,0x0,0x0,0x6c,0x0,0x0,0x0,
0x0,0x0,0x0,0x0,0xca,0x0,0x0,0x0,
0x0,0x0,0x7,0x0,0xba,0x1,0x0,0x0,
0x0,0x0,0x0,0x0,0x28,0x5,0x90,0x1,
0x28,0x5,0xb0,0x2,0x0,0x0,0x0,0x0,
0x7a,0x0,0x0,0x0,0x0,0x0,0x0,0x0,
0x0,0x0,0xff,0xff,0xff,0xff,0xff,0xff,
0x0,0x0,0x0,0x0,0x54,0x0,0x0,0x0,
0x54,0x0,0x0,0x0,0x54,0x0,0x0,0x0,
0x0,0x0,0x0,0x0,0x54,0x0,0x0,0x0,
0x54,0x0,0x0,0x0,0x0,0x0,0x4,0x0,
0x54,0x0,0x0,0x0,0x0,0x0,0x0,0x0,
0xb4,0x0,0x0,0x0,0x2a,0x5,0xd0,0x0,
0x0,0x0,0x0,0x0,0xb4,0x0,0x0,0x0,
0x0,0x0,0x0,0x0,0xb4,0x0,0x0,0x0,
0x0,0x0,0x0,0x0,0xd,0x0,0x0,0x0,
0x0,0x0,0x7,0x0,0xbb,0x1,0x0,0x0,
0x0,0x0,0x0,0x0,0x2d,0x5,0x10,0x1,
0x2d,0x5,0x80,0x1,0x55,0x0,0x0,0x0,
0x0,0x0,0x3,0x0,0x0,0x0,0x0,0x0,
0xc,0x0,0x0,0x0,0x2c,0x5,0x10,0x1,
0x2c,0x5,0x70,0x1,0x7d,0x0,0x0,0x0,
0x0,0x0,0xa,0x0,0x7a,0x1,0x0,0x0,
0x0,0x0,0x0,0x0,0x2e,0x5,0x10,0x1,
0x2e,0x5,0x60,0x1,0x70,0x0,0x0,0x0,
0x0,0x0,0xa,0x0,0x79,0x1,0x0,0x0,
0x0,0x0,0x0,0x0,0x2b,0x5,0x10,0x1,
0x2b,0x5,0x90,0x1,0x0,0x0,0x0,0x0,
0x0,0x0,0x0,0x0,0x0,0x0,0x0,0x0,
0x0,0x0,0xff,0xff,0xff,0xff,0xff,0xff,
0x0,0x0,0x0,0x0,0x54,0x0,0x0,0x0,
0x54,0x0,0x0,0x0,0x54,0x0,0x0,0x0,
0x0,0x0,0x0,0x0,0x54,0x0,0x0,0x0,
0x54,0x0,0x0,0x0,0x0,0x0,0x1,0x0,
0x54,0x0,0x0,0x0,0x0,0x0,0x0,0x0,
0x6c,0x0,0x0,0x0,0x2b,0x5,0x10,0x1,
0x0,0x0,0x0,0x0,0x6c,0x0,0x0,0x0,
0x0,0x0,0x0,0x0,0x6c,0x0,0x0,0x0,
0x0,0x0,0x0,0x0,0xca,0x0,0x0,0x0,
0x0,0x0,0x7,0x0,0xbc,0x1,0x0,0x0,
0x0,0x0,0x0,0x0,0x2b,0x5,0x90,0x1,
0x2b,0x5,0xb0,0x2,0x0,0x0,0x0,0x0,
0x0,0x0,0x0,0x0,0x0,0x0,0x0,0x0,
0x0,0x0,0xff,0xff,0xff,0xff,0xff,0xff,
0x0,0x0,0x0,0x0,0x54,0x0,0x0,0x0,
0x54,0x0,0x0,0x0,0x54,0x0,0x0,0x0,
0x0,0x0,0x0,0x0,0x54,0x0,0x0,0x0,
0x54,0x0,0x0,0x0,0x0,0x0,0x2,0x0,
0x54,0x0,0x0,0x0,0x0,0x0,0x0,0x0,
0x84,0x0,0x0,0x0,0x2e,0x5,0x10,0x1,
0x0,0x0,0x0,0x0,0x84,0x0,0x0,0x0,
0x0,0x0,0x0,0x0,0x84,0x0,0x0,0x0,
0x0,0x0,0x0,0x0,0x7f,0x0,0x0,0x0,
0x0,0x0,0x2,0x0,0x12,0x0,0x0,0x0,
0x0,0x0,0x0,0x0,0x2f,0x5,0x60,0x1,
0x2f,0x5,0x50,0x2,0x7e,0x0,0x0,0x0,
0x0,0x0,0x2,0x0,0x14,0x0,0x0,0x0,
0x0,0x0,0x0,0x0,0x2e,0x5,0x60,0x1,
0x2e,0x5,0x10,0x2,0x0,0x0,0x0,0x0,
0x48,0x0,0x0,0x0,0x0,0x0,0x0,0x0,
0x0,0x0,0xff,0xff,0xff,0xff,0xff,0xff,
0x0,0x0,0x0,0x0,0x54,0x0,0x0,0x0,
0x54,0x0,0x0,0x0,0x54,0x0,0x0,0x0,
0x0,0x0,0x0,0x0,0x54,0x0,0x0,0x0,
0x54,0x0,0x0,0x0,0x0,0x0,0x3,0x0,
0x54,0x0,0x0,0x0,0x0,0x0,0x0,0x0,
0x9c,0x0,0x0,0x0,0x33,0x5,0x90,0x0,
0x0,0x0,0x0,0x0,0x9c,0x0,0x0,0x0,
0x0,0x0,0x0,0x0,0x9c,0x0,0x0,0x0,
0x0,0x0,0x0,0x0,0x4b,0x0,0x0,0x0,
0x0,0x0,0x7,0x0,0xbd,0x1,0x0,0x0,
0x0,0x0,0x0,0x0,0x36,0x5,0xd0,0x0,
0x36,0x5,0xa0,0x1,0x9b,0x0,0x0,0x0,
0x0,0x0,0x1,0x0,0x1,0x0,0x0,0x0,
0x0,0x0,0x0,0x0,0x35,0x5,0xd0,0x0,
0x35,0x5,0x60,0x1,0x4a,0x0,0x0,0x0,
0x0,0x0,0x2,0x0,0x31,0x0,0x0,0x0,
0x0,0x0,0x0,0x0,0x34,0x5,0xd0,0x0,
0x34,0x5,0x70,0x1,0x0,0x0,0x0,0x0,
0x55,0x1,0x0,0x0,0x0,0x0,0x0,0x0,
0x0,0x0,0xff,0xff,0xff,0xff,0xff,0xff,
0x0,0x0,0x0,0x0,0x54,0x0,0x0,0x0,
0x54,0x0,0x0,0x0,0x54,0x0,0x0,0x0,
0x0,0x0,0x0,0x0,0x54,0x0,0x0,0x0,
0x54,0x0,0x0,0x0,0x0,0x0,0x1,0x0,
0x54,0x0,0x0,0x0,0x0,0x0,0x0,0x0,
0x6c,0x0,0x0,0x0,0x38,0x5,0x90,0x0,
0x0,0x0,0x0,0x0,0x6c,0x0,0x0,0x0,
0x0,0x0,0x0,0x0,0x6c,0x0,0x0,0x0,
0x0,0x0,0x0,0x0,0x0,0x0,0x0,0x0,
0x0,0x0,0x8,0x0,0x7d,0x1,0x0,0x0,
0x0,0x0,0x0,0x0,0x39,0x5,0xd0,0x0,
0x39,0x5,0xd0,0x0,0x0,0x0,0x0,0x0,
0xa1,0x0,0x0,0x0,0x0,0x0,0x0,0x0,
0x0,0x0,0xff,0xff,0xff,0xff,0xff,0xff,
0x0,0x0,0x0,0x0,0x54,0x0,0x0,0x0,
0x54,0x0,0x0,0x0,0x54,0x0,0x0,0x0,
0x0,0x0,0x0,0x0,0x54,0x0,0x0,0x0,
0x54,0x0,0x0,0x0,0x0,0x0,0x2,0x0,
0x54,0x0,0x0,0x0,0x0,0x0,0x0,0x0,
0x84,0x0,0x0,0x0,0x39,0x5,0xd0,0x0,
0x0,0x0,0x0,0x0,0x84,0x0,0x0,0x0,
0x0,0x0,0x0,0x0,0x84,0x0,0x0,0x0,
0x0,0x0,0x0,0x0,0xa3,0x0,0x0,0x0,
0x0,0x0,0x7,0x0,0xbe,0x1,0x0,0x0,
0x0,0x0,0x0,0x0,0x39,0x5,0xf0,0x1,
0x39,0x5,0x90,0x2,0x57,0x1,0x0,0x0,
0x0,0x0,0xa,0x0,0x7e,0x1,0x0,0x0,
0x0,0x0,0x0,0x0,0x39,0x5,0x60,0x3,
0x39,0x5,0xd0,0x3,0x0,0x0,0x0,0x0,
0x0,0x0,0x0,0x0,0x0,0x0,0x0,0x0,
0x0,0x0,0xff,0xff,0xff,0xff,0xff,0xff,
0x0,0x0,0x0,0x0,0x54,0x0,0x0,0x0,
0x54,0x0,0x0,0x0,0x54,0x0,0x0,0x0,
0x0,0x0,0x0,0x0,0x54,0x0,0x0,0x0,
0x54,0x0,0x0,0x0,0x0,0x0,0x1,0x0,
0x54,0x0,0x0,0x0,0x0,0x0,0x0,0x0,
0x6c,0x0,0x0,0x0,0x39,0x5,0x60,0x3,
0x0,0x0,0x0,0x0,0x6c,0x0,0x0,0x0,
0x0,0x0,0x0,0x0,0x6c,0x0,0x0,0x0,
0x0,0x0,0x0,0x0,0x58,0x1,0x0,0x0,
0x0,0x0,0x7,0x0,0xbf,0x1,0x0,0x0,
0x0,0x0,0x0,0x0,0x39,0x5,0xd0,0x3,
0x39,0x5,0x30,0x4,0x0,0x0,0x0,0x0
};
extern const QQmlPrivate::AOTCompiledFunction aotBuiltFunctions[];
extern const QQmlPrivate::AOTCompiledFunction aotBuiltFunctions[] = {
{ 10, 0, [](QV4::ExecutableCompilationUnit *contextUnit, QMetaType *argTypes) {
    struct { QV4::ExecutableCompilationUnit *compilationUnit; } c { contextUnit };
    const auto *aotContext = &c;
    Q_UNUSED(aotContext);
    argTypes[0] = QMetaType::fromType<QVariantList>();
}, 
    [](const QQmlPrivate::AOTCompiledContext *aotContext, void **argv) {
Q_UNUSED(aotContext)
Q_UNUSED(argv)
// expression for sequences at line 67, column 40
struct Storage : QQmlPrivate::AOTTrackedLocalsStorage {
Storage(const QQmlPrivate::AOTCompiledContext *ctxt, void **a)   : aotContext(ctxt), argv(a) {}
void markObjects(QV4::MarkStack *markStack) const final {    Q_UNUSED(markStack);
    aotContext->mark(v2_0, markStack);
    for (const auto &v : std::as_const(v2_7))
        aotContext->mark(v, markStack);
}
const QQmlPrivate::AOTCompiledContext *aotContext;
void **argv;
QVariant v2_0;
QVariantList v2_7;
};
Storage s(aotContext, argv);
aotContext->setLocals(&s);
// generate_LoadRuntimeString
s.v2_0 = QVariant::fromValue(QStringLiteral("1"));
{
}
// generate_StoreReg
{
}
// generate_DefineArray
s.v2_7 = QVariantList{std::move(s.v2_0)};
{
}
{
}
// generate_Ret
if (argv[0]) {
    *static_cast<QVariantList *>(argv[0]) = std::move(s.v2_7);
}
return;
}
 },{ 13, 0, [](QV4::ExecutableCompilationUnit *contextUnit, QMetaType *argTypes) {
    struct { QV4::ExecutableCompilationUnit *compilationUnit; } c { contextUnit };
    const auto *aotContext = &c;
    Q_UNUSED(aotContext);
    argTypes[0] = QMetaType::fromType<QVariantList>();
}, 
    [](const QQmlPrivate::AOTCompiledContext *aotContext, void **argv) {
Q_UNUSED(aotContext)
Q_UNUSED(argv)
// expression for sequences at line 68, column 40
struct Storage : QQmlPrivate::AOTTrackedLocalsStorage {
Storage(const QQmlPrivate::AOTCompiledContext *ctxt, void **a)   : aotContext(ctxt), argv(a) {}
void markObjects(QV4::MarkStack *markStack) const final {    Q_UNUSED(markStack);
    aotContext->mark(v2_0, markStack);
    for (const auto &v : std::as_const(v2_7))
        aotContext->mark(v, markStack);
}
const QQmlPrivate::AOTCompiledContext *aotContext;
void **argv;
QVariant v2_0;
QVariantList v2_7;
};
Storage s(aotContext, argv);
aotContext->setLocals(&s);
// generate_LoadRuntimeString
s.v2_0 = QVariant::fromValue(QStringLiteral("2"));
{
}
// generate_StoreReg
{
}
// generate_DefineArray
s.v2_7 = QVariantList{std::move(s.v2_0)};
{
}
{
}
// generate_Ret
if (argv[0]) {
    *static_cast<QVariantList *>(argv[0]) = std::move(s.v2_7);
}
return;
}
 },{ 16, 0, [](QV4::ExecutableCompilationUnit *contextUnit, QMetaType *argTypes) {
    struct { QV4::ExecutableCompilationUnit *compilationUnit; } c { contextUnit };
    const auto *aotContext = &c;
    Q_UNUSED(aotContext);
    argTypes[0] = QMetaType::fromType<QVariantList>();
}, 
    [](const QQmlPrivate::AOTCompiledContext *aotContext, void **argv) {
Q_UNUSED(aotContext)
Q_UNUSED(argv)
// expression for sequences at line 69, column 40
struct Storage : QQmlPrivate::AOTTrackedLocalsStorage {
Storage(const QQmlPrivate::AOTCompiledContext *ctxt, void **a)   : aotContext(ctxt), argv(a) {}
void markObjects(QV4::MarkStack *markStack) const final {    Q_UNUSED(markStack);
    aotContext->mark(v2_0, markStack);
    for (const auto &v : std::as_const(v2_7))
        aotContext->mark(v, markStack);
}
const QQmlPrivate::AOTCompiledContext *aotContext;
void **argv;
QVariant v2_0;
QVariantList v2_7;
};
Storage s(aotContext, argv);
aotContext->setLocals(&s);
// generate_LoadRuntimeString
s.v2_0 = QVariant::fromValue(QStringLiteral("3"));
{
}
// generate_StoreReg
{
}
// generate_DefineArray
s.v2_7 = QVariantList{std::move(s.v2_0)};
{
}
{
}
// generate_Ret
if (argv[0]) {
    *static_cast<QVariantList *>(argv[0]) = std::move(s.v2_7);
}
return;
}
 },{ 19, 0, [](QV4::ExecutableCompilationUnit *contextUnit, QMetaType *argTypes) {
    struct { QV4::ExecutableCompilationUnit *compilationUnit; } c { contextUnit };
    const auto *aotContext = &c;
    Q_UNUSED(aotContext);
    argTypes[0] = QMetaType::fromType<QVariantList>();
}, 
    [](const QQmlPrivate::AOTCompiledContext *aotContext, void **argv) {
Q_UNUSED(aotContext)
Q_UNUSED(argv)
// expression for sequences at line 70, column 40
struct Storage : QQmlPrivate::AOTTrackedLocalsStorage {
Storage(const QQmlPrivate::AOTCompiledContext *ctxt, void **a)   : aotContext(ctxt), argv(a) {}
void markObjects(QV4::MarkStack *markStack) const final {    Q_UNUSED(markStack);
    aotContext->mark(v2_0, markStack);
    for (const auto &v : std::as_const(v2_7))
        aotContext->mark(v, markStack);
}
const QQmlPrivate::AOTCompiledContext *aotContext;
void **argv;
QVariant v2_0;
QVariantList v2_7;
};
Storage s(aotContext, argv);
aotContext->setLocals(&s);
// generate_LoadRuntimeString
s.v2_0 = QVariant::fromValue(QStringLiteral("4"));
{
}
// generate_StoreReg
{
}
// generate_DefineArray
s.v2_7 = QVariantList{std::move(s.v2_0)};
{
}
{
}
// generate_Ret
if (argv[0]) {
    *static_cast<QVariantList *>(argv[0]) = std::move(s.v2_7);
}
return;
}
 },{ 22, 0, [](QV4::ExecutableCompilationUnit *contextUnit, QMetaType *argTypes) {
    struct { QV4::ExecutableCompilationUnit *compilationUnit; } c { contextUnit };
    const auto *aotContext = &c;
    Q_UNUSED(aotContext);
    argTypes[0] = QMetaType::fromType<QVariantList>();
}, 
    [](const QQmlPrivate::AOTCompiledContext *aotContext, void **argv) {
Q_UNUSED(aotContext)
Q_UNUSED(argv)
// expression for sequences at line 71, column 40
struct Storage : QQmlPrivate::AOTTrackedLocalsStorage {
Storage(const QQmlPrivate::AOTCompiledContext *ctxt, void **a)   : aotContext(ctxt), argv(a) {}
void markObjects(QV4::MarkStack *markStack) const final {    Q_UNUSED(markStack);
    aotContext->mark(v2_0, markStack);
    for (const auto &v : std::as_const(v2_7))
        aotContext->mark(v, markStack);
}
const QQmlPrivate::AOTCompiledContext *aotContext;
void **argv;
QVariant v2_0;
QVariantList v2_7;
};
Storage s(aotContext, argv);
aotContext->setLocals(&s);
// generate_LoadRuntimeString
s.v2_0 = QVariant::fromValue(QStringLiteral("5"));
{
}
// generate_StoreReg
{
}
// generate_DefineArray
s.v2_7 = QVariantList{std::move(s.v2_0)};
{
}
{
}
// generate_Ret
if (argv[0]) {
    *static_cast<QVariantList *>(argv[0]) = std::move(s.v2_7);
}
return;
}
 },{ 25, 0, [](QV4::ExecutableCompilationUnit *contextUnit, QMetaType *argTypes) {
    struct { QV4::ExecutableCompilationUnit *compilationUnit; } c { contextUnit };
    const auto *aotContext = &c;
    Q_UNUSED(aotContext);
    argTypes[0] = QMetaType::fromType<QVariantList>();
}, 
    [](const QQmlPrivate::AOTCompiledContext *aotContext, void **argv) {
Q_UNUSED(aotContext)
Q_UNUSED(argv)
// expression for sequences at line 72, column 40
struct Storage : QQmlPrivate::AOTTrackedLocalsStorage {
Storage(const QQmlPrivate::AOTCompiledContext *ctxt, void **a)   : aotContext(ctxt), argv(a) {}
void markObjects(QV4::MarkStack *markStack) const final {    Q_UNUSED(markStack);
    aotContext->mark(v2_0, markStack);
    for (const auto &v : std::as_const(v2_7))
        aotContext->mark(v, markStack);
}
const QQmlPrivate::AOTCompiledContext *aotContext;
void **argv;
QVariant v2_0;
QVariantList v2_7;
};
Storage s(aotContext, argv);
aotContext->setLocals(&s);
// generate_LoadRuntimeString
s.v2_0 = QVariant::fromValue(QStringLiteral("0"));
{
}
// generate_StoreReg
{
}
// generate_DefineArray
s.v2_7 = QVariantList{std::move(s.v2_0)};
{
}
{
}
// generate_Ret
if (argv[0]) {
    *static_cast<QVariantList *>(argv[0]) = std::move(s.v2_7);
}
return;
}
 },{ 28, 0, [](QV4::ExecutableCompilationUnit *contextUnit, QMetaType *argTypes) {
    struct { QV4::ExecutableCompilationUnit *compilationUnit; } c { contextUnit };
    const auto *aotContext = &c;
    Q_UNUSED(aotContext);
    argTypes[0] = QMetaType::fromType<QVariantList>();
}, 
    [](const QQmlPrivate::AOTCompiledContext *aotContext, void **argv) {
Q_UNUSED(aotContext)
Q_UNUSED(argv)
// expression for sequences at line 73, column 40
struct Storage : QQmlPrivate::AOTTrackedLocalsStorage {
Storage(const QQmlPrivate::AOTCompiledContext *ctxt, void **a)   : aotContext(ctxt), argv(a) {}
void markObjects(QV4::MarkStack *markStack) const final {    Q_UNUSED(markStack);
    aotContext->mark(v2_0, markStack);
    for (const auto &v : std::as_const(v2_7))
        aotContext->mark(v, markStack);
}
const QQmlPrivate::AOTCompiledContext *aotContext;
void **argv;
QVariant v2_0;
QVariantList v2_7;
};
Storage s(aotContext, argv);
aotContext->setLocals(&s);
// generate_LoadRuntimeString
s.v2_0 = QVariant::fromValue(QStringLiteral("X"));
{
}
// generate_StoreReg
{
}
// generate_DefineArray
s.v2_7 = QVariantList{std::move(s.v2_0)};
{
}
{
}
// generate_Ret
if (argv[0]) {
    *static_cast<QVariantList *>(argv[0]) = std::move(s.v2_7);
}
return;
}
 },{ 31, 0, [](QV4::ExecutableCompilationUnit *contextUnit, QMetaType *argTypes) {
    struct { QV4::ExecutableCompilationUnit *compilationUnit; } c { contextUnit };
    const auto *aotContext = &c;
    Q_UNUSED(aotContext);
    argTypes[0] = QMetaType::fromType<QVariantList>();
}, 
    [](const QQmlPrivate::AOTCompiledContext *aotContext, void **argv) {
Q_UNUSED(aotContext)
Q_UNUSED(argv)
// expression for sequences at line 75, column 40
struct Storage : QQmlPrivate::AOTTrackedLocalsStorage {
Storage(const QQmlPrivate::AOTCompiledContext *ctxt, void **a)   : aotContext(ctxt), argv(a) {}
void markObjects(QV4::MarkStack *markStack) const final {    Q_UNUSED(markStack);
    aotContext->mark(v2_2, markStack);
    for (const auto &v : std::as_const(v2_6))
        aotContext->mark(v, markStack);
}
const QQmlPrivate::AOTCompiledContext *aotContext;
void **argv;
QVariant v2_2;
QVariantList v2_6;
};
Storage s(aotContext, argv);
aotContext->setLocals(&s);
{
}
// generate_GetLookup
{
int retrieved;
#ifndef QT_NO_DEBUG
aotContext->setInstructionPointer(4);
#endif
while (!aotContext->getEnumLookup(93, &retrieved)) {
#ifdef QT_NO_DEBUG
aotContext->setInstructionPointer(4);
#endif
aotContext->initGetEnumLookup(93, []() { static const auto t = QMetaType::fromName("QKeySequence"); return t; }().metaObject(), "StandardKey", "MoveToPreviousChar");
if (aotContext->engine->hasError()) {
aotContext->setReturnValueUndefined();
if (argv[0]) {
    *static_cast<QVariantList *>(argv[0]) = QVariantList();
}
return;
}
}
s.v2_2 = QVariant::fromValue(std::move(retrieved));
}
{
}
// generate_StoreReg
{
}
// generate_DefineArray
s.v2_6 = QVariantList{std::move(s.v2_2)};
{
}
{
}
// generate_Ret
if (argv[0]) {
    *static_cast<QVariantList *>(argv[0]) = std::move(s.v2_6);
}
return;
}
 },{ 32, 0, [](QV4::ExecutableCompilationUnit *contextUnit, QMetaType *argTypes) {
    struct { QV4::ExecutableCompilationUnit *compilationUnit; } c { contextUnit };
    const auto *aotContext = &c;
    Q_UNUSED(aotContext);
    argTypes[0] = QMetaType();
}, 
    [](const QQmlPrivate::AOTCompiledContext *aotContext, void **argv) {
Q_UNUSED(aotContext)
Q_UNUSED(argv)
// expression for onActivated at line 75, column 85
struct Storage : QQmlPrivate::AOTTrackedLocalsStorage {
Storage(const QQmlPrivate::AOTCompiledContext *ctxt, void **a)   : aotContext(ctxt), argv(a) {}
void markObjects(QV4::MarkStack *markStack) const final {    Q_UNUSED(markStack);
    aotContext->mark(v2_1, markStack);
}
const QQmlPrivate::AOTCompiledContext *aotContext;
void **argv;
QObject *v2_1 = nullptr;
};
Storage s(aotContext, argv);
aotContext->setLocals(&s);
// generate_CreateCallContext
{
{
}
// generate_LoadQmlContextPropertyLookup
#ifndef QT_NO_DEBUG
aotContext->setInstructionPointer(3);
#endif
while (!aotContext->loadContextIdLookup(94, &s.v2_1)) {
#ifdef QT_NO_DEBUG
aotContext->setInstructionPointer(3);
#endif
aotContext->initLoadContextIdLookup(94);
if (aotContext->engine->hasError()) {
aotContext->setReturnValueUndefined();
return;
}
}
{
}
// generate_StoreReg
{
}
// generate_CallPropertyLookup
{
const auto doCall = [&]() {
    void *args[] = {nullptr};
    return aotContext->callObjectPropertyLookup(95, s.v2_1, args, 0);
};
const auto doInit = [&]() {
    aotContext->initCallObjectPropertyLookup(95, s.v2_1, 10);
};
#ifndef QT_NO_DEBUG
aotContext->setInstructionPointer(10);
#endif
while (!doCall()) {
#ifdef QT_NO_DEBUG
aotContext->setInstructionPointer(10);
#endif
doInit();
if (aotContext->engine->hasError()) {
aotContext->setReturnValueUndefined();
return;
}
}
}
{
}
{
}
// generate_PopContext
{}
}
{
}
{
}
// generate_Ret
return;
}
 },{ 34, 0, [](QV4::ExecutableCompilationUnit *contextUnit, QMetaType *argTypes) {
    struct { QV4::ExecutableCompilationUnit *compilationUnit; } c { contextUnit };
    const auto *aotContext = &c;
    Q_UNUSED(aotContext);
    argTypes[0] = QMetaType::fromType<QVariantList>();
}, 
    [](const QQmlPrivate::AOTCompiledContext *aotContext, void **argv) {
Q_UNUSED(aotContext)
Q_UNUSED(argv)
// expression for sequences at line 76, column 40
struct Storage : QQmlPrivate::AOTTrackedLocalsStorage {
Storage(const QQmlPrivate::AOTCompiledContext *ctxt, void **a)   : aotContext(ctxt), argv(a) {}
void markObjects(QV4::MarkStack *markStack) const final {    Q_UNUSED(markStack);
    aotContext->mark(v2_2, markStack);
    for (const auto &v : std::as_const(v2_6))
        aotContext->mark(v, markStack);
}
const QQmlPrivate::AOTCompiledContext *aotContext;
void **argv;
QVariant v2_2;
QVariantList v2_6;
};
Storage s(aotContext, argv);
aotContext->setLocals(&s);
{
}
// generate_GetLookup
{
int retrieved;
#ifndef QT_NO_DEBUG
aotContext->setInstructionPointer(4);
#endif
while (!aotContext->getEnumLookup(99, &retrieved)) {
#ifdef QT_NO_DEBUG
aotContext->setInstructionPointer(4);
#endif
aotContext->initGetEnumLookup(99, []() { static const auto t = QMetaType::fromName("QKeySequence"); return t; }().metaObject(), "StandardKey", "MoveToNextChar");
if (aotContext->engine->hasError()) {
aotContext->setReturnValueUndefined();
if (argv[0]) {
    *static_cast<QVariantList *>(argv[0]) = QVariantList();
}
return;
}
}
s.v2_2 = QVariant::fromValue(std::move(retrieved));
}
{
}
// generate_StoreReg
{
}
// generate_DefineArray
s.v2_6 = QVariantList{std::move(s.v2_2)};
{
}
{
}
// generate_Ret
if (argv[0]) {
    *static_cast<QVariantList *>(argv[0]) = std::move(s.v2_6);
}
return;
}
 },{ 35, 0, [](QV4::ExecutableCompilationUnit *contextUnit, QMetaType *argTypes) {
    struct { QV4::ExecutableCompilationUnit *compilationUnit; } c { contextUnit };
    const auto *aotContext = &c;
    Q_UNUSED(aotContext);
    argTypes[0] = QMetaType();
}, 
    [](const QQmlPrivate::AOTCompiledContext *aotContext, void **argv) {
Q_UNUSED(aotContext)
Q_UNUSED(argv)
// expression for onActivated at line 76, column 81
struct Storage : QQmlPrivate::AOTTrackedLocalsStorage {
Storage(const QQmlPrivate::AOTCompiledContext *ctxt, void **a)   : aotContext(ctxt), argv(a) {}
void markObjects(QV4::MarkStack *markStack) const final {    Q_UNUSED(markStack);
    aotContext->mark(v2_1, markStack);
}
const QQmlPrivate::AOTCompiledContext *aotContext;
void **argv;
QObject *v2_1 = nullptr;
};
Storage s(aotContext, argv);
aotContext->setLocals(&s);
// generate_CreateCallContext
{
{
}
// generate_LoadQmlContextPropertyLookup
#ifndef QT_NO_DEBUG
aotContext->setInstructionPointer(3);
#endif
while (!aotContext->loadContextIdLookup(100, &s.v2_1)) {
#ifdef QT_NO_DEBUG
aotContext->setInstructionPointer(3);
#endif
aotContext->initLoadContextIdLookup(100);
if (aotContext->engine->hasError()) {
aotContext->setReturnValueUndefined();
return;
}
}
{
}
// generate_StoreReg
{
}
// generate_CallPropertyLookup
{
const auto doCall = [&]() {
    void *args[] = {nullptr};
    return aotContext->callObjectPropertyLookup(101, s.v2_1, args, 0);
};
const auto doInit = [&]() {
    aotContext->initCallObjectPropertyLookup(101, s.v2_1, 9);
};
#ifndef QT_NO_DEBUG
aotContext->setInstructionPointer(10);
#endif
while (!doCall()) {
#ifdef QT_NO_DEBUG
aotContext->setInstructionPointer(10);
#endif
doInit();
if (aotContext->engine->hasError()) {
aotContext->setReturnValueUndefined();
return;
}
}
}
{
}
{
}
// generate_PopContext
{}
}
{
}
{
}
// generate_Ret
return;
}
 },{ 37, 0, [](QV4::ExecutableCompilationUnit *contextUnit, QMetaType *argTypes) {
    struct { QV4::ExecutableCompilationUnit *compilationUnit; } c { contextUnit };
    const auto *aotContext = &c;
    Q_UNUSED(aotContext);
    argTypes[0] = QMetaType::fromType<QVariantList>();
}, 
    [](const QQmlPrivate::AOTCompiledContext *aotContext, void **argv) {
Q_UNUSED(aotContext)
Q_UNUSED(argv)
// expression for sequences at line 80, column 40
struct Storage : QQmlPrivate::AOTTrackedLocalsStorage {
Storage(const QQmlPrivate::AOTCompiledContext *ctxt, void **a)   : aotContext(ctxt), argv(a) {}
void markObjects(QV4::MarkStack *markStack) const final {    Q_UNUSED(markStack);
    aotContext->mark(v2_0, markStack);
    for (const auto &v : std::as_const(v2_7))
        aotContext->mark(v, markStack);
}
const QQmlPrivate::AOTCompiledContext *aotContext;
void **argv;
QVariant v2_0;
QVariantList v2_7;
};
Storage s(aotContext, argv);
aotContext->setLocals(&s);
// generate_LoadRuntimeString
s.v2_0 = QVariant::fromValue(QStringLiteral("R"));
{
}
// generate_StoreReg
{
}
// generate_DefineArray
s.v2_7 = QVariantList{std::move(s.v2_0)};
{
}
{
}
// generate_Ret
if (argv[0]) {
    *static_cast<QVariantList *>(argv[0]) = std::move(s.v2_7);
}
return;
}
 },{ 40, 0, [](QV4::ExecutableCompilationUnit *contextUnit, QMetaType *argTypes) {
    struct { QV4::ExecutableCompilationUnit *compilationUnit; } c { contextUnit };
    const auto *aotContext = &c;
    Q_UNUSED(aotContext);
    argTypes[0] = QMetaType::fromType<QVariantList>();
}, 
    [](const QQmlPrivate::AOTCompiledContext *aotContext, void **argv) {
Q_UNUSED(aotContext)
Q_UNUSED(argv)
// expression for sequences at line 81, column 40
struct Storage : QQmlPrivate::AOTTrackedLocalsStorage {
Storage(const QQmlPrivate::AOTCompiledContext *ctxt, void **a)   : aotContext(ctxt), argv(a) {}
void markObjects(QV4::MarkStack *markStack) const final {    Q_UNUSED(markStack);
    aotContext->mark(v2_0, markStack);
    for (const auto &v : std::as_const(v2_7))
        aotContext->mark(v, markStack);
}
const QQmlPrivate::AOTCompiledContext *aotContext;
void **argv;
QVariant v2_0;
QVariantList v2_7;
};
Storage s(aotContext, argv);
aotContext->setLocals(&s);
// generate_LoadRuntimeString
s.v2_0 = QVariant::fromValue(QStringLiteral("G"));
{
}
// generate_StoreReg
{
}
// generate_DefineArray
s.v2_7 = QVariantList{std::move(s.v2_0)};
{
}
{
}
// generate_Ret
if (argv[0]) {
    *static_cast<QVariantList *>(argv[0]) = std::move(s.v2_7);
}
return;
}
 },{ 43, 0, [](QV4::ExecutableCompilationUnit *contextUnit, QMetaType *argTypes) {
    struct { QV4::ExecutableCompilationUnit *compilationUnit; } c { contextUnit };
    const auto *aotContext = &c;
    Q_UNUSED(aotContext);
    argTypes[0] = QMetaType::fromType<QVariantList>();
}, 
    [](const QQmlPrivate::AOTCompiledContext *aotContext, void **argv) {
Q_UNUSED(aotContext)
Q_UNUSED(argv)
// expression for sequences at line 82, column 40
struct Storage : QQmlPrivate::AOTTrackedLocalsStorage {
Storage(const QQmlPrivate::AOTCompiledContext *ctxt, void **a)   : aotContext(ctxt), argv(a) {}
void markObjects(QV4::MarkStack *markStack) const final {    Q_UNUSED(markStack);
    aotContext->mark(v2_0, markStack);
    for (const auto &v : std::as_const(v2_7))
        aotContext->mark(v, markStack);
}
const QQmlPrivate::AOTCompiledContext *aotContext;
void **argv;
QVariant v2_0;
QVariantList v2_7;
};
Storage s(aotContext, argv);
aotContext->setLocals(&s);
// generate_LoadRuntimeString
s.v2_0 = QVariant::fromValue(QStringLiteral("B"));
{
}
// generate_StoreReg
{
}
// generate_DefineArray
s.v2_7 = QVariantList{std::move(s.v2_0)};
{
}
{
}
// generate_Ret
if (argv[0]) {
    *static_cast<QVariantList *>(argv[0]) = std::move(s.v2_7);
}
return;
}
 },{ 46, 0, [](QV4::ExecutableCompilationUnit *contextUnit, QMetaType *argTypes) {
    struct { QV4::ExecutableCompilationUnit *compilationUnit; } c { contextUnit };
    const auto *aotContext = &c;
    Q_UNUSED(aotContext);
    argTypes[0] = QMetaType::fromType<QVariantList>();
}, 
    [](const QQmlPrivate::AOTCompiledContext *aotContext, void **argv) {
Q_UNUSED(aotContext)
Q_UNUSED(argv)
// expression for sequences at line 83, column 40
struct Storage : QQmlPrivate::AOTTrackedLocalsStorage {
Storage(const QQmlPrivate::AOTCompiledContext *ctxt, void **a)   : aotContext(ctxt), argv(a) {}
void markObjects(QV4::MarkStack *markStack) const final {    Q_UNUSED(markStack);
    aotContext->mark(v2_0, markStack);
    for (const auto &v : std::as_const(v2_7))
        aotContext->mark(v, markStack);
}
const QQmlPrivate::AOTCompiledContext *aotContext;
void **argv;
QVariant v2_0;
QVariantList v2_7;
};
Storage s(aotContext, argv);
aotContext->setLocals(&s);
// generate_LoadRuntimeString
s.v2_0 = QVariant::fromValue(QStringLiteral("C"));
{
}
// generate_StoreReg
{
}
// generate_DefineArray
s.v2_7 = QVariantList{std::move(s.v2_0)};
{
}
{
}
// generate_Ret
if (argv[0]) {
    *static_cast<QVariantList *>(argv[0]) = std::move(s.v2_7);
}
return;
}
 },{ 49, 0, [](QV4::ExecutableCompilationUnit *contextUnit, QMetaType *argTypes) {
    struct { QV4::ExecutableCompilationUnit *compilationUnit; } c { contextUnit };
    const auto *aotContext = &c;
    Q_UNUSED(aotContext);
    argTypes[0] = QMetaType::fromType<QVariantList>();
}, 
    [](const QQmlPrivate::AOTCompiledContext *aotContext, void **argv) {
Q_UNUSED(aotContext)
Q_UNUSED(argv)
// expression for sequences at line 84, column 40
struct Storage : QQmlPrivate::AOTTrackedLocalsStorage {
Storage(const QQmlPrivate::AOTCompiledContext *ctxt, void **a)   : aotContext(ctxt), argv(a) {}
void markObjects(QV4::MarkStack *markStack) const final {    Q_UNUSED(markStack);
    aotContext->mark(v2_0, markStack);
    for (const auto &v : std::as_const(v2_7))
        aotContext->mark(v, markStack);
}
const QQmlPrivate::AOTCompiledContext *aotContext;
void **argv;
QVariant v2_0;
QVariantList v2_7;
};
Storage s(aotContext, argv);
aotContext->setLocals(&s);
// generate_LoadRuntimeString
s.v2_0 = QVariant::fromValue(QStringLiteral("A"));
{
}
// generate_StoreReg
{
}
// generate_DefineArray
s.v2_7 = QVariantList{std::move(s.v2_0)};
{
}
{
}
// generate_Ret
if (argv[0]) {
    *static_cast<QVariantList *>(argv[0]) = std::move(s.v2_7);
}
return;
}
 },{ 52, 0, [](QV4::ExecutableCompilationUnit *contextUnit, QMetaType *argTypes) {
    struct { QV4::ExecutableCompilationUnit *compilationUnit; } c { contextUnit };
    const auto *aotContext = &c;
    Q_UNUSED(aotContext);
    argTypes[0] = QMetaType::fromType<QVariantList>();
}, 
    [](const QQmlPrivate::AOTCompiledContext *aotContext, void **argv) {
Q_UNUSED(aotContext)
Q_UNUSED(argv)
// expression for sequences at line 85, column 40
struct Storage : QQmlPrivate::AOTTrackedLocalsStorage {
Storage(const QQmlPrivate::AOTCompiledContext *ctxt, void **a)   : aotContext(ctxt), argv(a) {}
void markObjects(QV4::MarkStack *markStack) const final {    Q_UNUSED(markStack);
    aotContext->mark(v2_0, markStack);
    for (const auto &v : std::as_const(v2_7))
        aotContext->mark(v, markStack);
}
const QQmlPrivate::AOTCompiledContext *aotContext;
void **argv;
QVariant v2_0;
QVariantList v2_7;
};
Storage s(aotContext, argv);
aotContext->setLocals(&s);
// generate_LoadRuntimeString
s.v2_0 = QVariant::fromValue(QStringLiteral("Z"));
{
}
// generate_StoreReg
{
}
// generate_DefineArray
s.v2_7 = QVariantList{std::move(s.v2_0)};
{
}
{
}
// generate_Ret
if (argv[0]) {
    *static_cast<QVariantList *>(argv[0]) = std::move(s.v2_7);
}
return;
}
 },{ 55, 0, [](QV4::ExecutableCompilationUnit *contextUnit, QMetaType *argTypes) {
    struct { QV4::ExecutableCompilationUnit *compilationUnit; } c { contextUnit };
    const auto *aotContext = &c;
    Q_UNUSED(aotContext);
    argTypes[0] = QMetaType::fromType<QVariantList>();
}, 
    [](const QQmlPrivate::AOTCompiledContext *aotContext, void **argv) {
Q_UNUSED(aotContext)
Q_UNUSED(argv)
// expression for sequences at line 88, column 40
struct Storage : QQmlPrivate::AOTTrackedLocalsStorage {
Storage(const QQmlPrivate::AOTCompiledContext *ctxt, void **a)   : aotContext(ctxt), argv(a) {}
void markObjects(QV4::MarkStack *markStack) const final {    Q_UNUSED(markStack);
    aotContext->mark(v2_0, markStack);
    for (const auto &v : std::as_const(v2_7))
        aotContext->mark(v, markStack);
}
const QQmlPrivate::AOTCompiledContext *aotContext;
void **argv;
QVariant v2_0;
QVariantList v2_7;
};
Storage s(aotContext, argv);
aotContext->setLocals(&s);
// generate_LoadRuntimeString
s.v2_0 = QVariant::fromValue(QStringLiteral("N"));
{
}
// generate_StoreReg
{
}
// generate_DefineArray
s.v2_7 = QVariantList{std::move(s.v2_0)};
{
}
{
}
// generate_Ret
if (argv[0]) {
    *static_cast<QVariantList *>(argv[0]) = std::move(s.v2_7);
}
return;
}
 },{ 58, 0, [](QV4::ExecutableCompilationUnit *contextUnit, QMetaType *argTypes) {
    struct { QV4::ExecutableCompilationUnit *compilationUnit; } c { contextUnit };
    const auto *aotContext = &c;
    Q_UNUSED(aotContext);
    argTypes[0] = QMetaType::fromType<QVariantList>();
}, 
    [](const QQmlPrivate::AOTCompiledContext *aotContext, void **argv) {
Q_UNUSED(aotContext)
Q_UNUSED(argv)
// expression for sequences at line 89, column 40
struct Storage : QQmlPrivate::AOTTrackedLocalsStorage {
Storage(const QQmlPrivate::AOTCompiledContext *ctxt, void **a)   : aotContext(ctxt), argv(a) {}
void markObjects(QV4::MarkStack *markStack) const final {    Q_UNUSED(markStack);
    aotContext->mark(v2_0, markStack);
    for (const auto &v : std::as_const(v2_7))
        aotContext->mark(v, markStack);
}
const QQmlPrivate::AOTCompiledContext *aotContext;
void **argv;
QVariant v2_0;
QVariantList v2_7;
};
Storage s(aotContext, argv);
aotContext->setLocals(&s);
// generate_LoadRuntimeString
s.v2_0 = QVariant::fromValue(QStringLiteral("L"));
{
}
// generate_StoreReg
{
}
// generate_DefineArray
s.v2_7 = QVariantList{std::move(s.v2_0)};
{
}
{
}
// generate_Ret
if (argv[0]) {
    *static_cast<QVariantList *>(argv[0]) = std::move(s.v2_7);
}
return;
}
 },{ 61, 0, [](QV4::ExecutableCompilationUnit *contextUnit, QMetaType *argTypes) {
    struct { QV4::ExecutableCompilationUnit *compilationUnit; } c { contextUnit };
    const auto *aotContext = &c;
    Q_UNUSED(aotContext);
    argTypes[0] = QMetaType::fromType<QVariantList>();
}, 
    [](const QQmlPrivate::AOTCompiledContext *aotContext, void **argv) {
Q_UNUSED(aotContext)
Q_UNUSED(argv)
// expression for sequences at line 90, column 60
struct Storage : QQmlPrivate::AOTTrackedLocalsStorage {
Storage(const QQmlPrivate::AOTCompiledContext *ctxt, void **a)   : aotContext(ctxt), argv(a) {}
void markObjects(QV4::MarkStack *markStack) const final {    Q_UNUSED(markStack);
    aotContext->mark(v2_0, markStack);
    for (const auto &v : std::as_const(v2_7))
        aotContext->mark(v, markStack);
}
const QQmlPrivate::AOTCompiledContext *aotContext;
void **argv;
QVariant v2_0;
QVariantList v2_7;
};
Storage s(aotContext, argv);
aotContext->setLocals(&s);
// generate_LoadRuntimeString
s.v2_0 = QVariant::fromValue(QStringLiteral("T"));
{
}
// generate_StoreReg
{
}
// generate_DefineArray
s.v2_7 = QVariantList{std::move(s.v2_0)};
{
}
{
}
// generate_Ret
if (argv[0]) {
    *static_cast<QVariantList *>(argv[0]) = std::move(s.v2_7);
}
return;
}
 },{ 64, 0, [](QV4::ExecutableCompilationUnit *contextUnit, QMetaType *argTypes) {
    struct { QV4::ExecutableCompilationUnit *compilationUnit; } c { contextUnit };
    const auto *aotContext = &c;
    Q_UNUSED(aotContext);
    argTypes[0] = QMetaType::fromType<QVariantList>();
}, 
    [](const QQmlPrivate::AOTCompiledContext *aotContext, void **argv) {
Q_UNUSED(aotContext)
Q_UNUSED(argv)
// expression for sequences at line 92, column 43
struct Storage : QQmlPrivate::AOTTrackedLocalsStorage {
Storage(const QQmlPrivate::AOTCompiledContext *ctxt, void **a)   : aotContext(ctxt), argv(a) {}
void markObjects(QV4::MarkStack *markStack) const final {    Q_UNUSED(markStack);
    aotContext->mark(v2_0, markStack);
    for (const auto &v : std::as_const(v2_7))
        aotContext->mark(v, markStack);
}
const QQmlPrivate::AOTCompiledContext *aotContext;
void **argv;
QVariant v2_0;
QVariantList v2_7;
};
Storage s(aotContext, argv);
aotContext->setLocals(&s);
// generate_LoadRuntimeString
s.v2_0 = QVariant::fromValue(QStringLiteral("Escape"));
{
}
// generate_StoreReg
{
}
// generate_DefineArray
s.v2_7 = QVariantList{std::move(s.v2_0)};
{
}
{
}
// generate_Ret
if (argv[0]) {
    *static_cast<QVariantList *>(argv[0]) = std::move(s.v2_7);
}
return;
}
 },{ 67, 0, [](QV4::ExecutableCompilationUnit *contextUnit, QMetaType *argTypes) {
    struct { QV4::ExecutableCompilationUnit *compilationUnit; } c { contextUnit };
    const auto *aotContext = &c;
    Q_UNUSED(aotContext);
    argTypes[0] = QMetaType::fromType<QVariantList>();
}, 
    [](const QQmlPrivate::AOTCompiledContext *aotContext, void **argv) {
Q_UNUSED(aotContext)
Q_UNUSED(argv)
// expression for sequences at line 98, column 40
struct Storage : QQmlPrivate::AOTTrackedLocalsStorage {
Storage(const QQmlPrivate::AOTCompiledContext *ctxt, void **a)   : aotContext(ctxt), argv(a) {}
void markObjects(QV4::MarkStack *markStack) const final {    Q_UNUSED(markStack);
    aotContext->mark(v2_0, markStack);
    for (const auto &v : std::as_const(v2_7))
        aotContext->mark(v, markStack);
}
const QQmlPrivate::AOTCompiledContext *aotContext;
void **argv;
QVariant v2_0;
QVariantList v2_7;
};
Storage s(aotContext, argv);
aotContext->setLocals(&s);
// generate_LoadRuntimeString
s.v2_0 = QVariant::fromValue(QStringLiteral("M"));
{
}
// generate_StoreReg
{
}
// generate_DefineArray
s.v2_7 = QVariantList{std::move(s.v2_0)};
{
}
{
}
// generate_Ret
if (argv[0]) {
    *static_cast<QVariantList *>(argv[0]) = std::move(s.v2_7);
}
return;
}
 },{ 70, 0, [](QV4::ExecutableCompilationUnit *contextUnit, QMetaType *argTypes) {
    struct { QV4::ExecutableCompilationUnit *compilationUnit; } c { contextUnit };
    const auto *aotContext = &c;
    Q_UNUSED(aotContext);
    argTypes[0] = QMetaType::fromType<QVariantList>();
}, 
    [](const QQmlPrivate::AOTCompiledContext *aotContext, void **argv) {
Q_UNUSED(aotContext)
Q_UNUSED(argv)
// expression for sequences at line 100, column 40
struct Storage : QQmlPrivate::AOTTrackedLocalsStorage {
Storage(const QQmlPrivate::AOTCompiledContext *ctxt, void **a)   : aotContext(ctxt), argv(a) {}
void markObjects(QV4::MarkStack *markStack) const final {    Q_UNUSED(markStack);
    aotContext->mark(v2_0, markStack);
    for (const auto &v : std::as_const(v2_7))
        aotContext->mark(v, markStack);
}
const QQmlPrivate::AOTCompiledContext *aotContext;
void **argv;
QVariant v2_0;
QVariantList v2_7;
};
Storage s(aotContext, argv);
aotContext->setLocals(&s);
// generate_LoadRuntimeString
s.v2_0 = QVariant::fromValue(QStringLiteral("W"));
{
}
// generate_StoreReg
{
}
// generate_DefineArray
s.v2_7 = QVariantList{std::move(s.v2_0)};
{
}
{
}
// generate_Ret
if (argv[0]) {
    *static_cast<QVariantList *>(argv[0]) = std::move(s.v2_7);
}
return;
}
 },{ 93, 0, [](QV4::ExecutableCompilationUnit *contextUnit, QMetaType *argTypes) {
    struct { QV4::ExecutableCompilationUnit *compilationUnit; } c { contextUnit };
    const auto *aotContext = &c;
    Q_UNUSED(aotContext);
    argTypes[0] = []() { static const auto t = QMetaType::fromName("QQuickItem*"); return t; }();
}, 
    [](const QQmlPrivate::AOTCompiledContext *aotContext, void **argv) {
Q_UNUSED(aotContext)
Q_UNUSED(argv)
// expression for fill at line 228, column 9
struct Storage : QQmlPrivate::AOTTrackedLocalsStorage {
Storage(const QQmlPrivate::AOTCompiledContext *ctxt, void **a)   : aotContext(ctxt), argv(a) {}
void markObjects(QV4::MarkStack *markStack) const final {    Q_UNUSED(markStack);
    aotContext->mark(v2_0, markStack);
}
const QQmlPrivate::AOTCompiledContext *aotContext;
void **argv;
QObject *v2_0 = nullptr;
};
Storage s(aotContext, argv);
aotContext->setLocals(&s);
// generate_LoadQmlContextPropertyLookup
#ifndef QT_NO_DEBUG
aotContext->setInstructionPointer(5);
#endif
while (!aotContext->loadScopeObjectPropertyLookup(240, &s.v2_0)) {
#ifdef QT_NO_DEBUG
aotContext->setInstructionPointer(5);
#endif
aotContext->initLoadScopeObjectPropertyLookup(240);
if (aotContext->engine->hasError()) {
aotContext->setReturnValueUndefined();
if (argv[0]) {
    *static_cast<QObject * *>(argv[0]) = nullptr;
}
return;
}
}
{
}
{
}
// generate_Ret
if (argv[0]) {
    *static_cast<QObject * *>(argv[0]) = s.v2_0;
}
return;
}
 },{ 94, 0, [](QV4::ExecutableCompilationUnit *contextUnit, QMetaType *argTypes) {
    struct { QV4::ExecutableCompilationUnit *compilationUnit; } c { contextUnit };
    const auto *aotContext = &c;
    Q_UNUSED(aotContext);
    argTypes[0] = []() { static const auto t = QMetaType::fromName("QQuickItem*"); return t; }();
}, 
    [](const QQmlPrivate::AOTCompiledContext *aotContext, void **argv) {
Q_UNUSED(aotContext)
Q_UNUSED(argv)
// expression for fill at line 237, column 17
struct Storage : QQmlPrivate::AOTTrackedLocalsStorage {
Storage(const QQmlPrivate::AOTCompiledContext *ctxt, void **a)   : aotContext(ctxt), argv(a) {}
void markObjects(QV4::MarkStack *markStack) const final {    Q_UNUSED(markStack);
    aotContext->mark(v2_0, markStack);
}
const QQmlPrivate::AOTCompiledContext *aotContext;
void **argv;
QObject *v2_0 = nullptr;
};
Storage s(aotContext, argv);
aotContext->setLocals(&s);
// generate_LoadQmlContextPropertyLookup
#ifndef QT_NO_DEBUG
aotContext->setInstructionPointer(5);
#endif
while (!aotContext->loadScopeObjectPropertyLookup(241, &s.v2_0)) {
#ifdef QT_NO_DEBUG
aotContext->setInstructionPointer(5);
#endif
aotContext->initLoadScopeObjectPropertyLookup(241);
if (aotContext->engine->hasError()) {
aotContext->setReturnValueUndefined();
if (argv[0]) {
    *static_cast<QObject * *>(argv[0]) = nullptr;
}
return;
}
}
{
}
{
}
// generate_Ret
if (argv[0]) {
    *static_cast<QObject * *>(argv[0]) = s.v2_0;
}
return;
}
 },{ 112, 0, [](QV4::ExecutableCompilationUnit *contextUnit, QMetaType *argTypes) {
    struct { QV4::ExecutableCompilationUnit *compilationUnit; } c { contextUnit };
    const auto *aotContext = &c;
    Q_UNUSED(aotContext);
    argTypes[0] = []() { static const auto t = QMetaType::fromName("Qt::CursorShape"); return t; }();
}, 
    [](const QQmlPrivate::AOTCompiledContext *aotContext, void **argv) {
Q_UNUSED(aotContext)
Q_UNUSED(argv)
// expression for cursorShape at line 288, column 25
struct Storage : QQmlPrivate::AOTTrackedLocalsStorage {
Storage(const QQmlPrivate::AOTCompiledContext *ctxt, void **a)   : aotContext(ctxt), argv(a) {}
void markObjects(QV4::MarkStack *markStack) const final {    Q_UNUSED(markStack);
}
const QQmlPrivate::AOTCompiledContext *aotContext;
void **argv;
int v2_5;
};
Storage s(aotContext, argv);
aotContext->setLocals(&s);
{
}
// generate_GetLookup
#ifndef QT_NO_DEBUG
aotContext->setInstructionPointer(10);
#endif
while (!aotContext->getEnumLookup(329, &s.v2_5)) {
#ifdef QT_NO_DEBUG
aotContext->setInstructionPointer(10);
#endif
aotContext->initGetEnumLookup(329, []() { static const auto t = QMetaType::fromName("Qt"); return t; }().metaObject(), "CursorShape", "PointingHandCursor");
if (aotContext->engine->hasError()) {
aotContext->setReturnValueUndefined();
if (argv[0]) {
    const QMetaType returnType = []() { static const auto t = QMetaType::fromName("Qt::CursorShape"); return t; }();
    returnType.destruct(argv[0]);
    returnType.construct(argv[0]);
 }
return;
}
}
{
}
{
}
// generate_Ret
if (argv[0]) {
    const QMetaType returnType = QMetaType::fromType<int>();
    returnType.destruct(argv[0]);
    returnType.construct(argv[0], &s.v2_5);
}
return;
}
 },{ 114, 0, [](QV4::ExecutableCompilationUnit *contextUnit, QMetaType *argTypes) {
    struct { QV4::ExecutableCompilationUnit *compilationUnit; } c { contextUnit };
    const auto *aotContext = &c;
    Q_UNUSED(aotContext);
    argTypes[0] = []() { static const auto t = QMetaType::fromName("QQuickItem*"); return t; }();
}, 
    [](const QQmlPrivate::AOTCompiledContext *aotContext, void **argv) {
Q_UNUSED(aotContext)
Q_UNUSED(argv)
// expression for fill at line 286, column 25
struct Storage : QQmlPrivate::AOTTrackedLocalsStorage {
Storage(const QQmlPrivate::AOTCompiledContext *ctxt, void **a)   : aotContext(ctxt), argv(a) {}
void markObjects(QV4::MarkStack *markStack) const final {    Q_UNUSED(markStack);
    aotContext->mark(v2_0, markStack);
}
const QQmlPrivate::AOTCompiledContext *aotContext;
void **argv;
QObject *v2_0 = nullptr;
};
Storage s(aotContext, argv);
aotContext->setLocals(&s);
// generate_LoadQmlContextPropertyLookup
#ifndef QT_NO_DEBUG
aotContext->setInstructionPointer(5);
#endif
while (!aotContext->loadScopeObjectPropertyLookup(334, &s.v2_0)) {
#ifdef QT_NO_DEBUG
aotContext->setInstructionPointer(5);
#endif
aotContext->initLoadScopeObjectPropertyLookup(334);
if (aotContext->engine->hasError()) {
aotContext->setReturnValueUndefined();
if (argv[0]) {
    *static_cast<QObject * *>(argv[0]) = nullptr;
}
return;
}
}
{
}
{
}
// generate_Ret
if (argv[0]) {
    *static_cast<QObject * *>(argv[0]) = s.v2_0;
}
return;
}
 },{ 116, 0, [](QV4::ExecutableCompilationUnit *contextUnit, QMetaType *argTypes) {
    struct { QV4::ExecutableCompilationUnit *compilationUnit; } c { contextUnit };
    const auto *aotContext = &c;
    Q_UNUSED(aotContext);
    argTypes[0] = QMetaType::fromType<double>();
}, 
    [](const QQmlPrivate::AOTCompiledContext *aotContext, void **argv) {
Q_UNUSED(aotContext)
Q_UNUSED(argv)
// expression for preferredWidth at line 296, column 21
struct Storage : QQmlPrivate::AOTTrackedLocalsStorage {
Storage(const QQmlPrivate::AOTCompiledContext *ctxt, void **a)   : aotContext(ctxt), argv(a) {}
void markObjects(QV4::MarkStack *markStack) const final {    Q_UNUSED(markStack);
    aotContext->mark(v2_0, markStack);
}
const QQmlPrivate::AOTCompiledContext *aotContext;
void **argv;
QObject *v2_0 = nullptr;
double v2_12;
double v2_14;
double v2_5;
};
Storage s(aotContext, argv);
aotContext->setLocals(&s);
// generate_LoadQmlContextPropertyLookup
#ifndef QT_NO_DEBUG
aotContext->setInstructionPointer(5);
#endif
while (!aotContext->loadContextIdLookup(341, &s.v2_0)) {
#ifdef QT_NO_DEBUG
aotContext->setInstructionPointer(5);
#endif
aotContext->initLoadContextIdLookup(341);
if (aotContext->engine->hasError()) {
aotContext->setReturnValueUndefined();
if (argv[0]) {
    *static_cast<double *>(argv[0]) = double();
}
return;
}
}
{
}
// generate_GetLookup
#ifndef QT_NO_DEBUG
aotContext->setInstructionPointer(10);
#endif
while (!aotContext->getObjectLookup(342, s.v2_0, &s.v2_5)) {
#ifdef QT_NO_DEBUG
aotContext->setInstructionPointer(10);
#endif
aotContext->initGetObjectLookup(342, s.v2_0);
if (aotContext->engine->hasError()) {
aotContext->setReturnValueUndefined();
if (argv[0]) {
    *static_cast<double *>(argv[0]) = double();
}
return;
}
}
{
}
// generate_StoreReg
{
}
// generate_LoadInt
s.v2_12 = double(24);
{
}
// generate_Add
s.v2_14 = (s.v2_5 + s.v2_12);
{
}
{
}
// generate_Ret
if (argv[0]) {
    *static_cast<double *>(argv[0]) = s.v2_14;
}
return;
}
 },{ 118, 0, [](QV4::ExecutableCompilationUnit *contextUnit, QMetaType *argTypes) {
    struct { QV4::ExecutableCompilationUnit *compilationUnit; } c { contextUnit };
    const auto *aotContext = &c;
    Q_UNUSED(aotContext);
    argTypes[0] = []() { static const auto t = QMetaType::fromName("QQuickItem*"); return t; }();
}, 
    [](const QQmlPrivate::AOTCompiledContext *aotContext, void **argv) {
Q_UNUSED(aotContext)
Q_UNUSED(argv)
// expression for centerIn at line 303, column 25
struct Storage : QQmlPrivate::AOTTrackedLocalsStorage {
Storage(const QQmlPrivate::AOTCompiledContext *ctxt, void **a)   : aotContext(ctxt), argv(a) {}
void markObjects(QV4::MarkStack *markStack) const final {    Q_UNUSED(markStack);
    aotContext->mark(v2_0, markStack);
}
const QQmlPrivate::AOTCompiledContext *aotContext;
void **argv;
QObject *v2_0 = nullptr;
};
Storage s(aotContext, argv);
aotContext->setLocals(&s);
// generate_LoadQmlContextPropertyLookup
#ifndef QT_NO_DEBUG
aotContext->setInstructionPointer(5);
#endif
while (!aotContext->loadScopeObjectPropertyLookup(345, &s.v2_0)) {
#ifdef QT_NO_DEBUG
aotContext->setInstructionPointer(5);
#endif
aotContext->initLoadScopeObjectPropertyLookup(345);
if (aotContext->engine->hasError()) {
aotContext->setReturnValueUndefined();
if (argv[0]) {
    *static_cast<QObject * *>(argv[0]) = nullptr;
}
return;
}
}
{
}
{
}
// generate_Ret
if (argv[0]) {
    *static_cast<QObject * *>(argv[0]) = s.v2_0;
}
return;
}
 },{ 120, 0, [](QV4::ExecutableCompilationUnit *contextUnit, QMetaType *argTypes) {
    struct { QV4::ExecutableCompilationUnit *compilationUnit; } c { contextUnit };
    const auto *aotContext = &c;
    Q_UNUSED(aotContext);
    argTypes[0] = []() { static const auto t = QMetaType::fromName("QQuickAnchorLine"); return t; }();
}, 
    [](const QQmlPrivate::AOTCompiledContext *aotContext, void **argv) {
Q_UNUSED(aotContext)
Q_UNUSED(argv)
// expression for verticalCenter at line 308, column 29
struct Storage : QQmlPrivate::AOTTrackedLocalsStorage {
Storage(const QQmlPrivate::AOTCompiledContext *ctxt, void **a)   : aotContext(ctxt), argv(a) {}
void markObjects(QV4::MarkStack *markStack) const final {    Q_UNUSED(markStack);
    aotContext->mark(v2_0, markStack);
    aotContext->mark(v2_5, markStack);
}
const QQmlPrivate::AOTCompiledContext *aotContext;
void **argv;
QObject *v2_0 = nullptr;
QVariant v2_5;
};
Storage s(aotContext, argv);
aotContext->setLocals(&s);
// generate_LoadQmlContextPropertyLookup
#ifndef QT_NO_DEBUG
aotContext->setInstructionPointer(5);
#endif
while (!aotContext->loadScopeObjectPropertyLookup(350, &s.v2_0)) {
#ifdef QT_NO_DEBUG
aotContext->setInstructionPointer(5);
#endif
aotContext->initLoadScopeObjectPropertyLookup(350);
if (aotContext->engine->hasError()) {
aotContext->setReturnValueUndefined();
if (argv[0]) {
    const QMetaType returnType = []() { static const auto t = QMetaType::fromName("QQuickAnchorLine"); return t; }();
    returnType.destruct(argv[0]);
    returnType.construct(argv[0]);
 }
return;
}
}
{
}
// generate_GetLookup
#ifndef QT_NO_DEBUG
aotContext->setInstructionPointer(10);
#endif
s.v2_5 = QVariant(aotContext->lookupResultMetaType(351));
while (!aotContext->getObjectLookup(351, s.v2_0, s.v2_5.data())) {
#ifdef QT_NO_DEBUG
aotContext->setInstructionPointer(10);
#endif
aotContext->initGetObjectLookup(351, s.v2_0);
if (aotContext->engine->hasError()) {
aotContext->setReturnValueUndefined();
if (argv[0]) {
    const QMetaType returnType = []() { static const auto t = QMetaType::fromName("QQuickAnchorLine"); return t; }();
    returnType.destruct(argv[0]);
    returnType.construct(argv[0]);
 }
return;
}
s.v2_5 = QVariant(aotContext->lookupResultMetaType(351));
}
{
}
{
}
// generate_Ret
if (argv[0]) {
    if (!s.v2_5.isValid())
        aotContext->setReturnValueUndefined();
    const QMetaType returnType = s.v2_5.metaType();
    returnType.destruct(argv[0]);
    returnType.construct(argv[0], s.v2_5.data());
}
return;
}
 },{ 124, 0, [](QV4::ExecutableCompilationUnit *contextUnit, QMetaType *argTypes) {
    struct { QV4::ExecutableCompilationUnit *compilationUnit; } c { contextUnit };
    const auto *aotContext = &c;
    Q_UNUSED(aotContext);
    argTypes[0] = QMetaType::fromType<int>();
}, 
    [](const QQmlPrivate::AOTCompiledContext *aotContext, void **argv) {
Q_UNUSED(aotContext)
Q_UNUSED(argv)
// expression for loops at line 314, column 33
struct Storage : QQmlPrivate::AOTTrackedLocalsStorage {
Storage(const QQmlPrivate::AOTCompiledContext *ctxt, void **a)   : aotContext(ctxt), argv(a) {}
void markObjects(QV4::MarkStack *markStack) const final {    Q_UNUSED(markStack);
}
const QQmlPrivate::AOTCompiledContext *aotContext;
void **argv;
int v2_5;
};
Storage s(aotContext, argv);
aotContext->setLocals(&s);
{
}
// generate_GetLookup
#ifndef QT_NO_DEBUG
aotContext->setInstructionPointer(10);
#endif
while (!aotContext->getEnumLookup(359, &s.v2_5)) {
#ifdef QT_NO_DEBUG
aotContext->setInstructionPointer(10);
#endif
aotContext->initGetEnumLookup(359, []() { static const auto t = QMetaType::fromName("QQuickAbstractAnimation*"); return t; }().metaObject(), "Loops", "Infinite");
if (aotContext->engine->hasError()) {
aotContext->setReturnValueUndefined();
if (argv[0]) {
    *static_cast<int *>(argv[0]) = int();
}
return;
}
}
{
}
{
}
// generate_Ret
if (argv[0]) {
    *static_cast<int *>(argv[0]) = s.v2_5;
}
return;
}
 },{ 125, 0, [](QV4::ExecutableCompilationUnit *contextUnit, QMetaType *argTypes) {
    struct { QV4::ExecutableCompilationUnit *compilationUnit; } c { contextUnit };
    const auto *aotContext = &c;
    Q_UNUSED(aotContext);
    argTypes[0] = QMetaType();
}, 
    [](const QQmlPrivate::AOTCompiledContext *aotContext, void **argv) {
Q_UNUSED(aotContext)
Q_UNUSED(argv)
// expression for onStopped at line 315, column 33
struct Storage : QQmlPrivate::AOTTrackedLocalsStorage {
Storage(const QQmlPrivate::AOTCompiledContext *ctxt, void **a)   : aotContext(ctxt), argv(a) {}
void markObjects(QV4::MarkStack *markStack) const final {    Q_UNUSED(markStack);
    aotContext->mark(v2_1, markStack);
}
const QQmlPrivate::AOTCompiledContext *aotContext;
void **argv;
QObject *v2_1 = nullptr;
double v2_8;
};
Storage s(aotContext, argv);
aotContext->setLocals(&s);
// generate_CreateCallContext
{
{
}
// generate_LoadQmlContextPropertyLookup
#ifndef QT_NO_DEBUG
aotContext->setInstructionPointer(6);
#endif
while (!aotContext->loadContextIdLookup(360, &s.v2_1)) {
#ifdef QT_NO_DEBUG
aotContext->setInstructionPointer(6);
#endif
aotContext->initLoadContextIdLookup(360);
if (aotContext->engine->hasError()) {
aotContext->setReturnValueUndefined();
return;
}
}
{
}
// generate_StoreReg
{
}
// generate_LoadInt
s.v2_8 = double(1);
{
}
{
}
// generate_SetLookup
{
#ifndef QT_NO_DEBUG
aotContext->setInstructionPointer(21);
#endif
while (!aotContext->setObjectLookup(361, s.v2_1, &s.v2_8)) {
#ifdef QT_NO_DEBUG
aotContext->setInstructionPointer(21);
#endif
aotContext->initSetObjectLookup(361, s.v2_1);
if (aotContext->engine->hasError()) {
aotContext->setReturnValueUndefined();
return;
}
}
}
{
}
{
}
// generate_PopContext
{}
}
{
}
{
}
// generate_Ret
return;
}
 },{ 128, 0, [](QV4::ExecutableCompilationUnit *contextUnit, QMetaType *argTypes) {
    struct { QV4::ExecutableCompilationUnit *compilationUnit; } c { contextUnit };
    const auto *aotContext = &c;
    Q_UNUSED(aotContext);
    argTypes[0] = []() { static const auto t = QMetaType::fromName("Qt::CursorShape"); return t; }();
}, 
    [](const QQmlPrivate::AOTCompiledContext *aotContext, void **argv) {
Q_UNUSED(aotContext)
Q_UNUSED(argv)
// expression for cursorShape at line 331, column 25
struct Storage : QQmlPrivate::AOTTrackedLocalsStorage {
Storage(const QQmlPrivate::AOTCompiledContext *ctxt, void **a)   : aotContext(ctxt), argv(a) {}
void markObjects(QV4::MarkStack *markStack) const final {    Q_UNUSED(markStack);
}
const QQmlPrivate::AOTCompiledContext *aotContext;
void **argv;
int v2_5;
};
Storage s(aotContext, argv);
aotContext->setLocals(&s);
{
}
// generate_GetLookup
#ifndef QT_NO_DEBUG
aotContext->setInstructionPointer(10);
#endif
while (!aotContext->getEnumLookup(371, &s.v2_5)) {
#ifdef QT_NO_DEBUG
aotContext->setInstructionPointer(10);
#endif
aotContext->initGetEnumLookup(371, []() { static const auto t = QMetaType::fromName("Qt"); return t; }().metaObject(), "CursorShape", "PointingHandCursor");
if (aotContext->engine->hasError()) {
aotContext->setReturnValueUndefined();
if (argv[0]) {
    const QMetaType returnType = []() { static const auto t = QMetaType::fromName("Qt::CursorShape"); return t; }();
    returnType.destruct(argv[0]);
    returnType.construct(argv[0]);
 }
return;
}
}
{
}
{
}
// generate_Ret
if (argv[0]) {
    const QMetaType returnType = QMetaType::fromType<int>();
    returnType.destruct(argv[0]);
    returnType.construct(argv[0], &s.v2_5);
}
return;
}
 },{ 130, 0, [](QV4::ExecutableCompilationUnit *contextUnit, QMetaType *argTypes) {
    struct { QV4::ExecutableCompilationUnit *compilationUnit; } c { contextUnit };
    const auto *aotContext = &c;
    Q_UNUSED(aotContext);
    argTypes[0] = []() { static const auto t = QMetaType::fromName("QQuickItem*"); return t; }();
}, 
    [](const QQmlPrivate::AOTCompiledContext *aotContext, void **argv) {
Q_UNUSED(aotContext)
Q_UNUSED(argv)
// expression for fill at line 329, column 25
struct Storage : QQmlPrivate::AOTTrackedLocalsStorage {
Storage(const QQmlPrivate::AOTCompiledContext *ctxt, void **a)   : aotContext(ctxt), argv(a) {}
void markObjects(QV4::MarkStack *markStack) const final {    Q_UNUSED(markStack);
    aotContext->mark(v2_0, markStack);
}
const QQmlPrivate::AOTCompiledContext *aotContext;
void **argv;
QObject *v2_0 = nullptr;
};
Storage s(aotContext, argv);
aotContext->setLocals(&s);
// generate_LoadQmlContextPropertyLookup
#ifndef QT_NO_DEBUG
aotContext->setInstructionPointer(5);
#endif
while (!aotContext->loadScopeObjectPropertyLookup(378, &s.v2_0)) {
#ifdef QT_NO_DEBUG
aotContext->setInstructionPointer(5);
#endif
aotContext->initLoadScopeObjectPropertyLookup(378);
if (aotContext->engine->hasError()) {
aotContext->setReturnValueUndefined();
if (argv[0]) {
    *static_cast<QObject * *>(argv[0]) = nullptr;
}
return;
}
}
{
}
{
}
// generate_Ret
if (argv[0]) {
    *static_cast<QObject * *>(argv[0]) = s.v2_0;
}
return;
}
 },{ 131, 0, [](QV4::ExecutableCompilationUnit *contextUnit, QMetaType *argTypes) {
    struct { QV4::ExecutableCompilationUnit *compilationUnit; } c { contextUnit };
    const auto *aotContext = &c;
    Q_UNUSED(aotContext);
    argTypes[0] = QMetaType::fromType<double>();
}, 
    [](const QQmlPrivate::AOTCompiledContext *aotContext, void **argv) {
Q_UNUSED(aotContext)
Q_UNUSED(argv)
// expression for width at line 336, column 56
struct Storage : QQmlPrivate::AOTTrackedLocalsStorage {
Storage(const QQmlPrivate::AOTCompiledContext *ctxt, void **a)   : aotContext(ctxt), argv(a) {}
void markObjects(QV4::MarkStack *markStack) const final {    Q_UNUSED(markStack);
    aotContext->mark(v2_0, markStack);
}
const QQmlPrivate::AOTCompiledContext *aotContext;
void **argv;
QObject *v2_0 = nullptr;
double v2_5;
};
Storage s(aotContext, argv);
aotContext->setLocals(&s);
// generate_LoadQmlContextPropertyLookup
#ifndef QT_NO_DEBUG
aotContext->setInstructionPointer(5);
#endif
while (!aotContext->loadScopeObjectPropertyLookup(379, &s.v2_0)) {
#ifdef QT_NO_DEBUG
aotContext->setInstructionPointer(5);
#endif
aotContext->initLoadScopeObjectPropertyLookup(379);
if (aotContext->engine->hasError()) {
aotContext->setReturnValueUndefined();
if (argv[0]) {
    *static_cast<double *>(argv[0]) = double();
}
return;
}
}
{
}
// generate_GetLookup
#ifndef QT_NO_DEBUG
aotContext->setInstructionPointer(10);
#endif
while (!aotContext->getObjectLookup(380, s.v2_0, &s.v2_5)) {
#ifdef QT_NO_DEBUG
aotContext->setInstructionPointer(10);
#endif
aotContext->initGetObjectLookup(380, s.v2_0);
if (aotContext->engine->hasError()) {
aotContext->setReturnValueUndefined();
if (argv[0]) {
    *static_cast<double *>(argv[0]) = double();
}
return;
}
}
{
}
{
}
// generate_Ret
if (argv[0]) {
    *static_cast<double *>(argv[0]) = s.v2_5;
}
return;
}
 },{ 133, 0, [](QV4::ExecutableCompilationUnit *contextUnit, QMetaType *argTypes) {
    struct { QV4::ExecutableCompilationUnit *compilationUnit; } c { contextUnit };
    const auto *aotContext = &c;
    Q_UNUSED(aotContext);
    argTypes[0] = []() { static const auto t = QMetaType::fromName("QQuickAnchorLine"); return t; }();
}, 
    [](const QQmlPrivate::AOTCompiledContext *aotContext, void **argv) {
Q_UNUSED(aotContext)
Q_UNUSED(argv)
// expression for bottom at line 336, column 25
struct Storage : QQmlPrivate::AOTTrackedLocalsStorage {
Storage(const QQmlPrivate::AOTCompiledContext *ctxt, void **a)   : aotContext(ctxt), argv(a) {}
void markObjects(QV4::MarkStack *markStack) const final {    Q_UNUSED(markStack);
    aotContext->mark(v2_0, markStack);
    aotContext->mark(v2_5, markStack);
}
const QQmlPrivate::AOTCompiledContext *aotContext;
void **argv;
QObject *v2_0 = nullptr;
QVariant v2_5;
};
Storage s(aotContext, argv);
aotContext->setLocals(&s);
// generate_LoadQmlContextPropertyLookup
#ifndef QT_NO_DEBUG
aotContext->setInstructionPointer(5);
#endif
while (!aotContext->loadScopeObjectPropertyLookup(383, &s.v2_0)) {
#ifdef QT_NO_DEBUG
aotContext->setInstructionPointer(5);
#endif
aotContext->initLoadScopeObjectPropertyLookup(383);
if (aotContext->engine->hasError()) {
aotContext->setReturnValueUndefined();
if (argv[0]) {
    const QMetaType returnType = []() { static const auto t = QMetaType::fromName("QQuickAnchorLine"); return t; }();
    returnType.destruct(argv[0]);
    returnType.construct(argv[0]);
 }
return;
}
}
{
}
// generate_GetLookup
#ifndef QT_NO_DEBUG
aotContext->setInstructionPointer(10);
#endif
s.v2_5 = QVariant(aotContext->lookupResultMetaType(384));
while (!aotContext->getObjectLookup(384, s.v2_0, s.v2_5.data())) {
#ifdef QT_NO_DEBUG
aotContext->setInstructionPointer(10);
#endif
aotContext->initGetObjectLookup(384, s.v2_0);
if (aotContext->engine->hasError()) {
aotContext->setReturnValueUndefined();
if (argv[0]) {
    const QMetaType returnType = []() { static const auto t = QMetaType::fromName("QQuickAnchorLine"); return t; }();
    returnType.destruct(argv[0]);
    returnType.construct(argv[0]);
 }
return;
}
s.v2_5 = QVariant(aotContext->lookupResultMetaType(384));
}
{
}
{
}
// generate_Ret
if (argv[0]) {
    if (!s.v2_5.isValid())
        aotContext->setReturnValueUndefined();
    const QMetaType returnType = s.v2_5.metaType();
    returnType.destruct(argv[0]);
    returnType.construct(argv[0], s.v2_5.data());
}
return;
}
 },{ 135, 0, [](QV4::ExecutableCompilationUnit *contextUnit, QMetaType *argTypes) {
    struct { QV4::ExecutableCompilationUnit *compilationUnit; } c { contextUnit };
    const auto *aotContext = &c;
    Q_UNUSED(aotContext);
    argTypes[0] = QMetaType::fromType<double>();
}, 
    [](const QQmlPrivate::AOTCompiledContext *aotContext, void **argv) {
Q_UNUSED(aotContext)
Q_UNUSED(argv)
// expression for preferredHeight at line 343, column 13
struct Storage : QQmlPrivate::AOTTrackedLocalsStorage {
Storage(const QQmlPrivate::AOTCompiledContext *ctxt, void **a)   : aotContext(ctxt), argv(a) {}
void markObjects(QV4::MarkStack *markStack) const final {    Q_UNUSED(markStack);
}
const QQmlPrivate::AOTCompiledContext *aotContext;
void **argv;
bool v2_0;
double c2_12;
double v2_11;
double v2_7;
};
Storage s(aotContext, argv);
aotContext->setLocals(&s);
// generate_LoadQmlContextPropertyLookup
#ifndef QT_NO_DEBUG
aotContext->setInstructionPointer(5);
#endif
while (!aotContext->loadScopeObjectPropertyLookup(387, &s.v2_0)) {
#ifdef QT_NO_DEBUG
aotContext->setInstructionPointer(5);
#endif
aotContext->initLoadScopeObjectPropertyLookup(387);
if (aotContext->engine->hasError()) {
aotContext->setReturnValueUndefined();
if (argv[0]) {
    *static_cast<double *>(argv[0]) = double();
}
return;
}
}
{
}
// generate_JumpFalse
if (!s.v2_0) {
    goto label_0;
}
{
}
// generate_LoadInt
s.v2_7 = double(30);
{
}
// generate_Jump
{
s.c2_12 = s.v2_7;
    goto label_1;
}
label_0:;
// generate_LoadZero
s.v2_11 = double(0);
{
s.c2_12 = s.v2_11;
}
label_1:;
{
}
// generate_Ret
if (argv[0]) {
    *static_cast<double *>(argv[0]) = s.c2_12;
}
return;
}
 },{ 136, 0, [](QV4::ExecutableCompilationUnit *contextUnit, QMetaType *argTypes) {
    struct { QV4::ExecutableCompilationUnit *compilationUnit; } c { contextUnit };
    const auto *aotContext = &c;
    Q_UNUSED(aotContext);
    argTypes[0] = []() { static const auto t = QMetaType::fromName("QQuickItem*"); return t; }();
}, 
    [](const QQmlPrivate::AOTCompiledContext *aotContext, void **argv) {
Q_UNUSED(aotContext)
Q_UNUSED(argv)
// expression for fill at line 347, column 17
struct Storage : QQmlPrivate::AOTTrackedLocalsStorage {
Storage(const QQmlPrivate::AOTCompiledContext *ctxt, void **a)   : aotContext(ctxt), argv(a) {}
void markObjects(QV4::MarkStack *markStack) const final {    Q_UNUSED(markStack);
    aotContext->mark(v2_0, markStack);
}
const QQmlPrivate::AOTCompiledContext *aotContext;
void **argv;
QObject *v2_0 = nullptr;
};
Storage s(aotContext, argv);
aotContext->setLocals(&s);
// generate_LoadQmlContextPropertyLookup
#ifndef QT_NO_DEBUG
aotContext->setInstructionPointer(5);
#endif
while (!aotContext->loadScopeObjectPropertyLookup(388, &s.v2_0)) {
#ifdef QT_NO_DEBUG
aotContext->setInstructionPointer(5);
#endif
aotContext->initLoadScopeObjectPropertyLookup(388);
if (aotContext->engine->hasError()) {
aotContext->setReturnValueUndefined();
if (argv[0]) {
    *static_cast<QObject * *>(argv[0]) = nullptr;
}
return;
}
}
{
}
{
}
// generate_Ret
if (argv[0]) {
    *static_cast<QObject * *>(argv[0]) = s.v2_0;
}
return;
}
 },{ 144, 0, [](QV4::ExecutableCompilationUnit *contextUnit, QMetaType *argTypes) {
    struct { QV4::ExecutableCompilationUnit *compilationUnit; } c { contextUnit };
    const auto *aotContext = &c;
    Q_UNUSED(aotContext);
    argTypes[0] = QMetaType::fromType<double>();
}, 
    [](const QQmlPrivate::AOTCompiledContext *aotContext, void **argv) {
Q_UNUSED(aotContext)
Q_UNUSED(argv)
// expression for height at line 374, column 25
struct Storage : QQmlPrivate::AOTTrackedLocalsStorage {
Storage(const QQmlPrivate::AOTCompiledContext *ctxt, void **a)   : aotContext(ctxt), argv(a) {}
void markObjects(QV4::MarkStack *markStack) const final {    Q_UNUSED(markStack);
    aotContext->mark(v2_0, markStack);
}
const QQmlPrivate::AOTCompiledContext *aotContext;
void **argv;
QObject *v2_0 = nullptr;
double v2_5;
};
Storage s(aotContext, argv);
aotContext->setLocals(&s);
// generate_LoadQmlContextPropertyLookup
#ifndef QT_NO_DEBUG
aotContext->setInstructionPointer(5);
#endif
while (!aotContext->loadScopeObjectPropertyLookup(418, &s.v2_0)) {
#ifdef QT_NO_DEBUG
aotContext->setInstructionPointer(5);
#endif
aotContext->initLoadScopeObjectPropertyLookup(418);
if (aotContext->engine->hasError()) {
aotContext->setReturnValueUndefined();
if (argv[0]) {
    *static_cast<double *>(argv[0]) = double();
}
return;
}
}
{
}
// generate_GetLookup
#ifndef QT_NO_DEBUG
aotContext->setInstructionPointer(10);
#endif
while (!aotContext->getObjectLookup(419, s.v2_0, &s.v2_5)) {
#ifdef QT_NO_DEBUG
aotContext->setInstructionPointer(10);
#endif
aotContext->initGetObjectLookup(419, s.v2_0);
if (aotContext->engine->hasError()) {
aotContext->setReturnValueUndefined();
if (argv[0]) {
    *static_cast<double *>(argv[0]) = double();
}
return;
}
}
{
}
{
}
// generate_Ret
if (argv[0]) {
    *static_cast<double *>(argv[0]) = s.v2_5;
}
return;
}
 },{ 148, 0, [](QV4::ExecutableCompilationUnit *contextUnit, QMetaType *argTypes) {
    struct { QV4::ExecutableCompilationUnit *compilationUnit; } c { contextUnit };
    const auto *aotContext = &c;
    Q_UNUSED(aotContext);
    argTypes[0] = QMetaType::fromType<double>();
}, 
    [](const QQmlPrivate::AOTCompiledContext *aotContext, void **argv) {
Q_UNUSED(aotContext)
Q_UNUSED(argv)
// expression for width at line 386, column 56
struct Storage : QQmlPrivate::AOTTrackedLocalsStorage {
Storage(const QQmlPrivate::AOTCompiledContext *ctxt, void **a)   : aotContext(ctxt), argv(a) {}
void markObjects(QV4::MarkStack *markStack) const final {    Q_UNUSED(markStack);
    aotContext->mark(v2_0, markStack);
}
const QQmlPrivate::AOTCompiledContext *aotContext;
void **argv;
QObject *v2_0 = nullptr;
double v2_5;
};
Storage s(aotContext, argv);
aotContext->setLocals(&s);
// generate_LoadQmlContextPropertyLookup
#ifndef QT_NO_DEBUG
aotContext->setInstructionPointer(5);
#endif
while (!aotContext->loadScopeObjectPropertyLookup(434, &s.v2_0)) {
#ifdef QT_NO_DEBUG
aotContext->setInstructionPointer(5);
#endif
aotContext->initLoadScopeObjectPropertyLookup(434);
if (aotContext->engine->hasError()) {
aotContext->setReturnValueUndefined();
if (argv[0]) {
    *static_cast<double *>(argv[0]) = double();
}
return;
}
}
{
}
// generate_GetLookup
#ifndef QT_NO_DEBUG
aotContext->setInstructionPointer(10);
#endif
while (!aotContext->getObjectLookup(435, s.v2_0, &s.v2_5)) {
#ifdef QT_NO_DEBUG
aotContext->setInstructionPointer(10);
#endif
aotContext->initGetObjectLookup(435, s.v2_0);
if (aotContext->engine->hasError()) {
aotContext->setReturnValueUndefined();
if (argv[0]) {
    *static_cast<double *>(argv[0]) = double();
}
return;
}
}
{
}
{
}
// generate_Ret
if (argv[0]) {
    *static_cast<double *>(argv[0]) = s.v2_5;
}
return;
}
 },{ 150, 0, [](QV4::ExecutableCompilationUnit *contextUnit, QMetaType *argTypes) {
    struct { QV4::ExecutableCompilationUnit *compilationUnit; } c { contextUnit };
    const auto *aotContext = &c;
    Q_UNUSED(aotContext);
    argTypes[0] = []() { static const auto t = QMetaType::fromName("QQuickAnchorLine"); return t; }();
}, 
    [](const QQmlPrivate::AOTCompiledContext *aotContext, void **argv) {
Q_UNUSED(aotContext)
Q_UNUSED(argv)
// expression for bottom at line 386, column 25
struct Storage : QQmlPrivate::AOTTrackedLocalsStorage {
Storage(const QQmlPrivate::AOTCompiledContext *ctxt, void **a)   : aotContext(ctxt), argv(a) {}
void markObjects(QV4::MarkStack *markStack) const final {    Q_UNUSED(markStack);
    aotContext->mark(v2_0, markStack);
    aotContext->mark(v2_5, markStack);
}
const QQmlPrivate::AOTCompiledContext *aotContext;
void **argv;
QObject *v2_0 = nullptr;
QVariant v2_5;
};
Storage s(aotContext, argv);
aotContext->setLocals(&s);
// generate_LoadQmlContextPropertyLookup
#ifndef QT_NO_DEBUG
aotContext->setInstructionPointer(5);
#endif
while (!aotContext->loadScopeObjectPropertyLookup(438, &s.v2_0)) {
#ifdef QT_NO_DEBUG
aotContext->setInstructionPointer(5);
#endif
aotContext->initLoadScopeObjectPropertyLookup(438);
if (aotContext->engine->hasError()) {
aotContext->setReturnValueUndefined();
if (argv[0]) {
    const QMetaType returnType = []() { static const auto t = QMetaType::fromName("QQuickAnchorLine"); return t; }();
    returnType.destruct(argv[0]);
    returnType.construct(argv[0]);
 }
return;
}
}
{
}
// generate_GetLookup
#ifndef QT_NO_DEBUG
aotContext->setInstructionPointer(10);
#endif
s.v2_5 = QVariant(aotContext->lookupResultMetaType(439));
while (!aotContext->getObjectLookup(439, s.v2_0, s.v2_5.data())) {
#ifdef QT_NO_DEBUG
aotContext->setInstructionPointer(10);
#endif
aotContext->initGetObjectLookup(439, s.v2_0);
if (aotContext->engine->hasError()) {
aotContext->setReturnValueUndefined();
if (argv[0]) {
    const QMetaType returnType = []() { static const auto t = QMetaType::fromName("QQuickAnchorLine"); return t; }();
    returnType.destruct(argv[0]);
    returnType.construct(argv[0]);
 }
return;
}
s.v2_5 = QVariant(aotContext->lookupResultMetaType(439));
}
{
}
{
}
// generate_Ret
if (argv[0]) {
    if (!s.v2_5.isValid())
        aotContext->setReturnValueUndefined();
    const QMetaType returnType = s.v2_5.metaType();
    returnType.destruct(argv[0]);
    returnType.construct(argv[0], s.v2_5.data());
}
return;
}
 },{ 152, 0, [](QV4::ExecutableCompilationUnit *contextUnit, QMetaType *argTypes) {
    struct { QV4::ExecutableCompilationUnit *compilationUnit; } c { contextUnit };
    const auto *aotContext = &c;
    Q_UNUSED(aotContext);
    argTypes[0] = QMetaType::fromType<double>();
}, 
    [](const QQmlPrivate::AOTCompiledContext *aotContext, void **argv) {
Q_UNUSED(aotContext)
Q_UNUSED(argv)
// expression for preferredHeight at line 392, column 13
struct Storage : QQmlPrivate::AOTTrackedLocalsStorage {
Storage(const QQmlPrivate::AOTCompiledContext *ctxt, void **a)   : aotContext(ctxt), argv(a) {}
void markObjects(QV4::MarkStack *markStack) const final {    Q_UNUSED(markStack);
}
const QQmlPrivate::AOTCompiledContext *aotContext;
void **argv;
bool v2_0;
double c2_12;
double v2_11;
double v2_7;
};
Storage s(aotContext, argv);
aotContext->setLocals(&s);
// generate_LoadQmlContextPropertyLookup
#ifndef QT_NO_DEBUG
aotContext->setInstructionPointer(5);
#endif
while (!aotContext->loadScopeObjectPropertyLookup(446, &s.v2_0)) {
#ifdef QT_NO_DEBUG
aotContext->setInstructionPointer(5);
#endif
aotContext->initLoadScopeObjectPropertyLookup(446);
if (aotContext->engine->hasError()) {
aotContext->setReturnValueUndefined();
if (argv[0]) {
    *static_cast<double *>(argv[0]) = double();
}
return;
}
}
{
}
// generate_JumpFalse
if (!s.v2_0) {
    goto label_0;
}
{
}
// generate_LoadInt
s.v2_7 = double(36);
{
}
// generate_Jump
{
s.c2_12 = s.v2_7;
    goto label_1;
}
label_0:;
// generate_LoadZero
s.v2_11 = double(0);
{
s.c2_12 = s.v2_11;
}
label_1:;
{
}
// generate_Ret
if (argv[0]) {
    *static_cast<double *>(argv[0]) = s.c2_12;
}
return;
}
 },{ 165, 3, [](QV4::ExecutableCompilationUnit *contextUnit, QMetaType *argTypes) {
    struct { QV4::ExecutableCompilationUnit *compilationUnit; } c { contextUnit };
    const auto *aotContext = &c;
    Q_UNUSED(aotContext);
    argTypes[0] = QMetaType();
    argTypes[1] = QMetaType::fromType<double>();
    argTypes[2] = QMetaType::fromType<double>();
    argTypes[3] = QMetaType::fromType<double>();
}, 
    [](const QQmlPrivate::AOTCompiledContext *aotContext, void **argv) {
Q_UNUSED(aotContext)
Q_UNUSED(argv)
// expression for onPlacementChanged at line 427, column 17
struct Storage : QQmlPrivate::AOTTrackedLocalsStorage {
Storage(const QQmlPrivate::AOTCompiledContext *ctxt, void **a)   : aotContext(ctxt), argv(a) {}
void markObjects(QV4::MarkStack *markStack) const final {    Q_UNUSED(markStack);
}
const QQmlPrivate::AOTCompiledContext *aotContext;
void **argv;
};
Storage s(aotContext, argv);
aotContext->setLocals(&s);
// generate_CreateCallContext
{
{
}
{
}
{
}
// generate_PopContext
{}
}
{
}
{
}
// generate_Ret
return;
}
 },{ 167, 0, [](QV4::ExecutableCompilationUnit *contextUnit, QMetaType *argTypes) {
    struct { QV4::ExecutableCompilationUnit *compilationUnit; } c { contextUnit };
    const auto *aotContext = &c;
    Q_UNUSED(aotContext);
    argTypes[0] = []() { static const auto t = QMetaType::fromName("QQuickItem*"); return t; }();
}, 
    [](const QQmlPrivate::AOTCompiledContext *aotContext, void **argv) {
Q_UNUSED(aotContext)
Q_UNUSED(argv)
// expression for fill at line 413, column 17
struct Storage : QQmlPrivate::AOTTrackedLocalsStorage {
Storage(const QQmlPrivate::AOTCompiledContext *ctxt, void **a)   : aotContext(ctxt), argv(a) {}
void markObjects(QV4::MarkStack *markStack) const final {    Q_UNUSED(markStack);
    aotContext->mark(v2_0, markStack);
}
const QQmlPrivate::AOTCompiledContext *aotContext;
void **argv;
QObject *v2_0 = nullptr;
};
Storage s(aotContext, argv);
aotContext->setLocals(&s);
// generate_LoadQmlContextPropertyLookup
#ifndef QT_NO_DEBUG
aotContext->setInstructionPointer(5);
#endif
while (!aotContext->loadScopeObjectPropertyLookup(512, &s.v2_0)) {
#ifdef QT_NO_DEBUG
aotContext->setInstructionPointer(5);
#endif
aotContext->initLoadScopeObjectPropertyLookup(512);
if (aotContext->engine->hasError()) {
aotContext->setReturnValueUndefined();
if (argv[0]) {
    *static_cast<QObject * *>(argv[0]) = nullptr;
}
return;
}
}
{
}
{
}
// generate_Ret
if (argv[0]) {
    *static_cast<QObject * *>(argv[0]) = s.v2_0;
}
return;
}
 },{ 168, 0, [](QV4::ExecutableCompilationUnit *contextUnit, QMetaType *argTypes) {
    struct { QV4::ExecutableCompilationUnit *compilationUnit; } c { contextUnit };
    const auto *aotContext = &c;
    Q_UNUSED(aotContext);
    argTypes[0] = []() { static const auto t = QMetaType::fromName("QQuickAnchorLine"); return t; }();
}, 
    [](const QQmlPrivate::AOTCompiledContext *aotContext, void **argv) {
Q_UNUSED(aotContext)
Q_UNUSED(argv)
// expression for right at line 433, column 17
struct Storage : QQmlPrivate::AOTTrackedLocalsStorage {
Storage(const QQmlPrivate::AOTCompiledContext *ctxt, void **a)   : aotContext(ctxt), argv(a) {}
void markObjects(QV4::MarkStack *markStack) const final {    Q_UNUSED(markStack);
    aotContext->mark(v2_0, markStack);
    aotContext->mark(v2_5, markStack);
}
const QQmlPrivate::AOTCompiledContext *aotContext;
void **argv;
QObject *v2_0 = nullptr;
QVariant v2_5;
};
Storage s(aotContext, argv);
aotContext->setLocals(&s);
// generate_LoadQmlContextPropertyLookup
#ifndef QT_NO_DEBUG
aotContext->setInstructionPointer(5);
#endif
while (!aotContext->loadScopeObjectPropertyLookup(513, &s.v2_0)) {
#ifdef QT_NO_DEBUG
aotContext->setInstructionPointer(5);
#endif
aotContext->initLoadScopeObjectPropertyLookup(513);
if (aotContext->engine->hasError()) {
aotContext->setReturnValueUndefined();
if (argv[0]) {
    const QMetaType returnType = []() { static const auto t = QMetaType::fromName("QQuickAnchorLine"); return t; }();
    returnType.destruct(argv[0]);
    returnType.construct(argv[0]);
 }
return;
}
}
{
}
// generate_GetLookup
#ifndef QT_NO_DEBUG
aotContext->setInstructionPointer(10);
#endif
s.v2_5 = QVariant(aotContext->lookupResultMetaType(514));
while (!aotContext->getObjectLookup(514, s.v2_0, s.v2_5.data())) {
#ifdef QT_NO_DEBUG
aotContext->setInstructionPointer(10);
#endif
aotContext->initGetObjectLookup(514, s.v2_0);
if (aotContext->engine->hasError()) {
aotContext->setReturnValueUndefined();
if (argv[0]) {
    const QMetaType returnType = []() { static const auto t = QMetaType::fromName("QQuickAnchorLine"); return t; }();
    returnType.destruct(argv[0]);
    returnType.construct(argv[0]);
 }
return;
}
s.v2_5 = QVariant(aotContext->lookupResultMetaType(514));
}
{
}
{
}
// generate_Ret
if (argv[0]) {
    if (!s.v2_5.isValid())
        aotContext->setReturnValueUndefined();
    const QMetaType returnType = s.v2_5.metaType();
    returnType.destruct(argv[0]);
    returnType.construct(argv[0], s.v2_5.data());
}
return;
}
 },{ 169, 0, [](QV4::ExecutableCompilationUnit *contextUnit, QMetaType *argTypes) {
    struct { QV4::ExecutableCompilationUnit *compilationUnit; } c { contextUnit };
    const auto *aotContext = &c;
    Q_UNUSED(aotContext);
    argTypes[0] = []() { static const auto t = QMetaType::fromName("QQuickAnchorLine"); return t; }();
}, 
    [](const QQmlPrivate::AOTCompiledContext *aotContext, void **argv) {
Q_UNUSED(aotContext)
Q_UNUSED(argv)
// expression for bottom at line 434, column 17
struct Storage : QQmlPrivate::AOTTrackedLocalsStorage {
Storage(const QQmlPrivate::AOTCompiledContext *ctxt, void **a)   : aotContext(ctxt), argv(a) {}
void markObjects(QV4::MarkStack *markStack) const final {    Q_UNUSED(markStack);
    aotContext->mark(v2_0, markStack);
    aotContext->mark(v2_5, markStack);
}
const QQmlPrivate::AOTCompiledContext *aotContext;
void **argv;
QObject *v2_0 = nullptr;
QVariant v2_5;
};
Storage s(aotContext, argv);
aotContext->setLocals(&s);
// generate_LoadQmlContextPropertyLookup
#ifndef QT_NO_DEBUG
aotContext->setInstructionPointer(5);
#endif
while (!aotContext->loadScopeObjectPropertyLookup(515, &s.v2_0)) {
#ifdef QT_NO_DEBUG
aotContext->setInstructionPointer(5);
#endif
aotContext->initLoadScopeObjectPropertyLookup(515);
if (aotContext->engine->hasError()) {
aotContext->setReturnValueUndefined();
if (argv[0]) {
    const QMetaType returnType = []() { static const auto t = QMetaType::fromName("QQuickAnchorLine"); return t; }();
    returnType.destruct(argv[0]);
    returnType.construct(argv[0]);
 }
return;
}
}
{
}
// generate_GetLookup
#ifndef QT_NO_DEBUG
aotContext->setInstructionPointer(10);
#endif
s.v2_5 = QVariant(aotContext->lookupResultMetaType(516));
while (!aotContext->getObjectLookup(516, s.v2_0, s.v2_5.data())) {
#ifdef QT_NO_DEBUG
aotContext->setInstructionPointer(10);
#endif
aotContext->initGetObjectLookup(516, s.v2_0);
if (aotContext->engine->hasError()) {
aotContext->setReturnValueUndefined();
if (argv[0]) {
    const QMetaType returnType = []() { static const auto t = QMetaType::fromName("QQuickAnchorLine"); return t; }();
    returnType.destruct(argv[0]);
    returnType.construct(argv[0]);
 }
return;
}
s.v2_5 = QVariant(aotContext->lookupResultMetaType(516));
}
{
}
{
}
// generate_Ret
if (argv[0]) {
    if (!s.v2_5.isValid())
        aotContext->setReturnValueUndefined();
    const QMetaType returnType = s.v2_5.metaType();
    returnType.destruct(argv[0]);
    returnType.construct(argv[0], s.v2_5.data());
}
return;
}
 },{ 174, 0, [](QV4::ExecutableCompilationUnit *contextUnit, QMetaType *argTypes) {
    struct { QV4::ExecutableCompilationUnit *compilationUnit; } c { contextUnit };
    const auto *aotContext = &c;
    Q_UNUSED(aotContext);
    argTypes[0] = []() { static const auto t = QMetaType::fromName("Qt::CursorShape"); return t; }();
}, 
    [](const QQmlPrivate::AOTCompiledContext *aotContext, void **argv) {
Q_UNUSED(aotContext)
Q_UNUSED(argv)
// expression for cursorShape at line 447, column 25
struct Storage : QQmlPrivate::AOTTrackedLocalsStorage {
Storage(const QQmlPrivate::AOTCompiledContext *ctxt, void **a)   : aotContext(ctxt), argv(a) {}
void markObjects(QV4::MarkStack *markStack) const final {    Q_UNUSED(markStack);
}
const QQmlPrivate::AOTCompiledContext *aotContext;
void **argv;
int v2_5;
};
Storage s(aotContext, argv);
aotContext->setLocals(&s);
{
}
// generate_GetLookup
#ifndef QT_NO_DEBUG
aotContext->setInstructionPointer(10);
#endif
while (!aotContext->getEnumLookup(530, &s.v2_5)) {
#ifdef QT_NO_DEBUG
aotContext->setInstructionPointer(10);
#endif
aotContext->initGetEnumLookup(530, []() { static const auto t = QMetaType::fromName("Qt"); return t; }().metaObject(), "CursorShape", "PointingHandCursor");
if (aotContext->engine->hasError()) {
aotContext->setReturnValueUndefined();
if (argv[0]) {
    const QMetaType returnType = []() { static const auto t = QMetaType::fromName("Qt::CursorShape"); return t; }();
    returnType.destruct(argv[0]);
    returnType.construct(argv[0]);
 }
return;
}
}
{
}
{
}
// generate_Ret
if (argv[0]) {
    const QMetaType returnType = QMetaType::fromType<int>();
    returnType.destruct(argv[0]);
    returnType.construct(argv[0], &s.v2_5);
}
return;
}
 },{ 176, 0, [](QV4::ExecutableCompilationUnit *contextUnit, QMetaType *argTypes) {
    struct { QV4::ExecutableCompilationUnit *compilationUnit; } c { contextUnit };
    const auto *aotContext = &c;
    Q_UNUSED(aotContext);
    argTypes[0] = []() { static const auto t = QMetaType::fromName("QQuickItem*"); return t; }();
}, 
    [](const QQmlPrivate::AOTCompiledContext *aotContext, void **argv) {
Q_UNUSED(aotContext)
Q_UNUSED(argv)
// expression for fill at line 445, column 25
struct Storage : QQmlPrivate::AOTTrackedLocalsStorage {
Storage(const QQmlPrivate::AOTCompiledContext *ctxt, void **a)   : aotContext(ctxt), argv(a) {}
void markObjects(QV4::MarkStack *markStack) const final {    Q_UNUSED(markStack);
    aotContext->mark(v2_0, markStack);
}
const QQmlPrivate::AOTCompiledContext *aotContext;
void **argv;
QObject *v2_0 = nullptr;
};
Storage s(aotContext, argv);
aotContext->setLocals(&s);
// generate_LoadQmlContextPropertyLookup
#ifndef QT_NO_DEBUG
aotContext->setInstructionPointer(5);
#endif
while (!aotContext->loadScopeObjectPropertyLookup(535, &s.v2_0)) {
#ifdef QT_NO_DEBUG
aotContext->setInstructionPointer(5);
#endif
aotContext->initLoadScopeObjectPropertyLookup(535);
if (aotContext->engine->hasError()) {
aotContext->setReturnValueUndefined();
if (argv[0]) {
    *static_cast<QObject * *>(argv[0]) = nullptr;
}
return;
}
}
{
}
{
}
// generate_Ret
if (argv[0]) {
    *static_cast<QObject * *>(argv[0]) = s.v2_0;
}
return;
}
 },{ 180, 0, [](QV4::ExecutableCompilationUnit *contextUnit, QMetaType *argTypes) {
    struct { QV4::ExecutableCompilationUnit *compilationUnit; } c { contextUnit };
    const auto *aotContext = &c;
    Q_UNUSED(aotContext);
    argTypes[0] = []() { static const auto t = QMetaType::fromName("Qt::CursorShape"); return t; }();
}, 
    [](const QQmlPrivate::AOTCompiledContext *aotContext, void **argv) {
Q_UNUSED(aotContext)
Q_UNUSED(argv)
// expression for cursorShape at line 463, column 25
struct Storage : QQmlPrivate::AOTTrackedLocalsStorage {
Storage(const QQmlPrivate::AOTCompiledContext *ctxt, void **a)   : aotContext(ctxt), argv(a) {}
void markObjects(QV4::MarkStack *markStack) const final {    Q_UNUSED(markStack);
}
const QQmlPrivate::AOTCompiledContext *aotContext;
void **argv;
int v2_5;
};
Storage s(aotContext, argv);
aotContext->setLocals(&s);
{
}
// generate_GetLookup
#ifndef QT_NO_DEBUG
aotContext->setInstructionPointer(10);
#endif
while (!aotContext->getEnumLookup(552, &s.v2_5)) {
#ifdef QT_NO_DEBUG
aotContext->setInstructionPointer(10);
#endif
aotContext->initGetEnumLookup(552, []() { static const auto t = QMetaType::fromName("Qt"); return t; }().metaObject(), "CursorShape", "PointingHandCursor");
if (aotContext->engine->hasError()) {
aotContext->setReturnValueUndefined();
if (argv[0]) {
    const QMetaType returnType = []() { static const auto t = QMetaType::fromName("Qt::CursorShape"); return t; }();
    returnType.destruct(argv[0]);
    returnType.construct(argv[0]);
 }
return;
}
}
{
}
{
}
// generate_Ret
if (argv[0]) {
    const QMetaType returnType = QMetaType::fromType<int>();
    returnType.destruct(argv[0]);
    returnType.construct(argv[0], &s.v2_5);
}
return;
}
 },{ 182, 0, [](QV4::ExecutableCompilationUnit *contextUnit, QMetaType *argTypes) {
    struct { QV4::ExecutableCompilationUnit *compilationUnit; } c { contextUnit };
    const auto *aotContext = &c;
    Q_UNUSED(aotContext);
    argTypes[0] = []() { static const auto t = QMetaType::fromName("QQuickItem*"); return t; }();
}, 
    [](const QQmlPrivate::AOTCompiledContext *aotContext, void **argv) {
Q_UNUSED(aotContext)
Q_UNUSED(argv)
// expression for fill at line 461, column 25
struct Storage : QQmlPrivate::AOTTrackedLocalsStorage {
Storage(const QQmlPrivate::AOTCompiledContext *ctxt, void **a)   : aotContext(ctxt), argv(a) {}
void markObjects(QV4::MarkStack *markStack) const final {    Q_UNUSED(markStack);
    aotContext->mark(v2_0, markStack);
}
const QQmlPrivate::AOTCompiledContext *aotContext;
void **argv;
QObject *v2_0 = nullptr;
};
Storage s(aotContext, argv);
aotContext->setLocals(&s);
// generate_LoadQmlContextPropertyLookup
#ifndef QT_NO_DEBUG
aotContext->setInstructionPointer(5);
#endif
while (!aotContext->loadScopeObjectPropertyLookup(562, &s.v2_0)) {
#ifdef QT_NO_DEBUG
aotContext->setInstructionPointer(5);
#endif
aotContext->initLoadScopeObjectPropertyLookup(562);
if (aotContext->engine->hasError()) {
aotContext->setReturnValueUndefined();
if (argv[0]) {
    *static_cast<QObject * *>(argv[0]) = nullptr;
}
return;
}
}
{
}
{
}
// generate_Ret
if (argv[0]) {
    *static_cast<QObject * *>(argv[0]) = s.v2_0;
}
return;
}
 },{ 185, 0, [](QV4::ExecutableCompilationUnit *contextUnit, QMetaType *argTypes) {
    struct { QV4::ExecutableCompilationUnit *compilationUnit; } c { contextUnit };
    const auto *aotContext = &c;
    Q_UNUSED(aotContext);
    argTypes[0] = []() { static const auto t = QMetaType::fromName("Qt::CursorShape"); return t; }();
}, 
    [](const QQmlPrivate::AOTCompiledContext *aotContext, void **argv) {
Q_UNUSED(aotContext)
Q_UNUSED(argv)
// expression for cursorShape at line 479, column 25
struct Storage : QQmlPrivate::AOTTrackedLocalsStorage {
Storage(const QQmlPrivate::AOTCompiledContext *ctxt, void **a)   : aotContext(ctxt), argv(a) {}
void markObjects(QV4::MarkStack *markStack) const final {    Q_UNUSED(markStack);
}
const QQmlPrivate::AOTCompiledContext *aotContext;
void **argv;
int v2_5;
};
Storage s(aotContext, argv);
aotContext->setLocals(&s);
{
}
// generate_GetLookup
#ifndef QT_NO_DEBUG
aotContext->setInstructionPointer(10);
#endif
while (!aotContext->getEnumLookup(579, &s.v2_5)) {
#ifdef QT_NO_DEBUG
aotContext->setInstructionPointer(10);
#endif
aotContext->initGetEnumLookup(579, []() { static const auto t = QMetaType::fromName("Qt"); return t; }().metaObject(), "CursorShape", "PointingHandCursor");
if (aotContext->engine->hasError()) {
aotContext->setReturnValueUndefined();
if (argv[0]) {
    const QMetaType returnType = []() { static const auto t = QMetaType::fromName("Qt::CursorShape"); return t; }();
    returnType.destruct(argv[0]);
    returnType.construct(argv[0]);
 }
return;
}
}
{
}
{
}
// generate_Ret
if (argv[0]) {
    const QMetaType returnType = QMetaType::fromType<int>();
    returnType.destruct(argv[0]);
    returnType.construct(argv[0], &s.v2_5);
}
return;
}
 },{ 187, 0, [](QV4::ExecutableCompilationUnit *contextUnit, QMetaType *argTypes) {
    struct { QV4::ExecutableCompilationUnit *compilationUnit; } c { contextUnit };
    const auto *aotContext = &c;
    Q_UNUSED(aotContext);
    argTypes[0] = []() { static const auto t = QMetaType::fromName("QQuickItem*"); return t; }();
}, 
    [](const QQmlPrivate::AOTCompiledContext *aotContext, void **argv) {
Q_UNUSED(aotContext)
Q_UNUSED(argv)
// expression for fill at line 477, column 25
struct Storage : QQmlPrivate::AOTTrackedLocalsStorage {
Storage(const QQmlPrivate::AOTCompiledContext *ctxt, void **a)   : aotContext(ctxt), argv(a) {}
void markObjects(QV4::MarkStack *markStack) const final {    Q_UNUSED(markStack);
    aotContext->mark(v2_0, markStack);
}
const QQmlPrivate::AOTCompiledContext *aotContext;
void **argv;
QObject *v2_0 = nullptr;
};
Storage s(aotContext, argv);
aotContext->setLocals(&s);
// generate_LoadQmlContextPropertyLookup
#ifndef QT_NO_DEBUG
aotContext->setInstructionPointer(5);
#endif
while (!aotContext->loadScopeObjectPropertyLookup(582, &s.v2_0)) {
#ifdef QT_NO_DEBUG
aotContext->setInstructionPointer(5);
#endif
aotContext->initLoadScopeObjectPropertyLookup(582);
if (aotContext->engine->hasError()) {
aotContext->setReturnValueUndefined();
if (argv[0]) {
    *static_cast<QObject * *>(argv[0]) = nullptr;
}
return;
}
}
{
}
{
}
// generate_Ret
if (argv[0]) {
    *static_cast<QObject * *>(argv[0]) = s.v2_0;
}
return;
}
 },{ 189, 0, [](QV4::ExecutableCompilationUnit *contextUnit, QMetaType *argTypes) {
    struct { QV4::ExecutableCompilationUnit *compilationUnit; } c { contextUnit };
    const auto *aotContext = &c;
    Q_UNUSED(aotContext);
    argTypes[0] = []() { static const auto t = QMetaType::fromName("QQuickAnchorLine"); return t; }();
}, 
    [](const QQmlPrivate::AOTCompiledContext *aotContext, void **argv) {
Q_UNUSED(aotContext)
Q_UNUSED(argv)
// expression for left at line 487, column 17
struct Storage : QQmlPrivate::AOTTrackedLocalsStorage {
Storage(const QQmlPrivate::AOTCompiledContext *ctxt, void **a)   : aotContext(ctxt), argv(a) {}
void markObjects(QV4::MarkStack *markStack) const final {    Q_UNUSED(markStack);
    aotContext->mark(v2_0, markStack);
    aotContext->mark(v2_5, markStack);
}
const QQmlPrivate::AOTCompiledContext *aotContext;
void **argv;
QObject *v2_0 = nullptr;
QVariant v2_5;
};
Storage s(aotContext, argv);
aotContext->setLocals(&s);
// generate_LoadQmlContextPropertyLookup
#ifndef QT_NO_DEBUG
aotContext->setInstructionPointer(5);
#endif
while (!aotContext->loadScopeObjectPropertyLookup(587, &s.v2_0)) {
#ifdef QT_NO_DEBUG
aotContext->setInstructionPointer(5);
#endif
aotContext->initLoadScopeObjectPropertyLookup(587);
if (aotContext->engine->hasError()) {
aotContext->setReturnValueUndefined();
if (argv[0]) {
    const QMetaType returnType = []() { static const auto t = QMetaType::fromName("QQuickAnchorLine"); return t; }();
    returnType.destruct(argv[0]);
    returnType.construct(argv[0]);
 }
return;
}
}
{
}
// generate_GetLookup
#ifndef QT_NO_DEBUG
aotContext->setInstructionPointer(10);
#endif
s.v2_5 = QVariant(aotContext->lookupResultMetaType(588));
while (!aotContext->getObjectLookup(588, s.v2_0, s.v2_5.data())) {
#ifdef QT_NO_DEBUG
aotContext->setInstructionPointer(10);
#endif
aotContext->initGetObjectLookup(588, s.v2_0);
if (aotContext->engine->hasError()) {
aotContext->setReturnValueUndefined();
if (argv[0]) {
    const QMetaType returnType = []() { static const auto t = QMetaType::fromName("QQuickAnchorLine"); return t; }();
    returnType.destruct(argv[0]);
    returnType.construct(argv[0]);
 }
return;
}
s.v2_5 = QVariant(aotContext->lookupResultMetaType(588));
}
{
}
{
}
// generate_Ret
if (argv[0]) {
    if (!s.v2_5.isValid())
        aotContext->setReturnValueUndefined();
    const QMetaType returnType = s.v2_5.metaType();
    returnType.destruct(argv[0]);
    returnType.construct(argv[0], s.v2_5.data());
}
return;
}
 },{ 190, 0, [](QV4::ExecutableCompilationUnit *contextUnit, QMetaType *argTypes) {
    struct { QV4::ExecutableCompilationUnit *compilationUnit; } c { contextUnit };
    const auto *aotContext = &c;
    Q_UNUSED(aotContext);
    argTypes[0] = []() { static const auto t = QMetaType::fromName("QQuickAnchorLine"); return t; }();
}, 
    [](const QQmlPrivate::AOTCompiledContext *aotContext, void **argv) {
Q_UNUSED(aotContext)
Q_UNUSED(argv)
// expression for bottom at line 488, column 17
struct Storage : QQmlPrivate::AOTTrackedLocalsStorage {
Storage(const QQmlPrivate::AOTCompiledContext *ctxt, void **a)   : aotContext(ctxt), argv(a) {}
void markObjects(QV4::MarkStack *markStack) const final {    Q_UNUSED(markStack);
    aotContext->mark(v2_0, markStack);
    aotContext->mark(v2_5, markStack);
}
const QQmlPrivate::AOTCompiledContext *aotContext;
void **argv;
QObject *v2_0 = nullptr;
QVariant v2_5;
};
Storage s(aotContext, argv);
aotContext->setLocals(&s);
// generate_LoadQmlContextPropertyLookup
#ifndef QT_NO_DEBUG
aotContext->setInstructionPointer(5);
#endif
while (!aotContext->loadScopeObjectPropertyLookup(589, &s.v2_0)) {
#ifdef QT_NO_DEBUG
aotContext->setInstructionPointer(5);
#endif
aotContext->initLoadScopeObjectPropertyLookup(589);
if (aotContext->engine->hasError()) {
aotContext->setReturnValueUndefined();
if (argv[0]) {
    const QMetaType returnType = []() { static const auto t = QMetaType::fromName("QQuickAnchorLine"); return t; }();
    returnType.destruct(argv[0]);
    returnType.construct(argv[0]);
 }
return;
}
}
{
}
// generate_GetLookup
#ifndef QT_NO_DEBUG
aotContext->setInstructionPointer(10);
#endif
s.v2_5 = QVariant(aotContext->lookupResultMetaType(590));
while (!aotContext->getObjectLookup(590, s.v2_0, s.v2_5.data())) {
#ifdef QT_NO_DEBUG
aotContext->setInstructionPointer(10);
#endif
aotContext->initGetObjectLookup(590, s.v2_0);
if (aotContext->engine->hasError()) {
aotContext->setReturnValueUndefined();
if (argv[0]) {
    const QMetaType returnType = []() { static const auto t = QMetaType::fromName("QQuickAnchorLine"); return t; }();
    returnType.destruct(argv[0]);
    returnType.construct(argv[0]);
 }
return;
}
s.v2_5 = QVariant(aotContext->lookupResultMetaType(590));
}
{
}
{
}
// generate_Ret
if (argv[0]) {
    if (!s.v2_5.isValid())
        aotContext->setReturnValueUndefined();
    const QMetaType returnType = s.v2_5.metaType();
    returnType.destruct(argv[0]);
    returnType.construct(argv[0], s.v2_5.data());
}
return;
}
 },{ 196, 0, [](QV4::ExecutableCompilationUnit *contextUnit, QMetaType *argTypes) {
    struct { QV4::ExecutableCompilationUnit *compilationUnit; } c { contextUnit };
    const auto *aotContext = &c;
    Q_UNUSED(aotContext);
    argTypes[0] = []() { static const auto t = QMetaType::fromName("QQuickItem*"); return t; }();
}, 
    [](const QQmlPrivate::AOTCompiledContext *aotContext, void **argv) {
Q_UNUSED(aotContext)
Q_UNUSED(argv)
// expression for centerIn at line 507, column 17
struct Storage : QQmlPrivate::AOTTrackedLocalsStorage {
Storage(const QQmlPrivate::AOTCompiledContext *ctxt, void **a)   : aotContext(ctxt), argv(a) {}
void markObjects(QV4::MarkStack *markStack) const final {    Q_UNUSED(markStack);
    aotContext->mark(v2_0, markStack);
}
const QQmlPrivate::AOTCompiledContext *aotContext;
void **argv;
QObject *v2_0 = nullptr;
};
Storage s(aotContext, argv);
aotContext->setLocals(&s);
// generate_LoadQmlContextPropertyLookup
#ifndef QT_NO_DEBUG
aotContext->setInstructionPointer(5);
#endif
while (!aotContext->loadScopeObjectPropertyLookup(613, &s.v2_0)) {
#ifdef QT_NO_DEBUG
aotContext->setInstructionPointer(5);
#endif
aotContext->initLoadScopeObjectPropertyLookup(613);
if (aotContext->engine->hasError()) {
aotContext->setReturnValueUndefined();
if (argv[0]) {
    *static_cast<QObject * *>(argv[0]) = nullptr;
}
return;
}
}
{
}
{
}
// generate_Ret
if (argv[0]) {
    *static_cast<QObject * *>(argv[0]) = s.v2_0;
}
return;
}
 },{ 205, 0, [](QV4::ExecutableCompilationUnit *contextUnit, QMetaType *argTypes) {
    struct { QV4::ExecutableCompilationUnit *compilationUnit; } c { contextUnit };
    const auto *aotContext = &c;
    Q_UNUSED(aotContext);
    argTypes[0] = QMetaType::fromType<double>();
}, 
    [](const QQmlPrivate::AOTCompiledContext *aotContext, void **argv) {
Q_UNUSED(aotContext)
Q_UNUSED(argv)
// expression for width at line 546, column 25
struct Storage : QQmlPrivate::AOTTrackedLocalsStorage {
Storage(const QQmlPrivate::AOTCompiledContext *ctxt, void **a)   : aotContext(ctxt), argv(a) {}
void markObjects(QV4::MarkStack *markStack) const final {    Q_UNUSED(markStack);
    aotContext->mark(v2_0, markStack);
}
const QQmlPrivate::AOTCompiledContext *aotContext;
void **argv;
QObject *v2_0 = nullptr;
double v2_5;
};
Storage s(aotContext, argv);
aotContext->setLocals(&s);
// generate_LoadQmlContextPropertyLookup
#ifndef QT_NO_DEBUG
aotContext->setInstructionPointer(5);
#endif
while (!aotContext->loadScopeObjectPropertyLookup(650, &s.v2_0)) {
#ifdef QT_NO_DEBUG
aotContext->setInstructionPointer(5);
#endif
aotContext->initLoadScopeObjectPropertyLookup(650);
if (aotContext->engine->hasError()) {
aotContext->setReturnValueUndefined();
if (argv[0]) {
    *static_cast<double *>(argv[0]) = double();
}
return;
}
}
{
}
// generate_GetLookup
#ifndef QT_NO_DEBUG
aotContext->setInstructionPointer(10);
#endif
while (!aotContext->getObjectLookup(651, s.v2_0, &s.v2_5)) {
#ifdef QT_NO_DEBUG
aotContext->setInstructionPointer(10);
#endif
aotContext->initGetObjectLookup(651, s.v2_0);
if (aotContext->engine->hasError()) {
aotContext->setReturnValueUndefined();
if (argv[0]) {
    *static_cast<double *>(argv[0]) = double();
}
return;
}
}
{
}
{
}
// generate_Ret
if (argv[0]) {
    *static_cast<double *>(argv[0]) = s.v2_5;
}
return;
}
 },{ 207, 0, [](QV4::ExecutableCompilationUnit *contextUnit, QMetaType *argTypes) {
    struct { QV4::ExecutableCompilationUnit *compilationUnit; } c { contextUnit };
    const auto *aotContext = &c;
    Q_UNUSED(aotContext);
    argTypes[0] = []() { static const auto t = QMetaType::fromName("QQuickItem*"); return t; }();
}, 
    [](const QQmlPrivate::AOTCompiledContext *aotContext, void **argv) {
Q_UNUSED(aotContext)
Q_UNUSED(argv)
// expression for fill at line 548, column 17
struct Storage : QQmlPrivate::AOTTrackedLocalsStorage {
Storage(const QQmlPrivate::AOTCompiledContext *ctxt, void **a)   : aotContext(ctxt), argv(a) {}
void markObjects(QV4::MarkStack *markStack) const final {    Q_UNUSED(markStack);
    aotContext->mark(v2_0, markStack);
}
const QQmlPrivate::AOTCompiledContext *aotContext;
void **argv;
QObject *v2_0 = nullptr;
};
Storage s(aotContext, argv);
aotContext->setLocals(&s);
// generate_LoadQmlContextPropertyLookup
#ifndef QT_NO_DEBUG
aotContext->setInstructionPointer(5);
#endif
while (!aotContext->loadScopeObjectPropertyLookup(654, &s.v2_0)) {
#ifdef QT_NO_DEBUG
aotContext->setInstructionPointer(5);
#endif
aotContext->initLoadScopeObjectPropertyLookup(654);
if (aotContext->engine->hasError()) {
aotContext->setReturnValueUndefined();
if (argv[0]) {
    *static_cast<QObject * *>(argv[0]) = nullptr;
}
return;
}
}
{
}
{
}
// generate_Ret
if (argv[0]) {
    *static_cast<QObject * *>(argv[0]) = s.v2_0;
}
return;
}
 },{ 213, 0, [](QV4::ExecutableCompilationUnit *contextUnit, QMetaType *argTypes) {
    struct { QV4::ExecutableCompilationUnit *compilationUnit; } c { contextUnit };
    const auto *aotContext = &c;
    Q_UNUSED(aotContext);
    argTypes[0] = []() { static const auto t = QMetaType::fromName("Qt::CursorShape"); return t; }();
}, 
    [](const QQmlPrivate::AOTCompiledContext *aotContext, void **argv) {
Q_UNUSED(aotContext)
Q_UNUSED(argv)
// expression for cursorShape at line 568, column 33
struct Storage : QQmlPrivate::AOTTrackedLocalsStorage {
Storage(const QQmlPrivate::AOTCompiledContext *ctxt, void **a)   : aotContext(ctxt), argv(a) {}
void markObjects(QV4::MarkStack *markStack) const final {    Q_UNUSED(markStack);
}
const QQmlPrivate::AOTCompiledContext *aotContext;
void **argv;
int v2_5;
};
Storage s(aotContext, argv);
aotContext->setLocals(&s);
{
}
// generate_GetLookup
#ifndef QT_NO_DEBUG
aotContext->setInstructionPointer(10);
#endif
while (!aotContext->getEnumLookup(673, &s.v2_5)) {
#ifdef QT_NO_DEBUG
aotContext->setInstructionPointer(10);
#endif
aotContext->initGetEnumLookup(673, []() { static const auto t = QMetaType::fromName("Qt"); return t; }().metaObject(), "CursorShape", "PointingHandCursor");
if (aotContext->engine->hasError()) {
aotContext->setReturnValueUndefined();
if (argv[0]) {
    const QMetaType returnType = []() { static const auto t = QMetaType::fromName("Qt::CursorShape"); return t; }();
    returnType.destruct(argv[0]);
    returnType.construct(argv[0]);
 }
return;
}
}
{
}
{
}
// generate_Ret
if (argv[0]) {
    const QMetaType returnType = QMetaType::fromType<int>();
    returnType.destruct(argv[0]);
    returnType.construct(argv[0], &s.v2_5);
}
return;
}
 },{ 215, 0, [](QV4::ExecutableCompilationUnit *contextUnit, QMetaType *argTypes) {
    struct { QV4::ExecutableCompilationUnit *compilationUnit; } c { contextUnit };
    const auto *aotContext = &c;
    Q_UNUSED(aotContext);
    argTypes[0] = []() { static const auto t = QMetaType::fromName("QQuickItem*"); return t; }();
}, 
    [](const QQmlPrivate::AOTCompiledContext *aotContext, void **argv) {
Q_UNUSED(aotContext)
Q_UNUSED(argv)
// expression for fill at line 566, column 33
struct Storage : QQmlPrivate::AOTTrackedLocalsStorage {
Storage(const QQmlPrivate::AOTCompiledContext *ctxt, void **a)   : aotContext(ctxt), argv(a) {}
void markObjects(QV4::MarkStack *markStack) const final {    Q_UNUSED(markStack);
    aotContext->mark(v2_0, markStack);
}
const QQmlPrivate::AOTCompiledContext *aotContext;
void **argv;
QObject *v2_0 = nullptr;
};
Storage s(aotContext, argv);
aotContext->setLocals(&s);
// generate_LoadQmlContextPropertyLookup
#ifndef QT_NO_DEBUG
aotContext->setInstructionPointer(5);
#endif
while (!aotContext->loadScopeObjectPropertyLookup(684, &s.v2_0)) {
#ifdef QT_NO_DEBUG
aotContext->setInstructionPointer(5);
#endif
aotContext->initLoadScopeObjectPropertyLookup(684);
if (aotContext->engine->hasError()) {
aotContext->setReturnValueUndefined();
if (argv[0]) {
    *static_cast<QObject * *>(argv[0]) = nullptr;
}
return;
}
}
{
}
{
}
// generate_Ret
if (argv[0]) {
    *static_cast<QObject * *>(argv[0]) = s.v2_0;
}
return;
}
 },{ 220, 0, [](QV4::ExecutableCompilationUnit *contextUnit, QMetaType *argTypes) {
    struct { QV4::ExecutableCompilationUnit *compilationUnit; } c { contextUnit };
    const auto *aotContext = &c;
    Q_UNUSED(aotContext);
    argTypes[0] = QMetaType::fromType<bool>();
}, 
    [](const QQmlPrivate::AOTCompiledContext *aotContext, void **argv) {
Q_UNUSED(aotContext)
Q_UNUSED(argv)
// expression for visible at line 601, column 21
struct Storage : QQmlPrivate::AOTTrackedLocalsStorage {
Storage(const QQmlPrivate::AOTCompiledContext *ctxt, void **a)   : aotContext(ctxt), argv(a) {}
void markObjects(QV4::MarkStack *markStack) const final {    Q_UNUSED(markStack);
    aotContext->mark(v2_0, markStack);
    aotContext->mark(v2_5, markStack);
}
const QQmlPrivate::AOTCompiledContext *aotContext;
void **argv;
QObject *v2_0 = nullptr;
QObject *v2_5 = nullptr;
bool v2_13;
};
Storage s(aotContext, argv);
aotContext->setLocals(&s);
// generate_LoadQmlContextPropertyLookup
#ifndef QT_NO_DEBUG
aotContext->setInstructionPointer(5);
#endif
while (!aotContext->loadContextIdLookup(719, &s.v2_0)) {
#ifdef QT_NO_DEBUG
aotContext->setInstructionPointer(5);
#endif
aotContext->initLoadContextIdLookup(719);
if (aotContext->engine->hasError()) {
aotContext->setReturnValueUndefined();
if (argv[0]) {
    *static_cast<bool *>(argv[0]) = bool();
}
return;
}
}
{
}
// generate_GetLookup
#ifndef QT_NO_DEBUG
aotContext->setInstructionPointer(10);
#endif
while (!aotContext->getObjectLookup(720, s.v2_0, &s.v2_5)) {
#ifdef QT_NO_DEBUG
aotContext->setInstructionPointer(10);
#endif
aotContext->initGetObjectLookup(720, s.v2_0);
if (aotContext->engine->hasError()) {
aotContext->setReturnValueUndefined();
if (argv[0]) {
    *static_cast<bool *>(argv[0]) = bool();
}
return;
}
}
{
}
// generate_StoreReg
{
}
{
}
// generate_CmpStrictNotEqual
s.v2_13 = s.v2_5 != nullptr;
{
}
{
}
// generate_Ret
if (argv[0]) {
    *static_cast<bool *>(argv[0]) = s.v2_13;
}
return;
}
 },{ 223, 0, [](QV4::ExecutableCompilationUnit *contextUnit, QMetaType *argTypes) {
    struct { QV4::ExecutableCompilationUnit *compilationUnit; } c { contextUnit };
    const auto *aotContext = &c;
    Q_UNUSED(aotContext);
    argTypes[0] = []() { static const auto t = QMetaType::fromName("Qt::CursorShape"); return t; }();
}, 
    [](const QQmlPrivate::AOTCompiledContext *aotContext, void **argv) {
Q_UNUSED(aotContext)
Q_UNUSED(argv)
// expression for cursorShape at line 612, column 33
struct Storage : QQmlPrivate::AOTTrackedLocalsStorage {
Storage(const QQmlPrivate::AOTCompiledContext *ctxt, void **a)   : aotContext(ctxt), argv(a) {}
void markObjects(QV4::MarkStack *markStack) const final {    Q_UNUSED(markStack);
}
const QQmlPrivate::AOTCompiledContext *aotContext;
void **argv;
int v2_5;
};
Storage s(aotContext, argv);
aotContext->setLocals(&s);
{
}
// generate_GetLookup
#ifndef QT_NO_DEBUG
aotContext->setInstructionPointer(10);
#endif
while (!aotContext->getEnumLookup(738, &s.v2_5)) {
#ifdef QT_NO_DEBUG
aotContext->setInstructionPointer(10);
#endif
aotContext->initGetEnumLookup(738, []() { static const auto t = QMetaType::fromName("Qt"); return t; }().metaObject(), "CursorShape", "PointingHandCursor");
if (aotContext->engine->hasError()) {
aotContext->setReturnValueUndefined();
if (argv[0]) {
    const QMetaType returnType = []() { static const auto t = QMetaType::fromName("Qt::CursorShape"); return t; }();
    returnType.destruct(argv[0]);
    returnType.construct(argv[0]);
 }
return;
}
}
{
}
{
}
// generate_Ret
if (argv[0]) {
    const QMetaType returnType = QMetaType::fromType<int>();
    returnType.destruct(argv[0]);
    returnType.construct(argv[0], &s.v2_5);
}
return;
}
 },{ 225, 0, [](QV4::ExecutableCompilationUnit *contextUnit, QMetaType *argTypes) {
    struct { QV4::ExecutableCompilationUnit *compilationUnit; } c { contextUnit };
    const auto *aotContext = &c;
    Q_UNUSED(aotContext);
    argTypes[0] = []() { static const auto t = QMetaType::fromName("QQuickItem*"); return t; }();
}, 
    [](const QQmlPrivate::AOTCompiledContext *aotContext, void **argv) {
Q_UNUSED(aotContext)
Q_UNUSED(argv)
// expression for fill at line 611, column 33
struct Storage : QQmlPrivate::AOTTrackedLocalsStorage {
Storage(const QQmlPrivate::AOTCompiledContext *ctxt, void **a)   : aotContext(ctxt), argv(a) {}
void markObjects(QV4::MarkStack *markStack) const final {    Q_UNUSED(markStack);
    aotContext->mark(v2_0, markStack);
}
const QQmlPrivate::AOTCompiledContext *aotContext;
void **argv;
QObject *v2_0 = nullptr;
};
Storage s(aotContext, argv);
aotContext->setLocals(&s);
// generate_LoadQmlContextPropertyLookup
#ifndef QT_NO_DEBUG
aotContext->setInstructionPointer(5);
#endif
while (!aotContext->loadScopeObjectPropertyLookup(748, &s.v2_0)) {
#ifdef QT_NO_DEBUG
aotContext->setInstructionPointer(5);
#endif
aotContext->initLoadScopeObjectPropertyLookup(748);
if (aotContext->engine->hasError()) {
aotContext->setReturnValueUndefined();
if (argv[0]) {
    *static_cast<QObject * *>(argv[0]) = nullptr;
}
return;
}
}
{
}
{
}
// generate_Ret
if (argv[0]) {
    *static_cast<QObject * *>(argv[0]) = s.v2_0;
}
return;
}
 },{ 229, 0, [](QV4::ExecutableCompilationUnit *contextUnit, QMetaType *argTypes) {
    struct { QV4::ExecutableCompilationUnit *compilationUnit; } c { contextUnit };
    const auto *aotContext = &c;
    Q_UNUSED(aotContext);
    argTypes[0] = []() { static const auto t = QMetaType::fromName("Qt::CursorShape"); return t; }();
}, 
    [](const QQmlPrivate::AOTCompiledContext *aotContext, void **argv) {
Q_UNUSED(aotContext)
Q_UNUSED(argv)
// expression for cursorShape at line 631, column 25
struct Storage : QQmlPrivate::AOTTrackedLocalsStorage {
Storage(const QQmlPrivate::AOTCompiledContext *ctxt, void **a)   : aotContext(ctxt), argv(a) {}
void markObjects(QV4::MarkStack *markStack) const final {    Q_UNUSED(markStack);
}
const QQmlPrivate::AOTCompiledContext *aotContext;
void **argv;
int v2_5;
};
Storage s(aotContext, argv);
aotContext->setLocals(&s);
{
}
// generate_GetLookup
#ifndef QT_NO_DEBUG
aotContext->setInstructionPointer(10);
#endif
while (!aotContext->getEnumLookup(766, &s.v2_5)) {
#ifdef QT_NO_DEBUG
aotContext->setInstructionPointer(10);
#endif
aotContext->initGetEnumLookup(766, []() { static const auto t = QMetaType::fromName("Qt"); return t; }().metaObject(), "CursorShape", "PointingHandCursor");
if (aotContext->engine->hasError()) {
aotContext->setReturnValueUndefined();
if (argv[0]) {
    const QMetaType returnType = []() { static const auto t = QMetaType::fromName("Qt::CursorShape"); return t; }();
    returnType.destruct(argv[0]);
    returnType.construct(argv[0]);
 }
return;
}
}
{
}
{
}
// generate_Ret
if (argv[0]) {
    const QMetaType returnType = QMetaType::fromType<int>();
    returnType.destruct(argv[0]);
    returnType.construct(argv[0], &s.v2_5);
}
return;
}
 },{ 231, 0, [](QV4::ExecutableCompilationUnit *contextUnit, QMetaType *argTypes) {
    struct { QV4::ExecutableCompilationUnit *compilationUnit; } c { contextUnit };
    const auto *aotContext = &c;
    Q_UNUSED(aotContext);
    argTypes[0] = []() { static const auto t = QMetaType::fromName("QQuickItem*"); return t; }();
}, 
    [](const QQmlPrivate::AOTCompiledContext *aotContext, void **argv) {
Q_UNUSED(aotContext)
Q_UNUSED(argv)
// expression for fill at line 630, column 25
struct Storage : QQmlPrivate::AOTTrackedLocalsStorage {
Storage(const QQmlPrivate::AOTCompiledContext *ctxt, void **a)   : aotContext(ctxt), argv(a) {}
void markObjects(QV4::MarkStack *markStack) const final {    Q_UNUSED(markStack);
    aotContext->mark(v2_0, markStack);
}
const QQmlPrivate::AOTCompiledContext *aotContext;
void **argv;
QObject *v2_0 = nullptr;
};
Storage s(aotContext, argv);
aotContext->setLocals(&s);
// generate_LoadQmlContextPropertyLookup
#ifndef QT_NO_DEBUG
aotContext->setInstructionPointer(5);
#endif
while (!aotContext->loadScopeObjectPropertyLookup(776, &s.v2_0)) {
#ifdef QT_NO_DEBUG
aotContext->setInstructionPointer(5);
#endif
aotContext->initLoadScopeObjectPropertyLookup(776);
if (aotContext->engine->hasError()) {
aotContext->setReturnValueUndefined();
if (argv[0]) {
    *static_cast<QObject * *>(argv[0]) = nullptr;
}
return;
}
}
{
}
{
}
// generate_Ret
if (argv[0]) {
    *static_cast<QObject * *>(argv[0]) = s.v2_0;
}
return;
}
 },{ 237, 0, [](QV4::ExecutableCompilationUnit *contextUnit, QMetaType *argTypes) {
    struct { QV4::ExecutableCompilationUnit *compilationUnit; } c { contextUnit };
    const auto *aotContext = &c;
    Q_UNUSED(aotContext);
    argTypes[0] = QMetaType::fromType<double>();
}, 
    [](const QQmlPrivate::AOTCompiledContext *aotContext, void **argv) {
Q_UNUSED(aotContext)
Q_UNUSED(argv)
// expression for width at line 649, column 29
struct Storage : QQmlPrivate::AOTTrackedLocalsStorage {
Storage(const QQmlPrivate::AOTCompiledContext *ctxt, void **a)   : aotContext(ctxt), argv(a) {}
void markObjects(QV4::MarkStack *markStack) const final {    Q_UNUSED(markStack);
    aotContext->mark(v2_0, markStack);
}
const QQmlPrivate::AOTCompiledContext *aotContext;
void **argv;
QObject *v2_0 = nullptr;
double v2_5;
};
Storage s(aotContext, argv);
aotContext->setLocals(&s);
// generate_LoadQmlContextPropertyLookup
#ifndef QT_NO_DEBUG
aotContext->setInstructionPointer(5);
#endif
while (!aotContext->loadScopeObjectPropertyLookup(797, &s.v2_0)) {
#ifdef QT_NO_DEBUG
aotContext->setInstructionPointer(5);
#endif
aotContext->initLoadScopeObjectPropertyLookup(797);
if (aotContext->engine->hasError()) {
aotContext->setReturnValueUndefined();
if (argv[0]) {
    *static_cast<double *>(argv[0]) = double();
}
return;
}
}
{
}
// generate_GetLookup
#ifndef QT_NO_DEBUG
aotContext->setInstructionPointer(10);
#endif
while (!aotContext->getObjectLookup(798, s.v2_0, &s.v2_5)) {
#ifdef QT_NO_DEBUG
aotContext->setInstructionPointer(10);
#endif
aotContext->initGetObjectLookup(798, s.v2_0);
if (aotContext->engine->hasError()) {
aotContext->setReturnValueUndefined();
if (argv[0]) {
    *static_cast<double *>(argv[0]) = double();
}
return;
}
}
{
}
{
}
// generate_Ret
if (argv[0]) {
    *static_cast<double *>(argv[0]) = s.v2_5;
}
return;
}
 },{ 239, 0, [](QV4::ExecutableCompilationUnit *contextUnit, QMetaType *argTypes) {
    struct { QV4::ExecutableCompilationUnit *compilationUnit; } c { contextUnit };
    const auto *aotContext = &c;
    Q_UNUSED(aotContext);
    argTypes[0] = []() { static const auto t = QMetaType::fromName("QQuickAnchorLine"); return t; }();
}, 
    [](const QQmlPrivate::AOTCompiledContext *aotContext, void **argv) {
Q_UNUSED(aotContext)
Q_UNUSED(argv)
// expression for bottom at line 648, column 29
struct Storage : QQmlPrivate::AOTTrackedLocalsStorage {
Storage(const QQmlPrivate::AOTCompiledContext *ctxt, void **a)   : aotContext(ctxt), argv(a) {}
void markObjects(QV4::MarkStack *markStack) const final {    Q_UNUSED(markStack);
    aotContext->mark(v2_0, markStack);
    aotContext->mark(v2_5, markStack);
}
const QQmlPrivate::AOTCompiledContext *aotContext;
void **argv;
QObject *v2_0 = nullptr;
QVariant v2_5;
};
Storage s(aotContext, argv);
aotContext->setLocals(&s);
// generate_LoadQmlContextPropertyLookup
#ifndef QT_NO_DEBUG
aotContext->setInstructionPointer(5);
#endif
while (!aotContext->loadScopeObjectPropertyLookup(803, &s.v2_0)) {
#ifdef QT_NO_DEBUG
aotContext->setInstructionPointer(5);
#endif
aotContext->initLoadScopeObjectPropertyLookup(803);
if (aotContext->engine->hasError()) {
aotContext->setReturnValueUndefined();
if (argv[0]) {
    const QMetaType returnType = []() { static const auto t = QMetaType::fromName("QQuickAnchorLine"); return t; }();
    returnType.destruct(argv[0]);
    returnType.construct(argv[0]);
 }
return;
}
}
{
}
// generate_GetLookup
#ifndef QT_NO_DEBUG
aotContext->setInstructionPointer(10);
#endif
s.v2_5 = QVariant(aotContext->lookupResultMetaType(804));
while (!aotContext->getObjectLookup(804, s.v2_0, s.v2_5.data())) {
#ifdef QT_NO_DEBUG
aotContext->setInstructionPointer(10);
#endif
aotContext->initGetObjectLookup(804, s.v2_0);
if (aotContext->engine->hasError()) {
aotContext->setReturnValueUndefined();
if (argv[0]) {
    const QMetaType returnType = []() { static const auto t = QMetaType::fromName("QQuickAnchorLine"); return t; }();
    returnType.destruct(argv[0]);
    returnType.construct(argv[0]);
 }
return;
}
s.v2_5 = QVariant(aotContext->lookupResultMetaType(804));
}
{
}
{
}
// generate_Ret
if (argv[0]) {
    if (!s.v2_5.isValid())
        aotContext->setReturnValueUndefined();
    const QMetaType returnType = s.v2_5.metaType();
    returnType.destruct(argv[0]);
    returnType.construct(argv[0], s.v2_5.data());
}
return;
}
 },{ 241, 0, [](QV4::ExecutableCompilationUnit *contextUnit, QMetaType *argTypes) {
    struct { QV4::ExecutableCompilationUnit *compilationUnit; } c { contextUnit };
    const auto *aotContext = &c;
    Q_UNUSED(aotContext);
    argTypes[0] = QMetaType::fromType<double>();
}, 
    [](const QQmlPrivate::AOTCompiledContext *aotContext, void **argv) {
Q_UNUSED(aotContext)
Q_UNUSED(argv)
// expression for width at line 677, column 25
struct Storage : QQmlPrivate::AOTTrackedLocalsStorage {
Storage(const QQmlPrivate::AOTCompiledContext *ctxt, void **a)   : aotContext(ctxt), argv(a) {}
void markObjects(QV4::MarkStack *markStack) const final {    Q_UNUSED(markStack);
    aotContext->mark(v2_0, markStack);
}
const QQmlPrivate::AOTCompiledContext *aotContext;
void **argv;
QObject *v2_0 = nullptr;
double v2_5;
};
Storage s(aotContext, argv);
aotContext->setLocals(&s);
// generate_LoadQmlContextPropertyLookup
#ifndef QT_NO_DEBUG
aotContext->setInstructionPointer(5);
#endif
while (!aotContext->loadScopeObjectPropertyLookup(812, &s.v2_0)) {
#ifdef QT_NO_DEBUG
aotContext->setInstructionPointer(5);
#endif
aotContext->initLoadScopeObjectPropertyLookup(812);
if (aotContext->engine->hasError()) {
aotContext->setReturnValueUndefined();
if (argv[0]) {
    *static_cast<double *>(argv[0]) = double();
}
return;
}
}
{
}
// generate_GetLookup
#ifndef QT_NO_DEBUG
aotContext->setInstructionPointer(10);
#endif
while (!aotContext->getObjectLookup(813, s.v2_0, &s.v2_5)) {
#ifdef QT_NO_DEBUG
aotContext->setInstructionPointer(10);
#endif
aotContext->initGetObjectLookup(813, s.v2_0);
if (aotContext->engine->hasError()) {
aotContext->setReturnValueUndefined();
if (argv[0]) {
    *static_cast<double *>(argv[0]) = double();
}
return;
}
}
{
}
{
}
// generate_Ret
if (argv[0]) {
    *static_cast<double *>(argv[0]) = s.v2_5;
}
return;
}
 },{ 246, 0, [](QV4::ExecutableCompilationUnit *contextUnit, QMetaType *argTypes) {
    struct { QV4::ExecutableCompilationUnit *compilationUnit; } c { contextUnit };
    const auto *aotContext = &c;
    Q_UNUSED(aotContext);
    argTypes[0] = []() { static const auto t = QMetaType::fromName("QQuickListView::Orientation"); return t; }();
}, 
    [](const QQmlPrivate::AOTCompiledContext *aotContext, void **argv) {
Q_UNUSED(aotContext)
Q_UNUSED(argv)
// expression for orientation at line 692, column 17
struct Storage : QQmlPrivate::AOTTrackedLocalsStorage {
Storage(const QQmlPrivate::AOTCompiledContext *ctxt, void **a)   : aotContext(ctxt), argv(a) {}
void markObjects(QV4::MarkStack *markStack) const final {    Q_UNUSED(markStack);
}
const QQmlPrivate::AOTCompiledContext *aotContext;
void **argv;
int v2_5;
};
Storage s(aotContext, argv);
aotContext->setLocals(&s);
{
}
// generate_GetLookup
#ifndef QT_NO_DEBUG
aotContext->setInstructionPointer(10);
#endif
while (!aotContext->getEnumLookup(822, &s.v2_5)) {
#ifdef QT_NO_DEBUG
aotContext->setInstructionPointer(10);
#endif
aotContext->initGetEnumLookup(822, []() { static const auto t = QMetaType::fromName("QQuickListView*"); return t; }().metaObject(), "Orientation", "Horizontal");
if (aotContext->engine->hasError()) {
aotContext->setReturnValueUndefined();
if (argv[0]) {
    const QMetaType returnType = []() { static const auto t = QMetaType::fromName("QQuickListView::Orientation"); return t; }();
    returnType.destruct(argv[0]);
    returnType.construct(argv[0]);
 }
return;
}
}
{
}
{
}
// generate_Ret
if (argv[0]) {
    const QMetaType returnType = QMetaType::fromType<int>();
    returnType.destruct(argv[0]);
    returnType.construct(argv[0], &s.v2_5);
}
return;
}
 },{ 249, 0, [](QV4::ExecutableCompilationUnit *contextUnit, QMetaType *argTypes) {
    struct { QV4::ExecutableCompilationUnit *compilationUnit; } c { contextUnit };
    const auto *aotContext = &c;
    Q_UNUSED(aotContext);
    argTypes[0] = []() { static const auto t = QMetaType::fromName("QQuickItem*"); return t; }();
}, 
    [](const QQmlPrivate::AOTCompiledContext *aotContext, void **argv) {
Q_UNUSED(aotContext)
Q_UNUSED(argv)
// expression for fill at line 687, column 17
struct Storage : QQmlPrivate::AOTTrackedLocalsStorage {
Storage(const QQmlPrivate::AOTCompiledContext *ctxt, void **a)   : aotContext(ctxt), argv(a) {}
void markObjects(QV4::MarkStack *markStack) const final {    Q_UNUSED(markStack);
    aotContext->mark(v2_0, markStack);
}
const QQmlPrivate::AOTCompiledContext *aotContext;
void **argv;
QObject *v2_0 = nullptr;
};
Storage s(aotContext, argv);
aotContext->setLocals(&s);
// generate_LoadQmlContextPropertyLookup
#ifndef QT_NO_DEBUG
aotContext->setInstructionPointer(5);
#endif
while (!aotContext->loadScopeObjectPropertyLookup(831, &s.v2_0)) {
#ifdef QT_NO_DEBUG
aotContext->setInstructionPointer(5);
#endif
aotContext->initLoadScopeObjectPropertyLookup(831);
if (aotContext->engine->hasError()) {
aotContext->setReturnValueUndefined();
if (argv[0]) {
    *static_cast<QObject * *>(argv[0]) = nullptr;
}
return;
}
}
{
}
{
}
// generate_Ret
if (argv[0]) {
    *static_cast<QObject * *>(argv[0]) = s.v2_0;
}
return;
}
 },{ 250, 0, [](QV4::ExecutableCompilationUnit *contextUnit, QMetaType *argTypes) {
    struct { QV4::ExecutableCompilationUnit *compilationUnit; } c { contextUnit };
    const auto *aotContext = &c;
    Q_UNUSED(aotContext);
    argTypes[0] = QMetaType::fromType<int>();
}, 
    [](const QQmlPrivate::AOTCompiledContext *aotContext, void **argv) {
Q_UNUSED(aotContext)
Q_UNUSED(argv)
// expression for sSeq at line 719, column 21
struct Storage : QQmlPrivate::AOTTrackedLocalsStorage {
Storage(const QQmlPrivate::AOTCompiledContext *ctxt, void **a)   : aotContext(ctxt), argv(a) {}
void markObjects(QV4::MarkStack *markStack) const final {    Q_UNUSED(markStack);
}
const QQmlPrivate::AOTCompiledContext *aotContext;
void **argv;
int v2_0;
};
Storage s(aotContext, argv);
aotContext->setLocals(&s);
// generate_LoadQmlContextPropertyLookup
#ifndef QT_NO_DEBUG
aotContext->setInstructionPointer(5);
#endif
while (!aotContext->loadScopeObjectPropertyLookup(832, &s.v2_0)) {
#ifdef QT_NO_DEBUG
aotContext->setInstructionPointer(5);
#endif
aotContext->initLoadScopeObjectPropertyLookup(832);
if (aotContext->engine->hasError()) {
aotContext->setReturnValueUndefined();
if (argv[0]) {
    *static_cast<int *>(argv[0]) = int();
}
return;
}
}
{
}
{
}
// generate_Ret
if (argv[0]) {
    *static_cast<int *>(argv[0]) = s.v2_0;
}
return;
}
 },{ 251, 0, [](QV4::ExecutableCompilationUnit *contextUnit, QMetaType *argTypes) {
    struct { QV4::ExecutableCompilationUnit *compilationUnit; } c { contextUnit };
    const auto *aotContext = &c;
    Q_UNUSED(aotContext);
    argTypes[0] = QMetaType::fromType<QString>();
}, 
    [](const QQmlPrivate::AOTCompiledContext *aotContext, void **argv) {
Q_UNUSED(aotContext)
Q_UNUSED(argv)
// expression for sState at line 720, column 21
struct Storage : QQmlPrivate::AOTTrackedLocalsStorage {
Storage(const QQmlPrivate::AOTCompiledContext *ctxt, void **a)   : aotContext(ctxt), argv(a) {}
void markObjects(QV4::MarkStack *markStack) const final {    Q_UNUSED(markStack);
}
const QQmlPrivate::AOTCompiledContext *aotContext;
void **argv;
QString v2_0;
};
Storage s(aotContext, argv);
aotContext->setLocals(&s);
// generate_LoadQmlContextPropertyLookup
#ifndef QT_NO_DEBUG
aotContext->setInstructionPointer(5);
#endif
while (!aotContext->loadScopeObjectPropertyLookup(833, &s.v2_0)) {
#ifdef QT_NO_DEBUG
aotContext->setInstructionPointer(5);
#endif
aotContext->initLoadScopeObjectPropertyLookup(833);
if (aotContext->engine->hasError()) {
aotContext->setReturnValueUndefined();
if (argv[0]) {
    *static_cast<QString *>(argv[0]) = QString();
}
return;
}
}
{
}
{
}
// generate_Ret
if (argv[0]) {
    *static_cast<QString *>(argv[0]) = std::move(s.v2_0);
}
return;
}
 },{ 252, 0, [](QV4::ExecutableCompilationUnit *contextUnit, QMetaType *argTypes) {
    struct { QV4::ExecutableCompilationUnit *compilationUnit; } c { contextUnit };
    const auto *aotContext = &c;
    Q_UNUSED(aotContext);
    argTypes[0] = QMetaType::fromType<int>();
}, 
    [](const QQmlPrivate::AOTCompiledContext *aotContext, void **argv) {
Q_UNUSED(aotContext)
Q_UNUSED(argv)
// expression for sRating at line 721, column 21
struct Storage : QQmlPrivate::AOTTrackedLocalsStorage {
Storage(const QQmlPrivate::AOTCompiledContext *ctxt, void **a)   : aotContext(ctxt), argv(a) {}
void markObjects(QV4::MarkStack *markStack) const final {    Q_UNUSED(markStack);
}
const QQmlPrivate::AOTCompiledContext *aotContext;
void **argv;
int v2_0;
};
Storage s(aotContext, argv);
aotContext->setLocals(&s);
// generate_LoadQmlContextPropertyLookup
#ifndef QT_NO_DEBUG
aotContext->setInstructionPointer(5);
#endif
while (!aotContext->loadScopeObjectPropertyLookup(834, &s.v2_0)) {
#ifdef QT_NO_DEBUG
aotContext->setInstructionPointer(5);
#endif
aotContext->initLoadScopeObjectPropertyLookup(834);
if (aotContext->engine->hasError()) {
aotContext->setReturnValueUndefined();
if (argv[0]) {
    *static_cast<int *>(argv[0]) = int();
}
return;
}
}
{
}
{
}
// generate_Ret
if (argv[0]) {
    *static_cast<int *>(argv[0]) = s.v2_0;
}
return;
}
 },{ 253, 0, [](QV4::ExecutableCompilationUnit *contextUnit, QMetaType *argTypes) {
    struct { QV4::ExecutableCompilationUnit *compilationUnit; } c { contextUnit };
    const auto *aotContext = &c;
    Q_UNUSED(aotContext);
    argTypes[0] = QMetaType::fromType<bool>();
}, 
    [](const QQmlPrivate::AOTCompiledContext *aotContext, void **argv) {
Q_UNUSED(aotContext)
Q_UNUSED(argv)
// expression for sRejected at line 722, column 21
struct Storage : QQmlPrivate::AOTTrackedLocalsStorage {
Storage(const QQmlPrivate::AOTCompiledContext *ctxt, void **a)   : aotContext(ctxt), argv(a) {}
void markObjects(QV4::MarkStack *markStack) const final {    Q_UNUSED(markStack);
}
const QQmlPrivate::AOTCompiledContext *aotContext;
void **argv;
bool v2_0;
};
Storage s(aotContext, argv);
aotContext->setLocals(&s);
// generate_LoadQmlContextPropertyLookup
#ifndef QT_NO_DEBUG
aotContext->setInstructionPointer(5);
#endif
while (!aotContext->loadScopeObjectPropertyLookup(835, &s.v2_0)) {
#ifdef QT_NO_DEBUG
aotContext->setInstructionPointer(5);
#endif
aotContext->initLoadScopeObjectPropertyLookup(835);
if (aotContext->engine->hasError()) {
aotContext->setReturnValueUndefined();
if (argv[0]) {
    *static_cast<bool *>(argv[0]) = bool();
}
return;
}
}
{
}
{
}
// generate_Ret
if (argv[0]) {
    *static_cast<bool *>(argv[0]) = s.v2_0;
}
return;
}
 },{ 254, 0, [](QV4::ExecutableCompilationUnit *contextUnit, QMetaType *argTypes) {
    struct { QV4::ExecutableCompilationUnit *compilationUnit; } c { contextUnit };
    const auto *aotContext = &c;
    Q_UNUSED(aotContext);
    argTypes[0] = QMetaType::fromType<QString>();
}, 
    [](const QQmlPrivate::AOTCompiledContext *aotContext, void **argv) {
Q_UNUSED(aotContext)
Q_UNUSED(argv)
// expression for sNote at line 723, column 21
struct Storage : QQmlPrivate::AOTTrackedLocalsStorage {
Storage(const QQmlPrivate::AOTCompiledContext *ctxt, void **a)   : aotContext(ctxt), argv(a) {}
void markObjects(QV4::MarkStack *markStack) const final {    Q_UNUSED(markStack);
}
const QQmlPrivate::AOTCompiledContext *aotContext;
void **argv;
QString v2_0;
};
Storage s(aotContext, argv);
aotContext->setLocals(&s);
// generate_LoadQmlContextPropertyLookup
#ifndef QT_NO_DEBUG
aotContext->setInstructionPointer(5);
#endif
while (!aotContext->loadScopeObjectPropertyLookup(836, &s.v2_0)) {
#ifdef QT_NO_DEBUG
aotContext->setInstructionPointer(5);
#endif
aotContext->initLoadScopeObjectPropertyLookup(836);
if (aotContext->engine->hasError()) {
aotContext->setReturnValueUndefined();
if (argv[0]) {
    *static_cast<QString *>(argv[0]) = QString();
}
return;
}
}
{
}
{
}
// generate_Ret
if (argv[0]) {
    *static_cast<QString *>(argv[0]) = std::move(s.v2_0);
}
return;
}
 },{ 255, 0, [](QV4::ExecutableCompilationUnit *contextUnit, QMetaType *argTypes) {
    struct { QV4::ExecutableCompilationUnit *compilationUnit; } c { contextUnit };
    const auto *aotContext = &c;
    Q_UNUSED(aotContext);
    argTypes[0] = QMetaType::fromType<QVariant>();
}, 
    [](const QQmlPrivate::AOTCompiledContext *aotContext, void **argv) {
Q_UNUSED(aotContext)
Q_UNUSED(argv)
// expression for sPassFilters at line 724, column 21
struct Storage : QQmlPrivate::AOTTrackedLocalsStorage {
Storage(const QQmlPrivate::AOTCompiledContext *ctxt, void **a)   : aotContext(ctxt), argv(a) {}
void markObjects(QV4::MarkStack *markStack) const final {    Q_UNUSED(markStack);
    aotContext->mark(v2_0, markStack);
}
const QQmlPrivate::AOTCompiledContext *aotContext;
void **argv;
QVariant v2_0;
};
Storage s(aotContext, argv);
aotContext->setLocals(&s);
// generate_LoadQmlContextPropertyLookup
#ifndef QT_NO_DEBUG
aotContext->setInstructionPointer(5);
#endif
while (!aotContext->loadScopeObjectPropertyLookup(837, &s.v2_0)) {
#ifdef QT_NO_DEBUG
aotContext->setInstructionPointer(5);
#endif
aotContext->initLoadScopeObjectPropertyLookup(837);
if (aotContext->engine->hasError()) {
aotContext->setReturnValueUndefined();
if (argv[0]) {
    *static_cast<QVariant *>(argv[0]) = QVariant();
}
return;
}
}
{
}
{
}
// generate_Ret
if (argv[0]) {
    if (!s.v2_0.isValid())
        aotContext->setReturnValueUndefined();
    *static_cast<QVariant *>(argv[0]) = std::move(s.v2_0);
}
return;
}
 },{ 256, 0, [](QV4::ExecutableCompilationUnit *contextUnit, QMetaType *argTypes) {
    struct { QV4::ExecutableCompilationUnit *compilationUnit; } c { contextUnit };
    const auto *aotContext = &c;
    Q_UNUSED(aotContext);
    argTypes[0] = QMetaType::fromType<QVariant>();
}, 
    [](const QQmlPrivate::AOTCompiledContext *aotContext, void **argv) {
Q_UNUSED(aotContext)
Q_UNUSED(argv)
// expression for sPassPaired at line 725, column 21
struct Storage : QQmlPrivate::AOTTrackedLocalsStorage {
Storage(const QQmlPrivate::AOTCompiledContext *ctxt, void **a)   : aotContext(ctxt), argv(a) {}
void markObjects(QV4::MarkStack *markStack) const final {    Q_UNUSED(markStack);
    aotContext->mark(v2_0, markStack);
}
const QQmlPrivate::AOTCompiledContext *aotContext;
void **argv;
QVariant v2_0;
};
Storage s(aotContext, argv);
aotContext->setLocals(&s);
// generate_LoadQmlContextPropertyLookup
#ifndef QT_NO_DEBUG
aotContext->setInstructionPointer(5);
#endif
while (!aotContext->loadScopeObjectPropertyLookup(838, &s.v2_0)) {
#ifdef QT_NO_DEBUG
aotContext->setInstructionPointer(5);
#endif
aotContext->initLoadScopeObjectPropertyLookup(838);
if (aotContext->engine->hasError()) {
aotContext->setReturnValueUndefined();
if (argv[0]) {
    *static_cast<QVariant *>(argv[0]) = QVariant();
}
return;
}
}
{
}
{
}
// generate_Ret
if (argv[0]) {
    if (!s.v2_0.isValid())
        aotContext->setReturnValueUndefined();
    *static_cast<QVariant *>(argv[0]) = std::move(s.v2_0);
}
return;
}
 },{ 257, 0, [](QV4::ExecutableCompilationUnit *contextUnit, QMetaType *argTypes) {
    struct { QV4::ExecutableCompilationUnit *compilationUnit; } c { contextUnit };
    const auto *aotContext = &c;
    Q_UNUSED(aotContext);
    argTypes[0] = QMetaType::fromType<QVariant>();
}, 
    [](const QQmlPrivate::AOTCompiledContext *aotContext, void **argv) {
Q_UNUSED(aotContext)
Q_UNUSED(argv)
// expression for sPassDurations at line 726, column 21
struct Storage : QQmlPrivate::AOTTrackedLocalsStorage {
Storage(const QQmlPrivate::AOTCompiledContext *ctxt, void **a)   : aotContext(ctxt), argv(a) {}
void markObjects(QV4::MarkStack *markStack) const final {    Q_UNUSED(markStack);
    aotContext->mark(v2_0, markStack);
}
const QQmlPrivate::AOTCompiledContext *aotContext;
void **argv;
QVariant v2_0;
};
Storage s(aotContext, argv);
aotContext->setLocals(&s);
// generate_LoadQmlContextPropertyLookup
#ifndef QT_NO_DEBUG
aotContext->setInstructionPointer(5);
#endif
while (!aotContext->loadScopeObjectPropertyLookup(839, &s.v2_0)) {
#ifdef QT_NO_DEBUG
aotContext->setInstructionPointer(5);
#endif
aotContext->initLoadScopeObjectPropertyLookup(839);
if (aotContext->engine->hasError()) {
aotContext->setReturnValueUndefined();
if (argv[0]) {
    *static_cast<QVariant *>(argv[0]) = QVariant();
}
return;
}
}
{
}
{
}
// generate_Ret
if (argv[0]) {
    if (!s.v2_0.isValid())
        aotContext->setReturnValueUndefined();
    *static_cast<QVariant *>(argv[0]) = std::move(s.v2_0);
}
return;
}
 },{ 258, 0, [](QV4::ExecutableCompilationUnit *contextUnit, QMetaType *argTypes) {
    struct { QV4::ExecutableCompilationUnit *compilationUnit; } c { contextUnit };
    const auto *aotContext = &c;
    Q_UNUSED(aotContext);
    argTypes[0] = QMetaType::fromType<QVariant>();
}, 
    [](const QQmlPrivate::AOTCompiledContext *aotContext, void **argv) {
Q_UNUSED(aotContext)
Q_UNUSED(argv)
// expression for sPassPreviews at line 727, column 21
struct Storage : QQmlPrivate::AOTTrackedLocalsStorage {
Storage(const QQmlPrivate::AOTCompiledContext *ctxt, void **a)   : aotContext(ctxt), argv(a) {}
void markObjects(QV4::MarkStack *markStack) const final {    Q_UNUSED(markStack);
    aotContext->mark(v2_0, markStack);
}
const QQmlPrivate::AOTCompiledContext *aotContext;
void **argv;
QVariant v2_0;
};
Storage s(aotContext, argv);
aotContext->setLocals(&s);
// generate_LoadQmlContextPropertyLookup
#ifndef QT_NO_DEBUG
aotContext->setInstructionPointer(5);
#endif
while (!aotContext->loadScopeObjectPropertyLookup(840, &s.v2_0)) {
#ifdef QT_NO_DEBUG
aotContext->setInstructionPointer(5);
#endif
aotContext->initLoadScopeObjectPropertyLookup(840);
if (aotContext->engine->hasError()) {
aotContext->setReturnValueUndefined();
if (argv[0]) {
    *static_cast<QVariant *>(argv[0]) = QVariant();
}
return;
}
}
{
}
{
}
// generate_Ret
if (argv[0]) {
    if (!s.v2_0.isValid())
        aotContext->setReturnValueUndefined();
    *static_cast<QVariant *>(argv[0]) = std::move(s.v2_0);
}
return;
}
 },{ 259, 0, [](QV4::ExecutableCompilationUnit *contextUnit, QMetaType *argTypes) {
    struct { QV4::ExecutableCompilationUnit *compilationUnit; } c { contextUnit };
    const auto *aotContext = &c;
    Q_UNUSED(aotContext);
    argTypes[0] = QMetaType::fromType<QVariant>();
}, 
    [](const QQmlPrivate::AOTCompiledContext *aotContext, void **argv) {
Q_UNUSED(aotContext)
Q_UNUSED(argv)
// expression for sPassClips at line 728, column 21
struct Storage : QQmlPrivate::AOTTrackedLocalsStorage {
Storage(const QQmlPrivate::AOTCompiledContext *ctxt, void **a)   : aotContext(ctxt), argv(a) {}
void markObjects(QV4::MarkStack *markStack) const final {    Q_UNUSED(markStack);
    aotContext->mark(v2_0, markStack);
}
const QQmlPrivate::AOTCompiledContext *aotContext;
void **argv;
QVariant v2_0;
};
Storage s(aotContext, argv);
aotContext->setLocals(&s);
// generate_LoadQmlContextPropertyLookup
#ifndef QT_NO_DEBUG
aotContext->setInstructionPointer(5);
#endif
while (!aotContext->loadScopeObjectPropertyLookup(841, &s.v2_0)) {
#ifdef QT_NO_DEBUG
aotContext->setInstructionPointer(5);
#endif
aotContext->initLoadScopeObjectPropertyLookup(841);
if (aotContext->engine->hasError()) {
aotContext->setReturnValueUndefined();
if (argv[0]) {
    *static_cast<QVariant *>(argv[0]) = QVariant();
}
return;
}
}
{
}
{
}
// generate_Ret
if (argv[0]) {
    if (!s.v2_0.isValid())
        aotContext->setReturnValueUndefined();
    *static_cast<QVariant *>(argv[0]) = std::move(s.v2_0);
}
return;
}
 },{ 260, 0, [](QV4::ExecutableCompilationUnit *contextUnit, QMetaType *argTypes) {
    struct { QV4::ExecutableCompilationUnit *compilationUnit; } c { contextUnit };
    const auto *aotContext = &c;
    Q_UNUSED(aotContext);
    argTypes[0] = QMetaType::fromType<QVariant>();
}, 
    [](const QQmlPrivate::AOTCompiledContext *aotContext, void **argv) {
Q_UNUSED(aotContext)
Q_UNUSED(argv)
// expression for sPassDims at line 729, column 21
struct Storage : QQmlPrivate::AOTTrackedLocalsStorage {
Storage(const QQmlPrivate::AOTCompiledContext *ctxt, void **a)   : aotContext(ctxt), argv(a) {}
void markObjects(QV4::MarkStack *markStack) const final {    Q_UNUSED(markStack);
    aotContext->mark(v2_0, markStack);
}
const QQmlPrivate::AOTCompiledContext *aotContext;
void **argv;
QVariant v2_0;
};
Storage s(aotContext, argv);
aotContext->setLocals(&s);
// generate_LoadQmlContextPropertyLookup
#ifndef QT_NO_DEBUG
aotContext->setInstructionPointer(5);
#endif
while (!aotContext->loadScopeObjectPropertyLookup(842, &s.v2_0)) {
#ifdef QT_NO_DEBUG
aotContext->setInstructionPointer(5);
#endif
aotContext->initLoadScopeObjectPropertyLookup(842);
if (aotContext->engine->hasError()) {
aotContext->setReturnValueUndefined();
if (argv[0]) {
    *static_cast<QVariant *>(argv[0]) = QVariant();
}
return;
}
}
{
}
{
}
// generate_Ret
if (argv[0]) {
    if (!s.v2_0.isValid())
        aotContext->setReturnValueUndefined();
    *static_cast<QVariant *>(argv[0]) = std::move(s.v2_0);
}
return;
}
 },{ 261, 0, [](QV4::ExecutableCompilationUnit *contextUnit, QMetaType *argTypes) {
    struct { QV4::ExecutableCompilationUnit *compilationUnit; } c { contextUnit };
    const auto *aotContext = &c;
    Q_UNUSED(aotContext);
    argTypes[0] = QMetaType::fromType<QVariant>();
}, 
    [](const QQmlPrivate::AOTCompiledContext *aotContext, void **argv) {
Q_UNUSED(aotContext)
Q_UNUSED(argv)
// expression for sPassTileBases at line 730, column 21
struct Storage : QQmlPrivate::AOTTrackedLocalsStorage {
Storage(const QQmlPrivate::AOTCompiledContext *ctxt, void **a)   : aotContext(ctxt), argv(a) {}
void markObjects(QV4::MarkStack *markStack) const final {    Q_UNUSED(markStack);
    aotContext->mark(v2_0, markStack);
}
const QQmlPrivate::AOTCompiledContext *aotContext;
void **argv;
QVariant v2_0;
};
Storage s(aotContext, argv);
aotContext->setLocals(&s);
// generate_LoadQmlContextPropertyLookup
#ifndef QT_NO_DEBUG
aotContext->setInstructionPointer(5);
#endif
while (!aotContext->loadScopeObjectPropertyLookup(843, &s.v2_0)) {
#ifdef QT_NO_DEBUG
aotContext->setInstructionPointer(5);
#endif
aotContext->initLoadScopeObjectPropertyLookup(843);
if (aotContext->engine->hasError()) {
aotContext->setReturnValueUndefined();
if (argv[0]) {
    *static_cast<QVariant *>(argv[0]) = QVariant();
}
return;
}
}
{
}
{
}
// generate_Ret
if (argv[0]) {
    if (!s.v2_0.isValid())
        aotContext->setReturnValueUndefined();
    *static_cast<QVariant *>(argv[0]) = std::move(s.v2_0);
}
return;
}
 },{ 262, 0, [](QV4::ExecutableCompilationUnit *contextUnit, QMetaType *argTypes) {
    struct { QV4::ExecutableCompilationUnit *compilationUnit; } c { contextUnit };
    const auto *aotContext = &c;
    Q_UNUSED(aotContext);
    argTypes[0] = QMetaType::fromType<QString>();
}, 
    [](const QQmlPrivate::AOTCompiledContext *aotContext, void **argv) {
Q_UNUSED(aotContext)
Q_UNUSED(argv)
// expression for sMetaSvg at line 731, column 21
struct Storage : QQmlPrivate::AOTTrackedLocalsStorage {
Storage(const QQmlPrivate::AOTCompiledContext *ctxt, void **a)   : aotContext(ctxt), argv(a) {}
void markObjects(QV4::MarkStack *markStack) const final {    Q_UNUSED(markStack);
}
const QQmlPrivate::AOTCompiledContext *aotContext;
void **argv;
QString v2_0;
};
Storage s(aotContext, argv);
aotContext->setLocals(&s);
// generate_LoadQmlContextPropertyLookup
#ifndef QT_NO_DEBUG
aotContext->setInstructionPointer(5);
#endif
while (!aotContext->loadScopeObjectPropertyLookup(844, &s.v2_0)) {
#ifdef QT_NO_DEBUG
aotContext->setInstructionPointer(5);
#endif
aotContext->initLoadScopeObjectPropertyLookup(844);
if (aotContext->engine->hasError()) {
aotContext->setReturnValueUndefined();
if (argv[0]) {
    *static_cast<QString *>(argv[0]) = QString();
}
return;
}
}
{
}
{
}
// generate_Ret
if (argv[0]) {
    *static_cast<QString *>(argv[0]) = std::move(s.v2_0);
}
return;
}
 },{ 263, 0, [](QV4::ExecutableCompilationUnit *contextUnit, QMetaType *argTypes) {
    struct { QV4::ExecutableCompilationUnit *compilationUnit; } c { contextUnit };
    const auto *aotContext = &c;
    Q_UNUSED(aotContext);
    argTypes[0] = QMetaType::fromType<double>();
}, 
    [](const QQmlPrivate::AOTCompiledContext *aotContext, void **argv) {
Q_UNUSED(aotContext)
Q_UNUSED(argv)
// expression for sMetaX at line 732, column 21
struct Storage : QQmlPrivate::AOTTrackedLocalsStorage {
Storage(const QQmlPrivate::AOTCompiledContext *ctxt, void **a)   : aotContext(ctxt), argv(a) {}
void markObjects(QV4::MarkStack *markStack) const final {    Q_UNUSED(markStack);
}
const QQmlPrivate::AOTCompiledContext *aotContext;
void **argv;
double v2_0;
};
Storage s(aotContext, argv);
aotContext->setLocals(&s);
// generate_LoadQmlContextPropertyLookup
#ifndef QT_NO_DEBUG
aotContext->setInstructionPointer(5);
#endif
while (!aotContext->loadScopeObjectPropertyLookup(845, &s.v2_0)) {
#ifdef QT_NO_DEBUG
aotContext->setInstructionPointer(5);
#endif
aotContext->initLoadScopeObjectPropertyLookup(845);
if (aotContext->engine->hasError()) {
aotContext->setReturnValueUndefined();
if (argv[0]) {
    *static_cast<double *>(argv[0]) = double();
}
return;
}
}
{
}
{
}
// generate_Ret
if (argv[0]) {
    *static_cast<double *>(argv[0]) = s.v2_0;
}
return;
}
 },{ 264, 0, [](QV4::ExecutableCompilationUnit *contextUnit, QMetaType *argTypes) {
    struct { QV4::ExecutableCompilationUnit *compilationUnit; } c { contextUnit };
    const auto *aotContext = &c;
    Q_UNUSED(aotContext);
    argTypes[0] = QMetaType::fromType<double>();
}, 
    [](const QQmlPrivate::AOTCompiledContext *aotContext, void **argv) {
Q_UNUSED(aotContext)
Q_UNUSED(argv)
// expression for sMetaY at line 733, column 21
struct Storage : QQmlPrivate::AOTTrackedLocalsStorage {
Storage(const QQmlPrivate::AOTCompiledContext *ctxt, void **a)   : aotContext(ctxt), argv(a) {}
void markObjects(QV4::MarkStack *markStack) const final {    Q_UNUSED(markStack);
}
const QQmlPrivate::AOTCompiledContext *aotContext;
void **argv;
double v2_0;
};
Storage s(aotContext, argv);
aotContext->setLocals(&s);
// generate_LoadQmlContextPropertyLookup
#ifndef QT_NO_DEBUG
aotContext->setInstructionPointer(5);
#endif
while (!aotContext->loadScopeObjectPropertyLookup(846, &s.v2_0)) {
#ifdef QT_NO_DEBUG
aotContext->setInstructionPointer(5);
#endif
aotContext->initLoadScopeObjectPropertyLookup(846);
if (aotContext->engine->hasError()) {
aotContext->setReturnValueUndefined();
if (argv[0]) {
    *static_cast<double *>(argv[0]) = double();
}
return;
}
}
{
}
{
}
// generate_Ret
if (argv[0]) {
    *static_cast<double *>(argv[0]) = s.v2_0;
}
return;
}
 },{ 265, 0, [](QV4::ExecutableCompilationUnit *contextUnit, QMetaType *argTypes) {
    struct { QV4::ExecutableCompilationUnit *compilationUnit; } c { contextUnit };
    const auto *aotContext = &c;
    Q_UNUSED(aotContext);
    argTypes[0] = QMetaType::fromType<double>();
}, 
    [](const QQmlPrivate::AOTCompiledContext *aotContext, void **argv) {
Q_UNUSED(aotContext)
Q_UNUSED(argv)
// expression for sMetaW at line 734, column 21
struct Storage : QQmlPrivate::AOTTrackedLocalsStorage {
Storage(const QQmlPrivate::AOTCompiledContext *ctxt, void **a)   : aotContext(ctxt), argv(a) {}
void markObjects(QV4::MarkStack *markStack) const final {    Q_UNUSED(markStack);
}
const QQmlPrivate::AOTCompiledContext *aotContext;
void **argv;
double v2_0;
};
Storage s(aotContext, argv);
aotContext->setLocals(&s);
// generate_LoadQmlContextPropertyLookup
#ifndef QT_NO_DEBUG
aotContext->setInstructionPointer(5);
#endif
while (!aotContext->loadScopeObjectPropertyLookup(847, &s.v2_0)) {
#ifdef QT_NO_DEBUG
aotContext->setInstructionPointer(5);
#endif
aotContext->initLoadScopeObjectPropertyLookup(847);
if (aotContext->engine->hasError()) {
aotContext->setReturnValueUndefined();
if (argv[0]) {
    *static_cast<double *>(argv[0]) = double();
}
return;
}
}
{
}
{
}
// generate_Ret
if (argv[0]) {
    *static_cast<double *>(argv[0]) = s.v2_0;
}
return;
}
 },{ 266, 0, [](QV4::ExecutableCompilationUnit *contextUnit, QMetaType *argTypes) {
    struct { QV4::ExecutableCompilationUnit *compilationUnit; } c { contextUnit };
    const auto *aotContext = &c;
    Q_UNUSED(aotContext);
    argTypes[0] = QMetaType::fromType<bool>();
}, 
    [](const QQmlPrivate::AOTCompiledContext *aotContext, void **argv) {
Q_UNUSED(aotContext)
Q_UNUSED(argv)
// expression for sMetaWhite at line 735, column 21
struct Storage : QQmlPrivate::AOTTrackedLocalsStorage {
Storage(const QQmlPrivate::AOTCompiledContext *ctxt, void **a)   : aotContext(ctxt), argv(a) {}
void markObjects(QV4::MarkStack *markStack) const final {    Q_UNUSED(markStack);
}
const QQmlPrivate::AOTCompiledContext *aotContext;
void **argv;
bool v2_0;
};
Storage s(aotContext, argv);
aotContext->setLocals(&s);
// generate_LoadQmlContextPropertyLookup
#ifndef QT_NO_DEBUG
aotContext->setInstructionPointer(5);
#endif
while (!aotContext->loadScopeObjectPropertyLookup(848, &s.v2_0)) {
#ifdef QT_NO_DEBUG
aotContext->setInstructionPointer(5);
#endif
aotContext->initLoadScopeObjectPropertyLookup(848);
if (aotContext->engine->hasError()) {
aotContext->setReturnValueUndefined();
if (argv[0]) {
    *static_cast<bool *>(argv[0]) = bool();
}
return;
}
}
{
}
{
}
// generate_Ret
if (argv[0]) {
    *static_cast<bool *>(argv[0]) = s.v2_0;
}
return;
}
 },{ 268, 0, [](QV4::ExecutableCompilationUnit *contextUnit, QMetaType *argTypes) {
    struct { QV4::ExecutableCompilationUnit *compilationUnit; } c { contextUnit };
    const auto *aotContext = &c;
    Q_UNUSED(aotContext);
    argTypes[0] = []() { static const auto t = QMetaType::fromName("QQuickItem*"); return t; }();
}, 
    [](const QQmlPrivate::AOTCompiledContext *aotContext, void **argv) {
Q_UNUSED(aotContext)
Q_UNUSED(argv)
// expression for fill at line 739, column 25
struct Storage : QQmlPrivate::AOTTrackedLocalsStorage {
Storage(const QQmlPrivate::AOTCompiledContext *ctxt, void **a)   : aotContext(ctxt), argv(a) {}
void markObjects(QV4::MarkStack *markStack) const final {    Q_UNUSED(markStack);
    aotContext->mark(v2_0, markStack);
}
const QQmlPrivate::AOTCompiledContext *aotContext;
void **argv;
QObject *v2_0 = nullptr;
};
Storage s(aotContext, argv);
aotContext->setLocals(&s);
// generate_LoadQmlContextPropertyLookup
#ifndef QT_NO_DEBUG
aotContext->setInstructionPointer(5);
#endif
while (!aotContext->loadScopeObjectPropertyLookup(851, &s.v2_0)) {
#ifdef QT_NO_DEBUG
aotContext->setInstructionPointer(5);
#endif
aotContext->initLoadScopeObjectPropertyLookup(851);
if (aotContext->engine->hasError()) {
aotContext->setReturnValueUndefined();
if (argv[0]) {
    *static_cast<QObject * *>(argv[0]) = nullptr;
}
return;
}
}
{
}
{
}
// generate_Ret
if (argv[0]) {
    *static_cast<QObject * *>(argv[0]) = s.v2_0;
}
return;
}
 },{ 269, 0, [](QV4::ExecutableCompilationUnit *contextUnit, QMetaType *argTypes) {
    struct { QV4::ExecutableCompilationUnit *compilationUnit; } c { contextUnit };
    const auto *aotContext = &c;
    Q_UNUSED(aotContext);
    argTypes[0] = QMetaType::fromType<double>();
}, 
    [](const QQmlPrivate::AOTCompiledContext *aotContext, void **argv) {
Q_UNUSED(aotContext)
Q_UNUSED(argv)
// expression for width at line 742, column 29
struct Storage : QQmlPrivate::AOTTrackedLocalsStorage {
Storage(const QQmlPrivate::AOTCompiledContext *ctxt, void **a)   : aotContext(ctxt), argv(a) {}
void markObjects(QV4::MarkStack *markStack) const final {    Q_UNUSED(markStack);
    aotContext->mark(v2_0, markStack);
}
const QQmlPrivate::AOTCompiledContext *aotContext;
void **argv;
QObject *v2_0 = nullptr;
double v2_5;
};
Storage s(aotContext, argv);
aotContext->setLocals(&s);
// generate_LoadQmlContextPropertyLookup
#ifndef QT_NO_DEBUG
aotContext->setInstructionPointer(5);
#endif
while (!aotContext->loadScopeObjectPropertyLookup(852, &s.v2_0)) {
#ifdef QT_NO_DEBUG
aotContext->setInstructionPointer(5);
#endif
aotContext->initLoadScopeObjectPropertyLookup(852);
if (aotContext->engine->hasError()) {
aotContext->setReturnValueUndefined();
if (argv[0]) {
    *static_cast<double *>(argv[0]) = double();
}
return;
}
}
{
}
// generate_GetLookup
#ifndef QT_NO_DEBUG
aotContext->setInstructionPointer(10);
#endif
while (!aotContext->getObjectLookup(853, s.v2_0, &s.v2_5)) {
#ifdef QT_NO_DEBUG
aotContext->setInstructionPointer(10);
#endif
aotContext->initGetObjectLookup(853, s.v2_0);
if (aotContext->engine->hasError()) {
aotContext->setReturnValueUndefined();
if (argv[0]) {
    *static_cast<double *>(argv[0]) = double();
}
return;
}
}
{
}
{
}
// generate_Ret
if (argv[0]) {
    *static_cast<double *>(argv[0]) = s.v2_5;
}
return;
}
 },{ 270, 0, [](QV4::ExecutableCompilationUnit *contextUnit, QMetaType *argTypes) {
    struct { QV4::ExecutableCompilationUnit *compilationUnit; } c { contextUnit };
    const auto *aotContext = &c;
    Q_UNUSED(aotContext);
    argTypes[0] = []() { static const auto t = QMetaType::fromName("QColor"); return t; }();
}, 
    [](const QQmlPrivate::AOTCompiledContext *aotContext, void **argv) {
Q_UNUSED(aotContext)
Q_UNUSED(argv)
// expression for color at line 744, column 29
struct Storage : QQmlPrivate::AOTTrackedLocalsStorage {
Storage(const QQmlPrivate::AOTCompiledContext *ctxt, void **a)   : aotContext(ctxt), argv(a) {}
void markObjects(QV4::MarkStack *markStack) const final {    Q_UNUSED(markStack);
    aotContext->mark(c2_52, markStack);
    aotContext->mark(v2_0, markStack);
    aotContext->mark(v2_12, markStack);
    aotContext->mark(v2_19, markStack);
    aotContext->mark(v2_40, markStack);
    aotContext->mark(v2_47, markStack);
}
const QQmlPrivate::AOTCompiledContext *aotContext;
void **argv;
QObject *v2_0 = nullptr;
QObject *v2_19 = nullptr;
QString v2_24;
QString v2_31;
QVariant c2_52;
QVariant v2_12;
QVariant v2_40;
QVariant v2_47;
bool v2_36;
bool v2_5;
};
Storage s(aotContext, argv);
aotContext->setLocals(&s);
// generate_LoadQmlContextPropertyLookup
#ifndef QT_NO_DEBUG
aotContext->setInstructionPointer(5);
#endif
while (!aotContext->loadContextIdLookup(854, &s.v2_0)) {
#ifdef QT_NO_DEBUG
aotContext->setInstructionPointer(5);
#endif
aotContext->initLoadContextIdLookup(854);
if (aotContext->engine->hasError()) {
aotContext->setReturnValueUndefined();
if (argv[0]) {
    const QMetaType returnType = []() { static const auto t = QMetaType::fromName("QColor"); return t; }();
    returnType.destruct(argv[0]);
    returnType.construct(argv[0]);
 }
return;
}
}
{
}
// generate_GetLookup
#ifndef QT_NO_DEBUG
aotContext->setInstructionPointer(10);
#endif
while (!aotContext->getObjectLookup(855, s.v2_0, &s.v2_5)) {
#ifdef QT_NO_DEBUG
aotContext->setInstructionPointer(10);
#endif
aotContext->initGetObjectLookup(855, s.v2_0);
if (aotContext->engine->hasError()) {
aotContext->setReturnValueUndefined();
if (argv[0]) {
    const QMetaType returnType = []() { static const auto t = QMetaType::fromName("QColor"); return t; }();
    returnType.destruct(argv[0]);
    returnType.construct(argv[0]);
 }
return;
}
}
{
}
// generate_JumpFalse
if (!s.v2_5) {
    goto label_0;
}
{
}
// generate_LoadRuntimeString
s.v2_12 = [&](){
    auto arg0 = QStringLiteral("#F2F2F2");
    void *args[] = {&arg0};
    return aotContext->constructValueType([]() { static const auto t = QMetaType::fromName("QColor"); return t; }(), []() { static const auto t = QMetaType::fromName("QQuickColorValueType"); return t; }().metaObject(), 2, args);
}();
{
}
// generate_Jump
{
s.c2_52 = s.v2_12;
    goto label_1;
}
label_0:;
// generate_LoadQmlContextPropertyLookup
#ifndef QT_NO_DEBUG
aotContext->setInstructionPointer(24);
#endif
while (!aotContext->loadContextIdLookup(856, &s.v2_19)) {
#ifdef QT_NO_DEBUG
aotContext->setInstructionPointer(24);
#endif
aotContext->initLoadContextIdLookup(856);
if (aotContext->engine->hasError()) {
aotContext->setReturnValueUndefined();
if (argv[0]) {
    const QMetaType returnType = []() { static const auto t = QMetaType::fromName("QColor"); return t; }();
    returnType.destruct(argv[0]);
    returnType.construct(argv[0]);
 }
return;
}
}
{
}
// generate_GetLookup
#ifndef QT_NO_DEBUG
aotContext->setInstructionPointer(29);
#endif
while (!aotContext->getObjectLookup(857, s.v2_19, &s.v2_24)) {
#ifdef QT_NO_DEBUG
aotContext->setInstructionPointer(29);
#endif
aotContext->initGetObjectLookup(857, s.v2_19);
if (aotContext->engine->hasError()) {
aotContext->setReturnValueUndefined();
if (argv[0]) {
    const QMetaType returnType = []() { static const auto t = QMetaType::fromName("QColor"); return t; }();
    returnType.destruct(argv[0]);
    returnType.construct(argv[0]);
 }
return;
}
}
{
}
// generate_StoreReg
{
}
// generate_LoadRuntimeString
s.v2_31 = QStringLiteral("live");
{
}
// generate_CmpStrictEqual
s.v2_36 = s.v2_24 == s.v2_31;
{
}
// generate_JumpFalse
if (!s.v2_36) {
    goto label_2;
}
{
}
// generate_LoadRuntimeString
s.v2_40 = [&](){
    auto arg0 = QStringLiteral("#F2F2F2");
    void *args[] = {&arg0};
    return aotContext->constructValueType([]() { static const auto t = QMetaType::fromName("QColor"); return t; }(), []() { static const auto t = QMetaType::fromName("QQuickColorValueType"); return t; }().metaObject(), 2, args);
}();
{
}
// generate_Jump
{
s.c2_52 = s.v2_40;
    goto label_1;
}
label_2:;
// generate_LoadRuntimeString
s.v2_47 = [&](){
    auto arg0 = QStringLiteral("#2C2C2C");
    void *args[] = {&arg0};
    return aotContext->constructValueType([]() { static const auto t = QMetaType::fromName("QColor"); return t; }(), []() { static const auto t = QMetaType::fromName("QQuickColorValueType"); return t; }().metaObject(), 2, args);
}();
{
s.c2_52 = s.v2_47;
}
label_1:;
{
}
// generate_Ret
if (argv[0]) {
    if (!s.c2_52.isValid())
        aotContext->setReturnValueUndefined();
    const QMetaType returnType = s.c2_52.metaType();
    returnType.destruct(argv[0]);
    returnType.construct(argv[0], s.c2_52.data());
}
return;
}
 },{ 271, 0, [](QV4::ExecutableCompilationUnit *contextUnit, QMetaType *argTypes) {
    struct { QV4::ExecutableCompilationUnit *compilationUnit; } c { contextUnit };
    const auto *aotContext = &c;
    Q_UNUSED(aotContext);
    argTypes[0] = QMetaType::fromType<double>();
}, 
    [](const QQmlPrivate::AOTCompiledContext *aotContext, void **argv) {
Q_UNUSED(aotContext)
Q_UNUSED(argv)
// expression for opacity at line 746, column 29
struct Storage : QQmlPrivate::AOTTrackedLocalsStorage {
Storage(const QQmlPrivate::AOTCompiledContext *ctxt, void **a)   : aotContext(ctxt), argv(a) {}
void markObjects(QV4::MarkStack *markStack) const final {    Q_UNUSED(markStack);
    aotContext->mark(v2_0, markStack);
}
const QQmlPrivate::AOTCompiledContext *aotContext;
void **argv;
QObject *v2_0 = nullptr;
bool v2_5;
double c2_18;
double v2_12;
double v2_16;
};
Storage s(aotContext, argv);
aotContext->setLocals(&s);
// generate_LoadQmlContextPropertyLookup
#ifndef QT_NO_DEBUG
aotContext->setInstructionPointer(5);
#endif
while (!aotContext->loadContextIdLookup(858, &s.v2_0)) {
#ifdef QT_NO_DEBUG
aotContext->setInstructionPointer(5);
#endif
aotContext->initLoadContextIdLookup(858);
if (aotContext->engine->hasError()) {
aotContext->setReturnValueUndefined();
if (argv[0]) {
    *static_cast<double *>(argv[0]) = double();
}
return;
}
}
{
}
// generate_GetLookup
#ifndef QT_NO_DEBUG
aotContext->setInstructionPointer(10);
#endif
while (!aotContext->getObjectLookup(859, s.v2_0, &s.v2_5)) {
#ifdef QT_NO_DEBUG
aotContext->setInstructionPointer(10);
#endif
aotContext->initGetObjectLookup(859, s.v2_0);
if (aotContext->engine->hasError()) {
aotContext->setReturnValueUndefined();
if (argv[0]) {
    *static_cast<double *>(argv[0]) = double();
}
return;
}
}
{
}
// generate_JumpFalse
if (!s.v2_5) {
    goto label_0;
}
{
}
// generate_LoadConst
s.v2_12 = 0.50000000000000000;
{
}
// generate_Jump
{
s.c2_18 = s.v2_12;
    goto label_1;
}
label_0:;
// generate_LoadInt
s.v2_16 = double(1);
{
s.c2_18 = s.v2_16;
}
label_1:;
{
}
// generate_Ret
if (argv[0]) {
    *static_cast<double *>(argv[0]) = s.c2_18;
}
return;
}
 },{ 272, 0, [](QV4::ExecutableCompilationUnit *contextUnit, QMetaType *argTypes) {
    struct { QV4::ExecutableCompilationUnit *compilationUnit; } c { contextUnit };
    const auto *aotContext = &c;
    Q_UNUSED(aotContext);
    argTypes[0] = QMetaType::fromType<double>();
}, 
    [](const QQmlPrivate::AOTCompiledContext *aotContext, void **argv) {
Q_UNUSED(aotContext)
Q_UNUSED(argv)
// expression for width at line 747, column 29
struct Storage : QQmlPrivate::AOTTrackedLocalsStorage {
Storage(const QQmlPrivate::AOTCompiledContext *ctxt, void **a)   : aotContext(ctxt), argv(a) {}
void markObjects(QV4::MarkStack *markStack) const final {    Q_UNUSED(markStack);
    aotContext->mark(v2_0, markStack);
    aotContext->mark(v2_5, markStack);
}
const QQmlPrivate::AOTCompiledContext *aotContext;
void **argv;
QObject *v2_0 = nullptr;
QObject *v2_5 = nullptr;
bool v2_10;
double c2_22;
double v2_17;
double v2_21;
};
Storage s(aotContext, argv);
aotContext->setLocals(&s);
// generate_LoadQmlContextPropertyLookup
#ifndef QT_NO_DEBUG
aotContext->setInstructionPointer(5);
#endif
while (!aotContext->loadContextIdLookup(860, &s.v2_0)) {
#ifdef QT_NO_DEBUG
aotContext->setInstructionPointer(5);
#endif
aotContext->initLoadContextIdLookup(860);
if (aotContext->engine->hasError()) {
aotContext->setReturnValueUndefined();
if (argv[0]) {
    *static_cast<double *>(argv[0]) = double();
}
return;
}
}
{
}
// generate_GetLookup
#ifndef QT_NO_DEBUG
aotContext->setInstructionPointer(10);
#endif
while (!aotContext->loadAttachedLookup(861, s.v2_0, &s.v2_5)) {
#ifdef QT_NO_DEBUG
aotContext->setInstructionPointer(10);
#endif
aotContext->initLoadAttachedLookup(861, QQmlPrivate::AOTCompiledContext::InvalidStringId, s.v2_0);
if (aotContext->engine->hasError()) {
aotContext->setReturnValueUndefined();
if (argv[0]) {
    *static_cast<double *>(argv[0]) = double();
}
return;
}
}
{
}
// generate_GetLookup
#ifndef QT_NO_DEBUG
aotContext->setInstructionPointer(15);
#endif
while (!aotContext->getObjectLookup(862, s.v2_5, &s.v2_10)) {
#ifdef QT_NO_DEBUG
aotContext->setInstructionPointer(15);
#endif
aotContext->initGetObjectLookup(862, s.v2_5);
if (aotContext->engine->hasError()) {
aotContext->setReturnValueUndefined();
if (argv[0]) {
    *static_cast<double *>(argv[0]) = double();
}
return;
}
}
{
}
// generate_JumpFalse
if (!s.v2_10) {
    goto label_0;
}
{
}
// generate_LoadConst
s.v2_17 = 1.50000000000000000;
{
}
// generate_Jump
{
s.c2_22 = s.v2_17;
    goto label_1;
}
label_0:;
// generate_LoadZero
s.v2_21 = double(0);
{
s.c2_22 = s.v2_21;
}
label_1:;
{
}
// generate_Ret
if (argv[0]) {
    *static_cast<double *>(argv[0]) = s.c2_22;
}
return;
}
 },{ 275, 0, [](QV4::ExecutableCompilationUnit *contextUnit, QMetaType *argTypes) {
    struct { QV4::ExecutableCompilationUnit *compilationUnit; } c { contextUnit };
    const auto *aotContext = &c;
    Q_UNUSED(aotContext);
    argTypes[0] = []() { static const auto t = QMetaType::fromName("QQuickImage::FillMode"); return t; }();
}, 
    [](const QQmlPrivate::AOTCompiledContext *aotContext, void **argv) {
Q_UNUSED(aotContext)
Q_UNUSED(argv)
// expression for fillMode at line 759, column 33
struct Storage : QQmlPrivate::AOTTrackedLocalsStorage {
Storage(const QQmlPrivate::AOTCompiledContext *ctxt, void **a)   : aotContext(ctxt), argv(a) {}
void markObjects(QV4::MarkStack *markStack) const final {    Q_UNUSED(markStack);
}
const QQmlPrivate::AOTCompiledContext *aotContext;
void **argv;
int v2_5;
};
Storage s(aotContext, argv);
aotContext->setLocals(&s);
{
}
// generate_GetLookup
#ifndef QT_NO_DEBUG
aotContext->setInstructionPointer(10);
#endif
while (!aotContext->getEnumLookup(874, &s.v2_5)) {
#ifdef QT_NO_DEBUG
aotContext->setInstructionPointer(10);
#endif
aotContext->initGetEnumLookup(874, []() { static const auto t = QMetaType::fromName("QQuickImage*"); return t; }().metaObject(), "FillMode", "PreserveAspectCrop");
if (aotContext->engine->hasError()) {
aotContext->setReturnValueUndefined();
if (argv[0]) {
    const QMetaType returnType = []() { static const auto t = QMetaType::fromName("QQuickImage::FillMode"); return t; }();
    returnType.destruct(argv[0]);
    returnType.construct(argv[0]);
 }
return;
}
}
{
}
{
}
// generate_Ret
if (argv[0]) {
    const QMetaType returnType = QMetaType::fromType<int>();
    returnType.destruct(argv[0]);
    returnType.construct(argv[0], &s.v2_5);
}
return;
}
 },{ 276, 0, [](QV4::ExecutableCompilationUnit *contextUnit, QMetaType *argTypes) {
    struct { QV4::ExecutableCompilationUnit *compilationUnit; } c { contextUnit };
    const auto *aotContext = &c;
    Q_UNUSED(aotContext);
    argTypes[0] = QMetaType::fromType<double>();
}, 
    [](const QQmlPrivate::AOTCompiledContext *aotContext, void **argv) {
Q_UNUSED(aotContext)
Q_UNUSED(argv)
// expression for opacity at line 761, column 33
struct Storage : QQmlPrivate::AOTTrackedLocalsStorage {
Storage(const QQmlPrivate::AOTCompiledContext *ctxt, void **a)   : aotContext(ctxt), argv(a) {}
void markObjects(QV4::MarkStack *markStack) const final {    Q_UNUSED(markStack);
    aotContext->mark(v2_0, markStack);
}
const QQmlPrivate::AOTCompiledContext *aotContext;
void **argv;
QObject *v2_0 = nullptr;
bool v2_5;
double c2_18;
double v2_12;
double v2_16;
};
Storage s(aotContext, argv);
aotContext->setLocals(&s);
// generate_LoadQmlContextPropertyLookup
#ifndef QT_NO_DEBUG
aotContext->setInstructionPointer(5);
#endif
while (!aotContext->loadContextIdLookup(875, &s.v2_0)) {
#ifdef QT_NO_DEBUG
aotContext->setInstructionPointer(5);
#endif
aotContext->initLoadContextIdLookup(875);
if (aotContext->engine->hasError()) {
aotContext->setReturnValueUndefined();
if (argv[0]) {
    *static_cast<double *>(argv[0]) = double();
}
return;
}
}
{
}
// generate_GetLookup
#ifndef QT_NO_DEBUG
aotContext->setInstructionPointer(10);
#endif
while (!aotContext->getObjectLookup(876, s.v2_0, &s.v2_5)) {
#ifdef QT_NO_DEBUG
aotContext->setInstructionPointer(10);
#endif
aotContext->initGetObjectLookup(876, s.v2_0);
if (aotContext->engine->hasError()) {
aotContext->setReturnValueUndefined();
if (argv[0]) {
    *static_cast<double *>(argv[0]) = double();
}
return;
}
}
{
}
// generate_JumpFalse
if (!s.v2_5) {
    goto label_0;
}
{
}
// generate_LoadConst
s.v2_12 = 0.40000000000000002;
{
}
// generate_Jump
{
s.c2_18 = s.v2_12;
    goto label_1;
}
label_0:;
// generate_LoadInt
s.v2_16 = double(1);
{
s.c2_18 = s.v2_16;
}
label_1:;
{
}
// generate_Ret
if (argv[0]) {
    *static_cast<double *>(argv[0]) = s.c2_18;
}
return;
}
 },{ 277, 0, [](QV4::ExecutableCompilationUnit *contextUnit, QMetaType *argTypes) {
    struct { QV4::ExecutableCompilationUnit *compilationUnit; } c { contextUnit };
    const auto *aotContext = &c;
    Q_UNUSED(aotContext);
    argTypes[0] = []() { static const auto t = QMetaType::fromName("QQuickItem*"); return t; }();
}, 
    [](const QQmlPrivate::AOTCompiledContext *aotContext, void **argv) {
Q_UNUSED(aotContext)
Q_UNUSED(argv)
// expression for fill at line 751, column 33
struct Storage : QQmlPrivate::AOTTrackedLocalsStorage {
Storage(const QQmlPrivate::AOTCompiledContext *ctxt, void **a)   : aotContext(ctxt), argv(a) {}
void markObjects(QV4::MarkStack *markStack) const final {    Q_UNUSED(markStack);
    aotContext->mark(v2_0, markStack);
}
const QQmlPrivate::AOTCompiledContext *aotContext;
void **argv;
QObject *v2_0 = nullptr;
};
Storage s(aotContext, argv);
aotContext->setLocals(&s);
// generate_LoadQmlContextPropertyLookup
#ifndef QT_NO_DEBUG
aotContext->setInstructionPointer(5);
#endif
while (!aotContext->loadScopeObjectPropertyLookup(877, &s.v2_0)) {
#ifdef QT_NO_DEBUG
aotContext->setInstructionPointer(5);
#endif
aotContext->initLoadScopeObjectPropertyLookup(877);
if (aotContext->engine->hasError()) {
aotContext->setReturnValueUndefined();
if (argv[0]) {
    *static_cast<QObject * *>(argv[0]) = nullptr;
}
return;
}
}
{
}
{
}
// generate_Ret
if (argv[0]) {
    *static_cast<QObject * *>(argv[0]) = s.v2_0;
}
return;
}
 },{ 281, 0, [](QV4::ExecutableCompilationUnit *contextUnit, QMetaType *argTypes) {
    struct { QV4::ExecutableCompilationUnit *compilationUnit; } c { contextUnit };
    const auto *aotContext = &c;
    Q_UNUSED(aotContext);
    argTypes[0] = QMetaType::fromType<QVariant>();
}, 
    [](const QQmlPrivate::AOTCompiledContext *aotContext, void **argv) {
Q_UNUSED(aotContext)
Q_UNUSED(argv)
// expression for model at line 774, column 33
struct Storage : QQmlPrivate::AOTTrackedLocalsStorage {
Storage(const QQmlPrivate::AOTCompiledContext *ctxt, void **a)   : aotContext(ctxt), argv(a) {}
void markObjects(QV4::MarkStack *markStack) const final {    Q_UNUSED(markStack);
    aotContext->mark(v2_0, markStack);
    aotContext->mark(v2_5, markStack);
}
const QQmlPrivate::AOTCompiledContext *aotContext;
void **argv;
QObject *v2_0 = nullptr;
QVariant v2_5;
};
Storage s(aotContext, argv);
aotContext->setLocals(&s);
// generate_LoadQmlContextPropertyLookup
#ifndef QT_NO_DEBUG
aotContext->setInstructionPointer(5);
#endif
while (!aotContext->loadContextIdLookup(883, &s.v2_0)) {
#ifdef QT_NO_DEBUG
aotContext->setInstructionPointer(5);
#endif
aotContext->initLoadContextIdLookup(883);
if (aotContext->engine->hasError()) {
aotContext->setReturnValueUndefined();
if (argv[0]) {
    *static_cast<QVariant *>(argv[0]) = QVariant();
}
return;
}
}
{
}
// generate_GetLookup
#ifndef QT_NO_DEBUG
aotContext->setInstructionPointer(10);
#endif
while (!aotContext->getObjectLookup(884, s.v2_0, &s.v2_5)) {
#ifdef QT_NO_DEBUG
aotContext->setInstructionPointer(10);
#endif
aotContext->initGetObjectLookup(884, s.v2_0);
if (aotContext->engine->hasError()) {
aotContext->setReturnValueUndefined();
if (argv[0]) {
    *static_cast<QVariant *>(argv[0]) = QVariant();
}
return;
}
}
{
}
{
}
// generate_Ret
if (argv[0]) {
    if (!s.v2_5.isValid())
        aotContext->setReturnValueUndefined();
    *static_cast<QVariant *>(argv[0]) = std::move(s.v2_5);
}
return;
}
 },{ 289, 0, [](QV4::ExecutableCompilationUnit *contextUnit, QMetaType *argTypes) {
    struct { QV4::ExecutableCompilationUnit *compilationUnit; } c { contextUnit };
    const auto *aotContext = &c;
    Q_UNUSED(aotContext);
    argTypes[0] = []() { static const auto t = QMetaType::fromName("QQuickItem*"); return t; }();
}, 
    [](const QQmlPrivate::AOTCompiledContext *aotContext, void **argv) {
Q_UNUSED(aotContext)
Q_UNUSED(argv)
// expression for fill at line 799, column 25
struct Storage : QQmlPrivate::AOTTrackedLocalsStorage {
Storage(const QQmlPrivate::AOTCompiledContext *ctxt, void **a)   : aotContext(ctxt), argv(a) {}
void markObjects(QV4::MarkStack *markStack) const final {    Q_UNUSED(markStack);
    aotContext->mark(v2_0, markStack);
}
const QQmlPrivate::AOTCompiledContext *aotContext;
void **argv;
QObject *v2_0 = nullptr;
};
Storage s(aotContext, argv);
aotContext->setLocals(&s);
// generate_LoadQmlContextPropertyLookup
#ifndef QT_NO_DEBUG
aotContext->setInstructionPointer(5);
#endif
while (!aotContext->loadScopeObjectPropertyLookup(920, &s.v2_0)) {
#ifdef QT_NO_DEBUG
aotContext->setInstructionPointer(5);
#endif
aotContext->initLoadScopeObjectPropertyLookup(920);
if (aotContext->engine->hasError()) {
aotContext->setReturnValueUndefined();
if (argv[0]) {
    *static_cast<QObject * *>(argv[0]) = nullptr;
}
return;
}
}
{
}
{
}
// generate_Ret
if (argv[0]) {
    *static_cast<QObject * *>(argv[0]) = s.v2_0;
}
return;
}
 },{ 291, 0, [](QV4::ExecutableCompilationUnit *contextUnit, QMetaType *argTypes) {
    struct { QV4::ExecutableCompilationUnit *compilationUnit; } c { contextUnit };
    const auto *aotContext = &c;
    Q_UNUSED(aotContext);
    argTypes[0] = []() { static const auto t = QMetaType::fromName("QQuickItem*"); return t; }();
}, 
    [](const QQmlPrivate::AOTCompiledContext *aotContext, void **argv) {
Q_UNUSED(aotContext)
Q_UNUSED(argv)
// expression for fill at line 810, column 9
struct Storage : QQmlPrivate::AOTTrackedLocalsStorage {
Storage(const QQmlPrivate::AOTCompiledContext *ctxt, void **a)   : aotContext(ctxt), argv(a) {}
void markObjects(QV4::MarkStack *markStack) const final {    Q_UNUSED(markStack);
    aotContext->mark(v2_0, markStack);
}
const QQmlPrivate::AOTCompiledContext *aotContext;
void **argv;
QObject *v2_0 = nullptr;
};
Storage s(aotContext, argv);
aotContext->setLocals(&s);
// generate_LoadQmlContextPropertyLookup
#ifndef QT_NO_DEBUG
aotContext->setInstructionPointer(5);
#endif
while (!aotContext->loadScopeObjectPropertyLookup(925, &s.v2_0)) {
#ifdef QT_NO_DEBUG
aotContext->setInstructionPointer(5);
#endif
aotContext->initLoadScopeObjectPropertyLookup(925);
if (aotContext->engine->hasError()) {
aotContext->setReturnValueUndefined();
if (argv[0]) {
    *static_cast<QObject * *>(argv[0]) = nullptr;
}
return;
}
}
{
}
{
}
// generate_Ret
if (argv[0]) {
    *static_cast<QObject * *>(argv[0]) = s.v2_0;
}
return;
}
 },{ 292, 0, [](QV4::ExecutableCompilationUnit *contextUnit, QMetaType *argTypes) {
    struct { QV4::ExecutableCompilationUnit *compilationUnit; } c { contextUnit };
    const auto *aotContext = &c;
    Q_UNUSED(aotContext);
    argTypes[0] = QMetaType::fromType<double>();
}, 
    [](const QQmlPrivate::AOTCompiledContext *aotContext, void **argv) {
Q_UNUSED(aotContext)
Q_UNUSED(argv)
// expression for width at line 819, column 13
struct Storage : QQmlPrivate::AOTTrackedLocalsStorage {
Storage(const QQmlPrivate::AOTCompiledContext *ctxt, void **a)   : aotContext(ctxt), argv(a) {}
void markObjects(QV4::MarkStack *markStack) const final {    Q_UNUSED(markStack);
    aotContext->mark(v2_7, markStack);
}
const QQmlPrivate::AOTCompiledContext *aotContext;
void **argv;
QObject *v2_7 = nullptr;
double v11_25;
double v2_12;
double v2_19;
double v2_21;
double v2_28;
};
Storage s(aotContext, argv);
aotContext->setLocals(&s);
{
}
{
}
// generate_LoadQmlContextPropertyLookup
#ifndef QT_NO_DEBUG
aotContext->setInstructionPointer(12);
#endif
while (!aotContext->loadScopeObjectPropertyLookup(927, &s.v2_7)) {
#ifdef QT_NO_DEBUG
aotContext->setInstructionPointer(12);
#endif
aotContext->initLoadScopeObjectPropertyLookup(927);
if (aotContext->engine->hasError()) {
aotContext->setReturnValueUndefined();
if (argv[0]) {
    *static_cast<double *>(argv[0]) = double();
}
return;
}
}
{
}
// generate_GetLookup
#ifndef QT_NO_DEBUG
aotContext->setInstructionPointer(17);
#endif
while (!aotContext->getObjectLookup(928, s.v2_7, &s.v2_12)) {
#ifdef QT_NO_DEBUG
aotContext->setInstructionPointer(17);
#endif
aotContext->initGetObjectLookup(928, s.v2_7);
if (aotContext->engine->hasError()) {
aotContext->setReturnValueUndefined();
if (argv[0]) {
    *static_cast<double *>(argv[0]) = double();
}
return;
}
}
{
}
// generate_StoreReg
{
}
// generate_LoadInt
s.v2_19 = double(96);
{
}
// generate_Sub
s.v2_21 = (s.v2_12 - s.v2_19);
{
}
// generate_StoreReg
{
}
// generate_MoveConst
s.v11_25 = double(1024);
{
}
// generate_CallPropertyLookup
{
const double arg1 = s.v2_21;
const double arg2 = s.v11_25;
s.v2_28 = [&]() { 
auto  tmpMin = (qIsNull(arg2) && qIsNull(arg1) && std::copysign(1.0, arg2) == -1) ? arg2 : ((arg2 < arg1 || std::isnan(arg2)) ? arg2 : arg1);
return tmpMin;
}();
}
{
}
{
}
// generate_Ret
if (argv[0]) {
    *static_cast<double *>(argv[0]) = s.v2_28;
}
return;
}
 },{ 293, 0, [](QV4::ExecutableCompilationUnit *contextUnit, QMetaType *argTypes) {
    struct { QV4::ExecutableCompilationUnit *compilationUnit; } c { contextUnit };
    const auto *aotContext = &c;
    Q_UNUSED(aotContext);
    argTypes[0] = []() { static const auto t = QMetaType::fromName("QQuickItem*"); return t; }();
}, 
    [](const QQmlPrivate::AOTCompiledContext *aotContext, void **argv) {
Q_UNUSED(aotContext)
Q_UNUSED(argv)
// expression for centerIn at line 817, column 13
struct Storage : QQmlPrivate::AOTTrackedLocalsStorage {
Storage(const QQmlPrivate::AOTCompiledContext *ctxt, void **a)   : aotContext(ctxt), argv(a) {}
void markObjects(QV4::MarkStack *markStack) const final {    Q_UNUSED(markStack);
    aotContext->mark(v2_0, markStack);
}
const QQmlPrivate::AOTCompiledContext *aotContext;
void **argv;
QObject *v2_0 = nullptr;
};
Storage s(aotContext, argv);
aotContext->setLocals(&s);
// generate_LoadQmlContextPropertyLookup
#ifndef QT_NO_DEBUG
aotContext->setInstructionPointer(5);
#endif
while (!aotContext->loadScopeObjectPropertyLookup(930, &s.v2_0)) {
#ifdef QT_NO_DEBUG
aotContext->setInstructionPointer(5);
#endif
aotContext->initLoadScopeObjectPropertyLookup(930);
if (aotContext->engine->hasError()) {
aotContext->setReturnValueUndefined();
if (argv[0]) {
    *static_cast<QObject * *>(argv[0]) = nullptr;
}
return;
}
}
{
}
{
}
// generate_Ret
if (argv[0]) {
    *static_cast<QObject * *>(argv[0]) = s.v2_0;
}
return;
}
 },{ 294, 0, [](QV4::ExecutableCompilationUnit *contextUnit, QMetaType *argTypes) {
    struct { QV4::ExecutableCompilationUnit *compilationUnit; } c { contextUnit };
    const auto *aotContext = &c;
    Q_UNUSED(aotContext);
    argTypes[0] = QMetaType::fromType<double>();
}, 
    [](const QQmlPrivate::AOTCompiledContext *aotContext, void **argv) {
Q_UNUSED(aotContext)
Q_UNUSED(argv)
// expression for width at line 822, column 17
struct Storage : QQmlPrivate::AOTTrackedLocalsStorage {
Storage(const QQmlPrivate::AOTCompiledContext *ctxt, void **a)   : aotContext(ctxt), argv(a) {}
void markObjects(QV4::MarkStack *markStack) const final {    Q_UNUSED(markStack);
    aotContext->mark(v2_0, markStack);
}
const QQmlPrivate::AOTCompiledContext *aotContext;
void **argv;
QObject *v2_0 = nullptr;
double v2_5;
};
Storage s(aotContext, argv);
aotContext->setLocals(&s);
// generate_LoadQmlContextPropertyLookup
#ifndef QT_NO_DEBUG
aotContext->setInstructionPointer(5);
#endif
while (!aotContext->loadScopeObjectPropertyLookup(931, &s.v2_0)) {
#ifdef QT_NO_DEBUG
aotContext->setInstructionPointer(5);
#endif
aotContext->initLoadScopeObjectPropertyLookup(931);
if (aotContext->engine->hasError()) {
aotContext->setReturnValueUndefined();
if (argv[0]) {
    *static_cast<double *>(argv[0]) = double();
}
return;
}
}
{
}
// generate_GetLookup
#ifndef QT_NO_DEBUG
aotContext->setInstructionPointer(10);
#endif
while (!aotContext->getObjectLookup(932, s.v2_0, &s.v2_5)) {
#ifdef QT_NO_DEBUG
aotContext->setInstructionPointer(10);
#endif
aotContext->initGetObjectLookup(932, s.v2_0);
if (aotContext->engine->hasError()) {
aotContext->setReturnValueUndefined();
if (argv[0]) {
    *static_cast<double *>(argv[0]) = double();
}
return;
}
}
{
}
{
}
// generate_Ret
if (argv[0]) {
    *static_cast<double *>(argv[0]) = s.v2_5;
}
return;
}
 },{ 298, 0, [](QV4::ExecutableCompilationUnit *contextUnit, QMetaType *argTypes) {
    struct { QV4::ExecutableCompilationUnit *compilationUnit; } c { contextUnit };
    const auto *aotContext = &c;
    Q_UNUSED(aotContext);
    argTypes[0] = []() { static const auto t = QMetaType::fromName("Qt::CursorShape"); return t; }();
}, 
    [](const QQmlPrivate::AOTCompiledContext *aotContext, void **argv) {
Q_UNUSED(aotContext)
Q_UNUSED(argv)
// expression for cursorShape at line 845, column 25
struct Storage : QQmlPrivate::AOTTrackedLocalsStorage {
Storage(const QQmlPrivate::AOTCompiledContext *ctxt, void **a)   : aotContext(ctxt), argv(a) {}
void markObjects(QV4::MarkStack *markStack) const final {    Q_UNUSED(markStack);
}
const QQmlPrivate::AOTCompiledContext *aotContext;
void **argv;
int v2_5;
};
Storage s(aotContext, argv);
aotContext->setLocals(&s);
{
}
// generate_GetLookup
#ifndef QT_NO_DEBUG
aotContext->setInstructionPointer(10);
#endif
while (!aotContext->getEnumLookup(944, &s.v2_5)) {
#ifdef QT_NO_DEBUG
aotContext->setInstructionPointer(10);
#endif
aotContext->initGetEnumLookup(944, []() { static const auto t = QMetaType::fromName("Qt"); return t; }().metaObject(), "CursorShape", "PointingHandCursor");
if (aotContext->engine->hasError()) {
aotContext->setReturnValueUndefined();
if (argv[0]) {
    const QMetaType returnType = []() { static const auto t = QMetaType::fromName("Qt::CursorShape"); return t; }();
    returnType.destruct(argv[0]);
    returnType.construct(argv[0]);
 }
return;
}
}
{
}
{
}
// generate_Ret
if (argv[0]) {
    const QMetaType returnType = QMetaType::fromType<int>();
    returnType.destruct(argv[0]);
    returnType.construct(argv[0], &s.v2_5);
}
return;
}
 },{ 300, 0, [](QV4::ExecutableCompilationUnit *contextUnit, QMetaType *argTypes) {
    struct { QV4::ExecutableCompilationUnit *compilationUnit; } c { contextUnit };
    const auto *aotContext = &c;
    Q_UNUSED(aotContext);
    argTypes[0] = []() { static const auto t = QMetaType::fromName("QQuickItem*"); return t; }();
}, 
    [](const QQmlPrivate::AOTCompiledContext *aotContext, void **argv) {
Q_UNUSED(aotContext)
Q_UNUSED(argv)
// expression for fill at line 843, column 25
struct Storage : QQmlPrivate::AOTTrackedLocalsStorage {
Storage(const QQmlPrivate::AOTCompiledContext *ctxt, void **a)   : aotContext(ctxt), argv(a) {}
void markObjects(QV4::MarkStack *markStack) const final {    Q_UNUSED(markStack);
    aotContext->mark(v2_0, markStack);
}
const QQmlPrivate::AOTCompiledContext *aotContext;
void **argv;
QObject *v2_0 = nullptr;
};
Storage s(aotContext, argv);
aotContext->setLocals(&s);
// generate_LoadQmlContextPropertyLookup
#ifndef QT_NO_DEBUG
aotContext->setInstructionPointer(5);
#endif
while (!aotContext->loadScopeObjectPropertyLookup(947, &s.v2_0)) {
#ifdef QT_NO_DEBUG
aotContext->setInstructionPointer(5);
#endif
aotContext->initLoadScopeObjectPropertyLookup(947);
if (aotContext->engine->hasError()) {
aotContext->setReturnValueUndefined();
if (argv[0]) {
    *static_cast<QObject * *>(argv[0]) = nullptr;
}
return;
}
}
{
}
{
}
// generate_Ret
if (argv[0]) {
    *static_cast<QObject * *>(argv[0]) = s.v2_0;
}
return;
}
 },{ 301, 0, [](QV4::ExecutableCompilationUnit *contextUnit, QMetaType *argTypes) {
    struct { QV4::ExecutableCompilationUnit *compilationUnit; } c { contextUnit };
    const auto *aotContext = &c;
    Q_UNUSED(aotContext);
    argTypes[0] = QMetaType::fromType<double>();
}, 
    [](const QQmlPrivate::AOTCompiledContext *aotContext, void **argv) {
Q_UNUSED(aotContext)
Q_UNUSED(argv)
// expression for width at line 853, column 17
struct Storage : QQmlPrivate::AOTTrackedLocalsStorage {
Storage(const QQmlPrivate::AOTCompiledContext *ctxt, void **a)   : aotContext(ctxt), argv(a) {}
void markObjects(QV4::MarkStack *markStack) const final {    Q_UNUSED(markStack);
    aotContext->mark(v2_0, markStack);
}
const QQmlPrivate::AOTCompiledContext *aotContext;
void **argv;
QObject *v2_0 = nullptr;
double v2_5;
};
Storage s(aotContext, argv);
aotContext->setLocals(&s);
// generate_LoadQmlContextPropertyLookup
#ifndef QT_NO_DEBUG
aotContext->setInstructionPointer(5);
#endif
while (!aotContext->loadScopeObjectPropertyLookup(948, &s.v2_0)) {
#ifdef QT_NO_DEBUG
aotContext->setInstructionPointer(5);
#endif
aotContext->initLoadScopeObjectPropertyLookup(948);
if (aotContext->engine->hasError()) {
aotContext->setReturnValueUndefined();
if (argv[0]) {
    *static_cast<double *>(argv[0]) = double();
}
return;
}
}
{
}
// generate_GetLookup
#ifndef QT_NO_DEBUG
aotContext->setInstructionPointer(10);
#endif
while (!aotContext->getObjectLookup(949, s.v2_0, &s.v2_5)) {
#ifdef QT_NO_DEBUG
aotContext->setInstructionPointer(10);
#endif
aotContext->initGetObjectLookup(949, s.v2_0);
if (aotContext->engine->hasError()) {
aotContext->setReturnValueUndefined();
if (argv[0]) {
    *static_cast<double *>(argv[0]) = double();
}
return;
}
}
{
}
{
}
// generate_Ret
if (argv[0]) {
    *static_cast<double *>(argv[0]) = s.v2_5;
}
return;
}
 },{ 303, 0, [](QV4::ExecutableCompilationUnit *contextUnit, QMetaType *argTypes) {
    struct { QV4::ExecutableCompilationUnit *compilationUnit; } c { contextUnit };
    const auto *aotContext = &c;
    Q_UNUSED(aotContext);
    argTypes[0] = []() { static const auto t = QMetaType::fromName("QQuickImage::FillMode"); return t; }();
}, 
    [](const QQmlPrivate::AOTCompiledContext *aotContext, void **argv) {
Q_UNUSED(aotContext)
Q_UNUSED(argv)
// expression for fillMode at line 863, column 21
struct Storage : QQmlPrivate::AOTTrackedLocalsStorage {
Storage(const QQmlPrivate::AOTCompiledContext *ctxt, void **a)   : aotContext(ctxt), argv(a) {}
void markObjects(QV4::MarkStack *markStack) const final {    Q_UNUSED(markStack);
}
const QQmlPrivate::AOTCompiledContext *aotContext;
void **argv;
int v2_5;
};
Storage s(aotContext, argv);
aotContext->setLocals(&s);
{
}
// generate_GetLookup
#ifndef QT_NO_DEBUG
aotContext->setInstructionPointer(10);
#endif
while (!aotContext->getEnumLookup(953, &s.v2_5)) {
#ifdef QT_NO_DEBUG
aotContext->setInstructionPointer(10);
#endif
aotContext->initGetEnumLookup(953, []() { static const auto t = QMetaType::fromName("QQuickImage*"); return t; }().metaObject(), "FillMode", "Stretch");
if (aotContext->engine->hasError()) {
aotContext->setReturnValueUndefined();
if (argv[0]) {
    const QMetaType returnType = []() { static const auto t = QMetaType::fromName("QQuickImage::FillMode"); return t; }();
    returnType.destruct(argv[0]);
    returnType.construct(argv[0]);
 }
return;
}
}
{
}
{
}
// generate_Ret
if (argv[0]) {
    const QMetaType returnType = QMetaType::fromType<int>();
    returnType.destruct(argv[0]);
    returnType.construct(argv[0], &s.v2_5);
}
return;
}
 },{ 304, 0, [](QV4::ExecutableCompilationUnit *contextUnit, QMetaType *argTypes) {
    struct { QV4::ExecutableCompilationUnit *compilationUnit; } c { contextUnit };
    const auto *aotContext = &c;
    Q_UNUSED(aotContext);
    argTypes[0] = []() { static const auto t = QMetaType::fromName("QQuickItem*"); return t; }();
}, 
    [](const QQmlPrivate::AOTCompiledContext *aotContext, void **argv) {
Q_UNUSED(aotContext)
Q_UNUSED(argv)
// expression for fill at line 859, column 21
struct Storage : QQmlPrivate::AOTTrackedLocalsStorage {
Storage(const QQmlPrivate::AOTCompiledContext *ctxt, void **a)   : aotContext(ctxt), argv(a) {}
void markObjects(QV4::MarkStack *markStack) const final {    Q_UNUSED(markStack);
    aotContext->mark(v2_0, markStack);
}
const QQmlPrivate::AOTCompiledContext *aotContext;
void **argv;
QObject *v2_0 = nullptr;
};
Storage s(aotContext, argv);
aotContext->setLocals(&s);
// generate_LoadQmlContextPropertyLookup
#ifndef QT_NO_DEBUG
aotContext->setInstructionPointer(5);
#endif
while (!aotContext->loadScopeObjectPropertyLookup(954, &s.v2_0)) {
#ifdef QT_NO_DEBUG
aotContext->setInstructionPointer(5);
#endif
aotContext->initLoadScopeObjectPropertyLookup(954);
if (aotContext->engine->hasError()) {
aotContext->setReturnValueUndefined();
if (argv[0]) {
    *static_cast<QObject * *>(argv[0]) = nullptr;
}
return;
}
}
{
}
{
}
// generate_Ret
if (argv[0]) {
    *static_cast<QObject * *>(argv[0]) = s.v2_0;
}
return;
}
 },{ 305, 0, [](QV4::ExecutableCompilationUnit *contextUnit, QMetaType *argTypes) {
    struct { QV4::ExecutableCompilationUnit *compilationUnit; } c { contextUnit };
    const auto *aotContext = &c;
    Q_UNUSED(aotContext);
    argTypes[0] = QMetaType::fromType<double>();
}, 
    [](const QQmlPrivate::AOTCompiledContext *aotContext, void **argv) {
Q_UNUSED(aotContext)
Q_UNUSED(argv)
// expression for width at line 870, column 17
struct Storage : QQmlPrivate::AOTTrackedLocalsStorage {
Storage(const QQmlPrivate::AOTCompiledContext *ctxt, void **a)   : aotContext(ctxt), argv(a) {}
void markObjects(QV4::MarkStack *markStack) const final {    Q_UNUSED(markStack);
    aotContext->mark(v2_0, markStack);
}
const QQmlPrivate::AOTCompiledContext *aotContext;
void **argv;
QObject *v2_0 = nullptr;
double v2_5;
};
Storage s(aotContext, argv);
aotContext->setLocals(&s);
// generate_LoadQmlContextPropertyLookup
#ifndef QT_NO_DEBUG
aotContext->setInstructionPointer(5);
#endif
while (!aotContext->loadScopeObjectPropertyLookup(955, &s.v2_0)) {
#ifdef QT_NO_DEBUG
aotContext->setInstructionPointer(5);
#endif
aotContext->initLoadScopeObjectPropertyLookup(955);
if (aotContext->engine->hasError()) {
aotContext->setReturnValueUndefined();
if (argv[0]) {
    *static_cast<double *>(argv[0]) = double();
}
return;
}
}
{
}
// generate_GetLookup
#ifndef QT_NO_DEBUG
aotContext->setInstructionPointer(10);
#endif
while (!aotContext->getObjectLookup(956, s.v2_0, &s.v2_5)) {
#ifdef QT_NO_DEBUG
aotContext->setInstructionPointer(10);
#endif
aotContext->initGetObjectLookup(956, s.v2_0);
if (aotContext->engine->hasError()) {
aotContext->setReturnValueUndefined();
if (argv[0]) {
    *static_cast<double *>(argv[0]) = double();
}
return;
}
}
{
}
{
}
// generate_Ret
if (argv[0]) {
    *static_cast<double *>(argv[0]) = s.v2_5;
}
return;
}
 },{ 307, 0, [](QV4::ExecutableCompilationUnit *contextUnit, QMetaType *argTypes) {
    struct { QV4::ExecutableCompilationUnit *compilationUnit; } c { contextUnit };
    const auto *aotContext = &c;
    Q_UNUSED(aotContext);
    argTypes[0] = QMetaType::fromType<double>();
}, 
    [](const QQmlPrivate::AOTCompiledContext *aotContext, void **argv) {
Q_UNUSED(aotContext)
Q_UNUSED(argv)
// expression for height at line 883, column 25
struct Storage : QQmlPrivate::AOTTrackedLocalsStorage {
Storage(const QQmlPrivate::AOTCompiledContext *ctxt, void **a)   : aotContext(ctxt), argv(a) {}
void markObjects(QV4::MarkStack *markStack) const final {    Q_UNUSED(markStack);
    aotContext->mark(v2_0, markStack);
}
const QQmlPrivate::AOTCompiledContext *aotContext;
void **argv;
QObject *v2_0 = nullptr;
double v2_5;
};
Storage s(aotContext, argv);
aotContext->setLocals(&s);
// generate_LoadQmlContextPropertyLookup
#ifndef QT_NO_DEBUG
aotContext->setInstructionPointer(5);
#endif
while (!aotContext->loadScopeObjectPropertyLookup(963, &s.v2_0)) {
#ifdef QT_NO_DEBUG
aotContext->setInstructionPointer(5);
#endif
aotContext->initLoadScopeObjectPropertyLookup(963);
if (aotContext->engine->hasError()) {
aotContext->setReturnValueUndefined();
if (argv[0]) {
    *static_cast<double *>(argv[0]) = double();
}
return;
}
}
{
}
// generate_GetLookup
#ifndef QT_NO_DEBUG
aotContext->setInstructionPointer(10);
#endif
while (!aotContext->getObjectLookup(964, s.v2_0, &s.v2_5)) {
#ifdef QT_NO_DEBUG
aotContext->setInstructionPointer(10);
#endif
aotContext->initGetObjectLookup(964, s.v2_0);
if (aotContext->engine->hasError()) {
aotContext->setReturnValueUndefined();
if (argv[0]) {
    *static_cast<double *>(argv[0]) = double();
}
return;
}
}
{
}
{
}
// generate_Ret
if (argv[0]) {
    *static_cast<double *>(argv[0]) = s.v2_5;
}
return;
}
 },{ 309, 0, [](QV4::ExecutableCompilationUnit *contextUnit, QMetaType *argTypes) {
    struct { QV4::ExecutableCompilationUnit *compilationUnit; } c { contextUnit };
    const auto *aotContext = &c;
    Q_UNUSED(aotContext);
    argTypes[0] = QMetaType::fromType<double>();
}, 
    [](const QQmlPrivate::AOTCompiledContext *aotContext, void **argv) {
Q_UNUSED(aotContext)
Q_UNUSED(argv)
// expression for height at line 890, column 25
struct Storage : QQmlPrivate::AOTTrackedLocalsStorage {
Storage(const QQmlPrivate::AOTCompiledContext *ctxt, void **a)   : aotContext(ctxt), argv(a) {}
void markObjects(QV4::MarkStack *markStack) const final {    Q_UNUSED(markStack);
    aotContext->mark(v2_0, markStack);
}
const QQmlPrivate::AOTCompiledContext *aotContext;
void **argv;
QObject *v2_0 = nullptr;
double v2_5;
};
Storage s(aotContext, argv);
aotContext->setLocals(&s);
// generate_LoadQmlContextPropertyLookup
#ifndef QT_NO_DEBUG
aotContext->setInstructionPointer(5);
#endif
while (!aotContext->loadScopeObjectPropertyLookup(971, &s.v2_0)) {
#ifdef QT_NO_DEBUG
aotContext->setInstructionPointer(5);
#endif
aotContext->initLoadScopeObjectPropertyLookup(971);
if (aotContext->engine->hasError()) {
aotContext->setReturnValueUndefined();
if (argv[0]) {
    *static_cast<double *>(argv[0]) = double();
}
return;
}
}
{
}
// generate_GetLookup
#ifndef QT_NO_DEBUG
aotContext->setInstructionPointer(10);
#endif
while (!aotContext->getObjectLookup(972, s.v2_0, &s.v2_5)) {
#ifdef QT_NO_DEBUG
aotContext->setInstructionPointer(10);
#endif
aotContext->initGetObjectLookup(972, s.v2_0);
if (aotContext->engine->hasError()) {
aotContext->setReturnValueUndefined();
if (argv[0]) {
    *static_cast<double *>(argv[0]) = double();
}
return;
}
}
{
}
{
}
// generate_Ret
if (argv[0]) {
    *static_cast<double *>(argv[0]) = s.v2_5;
}
return;
}
 },{ 318, 0, [](QV4::ExecutableCompilationUnit *contextUnit, QMetaType *argTypes) {
    struct { QV4::ExecutableCompilationUnit *compilationUnit; } c { contextUnit };
    const auto *aotContext = &c;
    Q_UNUSED(aotContext);
    argTypes[0] = []() { static const auto t = QMetaType::fromName("QQuickItem*"); return t; }();
}, 
    [](const QQmlPrivate::AOTCompiledContext *aotContext, void **argv) {
Q_UNUSED(aotContext)
Q_UNUSED(argv)
// expression for fill at line 916, column 9
struct Storage : QQmlPrivate::AOTTrackedLocalsStorage {
Storage(const QQmlPrivate::AOTCompiledContext *ctxt, void **a)   : aotContext(ctxt), argv(a) {}
void markObjects(QV4::MarkStack *markStack) const final {    Q_UNUSED(markStack);
    aotContext->mark(v2_0, markStack);
}
const QQmlPrivate::AOTCompiledContext *aotContext;
void **argv;
QObject *v2_0 = nullptr;
};
Storage s(aotContext, argv);
aotContext->setLocals(&s);
// generate_LoadQmlContextPropertyLookup
#ifndef QT_NO_DEBUG
aotContext->setInstructionPointer(5);
#endif
while (!aotContext->loadScopeObjectPropertyLookup(994, &s.v2_0)) {
#ifdef QT_NO_DEBUG
aotContext->setInstructionPointer(5);
#endif
aotContext->initLoadScopeObjectPropertyLookup(994);
if (aotContext->engine->hasError()) {
aotContext->setReturnValueUndefined();
if (argv[0]) {
    *static_cast<QObject * *>(argv[0]) = nullptr;
}
return;
}
}
{
}
{
}
// generate_Ret
if (argv[0]) {
    *static_cast<QObject * *>(argv[0]) = s.v2_0;
}
return;
}
 },{ 319, 0, [](QV4::ExecutableCompilationUnit *contextUnit, QMetaType *argTypes) {
    struct { QV4::ExecutableCompilationUnit *compilationUnit; } c { contextUnit };
    const auto *aotContext = &c;
    Q_UNUSED(aotContext);
    argTypes[0] = []() { static const auto t = QMetaType::fromName("QQuickAnchorLine"); return t; }();
}, 
    [](const QQmlPrivate::AOTCompiledContext *aotContext, void **argv) {
Q_UNUSED(aotContext)
Q_UNUSED(argv)
// expression for top at line 924, column 13
struct Storage : QQmlPrivate::AOTTrackedLocalsStorage {
Storage(const QQmlPrivate::AOTCompiledContext *ctxt, void **a)   : aotContext(ctxt), argv(a) {}
void markObjects(QV4::MarkStack *markStack) const final {    Q_UNUSED(markStack);
    aotContext->mark(v2_0, markStack);
    aotContext->mark(v2_5, markStack);
}
const QQmlPrivate::AOTCompiledContext *aotContext;
void **argv;
QObject *v2_0 = nullptr;
QVariant v2_5;
};
Storage s(aotContext, argv);
aotContext->setLocals(&s);
// generate_LoadQmlContextPropertyLookup
#ifndef QT_NO_DEBUG
aotContext->setInstructionPointer(5);
#endif
while (!aotContext->loadScopeObjectPropertyLookup(995, &s.v2_0)) {
#ifdef QT_NO_DEBUG
aotContext->setInstructionPointer(5);
#endif
aotContext->initLoadScopeObjectPropertyLookup(995);
if (aotContext->engine->hasError()) {
aotContext->setReturnValueUndefined();
if (argv[0]) {
    const QMetaType returnType = []() { static const auto t = QMetaType::fromName("QQuickAnchorLine"); return t; }();
    returnType.destruct(argv[0]);
    returnType.construct(argv[0]);
 }
return;
}
}
{
}
// generate_GetLookup
#ifndef QT_NO_DEBUG
aotContext->setInstructionPointer(10);
#endif
s.v2_5 = QVariant(aotContext->lookupResultMetaType(996));
while (!aotContext->getObjectLookup(996, s.v2_0, s.v2_5.data())) {
#ifdef QT_NO_DEBUG
aotContext->setInstructionPointer(10);
#endif
aotContext->initGetObjectLookup(996, s.v2_0);
if (aotContext->engine->hasError()) {
aotContext->setReturnValueUndefined();
if (argv[0]) {
    const QMetaType returnType = []() { static const auto t = QMetaType::fromName("QQuickAnchorLine"); return t; }();
    returnType.destruct(argv[0]);
    returnType.construct(argv[0]);
 }
return;
}
s.v2_5 = QVariant(aotContext->lookupResultMetaType(996));
}
{
}
{
}
// generate_Ret
if (argv[0]) {
    if (!s.v2_5.isValid())
        aotContext->setReturnValueUndefined();
    const QMetaType returnType = s.v2_5.metaType();
    returnType.destruct(argv[0]);
    returnType.construct(argv[0], s.v2_5.data());
}
return;
}
 },{ 320, 0, [](QV4::ExecutableCompilationUnit *contextUnit, QMetaType *argTypes) {
    struct { QV4::ExecutableCompilationUnit *compilationUnit; } c { contextUnit };
    const auto *aotContext = &c;
    Q_UNUSED(aotContext);
    argTypes[0] = []() { static const auto t = QMetaType::fromName("QQuickAnchorLine"); return t; }();
}, 
    [](const QQmlPrivate::AOTCompiledContext *aotContext, void **argv) {
Q_UNUSED(aotContext)
Q_UNUSED(argv)
// expression for left at line 925, column 13
struct Storage : QQmlPrivate::AOTTrackedLocalsStorage {
Storage(const QQmlPrivate::AOTCompiledContext *ctxt, void **a)   : aotContext(ctxt), argv(a) {}
void markObjects(QV4::MarkStack *markStack) const final {    Q_UNUSED(markStack);
    aotContext->mark(v2_0, markStack);
    aotContext->mark(v2_5, markStack);
}
const QQmlPrivate::AOTCompiledContext *aotContext;
void **argv;
QObject *v2_0 = nullptr;
QVariant v2_5;
};
Storage s(aotContext, argv);
aotContext->setLocals(&s);
// generate_LoadQmlContextPropertyLookup
#ifndef QT_NO_DEBUG
aotContext->setInstructionPointer(5);
#endif
while (!aotContext->loadScopeObjectPropertyLookup(997, &s.v2_0)) {
#ifdef QT_NO_DEBUG
aotContext->setInstructionPointer(5);
#endif
aotContext->initLoadScopeObjectPropertyLookup(997);
if (aotContext->engine->hasError()) {
aotContext->setReturnValueUndefined();
if (argv[0]) {
    const QMetaType returnType = []() { static const auto t = QMetaType::fromName("QQuickAnchorLine"); return t; }();
    returnType.destruct(argv[0]);
    returnType.construct(argv[0]);
 }
return;
}
}
{
}
// generate_GetLookup
#ifndef QT_NO_DEBUG
aotContext->setInstructionPointer(10);
#endif
s.v2_5 = QVariant(aotContext->lookupResultMetaType(998));
while (!aotContext->getObjectLookup(998, s.v2_0, s.v2_5.data())) {
#ifdef QT_NO_DEBUG
aotContext->setInstructionPointer(10);
#endif
aotContext->initGetObjectLookup(998, s.v2_0);
if (aotContext->engine->hasError()) {
aotContext->setReturnValueUndefined();
if (argv[0]) {
    const QMetaType returnType = []() { static const auto t = QMetaType::fromName("QQuickAnchorLine"); return t; }();
    returnType.destruct(argv[0]);
    returnType.construct(argv[0]);
 }
return;
}
s.v2_5 = QVariant(aotContext->lookupResultMetaType(998));
}
{
}
{
}
// generate_Ret
if (argv[0]) {
    if (!s.v2_5.isValid())
        aotContext->setReturnValueUndefined();
    const QMetaType returnType = s.v2_5.metaType();
    returnType.destruct(argv[0]);
    returnType.construct(argv[0], s.v2_5.data());
}
return;
}
 },{ 321, 0, [](QV4::ExecutableCompilationUnit *contextUnit, QMetaType *argTypes) {
    struct { QV4::ExecutableCompilationUnit *compilationUnit; } c { contextUnit };
    const auto *aotContext = &c;
    Q_UNUSED(aotContext);
    argTypes[0] = []() { static const auto t = QMetaType::fromName("QQuickAnchorLine"); return t; }();
}, 
    [](const QQmlPrivate::AOTCompiledContext *aotContext, void **argv) {
Q_UNUSED(aotContext)
Q_UNUSED(argv)
// expression for right at line 926, column 13
struct Storage : QQmlPrivate::AOTTrackedLocalsStorage {
Storage(const QQmlPrivate::AOTCompiledContext *ctxt, void **a)   : aotContext(ctxt), argv(a) {}
void markObjects(QV4::MarkStack *markStack) const final {    Q_UNUSED(markStack);
    aotContext->mark(v2_0, markStack);
    aotContext->mark(v2_5, markStack);
}
const QQmlPrivate::AOTCompiledContext *aotContext;
void **argv;
QObject *v2_0 = nullptr;
QVariant v2_5;
};
Storage s(aotContext, argv);
aotContext->setLocals(&s);
// generate_LoadQmlContextPropertyLookup
#ifndef QT_NO_DEBUG
aotContext->setInstructionPointer(5);
#endif
while (!aotContext->loadScopeObjectPropertyLookup(999, &s.v2_0)) {
#ifdef QT_NO_DEBUG
aotContext->setInstructionPointer(5);
#endif
aotContext->initLoadScopeObjectPropertyLookup(999);
if (aotContext->engine->hasError()) {
aotContext->setReturnValueUndefined();
if (argv[0]) {
    const QMetaType returnType = []() { static const auto t = QMetaType::fromName("QQuickAnchorLine"); return t; }();
    returnType.destruct(argv[0]);
    returnType.construct(argv[0]);
 }
return;
}
}
{
}
// generate_GetLookup
#ifndef QT_NO_DEBUG
aotContext->setInstructionPointer(10);
#endif
s.v2_5 = QVariant(aotContext->lookupResultMetaType(1000));
while (!aotContext->getObjectLookup(1000, s.v2_0, s.v2_5.data())) {
#ifdef QT_NO_DEBUG
aotContext->setInstructionPointer(10);
#endif
aotContext->initGetObjectLookup(1000, s.v2_0);
if (aotContext->engine->hasError()) {
aotContext->setReturnValueUndefined();
if (argv[0]) {
    const QMetaType returnType = []() { static const auto t = QMetaType::fromName("QQuickAnchorLine"); return t; }();
    returnType.destruct(argv[0]);
    returnType.construct(argv[0]);
 }
return;
}
s.v2_5 = QVariant(aotContext->lookupResultMetaType(1000));
}
{
}
{
}
// generate_Ret
if (argv[0]) {
    if (!s.v2_5.isValid())
        aotContext->setReturnValueUndefined();
    const QMetaType returnType = s.v2_5.metaType();
    returnType.destruct(argv[0]);
    returnType.construct(argv[0], s.v2_5.data());
}
return;
}
 },{ 326, 0, [](QV4::ExecutableCompilationUnit *contextUnit, QMetaType *argTypes) {
    struct { QV4::ExecutableCompilationUnit *compilationUnit; } c { contextUnit };
    const auto *aotContext = &c;
    Q_UNUSED(aotContext);
    argTypes[0] = []() { static const auto t = QMetaType::fromName("Qt::CursorShape"); return t; }();
}, 
    [](const QQmlPrivate::AOTCompiledContext *aotContext, void **argv) {
Q_UNUSED(aotContext)
Q_UNUSED(argv)
// expression for cursorShape at line 945, column 21
struct Storage : QQmlPrivate::AOTTrackedLocalsStorage {
Storage(const QQmlPrivate::AOTCompiledContext *ctxt, void **a)   : aotContext(ctxt), argv(a) {}
void markObjects(QV4::MarkStack *markStack) const final {    Q_UNUSED(markStack);
}
const QQmlPrivate::AOTCompiledContext *aotContext;
void **argv;
int v2_5;
};
Storage s(aotContext, argv);
aotContext->setLocals(&s);
{
}
// generate_GetLookup
#ifndef QT_NO_DEBUG
aotContext->setInstructionPointer(10);
#endif
while (!aotContext->getEnumLookup(1016, &s.v2_5)) {
#ifdef QT_NO_DEBUG
aotContext->setInstructionPointer(10);
#endif
aotContext->initGetEnumLookup(1016, []() { static const auto t = QMetaType::fromName("Qt"); return t; }().metaObject(), "CursorShape", "PointingHandCursor");
if (aotContext->engine->hasError()) {
aotContext->setReturnValueUndefined();
if (argv[0]) {
    const QMetaType returnType = []() { static const auto t = QMetaType::fromName("Qt::CursorShape"); return t; }();
    returnType.destruct(argv[0]);
    returnType.construct(argv[0]);
 }
return;
}
}
{
}
{
}
// generate_Ret
if (argv[0]) {
    const QMetaType returnType = QMetaType::fromType<int>();
    returnType.destruct(argv[0]);
    returnType.construct(argv[0], &s.v2_5);
}
return;
}
 },{ 328, 0, [](QV4::ExecutableCompilationUnit *contextUnit, QMetaType *argTypes) {
    struct { QV4::ExecutableCompilationUnit *compilationUnit; } c { contextUnit };
    const auto *aotContext = &c;
    Q_UNUSED(aotContext);
    argTypes[0] = []() { static const auto t = QMetaType::fromName("QQuickItem*"); return t; }();
}, 
    [](const QQmlPrivate::AOTCompiledContext *aotContext, void **argv) {
Q_UNUSED(aotContext)
Q_UNUSED(argv)
// expression for fill at line 943, column 21
struct Storage : QQmlPrivate::AOTTrackedLocalsStorage {
Storage(const QQmlPrivate::AOTCompiledContext *ctxt, void **a)   : aotContext(ctxt), argv(a) {}
void markObjects(QV4::MarkStack *markStack) const final {    Q_UNUSED(markStack);
    aotContext->mark(v2_0, markStack);
}
const QQmlPrivate::AOTCompiledContext *aotContext;
void **argv;
QObject *v2_0 = nullptr;
};
Storage s(aotContext, argv);
aotContext->setLocals(&s);
// generate_LoadQmlContextPropertyLookup
#ifndef QT_NO_DEBUG
aotContext->setInstructionPointer(5);
#endif
while (!aotContext->loadScopeObjectPropertyLookup(1019, &s.v2_0)) {
#ifdef QT_NO_DEBUG
aotContext->setInstructionPointer(5);
#endif
aotContext->initLoadScopeObjectPropertyLookup(1019);
if (aotContext->engine->hasError()) {
aotContext->setReturnValueUndefined();
if (argv[0]) {
    *static_cast<QObject * *>(argv[0]) = nullptr;
}
return;
}
}
{
}
{
}
// generate_Ret
if (argv[0]) {
    *static_cast<QObject * *>(argv[0]) = s.v2_0;
}
return;
}
 },{ 331, 0, [](QV4::ExecutableCompilationUnit *contextUnit, QMetaType *argTypes) {
    struct { QV4::ExecutableCompilationUnit *compilationUnit; } c { contextUnit };
    const auto *aotContext = &c;
    Q_UNUSED(aotContext);
    argTypes[0] = []() { static const auto t = QMetaType::fromName("Qt::CursorShape"); return t; }();
}, 
    [](const QQmlPrivate::AOTCompiledContext *aotContext, void **argv) {
Q_UNUSED(aotContext)
Q_UNUSED(argv)
// expression for cursorShape at line 958, column 21
struct Storage : QQmlPrivate::AOTTrackedLocalsStorage {
Storage(const QQmlPrivate::AOTCompiledContext *ctxt, void **a)   : aotContext(ctxt), argv(a) {}
void markObjects(QV4::MarkStack *markStack) const final {    Q_UNUSED(markStack);
}
const QQmlPrivate::AOTCompiledContext *aotContext;
void **argv;
int v2_5;
};
Storage s(aotContext, argv);
aotContext->setLocals(&s);
{
}
// generate_GetLookup
#ifndef QT_NO_DEBUG
aotContext->setInstructionPointer(10);
#endif
while (!aotContext->getEnumLookup(1029, &s.v2_5)) {
#ifdef QT_NO_DEBUG
aotContext->setInstructionPointer(10);
#endif
aotContext->initGetEnumLookup(1029, []() { static const auto t = QMetaType::fromName("Qt"); return t; }().metaObject(), "CursorShape", "PointingHandCursor");
if (aotContext->engine->hasError()) {
aotContext->setReturnValueUndefined();
if (argv[0]) {
    const QMetaType returnType = []() { static const auto t = QMetaType::fromName("Qt::CursorShape"); return t; }();
    returnType.destruct(argv[0]);
    returnType.construct(argv[0]);
 }
return;
}
}
{
}
{
}
// generate_Ret
if (argv[0]) {
    const QMetaType returnType = QMetaType::fromType<int>();
    returnType.destruct(argv[0]);
    returnType.construct(argv[0], &s.v2_5);
}
return;
}
 },{ 333, 0, [](QV4::ExecutableCompilationUnit *contextUnit, QMetaType *argTypes) {
    struct { QV4::ExecutableCompilationUnit *compilationUnit; } c { contextUnit };
    const auto *aotContext = &c;
    Q_UNUSED(aotContext);
    argTypes[0] = []() { static const auto t = QMetaType::fromName("QQuickItem*"); return t; }();
}, 
    [](const QQmlPrivate::AOTCompiledContext *aotContext, void **argv) {
Q_UNUSED(aotContext)
Q_UNUSED(argv)
// expression for fill at line 956, column 21
struct Storage : QQmlPrivate::AOTTrackedLocalsStorage {
Storage(const QQmlPrivate::AOTCompiledContext *ctxt, void **a)   : aotContext(ctxt), argv(a) {}
void markObjects(QV4::MarkStack *markStack) const final {    Q_UNUSED(markStack);
    aotContext->mark(v2_0, markStack);
}
const QQmlPrivate::AOTCompiledContext *aotContext;
void **argv;
QObject *v2_0 = nullptr;
};
Storage s(aotContext, argv);
aotContext->setLocals(&s);
// generate_LoadQmlContextPropertyLookup
#ifndef QT_NO_DEBUG
aotContext->setInstructionPointer(5);
#endif
while (!aotContext->loadScopeObjectPropertyLookup(1032, &s.v2_0)) {
#ifdef QT_NO_DEBUG
aotContext->setInstructionPointer(5);
#endif
aotContext->initLoadScopeObjectPropertyLookup(1032);
if (aotContext->engine->hasError()) {
aotContext->setReturnValueUndefined();
if (argv[0]) {
    *static_cast<QObject * *>(argv[0]) = nullptr;
}
return;
}
}
{
}
{
}
// generate_Ret
if (argv[0]) {
    *static_cast<QObject * *>(argv[0]) = s.v2_0;
}
return;
}
 },{ 336, 0, [](QV4::ExecutableCompilationUnit *contextUnit, QMetaType *argTypes) {
    struct { QV4::ExecutableCompilationUnit *compilationUnit; } c { contextUnit };
    const auto *aotContext = &c;
    Q_UNUSED(aotContext);
    argTypes[0] = []() { static const auto t = QMetaType::fromName("Qt::CursorShape"); return t; }();
}, 
    [](const QQmlPrivate::AOTCompiledContext *aotContext, void **argv) {
Q_UNUSED(aotContext)
Q_UNUSED(argv)
// expression for cursorShape at line 972, column 21
struct Storage : QQmlPrivate::AOTTrackedLocalsStorage {
Storage(const QQmlPrivate::AOTCompiledContext *ctxt, void **a)   : aotContext(ctxt), argv(a) {}
void markObjects(QV4::MarkStack *markStack) const final {    Q_UNUSED(markStack);
}
const QQmlPrivate::AOTCompiledContext *aotContext;
void **argv;
int v2_5;
};
Storage s(aotContext, argv);
aotContext->setLocals(&s);
{
}
// generate_GetLookup
#ifndef QT_NO_DEBUG
aotContext->setInstructionPointer(10);
#endif
while (!aotContext->getEnumLookup(1038, &s.v2_5)) {
#ifdef QT_NO_DEBUG
aotContext->setInstructionPointer(10);
#endif
aotContext->initGetEnumLookup(1038, []() { static const auto t = QMetaType::fromName("Qt"); return t; }().metaObject(), "CursorShape", "PointingHandCursor");
if (aotContext->engine->hasError()) {
aotContext->setReturnValueUndefined();
if (argv[0]) {
    const QMetaType returnType = []() { static const auto t = QMetaType::fromName("Qt::CursorShape"); return t; }();
    returnType.destruct(argv[0]);
    returnType.construct(argv[0]);
 }
return;
}
}
{
}
{
}
// generate_Ret
if (argv[0]) {
    const QMetaType returnType = QMetaType::fromType<int>();
    returnType.destruct(argv[0]);
    returnType.construct(argv[0], &s.v2_5);
}
return;
}
 },{ 338, 0, [](QV4::ExecutableCompilationUnit *contextUnit, QMetaType *argTypes) {
    struct { QV4::ExecutableCompilationUnit *compilationUnit; } c { contextUnit };
    const auto *aotContext = &c;
    Q_UNUSED(aotContext);
    argTypes[0] = []() { static const auto t = QMetaType::fromName("QQuickItem*"); return t; }();
}, 
    [](const QQmlPrivate::AOTCompiledContext *aotContext, void **argv) {
Q_UNUSED(aotContext)
Q_UNUSED(argv)
// expression for fill at line 970, column 21
struct Storage : QQmlPrivate::AOTTrackedLocalsStorage {
Storage(const QQmlPrivate::AOTCompiledContext *ctxt, void **a)   : aotContext(ctxt), argv(a) {}
void markObjects(QV4::MarkStack *markStack) const final {    Q_UNUSED(markStack);
    aotContext->mark(v2_0, markStack);
}
const QQmlPrivate::AOTCompiledContext *aotContext;
void **argv;
QObject *v2_0 = nullptr;
};
Storage s(aotContext, argv);
aotContext->setLocals(&s);
// generate_LoadQmlContextPropertyLookup
#ifndef QT_NO_DEBUG
aotContext->setInstructionPointer(5);
#endif
while (!aotContext->loadScopeObjectPropertyLookup(1041, &s.v2_0)) {
#ifdef QT_NO_DEBUG
aotContext->setInstructionPointer(5);
#endif
aotContext->initLoadScopeObjectPropertyLookup(1041);
if (aotContext->engine->hasError()) {
aotContext->setReturnValueUndefined();
if (argv[0]) {
    *static_cast<QObject * *>(argv[0]) = nullptr;
}
return;
}
}
{
}
{
}
// generate_Ret
if (argv[0]) {
    *static_cast<QObject * *>(argv[0]) = s.v2_0;
}
return;
}
 },{ 341, 0, [](QV4::ExecutableCompilationUnit *contextUnit, QMetaType *argTypes) {
    struct { QV4::ExecutableCompilationUnit *compilationUnit; } c { contextUnit };
    const auto *aotContext = &c;
    Q_UNUSED(aotContext);
    argTypes[0] = []() { static const auto t = QMetaType::fromName("QQuickAnchorLine"); return t; }();
}, 
    [](const QQmlPrivate::AOTCompiledContext *aotContext, void **argv) {
Q_UNUSED(aotContext)
Q_UNUSED(argv)
// expression for top at line 980, column 13
struct Storage : QQmlPrivate::AOTTrackedLocalsStorage {
Storage(const QQmlPrivate::AOTCompiledContext *ctxt, void **a)   : aotContext(ctxt), argv(a) {}
void markObjects(QV4::MarkStack *markStack) const final {    Q_UNUSED(markStack);
    aotContext->mark(v2_0, markStack);
    aotContext->mark(v2_5, markStack);
}
const QQmlPrivate::AOTCompiledContext *aotContext;
void **argv;
QObject *v2_0 = nullptr;
QVariant v2_5;
};
Storage s(aotContext, argv);
aotContext->setLocals(&s);
// generate_LoadQmlContextPropertyLookup
#ifndef QT_NO_DEBUG
aotContext->setInstructionPointer(5);
#endif
while (!aotContext->loadContextIdLookup(1045, &s.v2_0)) {
#ifdef QT_NO_DEBUG
aotContext->setInstructionPointer(5);
#endif
aotContext->initLoadContextIdLookup(1045);
if (aotContext->engine->hasError()) {
aotContext->setReturnValueUndefined();
if (argv[0]) {
    const QMetaType returnType = []() { static const auto t = QMetaType::fromName("QQuickAnchorLine"); return t; }();
    returnType.destruct(argv[0]);
    returnType.construct(argv[0]);
 }
return;
}
}
{
}
// generate_GetLookup
#ifndef QT_NO_DEBUG
aotContext->setInstructionPointer(10);
#endif
s.v2_5 = QVariant(aotContext->lookupResultMetaType(1046));
while (!aotContext->getObjectLookup(1046, s.v2_0, s.v2_5.data())) {
#ifdef QT_NO_DEBUG
aotContext->setInstructionPointer(10);
#endif
aotContext->initGetObjectLookup(1046, s.v2_0);
if (aotContext->engine->hasError()) {
aotContext->setReturnValueUndefined();
if (argv[0]) {
    const QMetaType returnType = []() { static const auto t = QMetaType::fromName("QQuickAnchorLine"); return t; }();
    returnType.destruct(argv[0]);
    returnType.construct(argv[0]);
 }
return;
}
s.v2_5 = QVariant(aotContext->lookupResultMetaType(1046));
}
{
}
{
}
// generate_Ret
if (argv[0]) {
    if (!s.v2_5.isValid())
        aotContext->setReturnValueUndefined();
    const QMetaType returnType = s.v2_5.metaType();
    returnType.destruct(argv[0]);
    returnType.construct(argv[0], s.v2_5.data());
}
return;
}
 },{ 342, 0, [](QV4::ExecutableCompilationUnit *contextUnit, QMetaType *argTypes) {
    struct { QV4::ExecutableCompilationUnit *compilationUnit; } c { contextUnit };
    const auto *aotContext = &c;
    Q_UNUSED(aotContext);
    argTypes[0] = []() { static const auto t = QMetaType::fromName("QQuickAnchorLine"); return t; }();
}, 
    [](const QQmlPrivate::AOTCompiledContext *aotContext, void **argv) {
Q_UNUSED(aotContext)
Q_UNUSED(argv)
// expression for left at line 981, column 13
struct Storage : QQmlPrivate::AOTTrackedLocalsStorage {
Storage(const QQmlPrivate::AOTCompiledContext *ctxt, void **a)   : aotContext(ctxt), argv(a) {}
void markObjects(QV4::MarkStack *markStack) const final {    Q_UNUSED(markStack);
    aotContext->mark(v2_0, markStack);
    aotContext->mark(v2_5, markStack);
}
const QQmlPrivate::AOTCompiledContext *aotContext;
void **argv;
QObject *v2_0 = nullptr;
QVariant v2_5;
};
Storage s(aotContext, argv);
aotContext->setLocals(&s);
// generate_LoadQmlContextPropertyLookup
#ifndef QT_NO_DEBUG
aotContext->setInstructionPointer(5);
#endif
while (!aotContext->loadScopeObjectPropertyLookup(1047, &s.v2_0)) {
#ifdef QT_NO_DEBUG
aotContext->setInstructionPointer(5);
#endif
aotContext->initLoadScopeObjectPropertyLookup(1047);
if (aotContext->engine->hasError()) {
aotContext->setReturnValueUndefined();
if (argv[0]) {
    const QMetaType returnType = []() { static const auto t = QMetaType::fromName("QQuickAnchorLine"); return t; }();
    returnType.destruct(argv[0]);
    returnType.construct(argv[0]);
 }
return;
}
}
{
}
// generate_GetLookup
#ifndef QT_NO_DEBUG
aotContext->setInstructionPointer(10);
#endif
s.v2_5 = QVariant(aotContext->lookupResultMetaType(1048));
while (!aotContext->getObjectLookup(1048, s.v2_0, s.v2_5.data())) {
#ifdef QT_NO_DEBUG
aotContext->setInstructionPointer(10);
#endif
aotContext->initGetObjectLookup(1048, s.v2_0);
if (aotContext->engine->hasError()) {
aotContext->setReturnValueUndefined();
if (argv[0]) {
    const QMetaType returnType = []() { static const auto t = QMetaType::fromName("QQuickAnchorLine"); return t; }();
    returnType.destruct(argv[0]);
    returnType.construct(argv[0]);
 }
return;
}
s.v2_5 = QVariant(aotContext->lookupResultMetaType(1048));
}
{
}
{
}
// generate_Ret
if (argv[0]) {
    if (!s.v2_5.isValid())
        aotContext->setReturnValueUndefined();
    const QMetaType returnType = s.v2_5.metaType();
    returnType.destruct(argv[0]);
    returnType.construct(argv[0], s.v2_5.data());
}
return;
}
 },{ 343, 0, [](QV4::ExecutableCompilationUnit *contextUnit, QMetaType *argTypes) {
    struct { QV4::ExecutableCompilationUnit *compilationUnit; } c { contextUnit };
    const auto *aotContext = &c;
    Q_UNUSED(aotContext);
    argTypes[0] = []() { static const auto t = QMetaType::fromName("QQuickAnchorLine"); return t; }();
}, 
    [](const QQmlPrivate::AOTCompiledContext *aotContext, void **argv) {
Q_UNUSED(aotContext)
Q_UNUSED(argv)
// expression for right at line 982, column 13
struct Storage : QQmlPrivate::AOTTrackedLocalsStorage {
Storage(const QQmlPrivate::AOTCompiledContext *ctxt, void **a)   : aotContext(ctxt), argv(a) {}
void markObjects(QV4::MarkStack *markStack) const final {    Q_UNUSED(markStack);
    aotContext->mark(v2_0, markStack);
    aotContext->mark(v2_5, markStack);
}
const QQmlPrivate::AOTCompiledContext *aotContext;
void **argv;
QObject *v2_0 = nullptr;
QVariant v2_5;
};
Storage s(aotContext, argv);
aotContext->setLocals(&s);
// generate_LoadQmlContextPropertyLookup
#ifndef QT_NO_DEBUG
aotContext->setInstructionPointer(5);
#endif
while (!aotContext->loadScopeObjectPropertyLookup(1049, &s.v2_0)) {
#ifdef QT_NO_DEBUG
aotContext->setInstructionPointer(5);
#endif
aotContext->initLoadScopeObjectPropertyLookup(1049);
if (aotContext->engine->hasError()) {
aotContext->setReturnValueUndefined();
if (argv[0]) {
    const QMetaType returnType = []() { static const auto t = QMetaType::fromName("QQuickAnchorLine"); return t; }();
    returnType.destruct(argv[0]);
    returnType.construct(argv[0]);
 }
return;
}
}
{
}
// generate_GetLookup
#ifndef QT_NO_DEBUG
aotContext->setInstructionPointer(10);
#endif
s.v2_5 = QVariant(aotContext->lookupResultMetaType(1050));
while (!aotContext->getObjectLookup(1050, s.v2_0, s.v2_5.data())) {
#ifdef QT_NO_DEBUG
aotContext->setInstructionPointer(10);
#endif
aotContext->initGetObjectLookup(1050, s.v2_0);
if (aotContext->engine->hasError()) {
aotContext->setReturnValueUndefined();
if (argv[0]) {
    const QMetaType returnType = []() { static const auto t = QMetaType::fromName("QQuickAnchorLine"); return t; }();
    returnType.destruct(argv[0]);
    returnType.construct(argv[0]);
 }
return;
}
s.v2_5 = QVariant(aotContext->lookupResultMetaType(1050));
}
{
}
{
}
// generate_Ret
if (argv[0]) {
    if (!s.v2_5.isValid())
        aotContext->setReturnValueUndefined();
    const QMetaType returnType = s.v2_5.metaType();
    returnType.destruct(argv[0]);
    returnType.construct(argv[0], s.v2_5.data());
}
return;
}
 },{ 344, 0, [](QV4::ExecutableCompilationUnit *contextUnit, QMetaType *argTypes) {
    struct { QV4::ExecutableCompilationUnit *compilationUnit; } c { contextUnit };
    const auto *aotContext = &c;
    Q_UNUSED(aotContext);
    argTypes[0] = []() { static const auto t = QMetaType::fromName("QQuickAnchorLine"); return t; }();
}, 
    [](const QQmlPrivate::AOTCompiledContext *aotContext, void **argv) {
Q_UNUSED(aotContext)
Q_UNUSED(argv)
// expression for bottom at line 983, column 13
struct Storage : QQmlPrivate::AOTTrackedLocalsStorage {
Storage(const QQmlPrivate::AOTCompiledContext *ctxt, void **a)   : aotContext(ctxt), argv(a) {}
void markObjects(QV4::MarkStack *markStack) const final {    Q_UNUSED(markStack);
    aotContext->mark(v2_0, markStack);
    aotContext->mark(v2_5, markStack);
}
const QQmlPrivate::AOTCompiledContext *aotContext;
void **argv;
QObject *v2_0 = nullptr;
QVariant v2_5;
};
Storage s(aotContext, argv);
aotContext->setLocals(&s);
// generate_LoadQmlContextPropertyLookup
#ifndef QT_NO_DEBUG
aotContext->setInstructionPointer(5);
#endif
while (!aotContext->loadScopeObjectPropertyLookup(1051, &s.v2_0)) {
#ifdef QT_NO_DEBUG
aotContext->setInstructionPointer(5);
#endif
aotContext->initLoadScopeObjectPropertyLookup(1051);
if (aotContext->engine->hasError()) {
aotContext->setReturnValueUndefined();
if (argv[0]) {
    const QMetaType returnType = []() { static const auto t = QMetaType::fromName("QQuickAnchorLine"); return t; }();
    returnType.destruct(argv[0]);
    returnType.construct(argv[0]);
 }
return;
}
}
{
}
// generate_GetLookup
#ifndef QT_NO_DEBUG
aotContext->setInstructionPointer(10);
#endif
s.v2_5 = QVariant(aotContext->lookupResultMetaType(1052));
while (!aotContext->getObjectLookup(1052, s.v2_0, s.v2_5.data())) {
#ifdef QT_NO_DEBUG
aotContext->setInstructionPointer(10);
#endif
aotContext->initGetObjectLookup(1052, s.v2_0);
if (aotContext->engine->hasError()) {
aotContext->setReturnValueUndefined();
if (argv[0]) {
    const QMetaType returnType = []() { static const auto t = QMetaType::fromName("QQuickAnchorLine"); return t; }();
    returnType.destruct(argv[0]);
    returnType.construct(argv[0]);
 }
return;
}
s.v2_5 = QVariant(aotContext->lookupResultMetaType(1052));
}
{
}
{
}
// generate_Ret
if (argv[0]) {
    if (!s.v2_5.isValid())
        aotContext->setReturnValueUndefined();
    const QMetaType returnType = s.v2_5.metaType();
    returnType.destruct(argv[0]);
    returnType.construct(argv[0], s.v2_5.data());
}
return;
}
 },{ 346, 0, [](QV4::ExecutableCompilationUnit *contextUnit, QMetaType *argTypes) {
    struct { QV4::ExecutableCompilationUnit *compilationUnit; } c { contextUnit };
    const auto *aotContext = &c;
    Q_UNUSED(aotContext);
    argTypes[0] = QMetaType::fromType<double>();
}, 
    [](const QQmlPrivate::AOTCompiledContext *aotContext, void **argv) {
Q_UNUSED(aotContext)
Q_UNUSED(argv)
// expression for opacity at line 1011, column 25
struct Storage : QQmlPrivate::AOTTrackedLocalsStorage {
Storage(const QQmlPrivate::AOTCompiledContext *ctxt, void **a)   : aotContext(ctxt), argv(a) {}
void markObjects(QV4::MarkStack *markStack) const final {    Q_UNUSED(markStack);
    aotContext->mark(v2_0, markStack);
}
const QQmlPrivate::AOTCompiledContext *aotContext;
void **argv;
QObject *v2_0 = nullptr;
bool v2_5;
double c2_18;
double v2_12;
double v2_16;
};
Storage s(aotContext, argv);
aotContext->setLocals(&s);
// generate_LoadQmlContextPropertyLookup
#ifndef QT_NO_DEBUG
aotContext->setInstructionPointer(5);
#endif
while (!aotContext->loadContextIdLookup(1058, &s.v2_0)) {
#ifdef QT_NO_DEBUG
aotContext->setInstructionPointer(5);
#endif
aotContext->initLoadContextIdLookup(1058);
if (aotContext->engine->hasError()) {
aotContext->setReturnValueUndefined();
if (argv[0]) {
    *static_cast<double *>(argv[0]) = double();
}
return;
}
}
{
}
// generate_GetLookup
#ifndef QT_NO_DEBUG
aotContext->setInstructionPointer(10);
#endif
while (!aotContext->getObjectLookup(1059, s.v2_0, &s.v2_5)) {
#ifdef QT_NO_DEBUG
aotContext->setInstructionPointer(10);
#endif
aotContext->initGetObjectLookup(1059, s.v2_0);
if (aotContext->engine->hasError()) {
aotContext->setReturnValueUndefined();
if (argv[0]) {
    *static_cast<double *>(argv[0]) = double();
}
return;
}
}
{
}
// generate_JumpFalse
if (!s.v2_5) {
    goto label_0;
}
{
}
// generate_LoadConst
s.v2_12 = 0.40000000000000002;
{
}
// generate_Jump
{
s.c2_18 = s.v2_12;
    goto label_1;
}
label_0:;
// generate_LoadInt
s.v2_16 = double(1);
{
s.c2_18 = s.v2_16;
}
label_1:;
{
}
// generate_Ret
if (argv[0]) {
    *static_cast<double *>(argv[0]) = s.c2_18;
}
return;
}
 },{ 347, 0, [](QV4::ExecutableCompilationUnit *contextUnit, QMetaType *argTypes) {
    struct { QV4::ExecutableCompilationUnit *compilationUnit; } c { contextUnit };
    const auto *aotContext = &c;
    Q_UNUSED(aotContext);
    argTypes[0] = QMetaType::fromType<QUrl>();
}, 
    [](const QQmlPrivate::AOTCompiledContext *aotContext, void **argv) {
Q_UNUSED(aotContext)
Q_UNUSED(argv)
// expression for source at line 1015, column 29
struct Storage : QQmlPrivate::AOTTrackedLocalsStorage {
Storage(const QQmlPrivate::AOTCompiledContext *ctxt, void **a)   : aotContext(ctxt), argv(a) {}
void markObjects(QV4::MarkStack *markStack) const final {    Q_UNUSED(markStack);
    aotContext->mark(v2_0, markStack);
}
const QQmlPrivate::AOTCompiledContext *aotContext;
void **argv;
QObject *v2_0 = nullptr;
QUrl v2_5;
};
Storage s(aotContext, argv);
aotContext->setLocals(&s);
// generate_LoadQmlContextPropertyLookup
#ifndef QT_NO_DEBUG
aotContext->setInstructionPointer(5);
#endif
while (!aotContext->loadContextIdLookup(1060, &s.v2_0)) {
#ifdef QT_NO_DEBUG
aotContext->setInstructionPointer(5);
#endif
aotContext->initLoadContextIdLookup(1060);
if (aotContext->engine->hasError()) {
aotContext->setReturnValueUndefined();
if (argv[0]) {
    *static_cast<QUrl *>(argv[0]) = QUrl();
}
return;
}
}
{
}
// generate_GetLookup
{
QString retrieved;
#ifndef QT_NO_DEBUG
aotContext->setInstructionPointer(10);
#endif
while (!aotContext->getObjectLookup(1061, s.v2_0, &retrieved)) {
#ifdef QT_NO_DEBUG
aotContext->setInstructionPointer(10);
#endif
aotContext->initGetObjectLookup(1061, s.v2_0);
if (aotContext->engine->hasError()) {
aotContext->setReturnValueUndefined();
if (argv[0]) {
    *static_cast<QUrl *>(argv[0]) = QUrl();
}
return;
}
}
s.v2_5 = QUrl(std::move(retrieved));
}
{
}
{
}
// generate_Ret
if (argv[0]) {
    *static_cast<QUrl *>(argv[0]) = std::move(s.v2_5);
}
return;
}
 },{ 348, 0, [](QV4::ExecutableCompilationUnit *contextUnit, QMetaType *argTypes) {
    struct { QV4::ExecutableCompilationUnit *compilationUnit; } c { contextUnit };
    const auto *aotContext = &c;
    Q_UNUSED(aotContext);
    argTypes[0] = []() { static const auto t = QMetaType::fromName("QQuickImage::FillMode"); return t; }();
}, 
    [](const QQmlPrivate::AOTCompiledContext *aotContext, void **argv) {
Q_UNUSED(aotContext)
Q_UNUSED(argv)
// expression for fillMode at line 1017, column 29
struct Storage : QQmlPrivate::AOTTrackedLocalsStorage {
Storage(const QQmlPrivate::AOTCompiledContext *ctxt, void **a)   : aotContext(ctxt), argv(a) {}
void markObjects(QV4::MarkStack *markStack) const final {    Q_UNUSED(markStack);
}
const QQmlPrivate::AOTCompiledContext *aotContext;
void **argv;
int v2_5;
};
Storage s(aotContext, argv);
aotContext->setLocals(&s);
{
}
// generate_GetLookup
#ifndef QT_NO_DEBUG
aotContext->setInstructionPointer(10);
#endif
while (!aotContext->getEnumLookup(1063, &s.v2_5)) {
#ifdef QT_NO_DEBUG
aotContext->setInstructionPointer(10);
#endif
aotContext->initGetEnumLookup(1063, []() { static const auto t = QMetaType::fromName("QQuickImage*"); return t; }().metaObject(), "FillMode", "PreserveAspectCrop");
if (aotContext->engine->hasError()) {
aotContext->setReturnValueUndefined();
if (argv[0]) {
    const QMetaType returnType = []() { static const auto t = QMetaType::fromName("QQuickImage::FillMode"); return t; }();
    returnType.destruct(argv[0]);
    returnType.construct(argv[0]);
 }
return;
}
}
{
}
{
}
// generate_Ret
if (argv[0]) {
    const QMetaType returnType = QMetaType::fromType<int>();
    returnType.destruct(argv[0]);
    returnType.construct(argv[0], &s.v2_5);
}
return;
}
 },{ 349, 0, [](QV4::ExecutableCompilationUnit *contextUnit, QMetaType *argTypes) {
    struct { QV4::ExecutableCompilationUnit *compilationUnit; } c { contextUnit };
    const auto *aotContext = &c;
    Q_UNUSED(aotContext);
    argTypes[0] = []() { static const auto t = QMetaType::fromName("QQuickItem*"); return t; }();
}, 
    [](const QQmlPrivate::AOTCompiledContext *aotContext, void **argv) {
Q_UNUSED(aotContext)
Q_UNUSED(argv)
// expression for fill at line 1014, column 29
struct Storage : QQmlPrivate::AOTTrackedLocalsStorage {
Storage(const QQmlPrivate::AOTCompiledContext *ctxt, void **a)   : aotContext(ctxt), argv(a) {}
void markObjects(QV4::MarkStack *markStack) const final {    Q_UNUSED(markStack);
    aotContext->mark(v2_0, markStack);
}
const QQmlPrivate::AOTCompiledContext *aotContext;
void **argv;
QObject *v2_0 = nullptr;
};
Storage s(aotContext, argv);
aotContext->setLocals(&s);
// generate_LoadQmlContextPropertyLookup
#ifndef QT_NO_DEBUG
aotContext->setInstructionPointer(5);
#endif
while (!aotContext->loadScopeObjectPropertyLookup(1064, &s.v2_0)) {
#ifdef QT_NO_DEBUG
aotContext->setInstructionPointer(5);
#endif
aotContext->initLoadScopeObjectPropertyLookup(1064);
if (aotContext->engine->hasError()) {
aotContext->setReturnValueUndefined();
if (argv[0]) {
    *static_cast<QObject * *>(argv[0]) = nullptr;
}
return;
}
}
{
}
{
}
// generate_Ret
if (argv[0]) {
    *static_cast<QObject * *>(argv[0]) = s.v2_0;
}
return;
}
 },{ 353, 0, [](QV4::ExecutableCompilationUnit *contextUnit, QMetaType *argTypes) {
    struct { QV4::ExecutableCompilationUnit *compilationUnit; } c { contextUnit };
    const auto *aotContext = &c;
    Q_UNUSED(aotContext);
    argTypes[0] = []() { static const auto t = QMetaType::fromName("QQuickItem*"); return t; }();
}, 
    [](const QQmlPrivate::AOTCompiledContext *aotContext, void **argv) {
Q_UNUSED(aotContext)
Q_UNUSED(argv)
// expression for fill at line 1031, column 21
struct Storage : QQmlPrivate::AOTTrackedLocalsStorage {
Storage(const QQmlPrivate::AOTCompiledContext *ctxt, void **a)   : aotContext(ctxt), argv(a) {}
void markObjects(QV4::MarkStack *markStack) const final {    Q_UNUSED(markStack);
    aotContext->mark(v2_0, markStack);
}
const QQmlPrivate::AOTCompiledContext *aotContext;
void **argv;
QObject *v2_0 = nullptr;
};
Storage s(aotContext, argv);
aotContext->setLocals(&s);
// generate_LoadQmlContextPropertyLookup
#ifndef QT_NO_DEBUG
aotContext->setInstructionPointer(5);
#endif
while (!aotContext->loadScopeObjectPropertyLookup(1087, &s.v2_0)) {
#ifdef QT_NO_DEBUG
aotContext->setInstructionPointer(5);
#endif
aotContext->initLoadScopeObjectPropertyLookup(1087);
if (aotContext->engine->hasError()) {
aotContext->setReturnValueUndefined();
if (argv[0]) {
    *static_cast<QObject * *>(argv[0]) = nullptr;
}
return;
}
}
{
}
{
}
// generate_Ret
if (argv[0]) {
    *static_cast<QObject * *>(argv[0]) = s.v2_0;
}
return;
}
 },{ 356, 0, [](QV4::ExecutableCompilationUnit *contextUnit, QMetaType *argTypes) {
    struct { QV4::ExecutableCompilationUnit *compilationUnit; } c { contextUnit };
    const auto *aotContext = &c;
    Q_UNUSED(aotContext);
    argTypes[0] = []() { static const auto t = QMetaType::fromName("QQuickAnchorLine"); return t; }();
}, 
    [](const QQmlPrivate::AOTCompiledContext *aotContext, void **argv) {
Q_UNUSED(aotContext)
Q_UNUSED(argv)
// expression for top at line 1039, column 13
struct Storage : QQmlPrivate::AOTTrackedLocalsStorage {
Storage(const QQmlPrivate::AOTCompiledContext *ctxt, void **a)   : aotContext(ctxt), argv(a) {}
void markObjects(QV4::MarkStack *markStack) const final {    Q_UNUSED(markStack);
    aotContext->mark(v2_0, markStack);
    aotContext->mark(v2_5, markStack);
}
const QQmlPrivate::AOTCompiledContext *aotContext;
void **argv;
QObject *v2_0 = nullptr;
QVariant v2_5;
};
Storage s(aotContext, argv);
aotContext->setLocals(&s);
// generate_LoadQmlContextPropertyLookup
#ifndef QT_NO_DEBUG
aotContext->setInstructionPointer(5);
#endif
while (!aotContext->loadContextIdLookup(1091, &s.v2_0)) {
#ifdef QT_NO_DEBUG
aotContext->setInstructionPointer(5);
#endif
aotContext->initLoadContextIdLookup(1091);
if (aotContext->engine->hasError()) {
aotContext->setReturnValueUndefined();
if (argv[0]) {
    const QMetaType returnType = []() { static const auto t = QMetaType::fromName("QQuickAnchorLine"); return t; }();
    returnType.destruct(argv[0]);
    returnType.construct(argv[0]);
 }
return;
}
}
{
}
// generate_GetLookup
#ifndef QT_NO_DEBUG
aotContext->setInstructionPointer(10);
#endif
s.v2_5 = QVariant(aotContext->lookupResultMetaType(1092));
while (!aotContext->getObjectLookup(1092, s.v2_0, s.v2_5.data())) {
#ifdef QT_NO_DEBUG
aotContext->setInstructionPointer(10);
#endif
aotContext->initGetObjectLookup(1092, s.v2_0);
if (aotContext->engine->hasError()) {
aotContext->setReturnValueUndefined();
if (argv[0]) {
    const QMetaType returnType = []() { static const auto t = QMetaType::fromName("QQuickAnchorLine"); return t; }();
    returnType.destruct(argv[0]);
    returnType.construct(argv[0]);
 }
return;
}
s.v2_5 = QVariant(aotContext->lookupResultMetaType(1092));
}
{
}
{
}
// generate_Ret
if (argv[0]) {
    if (!s.v2_5.isValid())
        aotContext->setReturnValueUndefined();
    const QMetaType returnType = s.v2_5.metaType();
    returnType.destruct(argv[0]);
    returnType.construct(argv[0], s.v2_5.data());
}
return;
}
 },{ 357, 0, [](QV4::ExecutableCompilationUnit *contextUnit, QMetaType *argTypes) {
    struct { QV4::ExecutableCompilationUnit *compilationUnit; } c { contextUnit };
    const auto *aotContext = &c;
    Q_UNUSED(aotContext);
    argTypes[0] = []() { static const auto t = QMetaType::fromName("QQuickAnchorLine"); return t; }();
}, 
    [](const QQmlPrivate::AOTCompiledContext *aotContext, void **argv) {
Q_UNUSED(aotContext)
Q_UNUSED(argv)
// expression for left at line 1040, column 13
struct Storage : QQmlPrivate::AOTTrackedLocalsStorage {
Storage(const QQmlPrivate::AOTCompiledContext *ctxt, void **a)   : aotContext(ctxt), argv(a) {}
void markObjects(QV4::MarkStack *markStack) const final {    Q_UNUSED(markStack);
    aotContext->mark(v2_0, markStack);
    aotContext->mark(v2_5, markStack);
}
const QQmlPrivate::AOTCompiledContext *aotContext;
void **argv;
QObject *v2_0 = nullptr;
QVariant v2_5;
};
Storage s(aotContext, argv);
aotContext->setLocals(&s);
// generate_LoadQmlContextPropertyLookup
#ifndef QT_NO_DEBUG
aotContext->setInstructionPointer(5);
#endif
while (!aotContext->loadScopeObjectPropertyLookup(1093, &s.v2_0)) {
#ifdef QT_NO_DEBUG
aotContext->setInstructionPointer(5);
#endif
aotContext->initLoadScopeObjectPropertyLookup(1093);
if (aotContext->engine->hasError()) {
aotContext->setReturnValueUndefined();
if (argv[0]) {
    const QMetaType returnType = []() { static const auto t = QMetaType::fromName("QQuickAnchorLine"); return t; }();
    returnType.destruct(argv[0]);
    returnType.construct(argv[0]);
 }
return;
}
}
{
}
// generate_GetLookup
#ifndef QT_NO_DEBUG
aotContext->setInstructionPointer(10);
#endif
s.v2_5 = QVariant(aotContext->lookupResultMetaType(1094));
while (!aotContext->getObjectLookup(1094, s.v2_0, s.v2_5.data())) {
#ifdef QT_NO_DEBUG
aotContext->setInstructionPointer(10);
#endif
aotContext->initGetObjectLookup(1094, s.v2_0);
if (aotContext->engine->hasError()) {
aotContext->setReturnValueUndefined();
if (argv[0]) {
    const QMetaType returnType = []() { static const auto t = QMetaType::fromName("QQuickAnchorLine"); return t; }();
    returnType.destruct(argv[0]);
    returnType.construct(argv[0]);
 }
return;
}
s.v2_5 = QVariant(aotContext->lookupResultMetaType(1094));
}
{
}
{
}
// generate_Ret
if (argv[0]) {
    if (!s.v2_5.isValid())
        aotContext->setReturnValueUndefined();
    const QMetaType returnType = s.v2_5.metaType();
    returnType.destruct(argv[0]);
    returnType.construct(argv[0], s.v2_5.data());
}
return;
}
 },{ 358, 0, [](QV4::ExecutableCompilationUnit *contextUnit, QMetaType *argTypes) {
    struct { QV4::ExecutableCompilationUnit *compilationUnit; } c { contextUnit };
    const auto *aotContext = &c;
    Q_UNUSED(aotContext);
    argTypes[0] = []() { static const auto t = QMetaType::fromName("QQuickAnchorLine"); return t; }();
}, 
    [](const QQmlPrivate::AOTCompiledContext *aotContext, void **argv) {
Q_UNUSED(aotContext)
Q_UNUSED(argv)
// expression for right at line 1041, column 13
struct Storage : QQmlPrivate::AOTTrackedLocalsStorage {
Storage(const QQmlPrivate::AOTCompiledContext *ctxt, void **a)   : aotContext(ctxt), argv(a) {}
void markObjects(QV4::MarkStack *markStack) const final {    Q_UNUSED(markStack);
    aotContext->mark(v2_0, markStack);
    aotContext->mark(v2_5, markStack);
}
const QQmlPrivate::AOTCompiledContext *aotContext;
void **argv;
QObject *v2_0 = nullptr;
QVariant v2_5;
};
Storage s(aotContext, argv);
aotContext->setLocals(&s);
// generate_LoadQmlContextPropertyLookup
#ifndef QT_NO_DEBUG
aotContext->setInstructionPointer(5);
#endif
while (!aotContext->loadScopeObjectPropertyLookup(1095, &s.v2_0)) {
#ifdef QT_NO_DEBUG
aotContext->setInstructionPointer(5);
#endif
aotContext->initLoadScopeObjectPropertyLookup(1095);
if (aotContext->engine->hasError()) {
aotContext->setReturnValueUndefined();
if (argv[0]) {
    const QMetaType returnType = []() { static const auto t = QMetaType::fromName("QQuickAnchorLine"); return t; }();
    returnType.destruct(argv[0]);
    returnType.construct(argv[0]);
 }
return;
}
}
{
}
// generate_GetLookup
#ifndef QT_NO_DEBUG
aotContext->setInstructionPointer(10);
#endif
s.v2_5 = QVariant(aotContext->lookupResultMetaType(1096));
while (!aotContext->getObjectLookup(1096, s.v2_0, s.v2_5.data())) {
#ifdef QT_NO_DEBUG
aotContext->setInstructionPointer(10);
#endif
aotContext->initGetObjectLookup(1096, s.v2_0);
if (aotContext->engine->hasError()) {
aotContext->setReturnValueUndefined();
if (argv[0]) {
    const QMetaType returnType = []() { static const auto t = QMetaType::fromName("QQuickAnchorLine"); return t; }();
    returnType.destruct(argv[0]);
    returnType.construct(argv[0]);
 }
return;
}
s.v2_5 = QVariant(aotContext->lookupResultMetaType(1096));
}
{
}
{
}
// generate_Ret
if (argv[0]) {
    if (!s.v2_5.isValid())
        aotContext->setReturnValueUndefined();
    const QMetaType returnType = s.v2_5.metaType();
    returnType.destruct(argv[0]);
    returnType.construct(argv[0], s.v2_5.data());
}
return;
}
 },{ 359, 0, [](QV4::ExecutableCompilationUnit *contextUnit, QMetaType *argTypes) {
    struct { QV4::ExecutableCompilationUnit *compilationUnit; } c { contextUnit };
    const auto *aotContext = &c;
    Q_UNUSED(aotContext);
    argTypes[0] = []() { static const auto t = QMetaType::fromName("QQuickAnchorLine"); return t; }();
}, 
    [](const QQmlPrivate::AOTCompiledContext *aotContext, void **argv) {
Q_UNUSED(aotContext)
Q_UNUSED(argv)
// expression for bottom at line 1042, column 13
struct Storage : QQmlPrivate::AOTTrackedLocalsStorage {
Storage(const QQmlPrivate::AOTCompiledContext *ctxt, void **a)   : aotContext(ctxt), argv(a) {}
void markObjects(QV4::MarkStack *markStack) const final {    Q_UNUSED(markStack);
    aotContext->mark(v2_0, markStack);
    aotContext->mark(v2_5, markStack);
}
const QQmlPrivate::AOTCompiledContext *aotContext;
void **argv;
QObject *v2_0 = nullptr;
QVariant v2_5;
};
Storage s(aotContext, argv);
aotContext->setLocals(&s);
// generate_LoadQmlContextPropertyLookup
#ifndef QT_NO_DEBUG
aotContext->setInstructionPointer(5);
#endif
while (!aotContext->loadScopeObjectPropertyLookup(1097, &s.v2_0)) {
#ifdef QT_NO_DEBUG
aotContext->setInstructionPointer(5);
#endif
aotContext->initLoadScopeObjectPropertyLookup(1097);
if (aotContext->engine->hasError()) {
aotContext->setReturnValueUndefined();
if (argv[0]) {
    const QMetaType returnType = []() { static const auto t = QMetaType::fromName("QQuickAnchorLine"); return t; }();
    returnType.destruct(argv[0]);
    returnType.construct(argv[0]);
 }
return;
}
}
{
}
// generate_GetLookup
#ifndef QT_NO_DEBUG
aotContext->setInstructionPointer(10);
#endif
s.v2_5 = QVariant(aotContext->lookupResultMetaType(1098));
while (!aotContext->getObjectLookup(1098, s.v2_0, s.v2_5.data())) {
#ifdef QT_NO_DEBUG
aotContext->setInstructionPointer(10);
#endif
aotContext->initGetObjectLookup(1098, s.v2_0);
if (aotContext->engine->hasError()) {
aotContext->setReturnValueUndefined();
if (argv[0]) {
    const QMetaType returnType = []() { static const auto t = QMetaType::fromName("QQuickAnchorLine"); return t; }();
    returnType.destruct(argv[0]);
    returnType.construct(argv[0]);
 }
return;
}
s.v2_5 = QVariant(aotContext->lookupResultMetaType(1098));
}
{
}
{
}
// generate_Ret
if (argv[0]) {
    if (!s.v2_5.isValid())
        aotContext->setReturnValueUndefined();
    const QMetaType returnType = s.v2_5.metaType();
    returnType.destruct(argv[0]);
    returnType.construct(argv[0], s.v2_5.data());
}
return;
}
 },{ 361, 0, [](QV4::ExecutableCompilationUnit *contextUnit, QMetaType *argTypes) {
    struct { QV4::ExecutableCompilationUnit *compilationUnit; } c { contextUnit };
    const auto *aotContext = &c;
    Q_UNUSED(aotContext);
    argTypes[0] = QMetaType::fromType<double>();
}, 
    [](const QQmlPrivate::AOTCompiledContext *aotContext, void **argv) {
Q_UNUSED(aotContext)
Q_UNUSED(argv)
// expression for width at line 1065, column 17
struct Storage : QQmlPrivate::AOTTrackedLocalsStorage {
Storage(const QQmlPrivate::AOTCompiledContext *ctxt, void **a)   : aotContext(ctxt), argv(a) {}
void markObjects(QV4::MarkStack *markStack) const final {    Q_UNUSED(markStack);
    aotContext->mark(v2_0, markStack);
    aotContext->mark(v2_5, markStack);
}
const QQmlPrivate::AOTCompiledContext *aotContext;
void **argv;
QObject *v2_0 = nullptr;
QObject *v2_5 = nullptr;
double v2_10;
};
Storage s(aotContext, argv);
aotContext->setLocals(&s);
// generate_LoadQmlContextPropertyLookup
#ifndef QT_NO_DEBUG
aotContext->setInstructionPointer(5);
#endif
while (!aotContext->loadAttachedLookup(1104, aotContext->qmlScopeObject, &s.v2_0)) {
#ifdef QT_NO_DEBUG
aotContext->setInstructionPointer(5);
#endif
aotContext->initLoadAttachedLookup(1104, QQmlPrivate::AOTCompiledContext::InvalidStringId, aotContext->qmlScopeObject);
if (aotContext->engine->hasError()) {
aotContext->setReturnValueUndefined();
if (argv[0]) {
    *static_cast<double *>(argv[0]) = double();
}
return;
}
}
{
}
// generate_GetLookup
#ifndef QT_NO_DEBUG
aotContext->setInstructionPointer(10);
#endif
while (!aotContext->getObjectLookup(1105, s.v2_0, &s.v2_5)) {
#ifdef QT_NO_DEBUG
aotContext->setInstructionPointer(10);
#endif
aotContext->initGetObjectLookup(1105, s.v2_0);
if (aotContext->engine->hasError()) {
aotContext->setReturnValueUndefined();
if (argv[0]) {
    *static_cast<double *>(argv[0]) = double();
}
return;
}
}
{
}
// generate_GetLookup
#ifndef QT_NO_DEBUG
aotContext->setInstructionPointer(15);
#endif
while (!aotContext->getObjectLookup(1106, s.v2_5, &s.v2_10)) {
#ifdef QT_NO_DEBUG
aotContext->setInstructionPointer(15);
#endif
aotContext->initGetObjectLookup(1106, s.v2_5);
if (aotContext->engine->hasError()) {
aotContext->setReturnValueUndefined();
if (argv[0]) {
    *static_cast<double *>(argv[0]) = double();
}
return;
}
}
{
}
{
}
// generate_Ret
if (argv[0]) {
    *static_cast<double *>(argv[0]) = s.v2_10;
}
return;
}
 },{ 362, 0, [](QV4::ExecutableCompilationUnit *contextUnit, QMetaType *argTypes) {
    struct { QV4::ExecutableCompilationUnit *compilationUnit; } c { contextUnit };
    const auto *aotContext = &c;
    Q_UNUSED(aotContext);
    argTypes[0] = QMetaType::fromType<double>();
}, 
    [](const QQmlPrivate::AOTCompiledContext *aotContext, void **argv) {
Q_UNUSED(aotContext)
Q_UNUSED(argv)
// expression for width at line 1068, column 60
struct Storage : QQmlPrivate::AOTTrackedLocalsStorage {
Storage(const QQmlPrivate::AOTCompiledContext *ctxt, void **a)   : aotContext(ctxt), argv(a) {}
void markObjects(QV4::MarkStack *markStack) const final {    Q_UNUSED(markStack);
    aotContext->mark(v2_0, markStack);
}
const QQmlPrivate::AOTCompiledContext *aotContext;
void **argv;
QObject *v2_0 = nullptr;
double v2_5;
};
Storage s(aotContext, argv);
aotContext->setLocals(&s);
// generate_LoadQmlContextPropertyLookup
#ifndef QT_NO_DEBUG
aotContext->setInstructionPointer(5);
#endif
while (!aotContext->loadScopeObjectPropertyLookup(1107, &s.v2_0)) {
#ifdef QT_NO_DEBUG
aotContext->setInstructionPointer(5);
#endif
aotContext->initLoadScopeObjectPropertyLookup(1107);
if (aotContext->engine->hasError()) {
aotContext->setReturnValueUndefined();
if (argv[0]) {
    *static_cast<double *>(argv[0]) = double();
}
return;
}
}
{
}
// generate_GetLookup
#ifndef QT_NO_DEBUG
aotContext->setInstructionPointer(10);
#endif
while (!aotContext->getObjectLookup(1108, s.v2_0, &s.v2_5)) {
#ifdef QT_NO_DEBUG
aotContext->setInstructionPointer(10);
#endif
aotContext->initGetObjectLookup(1108, s.v2_0);
if (aotContext->engine->hasError()) {
aotContext->setReturnValueUndefined();
if (argv[0]) {
    *static_cast<double *>(argv[0]) = double();
}
return;
}
}
{
}
{
}
// generate_Ret
if (argv[0]) {
    *static_cast<double *>(argv[0]) = s.v2_5;
}
return;
}
 },{ 364, 0, [](QV4::ExecutableCompilationUnit *contextUnit, QMetaType *argTypes) {
    struct { QV4::ExecutableCompilationUnit *compilationUnit; } c { contextUnit };
    const auto *aotContext = &c;
    Q_UNUSED(aotContext);
    argTypes[0] = []() { static const auto t = QMetaType::fromName("QQuickAnchorLine"); return t; }();
}, 
    [](const QQmlPrivate::AOTCompiledContext *aotContext, void **argv) {
Q_UNUSED(aotContext)
Q_UNUSED(argv)
// expression for bottom at line 1068, column 29
struct Storage : QQmlPrivate::AOTTrackedLocalsStorage {
Storage(const QQmlPrivate::AOTCompiledContext *ctxt, void **a)   : aotContext(ctxt), argv(a) {}
void markObjects(QV4::MarkStack *markStack) const final {    Q_UNUSED(markStack);
    aotContext->mark(v2_0, markStack);
    aotContext->mark(v2_5, markStack);
}
const QQmlPrivate::AOTCompiledContext *aotContext;
void **argv;
QObject *v2_0 = nullptr;
QVariant v2_5;
};
Storage s(aotContext, argv);
aotContext->setLocals(&s);
// generate_LoadQmlContextPropertyLookup
#ifndef QT_NO_DEBUG
aotContext->setInstructionPointer(5);
#endif
while (!aotContext->loadScopeObjectPropertyLookup(1111, &s.v2_0)) {
#ifdef QT_NO_DEBUG
aotContext->setInstructionPointer(5);
#endif
aotContext->initLoadScopeObjectPropertyLookup(1111);
if (aotContext->engine->hasError()) {
aotContext->setReturnValueUndefined();
if (argv[0]) {
    const QMetaType returnType = []() { static const auto t = QMetaType::fromName("QQuickAnchorLine"); return t; }();
    returnType.destruct(argv[0]);
    returnType.construct(argv[0]);
 }
return;
}
}
{
}
// generate_GetLookup
#ifndef QT_NO_DEBUG
aotContext->setInstructionPointer(10);
#endif
s.v2_5 = QVariant(aotContext->lookupResultMetaType(1112));
while (!aotContext->getObjectLookup(1112, s.v2_0, s.v2_5.data())) {
#ifdef QT_NO_DEBUG
aotContext->setInstructionPointer(10);
#endif
aotContext->initGetObjectLookup(1112, s.v2_0);
if (aotContext->engine->hasError()) {
aotContext->setReturnValueUndefined();
if (argv[0]) {
    const QMetaType returnType = []() { static const auto t = QMetaType::fromName("QQuickAnchorLine"); return t; }();
    returnType.destruct(argv[0]);
    returnType.construct(argv[0]);
 }
return;
}
s.v2_5 = QVariant(aotContext->lookupResultMetaType(1112));
}
{
}
{
}
// generate_Ret
if (argv[0]) {
    if (!s.v2_5.isValid())
        aotContext->setReturnValueUndefined();
    const QMetaType returnType = s.v2_5.metaType();
    returnType.destruct(argv[0]);
    returnType.construct(argv[0], s.v2_5.data());
}
return;
}
 },{ 365, 0, [](QV4::ExecutableCompilationUnit *contextUnit, QMetaType *argTypes) {
    struct { QV4::ExecutableCompilationUnit *compilationUnit; } c { contextUnit };
    const auto *aotContext = &c;
    Q_UNUSED(aotContext);
    argTypes[0] = []() { static const auto t = QMetaType::fromName("QQuickItem*"); return t; }();
}, 
    [](const QQmlPrivate::AOTCompiledContext *aotContext, void **argv) {
Q_UNUSED(aotContext)
Q_UNUSED(argv)
// expression for fill at line 1070, column 21
struct Storage : QQmlPrivate::AOTTrackedLocalsStorage {
Storage(const QQmlPrivate::AOTCompiledContext *ctxt, void **a)   : aotContext(ctxt), argv(a) {}
void markObjects(QV4::MarkStack *markStack) const final {    Q_UNUSED(markStack);
    aotContext->mark(v2_0, markStack);
}
const QQmlPrivate::AOTCompiledContext *aotContext;
void **argv;
QObject *v2_0 = nullptr;
};
Storage s(aotContext, argv);
aotContext->setLocals(&s);
// generate_LoadQmlContextPropertyLookup
#ifndef QT_NO_DEBUG
aotContext->setInstructionPointer(5);
#endif
while (!aotContext->loadScopeObjectPropertyLookup(1113, &s.v2_0)) {
#ifdef QT_NO_DEBUG
aotContext->setInstructionPointer(5);
#endif
aotContext->initLoadScopeObjectPropertyLookup(1113);
if (aotContext->engine->hasError()) {
aotContext->setReturnValueUndefined();
if (argv[0]) {
    *static_cast<QObject * *>(argv[0]) = nullptr;
}
return;
}
}
{
}
{
}
// generate_Ret
if (argv[0]) {
    *static_cast<QObject * *>(argv[0]) = s.v2_0;
}
return;
}
 },{ 366, 0, [](QV4::ExecutableCompilationUnit *contextUnit, QMetaType *argTypes) {
    struct { QV4::ExecutableCompilationUnit *compilationUnit; } c { contextUnit };
    const auto *aotContext = &c;
    Q_UNUSED(aotContext);
    argTypes[0] = QMetaType::fromType<double>();
}, 
    [](const QQmlPrivate::AOTCompiledContext *aotContext, void **argv) {
Q_UNUSED(aotContext)
Q_UNUSED(argv)
// expression for opacity at line 1077, column 25
struct Storage : QQmlPrivate::AOTTrackedLocalsStorage {
Storage(const QQmlPrivate::AOTCompiledContext *ctxt, void **a)   : aotContext(ctxt), argv(a) {}
void markObjects(QV4::MarkStack *markStack) const final {    Q_UNUSED(markStack);
    aotContext->mark(v2_0, markStack);
}
const QQmlPrivate::AOTCompiledContext *aotContext;
void **argv;
QObject *v2_0 = nullptr;
bool v2_5;
double c2_18;
double v2_12;
double v2_16;
};
Storage s(aotContext, argv);
aotContext->setLocals(&s);
// generate_LoadQmlContextPropertyLookup
#ifndef QT_NO_DEBUG
aotContext->setInstructionPointer(5);
#endif
while (!aotContext->loadContextIdLookup(1114, &s.v2_0)) {
#ifdef QT_NO_DEBUG
aotContext->setInstructionPointer(5);
#endif
aotContext->initLoadContextIdLookup(1114);
if (aotContext->engine->hasError()) {
aotContext->setReturnValueUndefined();
if (argv[0]) {
    *static_cast<double *>(argv[0]) = double();
}
return;
}
}
{
}
// generate_GetLookup
#ifndef QT_NO_DEBUG
aotContext->setInstructionPointer(10);
#endif
while (!aotContext->getObjectLookup(1115, s.v2_0, &s.v2_5)) {
#ifdef QT_NO_DEBUG
aotContext->setInstructionPointer(10);
#endif
aotContext->initGetObjectLookup(1115, s.v2_0);
if (aotContext->engine->hasError()) {
aotContext->setReturnValueUndefined();
if (argv[0]) {
    *static_cast<double *>(argv[0]) = double();
}
return;
}
}
{
}
// generate_JumpFalse
if (!s.v2_5) {
    goto label_0;
}
{
}
// generate_LoadConst
s.v2_12 = 0.40000000000000002;
{
}
// generate_Jump
{
s.c2_18 = s.v2_12;
    goto label_1;
}
label_0:;
// generate_LoadInt
s.v2_16 = double(1);
{
s.c2_18 = s.v2_16;
}
label_1:;
{
}
// generate_Ret
if (argv[0]) {
    *static_cast<double *>(argv[0]) = s.c2_18;
}
return;
}
 },{ 367, 0, [](QV4::ExecutableCompilationUnit *contextUnit, QMetaType *argTypes) {
    struct { QV4::ExecutableCompilationUnit *compilationUnit; } c { contextUnit };
    const auto *aotContext = &c;
    Q_UNUSED(aotContext);
    argTypes[0] = QMetaType::fromType<QUrl>();
}, 
    [](const QQmlPrivate::AOTCompiledContext *aotContext, void **argv) {
Q_UNUSED(aotContext)
Q_UNUSED(argv)
// expression for source at line 1081, column 29
struct Storage : QQmlPrivate::AOTTrackedLocalsStorage {
Storage(const QQmlPrivate::AOTCompiledContext *ctxt, void **a)   : aotContext(ctxt), argv(a) {}
void markObjects(QV4::MarkStack *markStack) const final {    Q_UNUSED(markStack);
    aotContext->mark(v2_0, markStack);
}
const QQmlPrivate::AOTCompiledContext *aotContext;
void **argv;
QObject *v2_0 = nullptr;
QUrl v2_5;
};
Storage s(aotContext, argv);
aotContext->setLocals(&s);
// generate_LoadQmlContextPropertyLookup
#ifndef QT_NO_DEBUG
aotContext->setInstructionPointer(5);
#endif
while (!aotContext->loadContextIdLookup(1116, &s.v2_0)) {
#ifdef QT_NO_DEBUG
aotContext->setInstructionPointer(5);
#endif
aotContext->initLoadContextIdLookup(1116);
if (aotContext->engine->hasError()) {
aotContext->setReturnValueUndefined();
if (argv[0]) {
    *static_cast<QUrl *>(argv[0]) = QUrl();
}
return;
}
}
{
}
// generate_GetLookup
{
QString retrieved;
#ifndef QT_NO_DEBUG
aotContext->setInstructionPointer(10);
#endif
while (!aotContext->getObjectLookup(1117, s.v2_0, &retrieved)) {
#ifdef QT_NO_DEBUG
aotContext->setInstructionPointer(10);
#endif
aotContext->initGetObjectLookup(1117, s.v2_0);
if (aotContext->engine->hasError()) {
aotContext->setReturnValueUndefined();
if (argv[0]) {
    *static_cast<QUrl *>(argv[0]) = QUrl();
}
return;
}
}
s.v2_5 = QUrl(std::move(retrieved));
}
{
}
{
}
// generate_Ret
if (argv[0]) {
    *static_cast<QUrl *>(argv[0]) = std::move(s.v2_5);
}
return;
}
 },{ 368, 0, [](QV4::ExecutableCompilationUnit *contextUnit, QMetaType *argTypes) {
    struct { QV4::ExecutableCompilationUnit *compilationUnit; } c { contextUnit };
    const auto *aotContext = &c;
    Q_UNUSED(aotContext);
    argTypes[0] = []() { static const auto t = QMetaType::fromName("QQuickImage::FillMode"); return t; }();
}, 
    [](const QQmlPrivate::AOTCompiledContext *aotContext, void **argv) {
Q_UNUSED(aotContext)
Q_UNUSED(argv)
// expression for fillMode at line 1083, column 29
struct Storage : QQmlPrivate::AOTTrackedLocalsStorage {
Storage(const QQmlPrivate::AOTCompiledContext *ctxt, void **a)   : aotContext(ctxt), argv(a) {}
void markObjects(QV4::MarkStack *markStack) const final {    Q_UNUSED(markStack);
}
const QQmlPrivate::AOTCompiledContext *aotContext;
void **argv;
int v2_5;
};
Storage s(aotContext, argv);
aotContext->setLocals(&s);
{
}
// generate_GetLookup
#ifndef QT_NO_DEBUG
aotContext->setInstructionPointer(10);
#endif
while (!aotContext->getEnumLookup(1119, &s.v2_5)) {
#ifdef QT_NO_DEBUG
aotContext->setInstructionPointer(10);
#endif
aotContext->initGetEnumLookup(1119, []() { static const auto t = QMetaType::fromName("QQuickImage*"); return t; }().metaObject(), "FillMode", "PreserveAspectCrop");
if (aotContext->engine->hasError()) {
aotContext->setReturnValueUndefined();
if (argv[0]) {
    const QMetaType returnType = []() { static const auto t = QMetaType::fromName("QQuickImage::FillMode"); return t; }();
    returnType.destruct(argv[0]);
    returnType.construct(argv[0]);
 }
return;
}
}
{
}
{
}
// generate_Ret
if (argv[0]) {
    const QMetaType returnType = QMetaType::fromType<int>();
    returnType.destruct(argv[0]);
    returnType.construct(argv[0], &s.v2_5);
}
return;
}
 },{ 369, 0, [](QV4::ExecutableCompilationUnit *contextUnit, QMetaType *argTypes) {
    struct { QV4::ExecutableCompilationUnit *compilationUnit; } c { contextUnit };
    const auto *aotContext = &c;
    Q_UNUSED(aotContext);
    argTypes[0] = []() { static const auto t = QMetaType::fromName("QQuickItem*"); return t; }();
}, 
    [](const QQmlPrivate::AOTCompiledContext *aotContext, void **argv) {
Q_UNUSED(aotContext)
Q_UNUSED(argv)
// expression for fill at line 1080, column 29
struct Storage : QQmlPrivate::AOTTrackedLocalsStorage {
Storage(const QQmlPrivate::AOTCompiledContext *ctxt, void **a)   : aotContext(ctxt), argv(a) {}
void markObjects(QV4::MarkStack *markStack) const final {    Q_UNUSED(markStack);
    aotContext->mark(v2_0, markStack);
}
const QQmlPrivate::AOTCompiledContext *aotContext;
void **argv;
QObject *v2_0 = nullptr;
};
Storage s(aotContext, argv);
aotContext->setLocals(&s);
// generate_LoadQmlContextPropertyLookup
#ifndef QT_NO_DEBUG
aotContext->setInstructionPointer(5);
#endif
while (!aotContext->loadScopeObjectPropertyLookup(1120, &s.v2_0)) {
#ifdef QT_NO_DEBUG
aotContext->setInstructionPointer(5);
#endif
aotContext->initLoadScopeObjectPropertyLookup(1120);
if (aotContext->engine->hasError()) {
aotContext->setReturnValueUndefined();
if (argv[0]) {
    *static_cast<QObject * *>(argv[0]) = nullptr;
}
return;
}
}
{
}
{
}
// generate_Ret
if (argv[0]) {
    *static_cast<QObject * *>(argv[0]) = s.v2_0;
}
return;
}
 },{ 374, 0, [](QV4::ExecutableCompilationUnit *contextUnit, QMetaType *argTypes) {
    struct { QV4::ExecutableCompilationUnit *compilationUnit; } c { contextUnit };
    const auto *aotContext = &c;
    Q_UNUSED(aotContext);
    argTypes[0] = QMetaType::fromType<QVariant>();
}, 
    [](const QQmlPrivate::AOTCompiledContext *aotContext, void **argv) {
Q_UNUSED(aotContext)
Q_UNUSED(argv)
// expression for model at line 1100, column 29
struct Storage : QQmlPrivate::AOTTrackedLocalsStorage {
Storage(const QQmlPrivate::AOTCompiledContext *ctxt, void **a)   : aotContext(ctxt), argv(a) {}
void markObjects(QV4::MarkStack *markStack) const final {    Q_UNUSED(markStack);
    aotContext->mark(v2_0, markStack);
    aotContext->mark(v2_5, markStack);
}
const QQmlPrivate::AOTCompiledContext *aotContext;
void **argv;
QObject *v2_0 = nullptr;
QVariant v2_5;
};
Storage s(aotContext, argv);
aotContext->setLocals(&s);
// generate_LoadQmlContextPropertyLookup
#ifndef QT_NO_DEBUG
aotContext->setInstructionPointer(5);
#endif
while (!aotContext->loadContextIdLookup(1134, &s.v2_0)) {
#ifdef QT_NO_DEBUG
aotContext->setInstructionPointer(5);
#endif
aotContext->initLoadContextIdLookup(1134);
if (aotContext->engine->hasError()) {
aotContext->setReturnValueUndefined();
if (argv[0]) {
    *static_cast<QVariant *>(argv[0]) = QVariant();
}
return;
}
}
{
}
// generate_GetLookup
#ifndef QT_NO_DEBUG
aotContext->setInstructionPointer(10);
#endif
while (!aotContext->getObjectLookup(1135, s.v2_0, &s.v2_5)) {
#ifdef QT_NO_DEBUG
aotContext->setInstructionPointer(10);
#endif
aotContext->initGetObjectLookup(1135, s.v2_0);
if (aotContext->engine->hasError()) {
aotContext->setReturnValueUndefined();
if (argv[0]) {
    *static_cast<QVariant *>(argv[0]) = QVariant();
}
return;
}
}
{
}
{
}
// generate_Ret
if (argv[0]) {
    if (!s.v2_5.isValid())
        aotContext->setReturnValueUndefined();
    *static_cast<QVariant *>(argv[0]) = std::move(s.v2_5);
}
return;
}
 },{ 385, 0, [](QV4::ExecutableCompilationUnit *contextUnit, QMetaType *argTypes) {
    struct { QV4::ExecutableCompilationUnit *compilationUnit; } c { contextUnit };
    const auto *aotContext = &c;
    Q_UNUSED(aotContext);
    argTypes[0] = []() { static const auto t = QMetaType::fromName("QQuickItem*"); return t; }();
}, 
    [](const QQmlPrivate::AOTCompiledContext *aotContext, void **argv) {
Q_UNUSED(aotContext)
Q_UNUSED(argv)
// expression for fill at line 1133, column 21
struct Storage : QQmlPrivate::AOTTrackedLocalsStorage {
Storage(const QQmlPrivate::AOTCompiledContext *ctxt, void **a)   : aotContext(ctxt), argv(a) {}
void markObjects(QV4::MarkStack *markStack) const final {    Q_UNUSED(markStack);
    aotContext->mark(v2_0, markStack);
}
const QQmlPrivate::AOTCompiledContext *aotContext;
void **argv;
QObject *v2_0 = nullptr;
};
Storage s(aotContext, argv);
aotContext->setLocals(&s);
// generate_LoadQmlContextPropertyLookup
#ifndef QT_NO_DEBUG
aotContext->setInstructionPointer(5);
#endif
while (!aotContext->loadScopeObjectPropertyLookup(1174, &s.v2_0)) {
#ifdef QT_NO_DEBUG
aotContext->setInstructionPointer(5);
#endif
aotContext->initLoadScopeObjectPropertyLookup(1174);
if (aotContext->engine->hasError()) {
aotContext->setReturnValueUndefined();
if (argv[0]) {
    *static_cast<QObject * *>(argv[0]) = nullptr;
}
return;
}
}
{
}
{
}
// generate_Ret
if (argv[0]) {
    *static_cast<QObject * *>(argv[0]) = s.v2_0;
}
return;
}
 },{ 387, 0, [](QV4::ExecutableCompilationUnit *contextUnit, QMetaType *argTypes) {
    struct { QV4::ExecutableCompilationUnit *compilationUnit; } c { contextUnit };
    const auto *aotContext = &c;
    Q_UNUSED(aotContext);
    argTypes[0] = []() { static const auto t = QMetaType::fromName("QQuickItem*"); return t; }();
}, 
    [](const QQmlPrivate::AOTCompiledContext *aotContext, void **argv) {
Q_UNUSED(aotContext)
Q_UNUSED(argv)
// expression for fill at line 1143, column 9
struct Storage : QQmlPrivate::AOTTrackedLocalsStorage {
Storage(const QQmlPrivate::AOTCompiledContext *ctxt, void **a)   : aotContext(ctxt), argv(a) {}
void markObjects(QV4::MarkStack *markStack) const final {    Q_UNUSED(markStack);
    aotContext->mark(v2_0, markStack);
}
const QQmlPrivate::AOTCompiledContext *aotContext;
void **argv;
QObject *v2_0 = nullptr;
};
Storage s(aotContext, argv);
aotContext->setLocals(&s);
// generate_LoadQmlContextPropertyLookup
#ifndef QT_NO_DEBUG
aotContext->setInstructionPointer(5);
#endif
while (!aotContext->loadScopeObjectPropertyLookup(1178, &s.v2_0)) {
#ifdef QT_NO_DEBUG
aotContext->setInstructionPointer(5);
#endif
aotContext->initLoadScopeObjectPropertyLookup(1178);
if (aotContext->engine->hasError()) {
aotContext->setReturnValueUndefined();
if (argv[0]) {
    *static_cast<QObject * *>(argv[0]) = nullptr;
}
return;
}
}
{
}
{
}
// generate_Ret
if (argv[0]) {
    *static_cast<QObject * *>(argv[0]) = s.v2_0;
}
return;
}
 },{ 389, 0, [](QV4::ExecutableCompilationUnit *contextUnit, QMetaType *argTypes) {
    struct { QV4::ExecutableCompilationUnit *compilationUnit; } c { contextUnit };
    const auto *aotContext = &c;
    Q_UNUSED(aotContext);
    argTypes[0] = []() { static const auto t = QMetaType::fromName("QQuickItem*"); return t; }();
}, 
    [](const QQmlPrivate::AOTCompiledContext *aotContext, void **argv) {
Q_UNUSED(aotContext)
Q_UNUSED(argv)
// expression for fill at line 1146, column 21
struct Storage : QQmlPrivate::AOTTrackedLocalsStorage {
Storage(const QQmlPrivate::AOTCompiledContext *ctxt, void **a)   : aotContext(ctxt), argv(a) {}
void markObjects(QV4::MarkStack *markStack) const final {    Q_UNUSED(markStack);
    aotContext->mark(v2_0, markStack);
}
const QQmlPrivate::AOTCompiledContext *aotContext;
void **argv;
QObject *v2_0 = nullptr;
};
Storage s(aotContext, argv);
aotContext->setLocals(&s);
// generate_LoadQmlContextPropertyLookup
#ifndef QT_NO_DEBUG
aotContext->setInstructionPointer(5);
#endif
while (!aotContext->loadScopeObjectPropertyLookup(1181, &s.v2_0)) {
#ifdef QT_NO_DEBUG
aotContext->setInstructionPointer(5);
#endif
aotContext->initLoadScopeObjectPropertyLookup(1181);
if (aotContext->engine->hasError()) {
aotContext->setReturnValueUndefined();
if (argv[0]) {
    *static_cast<QObject * *>(argv[0]) = nullptr;
}
return;
}
}
{
}
{
}
// generate_Ret
if (argv[0]) {
    *static_cast<QObject * *>(argv[0]) = s.v2_0;
}
return;
}
 },{ 390, 0, [](QV4::ExecutableCompilationUnit *contextUnit, QMetaType *argTypes) {
    struct { QV4::ExecutableCompilationUnit *compilationUnit; } c { contextUnit };
    const auto *aotContext = &c;
    Q_UNUSED(aotContext);
    argTypes[0] = QMetaType::fromType<double>();
}, 
    [](const QQmlPrivate::AOTCompiledContext *aotContext, void **argv) {
Q_UNUSED(aotContext)
Q_UNUSED(argv)
// expression for height at line 1151, column 13
struct Storage : QQmlPrivate::AOTTrackedLocalsStorage {
Storage(const QQmlPrivate::AOTCompiledContext *ctxt, void **a)   : aotContext(ctxt), argv(a) {}
void markObjects(QV4::MarkStack *markStack) const final {    Q_UNUSED(markStack);
    aotContext->mark(v2_25, markStack);
    aotContext->mark(v2_7, markStack);
}
const QQmlPrivate::AOTCompiledContext *aotContext;
void **argv;
QObject *v2_25 = nullptr;
QObject *v2_7 = nullptr;
double v2_12;
double v2_19;
double v2_21;
double v2_30;
double v2_37;
double v2_39;
double v2_43;
};
Storage s(aotContext, argv);
aotContext->setLocals(&s);
{
}
{
}
// generate_LoadQmlContextPropertyLookup
#ifndef QT_NO_DEBUG
aotContext->setInstructionPointer(12);
#endif
while (!aotContext->loadScopeObjectPropertyLookup(1183, &s.v2_7)) {
#ifdef QT_NO_DEBUG
aotContext->setInstructionPointer(12);
#endif
aotContext->initLoadScopeObjectPropertyLookup(1183);
if (aotContext->engine->hasError()) {
aotContext->setReturnValueUndefined();
if (argv[0]) {
    *static_cast<double *>(argv[0]) = double();
}
return;
}
}
{
}
// generate_GetLookup
#ifndef QT_NO_DEBUG
aotContext->setInstructionPointer(17);
#endif
while (!aotContext->getObjectLookup(1184, s.v2_7, &s.v2_12)) {
#ifdef QT_NO_DEBUG
aotContext->setInstructionPointer(17);
#endif
aotContext->initGetObjectLookup(1184, s.v2_7);
if (aotContext->engine->hasError()) {
aotContext->setReturnValueUndefined();
if (argv[0]) {
    *static_cast<double *>(argv[0]) = double();
}
return;
}
}
{
}
// generate_StoreReg
{
}
// generate_LoadInt
s.v2_19 = double(120);
{
}
// generate_Sub
s.v2_21 = (s.v2_12 - s.v2_19);
{
}
// generate_StoreReg
{
}
// generate_LoadQmlContextPropertyLookup
#ifndef QT_NO_DEBUG
aotContext->setInstructionPointer(30);
#endif
while (!aotContext->loadContextIdLookup(1185, &s.v2_25)) {
#ifdef QT_NO_DEBUG
aotContext->setInstructionPointer(30);
#endif
aotContext->initLoadContextIdLookup(1185);
if (aotContext->engine->hasError()) {
aotContext->setReturnValueUndefined();
if (argv[0]) {
    *static_cast<double *>(argv[0]) = double();
}
return;
}
}
{
}
// generate_GetLookup
#ifndef QT_NO_DEBUG
aotContext->setInstructionPointer(35);
#endif
while (!aotContext->getObjectLookup(1186, s.v2_25, &s.v2_30)) {
#ifdef QT_NO_DEBUG
aotContext->setInstructionPointer(35);
#endif
aotContext->initGetObjectLookup(1186, s.v2_25);
if (aotContext->engine->hasError()) {
aotContext->setReturnValueUndefined();
if (argv[0]) {
    *static_cast<double *>(argv[0]) = double();
}
return;
}
}
{
}
// generate_StoreReg
{
}
// generate_LoadInt
s.v2_37 = double(48);
{
}
// generate_Add
s.v2_39 = (s.v2_30 + s.v2_37);
{
}
// generate_StoreReg
{
}
// generate_CallPropertyLookup
{
const double arg1 = s.v2_21;
const double arg2 = s.v2_39;
s.v2_43 = [&]() { 
auto  tmpMin = (qIsNull(arg2) && qIsNull(arg1) && std::copysign(1.0, arg2) == -1) ? arg2 : ((arg2 < arg1 || std::isnan(arg2)) ? arg2 : arg1);
return tmpMin;
}();
}
{
}
{
}
// generate_Ret
if (argv[0]) {
    *static_cast<double *>(argv[0]) = s.v2_43;
}
return;
}
 },{ 391, 0, [](QV4::ExecutableCompilationUnit *contextUnit, QMetaType *argTypes) {
    struct { QV4::ExecutableCompilationUnit *compilationUnit; } c { contextUnit };
    const auto *aotContext = &c;
    Q_UNUSED(aotContext);
    argTypes[0] = []() { static const auto t = QMetaType::fromName("QQuickItem*"); return t; }();
}, 
    [](const QQmlPrivate::AOTCompiledContext *aotContext, void **argv) {
Q_UNUSED(aotContext)
Q_UNUSED(argv)
// expression for centerIn at line 1149, column 13
struct Storage : QQmlPrivate::AOTTrackedLocalsStorage {
Storage(const QQmlPrivate::AOTCompiledContext *ctxt, void **a)   : aotContext(ctxt), argv(a) {}
void markObjects(QV4::MarkStack *markStack) const final {    Q_UNUSED(markStack);
    aotContext->mark(v2_0, markStack);
}
const QQmlPrivate::AOTCompiledContext *aotContext;
void **argv;
QObject *v2_0 = nullptr;
};
Storage s(aotContext, argv);
aotContext->setLocals(&s);
// generate_LoadQmlContextPropertyLookup
#ifndef QT_NO_DEBUG
aotContext->setInstructionPointer(5);
#endif
while (!aotContext->loadScopeObjectPropertyLookup(1188, &s.v2_0)) {
#ifdef QT_NO_DEBUG
aotContext->setInstructionPointer(5);
#endif
aotContext->initLoadScopeObjectPropertyLookup(1188);
if (aotContext->engine->hasError()) {
aotContext->setReturnValueUndefined();
if (argv[0]) {
    *static_cast<QObject * *>(argv[0]) = nullptr;
}
return;
}
}
{
}
{
}
// generate_Ret
if (argv[0]) {
    *static_cast<QObject * *>(argv[0]) = s.v2_0;
}
return;
}
 },{ 393, 0, [](QV4::ExecutableCompilationUnit *contextUnit, QMetaType *argTypes) {
    struct { QV4::ExecutableCompilationUnit *compilationUnit; } c { contextUnit };
    const auto *aotContext = &c;
    Q_UNUSED(aotContext);
    argTypes[0] = []() { static const auto t = QMetaType::fromName("QQuickItem*"); return t; }();
}, 
    [](const QQmlPrivate::AOTCompiledContext *aotContext, void **argv) {
Q_UNUSED(aotContext)
Q_UNUSED(argv)
// expression for fill at line 1155, column 25
struct Storage : QQmlPrivate::AOTTrackedLocalsStorage {
Storage(const QQmlPrivate::AOTCompiledContext *ctxt, void **a)   : aotContext(ctxt), argv(a) {}
void markObjects(QV4::MarkStack *markStack) const final {    Q_UNUSED(markStack);
    aotContext->mark(v2_0, markStack);
}
const QQmlPrivate::AOTCompiledContext *aotContext;
void **argv;
QObject *v2_0 = nullptr;
};
Storage s(aotContext, argv);
aotContext->setLocals(&s);
// generate_LoadQmlContextPropertyLookup
#ifndef QT_NO_DEBUG
aotContext->setInstructionPointer(5);
#endif
while (!aotContext->loadScopeObjectPropertyLookup(1191, &s.v2_0)) {
#ifdef QT_NO_DEBUG
aotContext->setInstructionPointer(5);
#endif
aotContext->initLoadScopeObjectPropertyLookup(1191);
if (aotContext->engine->hasError()) {
aotContext->setReturnValueUndefined();
if (argv[0]) {
    *static_cast<QObject * *>(argv[0]) = nullptr;
}
return;
}
}
{
}
{
}
// generate_Ret
if (argv[0]) {
    *static_cast<QObject * *>(argv[0]) = s.v2_0;
}
return;
}
 },{ 394, 0, [](QV4::ExecutableCompilationUnit *contextUnit, QMetaType *argTypes) {
    struct { QV4::ExecutableCompilationUnit *compilationUnit; } c { contextUnit };
    const auto *aotContext = &c;
    Q_UNUSED(aotContext);
    argTypes[0] = QMetaType::fromType<double>();
}, 
    [](const QQmlPrivate::AOTCompiledContext *aotContext, void **argv) {
Q_UNUSED(aotContext)
Q_UNUSED(argv)
// expression for width at line 1161, column 17
struct Storage : QQmlPrivate::AOTTrackedLocalsStorage {
Storage(const QQmlPrivate::AOTCompiledContext *ctxt, void **a)   : aotContext(ctxt), argv(a) {}
void markObjects(QV4::MarkStack *markStack) const final {    Q_UNUSED(markStack);
    aotContext->mark(v2_0, markStack);
}
const QQmlPrivate::AOTCompiledContext *aotContext;
void **argv;
QObject *v2_0 = nullptr;
double v2_12;
double v2_14;
double v2_5;
};
Storage s(aotContext, argv);
aotContext->setLocals(&s);
// generate_LoadQmlContextPropertyLookup
#ifndef QT_NO_DEBUG
aotContext->setInstructionPointer(5);
#endif
while (!aotContext->loadScopeObjectPropertyLookup(1192, &s.v2_0)) {
#ifdef QT_NO_DEBUG
aotContext->setInstructionPointer(5);
#endif
aotContext->initLoadScopeObjectPropertyLookup(1192);
if (aotContext->engine->hasError()) {
aotContext->setReturnValueUndefined();
if (argv[0]) {
    *static_cast<double *>(argv[0]) = double();
}
return;
}
}
{
}
// generate_GetLookup
#ifndef QT_NO_DEBUG
aotContext->setInstructionPointer(10);
#endif
while (!aotContext->getObjectLookup(1193, s.v2_0, &s.v2_5)) {
#ifdef QT_NO_DEBUG
aotContext->setInstructionPointer(10);
#endif
aotContext->initGetObjectLookup(1193, s.v2_0);
if (aotContext->engine->hasError()) {
aotContext->setReturnValueUndefined();
if (argv[0]) {
    *static_cast<double *>(argv[0]) = double();
}
return;
}
}
{
}
// generate_StoreReg
{
}
// generate_LoadInt
s.v2_12 = double(48);
{
}
// generate_Sub
s.v2_14 = (s.v2_5 - s.v2_12);
{
}
{
}
// generate_Ret
if (argv[0]) {
    *static_cast<double *>(argv[0]) = s.v2_14;
}
return;
}
 },{ 395, 0, [](QV4::ExecutableCompilationUnit *contextUnit, QMetaType *argTypes) {
    struct { QV4::ExecutableCompilationUnit *compilationUnit; } c { contextUnit };
    const auto *aotContext = &c;
    Q_UNUSED(aotContext);
    argTypes[0] = []() { static const auto t = QMetaType::fromName("QQuickAnchorLine"); return t; }();
}, 
    [](const QQmlPrivate::AOTCompiledContext *aotContext, void **argv) {
Q_UNUSED(aotContext)
Q_UNUSED(argv)
// expression for top at line 1158, column 17
struct Storage : QQmlPrivate::AOTTrackedLocalsStorage {
Storage(const QQmlPrivate::AOTCompiledContext *ctxt, void **a)   : aotContext(ctxt), argv(a) {}
void markObjects(QV4::MarkStack *markStack) const final {    Q_UNUSED(markStack);
    aotContext->mark(v2_0, markStack);
    aotContext->mark(v2_5, markStack);
}
const QQmlPrivate::AOTCompiledContext *aotContext;
void **argv;
QObject *v2_0 = nullptr;
QVariant v2_5;
};
Storage s(aotContext, argv);
aotContext->setLocals(&s);
// generate_LoadQmlContextPropertyLookup
#ifndef QT_NO_DEBUG
aotContext->setInstructionPointer(5);
#endif
while (!aotContext->loadScopeObjectPropertyLookup(1194, &s.v2_0)) {
#ifdef QT_NO_DEBUG
aotContext->setInstructionPointer(5);
#endif
aotContext->initLoadScopeObjectPropertyLookup(1194);
if (aotContext->engine->hasError()) {
aotContext->setReturnValueUndefined();
if (argv[0]) {
    const QMetaType returnType = []() { static const auto t = QMetaType::fromName("QQuickAnchorLine"); return t; }();
    returnType.destruct(argv[0]);
    returnType.construct(argv[0]);
 }
return;
}
}
{
}
// generate_GetLookup
#ifndef QT_NO_DEBUG
aotContext->setInstructionPointer(10);
#endif
s.v2_5 = QVariant(aotContext->lookupResultMetaType(1195));
while (!aotContext->getObjectLookup(1195, s.v2_0, s.v2_5.data())) {
#ifdef QT_NO_DEBUG
aotContext->setInstructionPointer(10);
#endif
aotContext->initGetObjectLookup(1195, s.v2_0);
if (aotContext->engine->hasError()) {
aotContext->setReturnValueUndefined();
if (argv[0]) {
    const QMetaType returnType = []() { static const auto t = QMetaType::fromName("QQuickAnchorLine"); return t; }();
    returnType.destruct(argv[0]);
    returnType.construct(argv[0]);
 }
return;
}
s.v2_5 = QVariant(aotContext->lookupResultMetaType(1195));
}
{
}
{
}
// generate_Ret
if (argv[0]) {
    if (!s.v2_5.isValid())
        aotContext->setReturnValueUndefined();
    const QMetaType returnType = s.v2_5.metaType();
    returnType.destruct(argv[0]);
    returnType.construct(argv[0], s.v2_5.data());
}
return;
}
 },{ 396, 0, [](QV4::ExecutableCompilationUnit *contextUnit, QMetaType *argTypes) {
    struct { QV4::ExecutableCompilationUnit *compilationUnit; } c { contextUnit };
    const auto *aotContext = &c;
    Q_UNUSED(aotContext);
    argTypes[0] = []() { static const auto t = QMetaType::fromName("QQuickAnchorLine"); return t; }();
}, 
    [](const QQmlPrivate::AOTCompiledContext *aotContext, void **argv) {
Q_UNUSED(aotContext)
Q_UNUSED(argv)
// expression for horizontalCenter at line 1159, column 17
struct Storage : QQmlPrivate::AOTTrackedLocalsStorage {
Storage(const QQmlPrivate::AOTCompiledContext *ctxt, void **a)   : aotContext(ctxt), argv(a) {}
void markObjects(QV4::MarkStack *markStack) const final {    Q_UNUSED(markStack);
    aotContext->mark(v2_0, markStack);
    aotContext->mark(v2_5, markStack);
}
const QQmlPrivate::AOTCompiledContext *aotContext;
void **argv;
QObject *v2_0 = nullptr;
QVariant v2_5;
};
Storage s(aotContext, argv);
aotContext->setLocals(&s);
// generate_LoadQmlContextPropertyLookup
#ifndef QT_NO_DEBUG
aotContext->setInstructionPointer(5);
#endif
while (!aotContext->loadScopeObjectPropertyLookup(1196, &s.v2_0)) {
#ifdef QT_NO_DEBUG
aotContext->setInstructionPointer(5);
#endif
aotContext->initLoadScopeObjectPropertyLookup(1196);
if (aotContext->engine->hasError()) {
aotContext->setReturnValueUndefined();
if (argv[0]) {
    const QMetaType returnType = []() { static const auto t = QMetaType::fromName("QQuickAnchorLine"); return t; }();
    returnType.destruct(argv[0]);
    returnType.construct(argv[0]);
 }
return;
}
}
{
}
// generate_GetLookup
#ifndef QT_NO_DEBUG
aotContext->setInstructionPointer(10);
#endif
s.v2_5 = QVariant(aotContext->lookupResultMetaType(1197));
while (!aotContext->getObjectLookup(1197, s.v2_0, s.v2_5.data())) {
#ifdef QT_NO_DEBUG
aotContext->setInstructionPointer(10);
#endif
aotContext->initGetObjectLookup(1197, s.v2_0);
if (aotContext->engine->hasError()) {
aotContext->setReturnValueUndefined();
if (argv[0]) {
    const QMetaType returnType = []() { static const auto t = QMetaType::fromName("QQuickAnchorLine"); return t; }();
    returnType.destruct(argv[0]);
    returnType.construct(argv[0]);
 }
return;
}
s.v2_5 = QVariant(aotContext->lookupResultMetaType(1197));
}
{
}
{
}
// generate_Ret
if (argv[0]) {
    if (!s.v2_5.isValid())
        aotContext->setReturnValueUndefined();
    const QMetaType returnType = s.v2_5.metaType();
    returnType.destruct(argv[0]);
    returnType.construct(argv[0], s.v2_5.data());
}
return;
}
 },{ 402, 0, [](QV4::ExecutableCompilationUnit *contextUnit, QMetaType *argTypes) {
    struct { QV4::ExecutableCompilationUnit *compilationUnit; } c { contextUnit };
    const auto *aotContext = &c;
    Q_UNUSED(aotContext);
    argTypes[0] = QMetaType::fromType<double>();
}, 
    [](const QQmlPrivate::AOTCompiledContext *aotContext, void **argv) {
Q_UNUSED(aotContext)
Q_UNUSED(argv)
// expression for width at line 1178, column 21
struct Storage : QQmlPrivate::AOTTrackedLocalsStorage {
Storage(const QQmlPrivate::AOTCompiledContext *ctxt, void **a)   : aotContext(ctxt), argv(a) {}
void markObjects(QV4::MarkStack *markStack) const final {    Q_UNUSED(markStack);
    aotContext->mark(v2_0, markStack);
}
const QQmlPrivate::AOTCompiledContext *aotContext;
void **argv;
QObject *v2_0 = nullptr;
double v2_5;
};
Storage s(aotContext, argv);
aotContext->setLocals(&s);
// generate_LoadQmlContextPropertyLookup
#ifndef QT_NO_DEBUG
aotContext->setInstructionPointer(5);
#endif
while (!aotContext->loadScopeObjectPropertyLookup(1211, &s.v2_0)) {
#ifdef QT_NO_DEBUG
aotContext->setInstructionPointer(5);
#endif
aotContext->initLoadScopeObjectPropertyLookup(1211);
if (aotContext->engine->hasError()) {
aotContext->setReturnValueUndefined();
if (argv[0]) {
    *static_cast<double *>(argv[0]) = double();
}
return;
}
}
{
}
// generate_GetLookup
#ifndef QT_NO_DEBUG
aotContext->setInstructionPointer(10);
#endif
while (!aotContext->getObjectLookup(1212, s.v2_0, &s.v2_5)) {
#ifdef QT_NO_DEBUG
aotContext->setInstructionPointer(10);
#endif
aotContext->initGetObjectLookup(1212, s.v2_0);
if (aotContext->engine->hasError()) {
aotContext->setReturnValueUndefined();
if (argv[0]) {
    *static_cast<double *>(argv[0]) = double();
}
return;
}
}
{
}
{
}
// generate_Ret
if (argv[0]) {
    *static_cast<double *>(argv[0]) = s.v2_5;
}
return;
}
 },{ 403, 0, [](QV4::ExecutableCompilationUnit *contextUnit, QMetaType *argTypes) {
    struct { QV4::ExecutableCompilationUnit *compilationUnit; } c { contextUnit };
    const auto *aotContext = &c;
    Q_UNUSED(aotContext);
    argTypes[0] = QMetaType::fromType<double>();
}, 
    [](const QQmlPrivate::AOTCompiledContext *aotContext, void **argv) {
Q_UNUSED(aotContext)
Q_UNUSED(argv)
// expression for height at line 1179, column 21
struct Storage : QQmlPrivate::AOTTrackedLocalsStorage {
Storage(const QQmlPrivate::AOTCompiledContext *ctxt, void **a)   : aotContext(ctxt), argv(a) {}
void markObjects(QV4::MarkStack *markStack) const final {    Q_UNUSED(markStack);
}
const QQmlPrivate::AOTCompiledContext *aotContext;
void **argv;
double v10_7;
double v2_10;
double v2_17;
double v2_19;
double v2_23;
};
Storage s(aotContext, argv);
aotContext->setLocals(&s);
{
}
{
}
// generate_MoveConst
s.v10_7 = double(280);
{
}
// generate_LoadQmlContextPropertyLookup
{
int retrieved;
#ifndef QT_NO_DEBUG
aotContext->setInstructionPointer(15);
#endif
while (!aotContext->loadScopeObjectPropertyLookup(1214, &retrieved)) {
#ifdef QT_NO_DEBUG
aotContext->setInstructionPointer(15);
#endif
aotContext->initLoadScopeObjectPropertyLookup(1214);
if (aotContext->engine->hasError()) {
aotContext->setReturnValueUndefined();
if (argv[0]) {
    *static_cast<double *>(argv[0]) = double();
}
return;
}
}
s.v2_10 = double(std::move(retrieved));
}
{
}
// generate_StoreReg
{
}
// generate_LoadInt
s.v2_17 = double(30);
{
}
// generate_Mul
s.v2_19 = (s.v2_10 * s.v2_17);
{
}
// generate_StoreReg
{
}
// generate_CallPropertyLookup
{
const double arg1 = s.v10_7;
const double arg2 = s.v2_19;
s.v2_23 = [&]() { 
auto  tmpMin = (qIsNull(arg2) && qIsNull(arg1) && std::copysign(1.0, arg2) == -1) ? arg2 : ((arg2 < arg1 || std::isnan(arg2)) ? arg2 : arg1);
return tmpMin;
}();
}
{
}
{
}
// generate_Ret
if (argv[0]) {
    *static_cast<double *>(argv[0]) = s.v2_23;
}
return;
}
 },{ 405, 0, [](QV4::ExecutableCompilationUnit *contextUnit, QMetaType *argTypes) {
    struct { QV4::ExecutableCompilationUnit *compilationUnit; } c { contextUnit };
    const auto *aotContext = &c;
    Q_UNUSED(aotContext);
    argTypes[0] = QMetaType::fromType<double>();
}, 
    [](const QQmlPrivate::AOTCompiledContext *aotContext, void **argv) {
Q_UNUSED(aotContext)
Q_UNUSED(argv)
// expression for width at line 1184, column 25
struct Storage : QQmlPrivate::AOTTrackedLocalsStorage {
Storage(const QQmlPrivate::AOTCompiledContext *ctxt, void **a)   : aotContext(ctxt), argv(a) {}
void markObjects(QV4::MarkStack *markStack) const final {    Q_UNUSED(markStack);
    aotContext->mark(v2_0, markStack);
    aotContext->mark(v2_5, markStack);
}
const QQmlPrivate::AOTCompiledContext *aotContext;
void **argv;
QObject *v2_0 = nullptr;
QObject *v2_5 = nullptr;
double v2_10;
};
Storage s(aotContext, argv);
aotContext->setLocals(&s);
// generate_LoadQmlContextPropertyLookup
#ifndef QT_NO_DEBUG
aotContext->setInstructionPointer(5);
#endif
while (!aotContext->loadAttachedLookup(1218, aotContext->qmlScopeObject, &s.v2_0)) {
#ifdef QT_NO_DEBUG
aotContext->setInstructionPointer(5);
#endif
aotContext->initLoadAttachedLookup(1218, QQmlPrivate::AOTCompiledContext::InvalidStringId, aotContext->qmlScopeObject);
if (aotContext->engine->hasError()) {
aotContext->setReturnValueUndefined();
if (argv[0]) {
    *static_cast<double *>(argv[0]) = double();
}
return;
}
}
{
}
// generate_GetLookup
#ifndef QT_NO_DEBUG
aotContext->setInstructionPointer(10);
#endif
while (!aotContext->getObjectLookup(1219, s.v2_0, &s.v2_5)) {
#ifdef QT_NO_DEBUG
aotContext->setInstructionPointer(10);
#endif
aotContext->initGetObjectLookup(1219, s.v2_0);
if (aotContext->engine->hasError()) {
aotContext->setReturnValueUndefined();
if (argv[0]) {
    *static_cast<double *>(argv[0]) = double();
}
return;
}
}
{
}
// generate_GetLookup
#ifndef QT_NO_DEBUG
aotContext->setInstructionPointer(15);
#endif
while (!aotContext->getObjectLookup(1220, s.v2_5, &s.v2_10)) {
#ifdef QT_NO_DEBUG
aotContext->setInstructionPointer(15);
#endif
aotContext->initGetObjectLookup(1220, s.v2_5);
if (aotContext->engine->hasError()) {
aotContext->setReturnValueUndefined();
if (argv[0]) {
    *static_cast<double *>(argv[0]) = double();
}
return;
}
}
{
}
{
}
// generate_Ret
if (argv[0]) {
    *static_cast<double *>(argv[0]) = s.v2_10;
}
return;
}
 },{ 414, 0, [](QV4::ExecutableCompilationUnit *contextUnit, QMetaType *argTypes) {
    struct { QV4::ExecutableCompilationUnit *compilationUnit; } c { contextUnit };
    const auto *aotContext = &c;
    Q_UNUSED(aotContext);
    argTypes[0] = []() { static const auto t = QMetaType::fromName("QQuickAnchorLine"); return t; }();
}, 
    [](const QQmlPrivate::AOTCompiledContext *aotContext, void **argv) {
Q_UNUSED(aotContext)
Q_UNUSED(argv)
// expression for right at line 1215, column 21
struct Storage : QQmlPrivate::AOTTrackedLocalsStorage {
Storage(const QQmlPrivate::AOTCompiledContext *ctxt, void **a)   : aotContext(ctxt), argv(a) {}
void markObjects(QV4::MarkStack *markStack) const final {    Q_UNUSED(markStack);
    aotContext->mark(v2_0, markStack);
    aotContext->mark(v2_5, markStack);
}
const QQmlPrivate::AOTCompiledContext *aotContext;
void **argv;
QObject *v2_0 = nullptr;
QVariant v2_5;
};
Storage s(aotContext, argv);
aotContext->setLocals(&s);
// generate_LoadQmlContextPropertyLookup
#ifndef QT_NO_DEBUG
aotContext->setInstructionPointer(5);
#endif
while (!aotContext->loadScopeObjectPropertyLookup(1242, &s.v2_0)) {
#ifdef QT_NO_DEBUG
aotContext->setInstructionPointer(5);
#endif
aotContext->initLoadScopeObjectPropertyLookup(1242);
if (aotContext->engine->hasError()) {
aotContext->setReturnValueUndefined();
if (argv[0]) {
    const QMetaType returnType = []() { static const auto t = QMetaType::fromName("QQuickAnchorLine"); return t; }();
    returnType.destruct(argv[0]);
    returnType.construct(argv[0]);
 }
return;
}
}
{
}
// generate_GetLookup
#ifndef QT_NO_DEBUG
aotContext->setInstructionPointer(10);
#endif
s.v2_5 = QVariant(aotContext->lookupResultMetaType(1243));
while (!aotContext->getObjectLookup(1243, s.v2_0, s.v2_5.data())) {
#ifdef QT_NO_DEBUG
aotContext->setInstructionPointer(10);
#endif
aotContext->initGetObjectLookup(1243, s.v2_0);
if (aotContext->engine->hasError()) {
aotContext->setReturnValueUndefined();
if (argv[0]) {
    const QMetaType returnType = []() { static const auto t = QMetaType::fromName("QQuickAnchorLine"); return t; }();
    returnType.destruct(argv[0]);
    returnType.construct(argv[0]);
 }
return;
}
s.v2_5 = QVariant(aotContext->lookupResultMetaType(1243));
}
{
}
{
}
// generate_Ret
if (argv[0]) {
    if (!s.v2_5.isValid())
        aotContext->setReturnValueUndefined();
    const QMetaType returnType = s.v2_5.metaType();
    returnType.destruct(argv[0]);
    returnType.construct(argv[0], s.v2_5.data());
}
return;
}
 },{ 419, 0, [](QV4::ExecutableCompilationUnit *contextUnit, QMetaType *argTypes) {
    struct { QV4::ExecutableCompilationUnit *compilationUnit; } c { contextUnit };
    const auto *aotContext = &c;
    Q_UNUSED(aotContext);
    argTypes[0] = []() { static const auto t = QMetaType::fromName("QQuickItem*"); return t; }();
}, 
    [](const QQmlPrivate::AOTCompiledContext *aotContext, void **argv) {
Q_UNUSED(aotContext)
Q_UNUSED(argv)
// expression for fill at line 1242, column 9
struct Storage : QQmlPrivate::AOTTrackedLocalsStorage {
Storage(const QQmlPrivate::AOTCompiledContext *ctxt, void **a)   : aotContext(ctxt), argv(a) {}
void markObjects(QV4::MarkStack *markStack) const final {    Q_UNUSED(markStack);
    aotContext->mark(v2_0, markStack);
}
const QQmlPrivate::AOTCompiledContext *aotContext;
void **argv;
QObject *v2_0 = nullptr;
};
Storage s(aotContext, argv);
aotContext->setLocals(&s);
// generate_LoadQmlContextPropertyLookup
#ifndef QT_NO_DEBUG
aotContext->setInstructionPointer(5);
#endif
while (!aotContext->loadScopeObjectPropertyLookup(1262, &s.v2_0)) {
#ifdef QT_NO_DEBUG
aotContext->setInstructionPointer(5);
#endif
aotContext->initLoadScopeObjectPropertyLookup(1262);
if (aotContext->engine->hasError()) {
aotContext->setReturnValueUndefined();
if (argv[0]) {
    *static_cast<QObject * *>(argv[0]) = nullptr;
}
return;
}
}
{
}
{
}
// generate_Ret
if (argv[0]) {
    *static_cast<QObject * *>(argv[0]) = s.v2_0;
}
return;
}
 },{ 421, 0, [](QV4::ExecutableCompilationUnit *contextUnit, QMetaType *argTypes) {
    struct { QV4::ExecutableCompilationUnit *compilationUnit; } c { contextUnit };
    const auto *aotContext = &c;
    Q_UNUSED(aotContext);
    argTypes[0] = []() { static const auto t = QMetaType::fromName("QQuickItem*"); return t; }();
}, 
    [](const QQmlPrivate::AOTCompiledContext *aotContext, void **argv) {
Q_UNUSED(aotContext)
Q_UNUSED(argv)
// expression for fill at line 1245, column 21
struct Storage : QQmlPrivate::AOTTrackedLocalsStorage {
Storage(const QQmlPrivate::AOTCompiledContext *ctxt, void **a)   : aotContext(ctxt), argv(a) {}
void markObjects(QV4::MarkStack *markStack) const final {    Q_UNUSED(markStack);
    aotContext->mark(v2_0, markStack);
}
const QQmlPrivate::AOTCompiledContext *aotContext;
void **argv;
QObject *v2_0 = nullptr;
};
Storage s(aotContext, argv);
aotContext->setLocals(&s);
// generate_LoadQmlContextPropertyLookup
#ifndef QT_NO_DEBUG
aotContext->setInstructionPointer(5);
#endif
while (!aotContext->loadScopeObjectPropertyLookup(1265, &s.v2_0)) {
#ifdef QT_NO_DEBUG
aotContext->setInstructionPointer(5);
#endif
aotContext->initLoadScopeObjectPropertyLookup(1265);
if (aotContext->engine->hasError()) {
aotContext->setReturnValueUndefined();
if (argv[0]) {
    *static_cast<QObject * *>(argv[0]) = nullptr;
}
return;
}
}
{
}
{
}
// generate_Ret
if (argv[0]) {
    *static_cast<QObject * *>(argv[0]) = s.v2_0;
}
return;
}
 },{ 422, 0, [](QV4::ExecutableCompilationUnit *contextUnit, QMetaType *argTypes) {
    struct { QV4::ExecutableCompilationUnit *compilationUnit; } c { contextUnit };
    const auto *aotContext = &c;
    Q_UNUSED(aotContext);
    argTypes[0] = QMetaType::fromType<double>();
}, 
    [](const QQmlPrivate::AOTCompiledContext *aotContext, void **argv) {
Q_UNUSED(aotContext)
Q_UNUSED(argv)
// expression for height at line 1250, column 13
struct Storage : QQmlPrivate::AOTTrackedLocalsStorage {
Storage(const QQmlPrivate::AOTCompiledContext *ctxt, void **a)   : aotContext(ctxt), argv(a) {}
void markObjects(QV4::MarkStack *markStack) const final {    Q_UNUSED(markStack);
    aotContext->mark(v2_0, markStack);
}
const QQmlPrivate::AOTCompiledContext *aotContext;
void **argv;
QObject *v2_0 = nullptr;
double v2_12;
double v2_14;
double v2_5;
};
Storage s(aotContext, argv);
aotContext->setLocals(&s);
// generate_LoadQmlContextPropertyLookup
#ifndef QT_NO_DEBUG
aotContext->setInstructionPointer(5);
#endif
while (!aotContext->loadContextIdLookup(1266, &s.v2_0)) {
#ifdef QT_NO_DEBUG
aotContext->setInstructionPointer(5);
#endif
aotContext->initLoadContextIdLookup(1266);
if (aotContext->engine->hasError()) {
aotContext->setReturnValueUndefined();
if (argv[0]) {
    *static_cast<double *>(argv[0]) = double();
}
return;
}
}
{
}
// generate_GetLookup
#ifndef QT_NO_DEBUG
aotContext->setInstructionPointer(10);
#endif
while (!aotContext->getObjectLookup(1267, s.v2_0, &s.v2_5)) {
#ifdef QT_NO_DEBUG
aotContext->setInstructionPointer(10);
#endif
aotContext->initGetObjectLookup(1267, s.v2_0);
if (aotContext->engine->hasError()) {
aotContext->setReturnValueUndefined();
if (argv[0]) {
    *static_cast<double *>(argv[0]) = double();
}
return;
}
}
{
}
// generate_StoreReg
{
}
// generate_LoadInt
s.v2_12 = double(48);
{
}
// generate_Add
s.v2_14 = (s.v2_5 + s.v2_12);
{
}
{
}
// generate_Ret
if (argv[0]) {
    *static_cast<double *>(argv[0]) = s.v2_14;
}
return;
}
 },{ 423, 0, [](QV4::ExecutableCompilationUnit *contextUnit, QMetaType *argTypes) {
    struct { QV4::ExecutableCompilationUnit *compilationUnit; } c { contextUnit };
    const auto *aotContext = &c;
    Q_UNUSED(aotContext);
    argTypes[0] = []() { static const auto t = QMetaType::fromName("QQuickItem*"); return t; }();
}, 
    [](const QQmlPrivate::AOTCompiledContext *aotContext, void **argv) {
Q_UNUSED(aotContext)
Q_UNUSED(argv)
// expression for centerIn at line 1248, column 13
struct Storage : QQmlPrivate::AOTTrackedLocalsStorage {
Storage(const QQmlPrivate::AOTCompiledContext *ctxt, void **a)   : aotContext(ctxt), argv(a) {}
void markObjects(QV4::MarkStack *markStack) const final {    Q_UNUSED(markStack);
    aotContext->mark(v2_0, markStack);
}
const QQmlPrivate::AOTCompiledContext *aotContext;
void **argv;
QObject *v2_0 = nullptr;
};
Storage s(aotContext, argv);
aotContext->setLocals(&s);
// generate_LoadQmlContextPropertyLookup
#ifndef QT_NO_DEBUG
aotContext->setInstructionPointer(5);
#endif
while (!aotContext->loadScopeObjectPropertyLookup(1268, &s.v2_0)) {
#ifdef QT_NO_DEBUG
aotContext->setInstructionPointer(5);
#endif
aotContext->initLoadScopeObjectPropertyLookup(1268);
if (aotContext->engine->hasError()) {
aotContext->setReturnValueUndefined();
if (argv[0]) {
    *static_cast<QObject * *>(argv[0]) = nullptr;
}
return;
}
}
{
}
{
}
// generate_Ret
if (argv[0]) {
    *static_cast<QObject * *>(argv[0]) = s.v2_0;
}
return;
}
 },{ 425, 0, [](QV4::ExecutableCompilationUnit *contextUnit, QMetaType *argTypes) {
    struct { QV4::ExecutableCompilationUnit *compilationUnit; } c { contextUnit };
    const auto *aotContext = &c;
    Q_UNUSED(aotContext);
    argTypes[0] = QMetaType::fromType<double>();
}, 
    [](const QQmlPrivate::AOTCompiledContext *aotContext, void **argv) {
Q_UNUSED(aotContext)
Q_UNUSED(argv)
// expression for width at line 1257, column 17
struct Storage : QQmlPrivate::AOTTrackedLocalsStorage {
Storage(const QQmlPrivate::AOTCompiledContext *ctxt, void **a)   : aotContext(ctxt), argv(a) {}
void markObjects(QV4::MarkStack *markStack) const final {    Q_UNUSED(markStack);
    aotContext->mark(v2_0, markStack);
}
const QQmlPrivate::AOTCompiledContext *aotContext;
void **argv;
QObject *v2_0 = nullptr;
double v2_12;
double v2_14;
double v2_5;
};
Storage s(aotContext, argv);
aotContext->setLocals(&s);
// generate_LoadQmlContextPropertyLookup
#ifndef QT_NO_DEBUG
aotContext->setInstructionPointer(5);
#endif
while (!aotContext->loadScopeObjectPropertyLookup(1271, &s.v2_0)) {
#ifdef QT_NO_DEBUG
aotContext->setInstructionPointer(5);
#endif
aotContext->initLoadScopeObjectPropertyLookup(1271);
if (aotContext->engine->hasError()) {
aotContext->setReturnValueUndefined();
if (argv[0]) {
    *static_cast<double *>(argv[0]) = double();
}
return;
}
}
{
}
// generate_GetLookup
#ifndef QT_NO_DEBUG
aotContext->setInstructionPointer(10);
#endif
while (!aotContext->getObjectLookup(1272, s.v2_0, &s.v2_5)) {
#ifdef QT_NO_DEBUG
aotContext->setInstructionPointer(10);
#endif
aotContext->initGetObjectLookup(1272, s.v2_0);
if (aotContext->engine->hasError()) {
aotContext->setReturnValueUndefined();
if (argv[0]) {
    *static_cast<double *>(argv[0]) = double();
}
return;
}
}
{
}
// generate_StoreReg
{
}
// generate_LoadInt
s.v2_12 = double(48);
{
}
// generate_Sub
s.v2_14 = (s.v2_5 - s.v2_12);
{
}
{
}
// generate_Ret
if (argv[0]) {
    *static_cast<double *>(argv[0]) = s.v2_14;
}
return;
}
 },{ 426, 0, [](QV4::ExecutableCompilationUnit *contextUnit, QMetaType *argTypes) {
    struct { QV4::ExecutableCompilationUnit *compilationUnit; } c { contextUnit };
    const auto *aotContext = &c;
    Q_UNUSED(aotContext);
    argTypes[0] = []() { static const auto t = QMetaType::fromName("QQuickItem*"); return t; }();
}, 
    [](const QQmlPrivate::AOTCompiledContext *aotContext, void **argv) {
Q_UNUSED(aotContext)
Q_UNUSED(argv)
// expression for centerIn at line 1256, column 17
struct Storage : QQmlPrivate::AOTTrackedLocalsStorage {
Storage(const QQmlPrivate::AOTCompiledContext *ctxt, void **a)   : aotContext(ctxt), argv(a) {}
void markObjects(QV4::MarkStack *markStack) const final {    Q_UNUSED(markStack);
    aotContext->mark(v2_0, markStack);
}
const QQmlPrivate::AOTCompiledContext *aotContext;
void **argv;
QObject *v2_0 = nullptr;
};
Storage s(aotContext, argv);
aotContext->setLocals(&s);
// generate_LoadQmlContextPropertyLookup
#ifndef QT_NO_DEBUG
aotContext->setInstructionPointer(5);
#endif
while (!aotContext->loadScopeObjectPropertyLookup(1273, &s.v2_0)) {
#ifdef QT_NO_DEBUG
aotContext->setInstructionPointer(5);
#endif
aotContext->initLoadScopeObjectPropertyLookup(1273);
if (aotContext->engine->hasError()) {
aotContext->setReturnValueUndefined();
if (argv[0]) {
    *static_cast<QObject * *>(argv[0]) = nullptr;
}
return;
}
}
{
}
{
}
// generate_Ret
if (argv[0]) {
    *static_cast<QObject * *>(argv[0]) = s.v2_0;
}
return;
}
 },{ 433, 0, [](QV4::ExecutableCompilationUnit *contextUnit, QMetaType *argTypes) {
    struct { QV4::ExecutableCompilationUnit *compilationUnit; } c { contextUnit };
    const auto *aotContext = &c;
    Q_UNUSED(aotContext);
    argTypes[0] = []() { static const auto t = QMetaType::fromName("QQuickAnchorLine"); return t; }();
}, 
    [](const QQmlPrivate::AOTCompiledContext *aotContext, void **argv) {
Q_UNUSED(aotContext)
Q_UNUSED(argv)
// expression for right at line 1280, column 21
struct Storage : QQmlPrivate::AOTTrackedLocalsStorage {
Storage(const QQmlPrivate::AOTCompiledContext *ctxt, void **a)   : aotContext(ctxt), argv(a) {}
void markObjects(QV4::MarkStack *markStack) const final {    Q_UNUSED(markStack);
    aotContext->mark(v2_0, markStack);
    aotContext->mark(v2_5, markStack);
}
const QQmlPrivate::AOTCompiledContext *aotContext;
void **argv;
QObject *v2_0 = nullptr;
QVariant v2_5;
};
Storage s(aotContext, argv);
aotContext->setLocals(&s);
// generate_LoadQmlContextPropertyLookup
#ifndef QT_NO_DEBUG
aotContext->setInstructionPointer(5);
#endif
while (!aotContext->loadScopeObjectPropertyLookup(1306, &s.v2_0)) {
#ifdef QT_NO_DEBUG
aotContext->setInstructionPointer(5);
#endif
aotContext->initLoadScopeObjectPropertyLookup(1306);
if (aotContext->engine->hasError()) {
aotContext->setReturnValueUndefined();
if (argv[0]) {
    const QMetaType returnType = []() { static const auto t = QMetaType::fromName("QQuickAnchorLine"); return t; }();
    returnType.destruct(argv[0]);
    returnType.construct(argv[0]);
 }
return;
}
}
{
}
// generate_GetLookup
#ifndef QT_NO_DEBUG
aotContext->setInstructionPointer(10);
#endif
s.v2_5 = QVariant(aotContext->lookupResultMetaType(1307));
while (!aotContext->getObjectLookup(1307, s.v2_0, s.v2_5.data())) {
#ifdef QT_NO_DEBUG
aotContext->setInstructionPointer(10);
#endif
aotContext->initGetObjectLookup(1307, s.v2_0);
if (aotContext->engine->hasError()) {
aotContext->setReturnValueUndefined();
if (argv[0]) {
    const QMetaType returnType = []() { static const auto t = QMetaType::fromName("QQuickAnchorLine"); return t; }();
    returnType.destruct(argv[0]);
    returnType.construct(argv[0]);
 }
return;
}
s.v2_5 = QVariant(aotContext->lookupResultMetaType(1307));
}
{
}
{
}
// generate_Ret
if (argv[0]) {
    if (!s.v2_5.isValid())
        aotContext->setReturnValueUndefined();
    const QMetaType returnType = s.v2_5.metaType();
    returnType.destruct(argv[0]);
    returnType.construct(argv[0], s.v2_5.data());
}
return;
}
 },{ 438, 0, [](QV4::ExecutableCompilationUnit *contextUnit, QMetaType *argTypes) {
    struct { QV4::ExecutableCompilationUnit *compilationUnit; } c { contextUnit };
    const auto *aotContext = &c;
    Q_UNUSED(aotContext);
    argTypes[0] = QMetaType();
}, 
    [](const QQmlPrivate::AOTCompiledContext *aotContext, void **argv) {
Q_UNUSED(aotContext)
Q_UNUSED(argv)
// expression for onOpacityChanged at line 1339, column 9
struct Storage : QQmlPrivate::AOTTrackedLocalsStorage {
Storage(const QQmlPrivate::AOTCompiledContext *ctxt, void **a)   : aotContext(ctxt), argv(a) {}
void markObjects(QV4::MarkStack *markStack) const final {    Q_UNUSED(markStack);
}
const QQmlPrivate::AOTCompiledContext *aotContext;
void **argv;
bool v2_13;
bool v2_9;
double v2_1;
int v2_8;
};
Storage s(aotContext, argv);
aotContext->setLocals(&s);
// generate_CreateCallContext
{
{
}
// generate_LoadQmlContextPropertyLookup
#ifndef QT_NO_DEBUG
aotContext->setInstructionPointer(6);
#endif
while (!aotContext->loadScopeObjectPropertyLookup(1326, &s.v2_1)) {
#ifdef QT_NO_DEBUG
aotContext->setInstructionPointer(6);
#endif
aotContext->initLoadScopeObjectPropertyLookup(1326);
if (aotContext->engine->hasError()) {
aotContext->setReturnValueUndefined();
return;
}
}
{
}
// generate_StoreReg
{
}
// generate_LoadZero
s.v2_8 = 0;
{
}
// generate_CmpStrictEqual
s.v2_9 = s.v2_1 == double(s.v2_8);
{
}
// generate_JumpFalse
if (!s.v2_9) {
    goto label_0;
}
{
}
// generate_LoadFalse
s.v2_13 = false;
{
}
{
}
// generate_StoreNameSloppy
aotContext->storeNameSloppy(8, &s.v2_13, QMetaType::fromType<bool>());
{
}
{
}
label_0:;
// generate_PopContext
{}
}
{
}
{
}
// generate_Ret
return;
}
 },{ 439, 0, [](QV4::ExecutableCompilationUnit *contextUnit, QMetaType *argTypes) {
    struct { QV4::ExecutableCompilationUnit *compilationUnit; } c { contextUnit };
    const auto *aotContext = &c;
    Q_UNUSED(aotContext);
    argTypes[0] = []() { static const auto t = QMetaType::fromName("QQuickItem*"); return t; }();
}, 
    [](const QQmlPrivate::AOTCompiledContext *aotContext, void **argv) {
Q_UNUSED(aotContext)
Q_UNUSED(argv)
// expression for fill at line 1308, column 9
struct Storage : QQmlPrivate::AOTTrackedLocalsStorage {
Storage(const QQmlPrivate::AOTCompiledContext *ctxt, void **a)   : aotContext(ctxt), argv(a) {}
void markObjects(QV4::MarkStack *markStack) const final {    Q_UNUSED(markStack);
    aotContext->mark(v2_0, markStack);
}
const QQmlPrivate::AOTCompiledContext *aotContext;
void **argv;
QObject *v2_0 = nullptr;
};
Storage s(aotContext, argv);
aotContext->setLocals(&s);
// generate_LoadQmlContextPropertyLookup
#ifndef QT_NO_DEBUG
aotContext->setInstructionPointer(5);
#endif
while (!aotContext->loadScopeObjectPropertyLookup(1327, &s.v2_0)) {
#ifdef QT_NO_DEBUG
aotContext->setInstructionPointer(5);
#endif
aotContext->initLoadScopeObjectPropertyLookup(1327);
if (aotContext->engine->hasError()) {
aotContext->setReturnValueUndefined();
if (argv[0]) {
    *static_cast<QObject * *>(argv[0]) = nullptr;
}
return;
}
}
{
}
{
}
// generate_Ret
if (argv[0]) {
    *static_cast<QObject * *>(argv[0]) = s.v2_0;
}
return;
}
 },{ 440, 0, [](QV4::ExecutableCompilationUnit *contextUnit, QMetaType *argTypes) {
    struct { QV4::ExecutableCompilationUnit *compilationUnit; } c { contextUnit };
    const auto *aotContext = &c;
    Q_UNUSED(aotContext);
    argTypes[0] = []() { static const auto t = QMetaType::fromName("QQuickItem*"); return t; }();
}, 
    [](const QQmlPrivate::AOTCompiledContext *aotContext, void **argv) {
Q_UNUSED(aotContext)
Q_UNUSED(argv)
// expression for centerIn at line 1313, column 13
struct Storage : QQmlPrivate::AOTTrackedLocalsStorage {
Storage(const QQmlPrivate::AOTCompiledContext *ctxt, void **a)   : aotContext(ctxt), argv(a) {}
void markObjects(QV4::MarkStack *markStack) const final {    Q_UNUSED(markStack);
    aotContext->mark(v2_0, markStack);
}
const QQmlPrivate::AOTCompiledContext *aotContext;
void **argv;
QObject *v2_0 = nullptr;
};
Storage s(aotContext, argv);
aotContext->setLocals(&s);
// generate_LoadQmlContextPropertyLookup
#ifndef QT_NO_DEBUG
aotContext->setInstructionPointer(5);
#endif
while (!aotContext->loadScopeObjectPropertyLookup(1328, &s.v2_0)) {
#ifdef QT_NO_DEBUG
aotContext->setInstructionPointer(5);
#endif
aotContext->initLoadScopeObjectPropertyLookup(1328);
if (aotContext->engine->hasError()) {
aotContext->setReturnValueUndefined();
if (argv[0]) {
    *static_cast<QObject * *>(argv[0]) = nullptr;
}
return;
}
}
{
}
{
}
// generate_Ret
if (argv[0]) {
    *static_cast<QObject * *>(argv[0]) = s.v2_0;
}
return;
}
 },{ 441, 0, [](QV4::ExecutableCompilationUnit *contextUnit, QMetaType *argTypes) {
    struct { QV4::ExecutableCompilationUnit *compilationUnit; } c { contextUnit };
    const auto *aotContext = &c;
    Q_UNUSED(aotContext);
    argTypes[0] = []() { static const auto t = QMetaType::fromName("QQuickImage::FillMode"); return t; }();
}, 
    [](const QQmlPrivate::AOTCompiledContext *aotContext, void **argv) {
Q_UNUSED(aotContext)
Q_UNUSED(argv)
// expression for fillMode at line 1319, column 17
struct Storage : QQmlPrivate::AOTTrackedLocalsStorage {
Storage(const QQmlPrivate::AOTCompiledContext *ctxt, void **a)   : aotContext(ctxt), argv(a) {}
void markObjects(QV4::MarkStack *markStack) const final {    Q_UNUSED(markStack);
}
const QQmlPrivate::AOTCompiledContext *aotContext;
void **argv;
int v2_5;
};
Storage s(aotContext, argv);
aotContext->setLocals(&s);
{
}
// generate_GetLookup
#ifndef QT_NO_DEBUG
aotContext->setInstructionPointer(10);
#endif
while (!aotContext->getEnumLookup(1330, &s.v2_5)) {
#ifdef QT_NO_DEBUG
aotContext->setInstructionPointer(10);
#endif
aotContext->initGetEnumLookup(1330, []() { static const auto t = QMetaType::fromName("QQuickImage*"); return t; }().metaObject(), "FillMode", "PreserveAspectFit");
if (aotContext->engine->hasError()) {
aotContext->setReturnValueUndefined();
if (argv[0]) {
    const QMetaType returnType = []() { static const auto t = QMetaType::fromName("QQuickImage::FillMode"); return t; }();
    returnType.destruct(argv[0]);
    returnType.construct(argv[0]);
 }
return;
}
}
{
}
{
}
// generate_Ret
if (argv[0]) {
    const QMetaType returnType = QMetaType::fromType<int>();
    returnType.destruct(argv[0]);
    returnType.construct(argv[0], &s.v2_5);
}
return;
}
 },{ 442, 0, [](QV4::ExecutableCompilationUnit *contextUnit, QMetaType *argTypes) {
    struct { QV4::ExecutableCompilationUnit *compilationUnit; } c { contextUnit };
    const auto *aotContext = &c;
    Q_UNUSED(aotContext);
    argTypes[0] = []() { static const auto t = QMetaType::fromName("QQuickAnchorLine"); return t; }();
}, 
    [](const QQmlPrivate::AOTCompiledContext *aotContext, void **argv) {
Q_UNUSED(aotContext)
Q_UNUSED(argv)
// expression for horizontalCenter at line 1320, column 17
struct Storage : QQmlPrivate::AOTTrackedLocalsStorage {
Storage(const QQmlPrivate::AOTCompiledContext *ctxt, void **a)   : aotContext(ctxt), argv(a) {}
void markObjects(QV4::MarkStack *markStack) const final {    Q_UNUSED(markStack);
    aotContext->mark(v2_0, markStack);
    aotContext->mark(v2_5, markStack);
}
const QQmlPrivate::AOTCompiledContext *aotContext;
void **argv;
QObject *v2_0 = nullptr;
QVariant v2_5;
};
Storage s(aotContext, argv);
aotContext->setLocals(&s);
// generate_LoadQmlContextPropertyLookup
#ifndef QT_NO_DEBUG
aotContext->setInstructionPointer(5);
#endif
while (!aotContext->loadScopeObjectPropertyLookup(1331, &s.v2_0)) {
#ifdef QT_NO_DEBUG
aotContext->setInstructionPointer(5);
#endif
aotContext->initLoadScopeObjectPropertyLookup(1331);
if (aotContext->engine->hasError()) {
aotContext->setReturnValueUndefined();
if (argv[0]) {
    const QMetaType returnType = []() { static const auto t = QMetaType::fromName("QQuickAnchorLine"); return t; }();
    returnType.destruct(argv[0]);
    returnType.construct(argv[0]);
 }
return;
}
}
{
}
// generate_GetLookup
#ifndef QT_NO_DEBUG
aotContext->setInstructionPointer(10);
#endif
s.v2_5 = QVariant(aotContext->lookupResultMetaType(1332));
while (!aotContext->getObjectLookup(1332, s.v2_0, s.v2_5.data())) {
#ifdef QT_NO_DEBUG
aotContext->setInstructionPointer(10);
#endif
aotContext->initGetObjectLookup(1332, s.v2_0);
if (aotContext->engine->hasError()) {
aotContext->setReturnValueUndefined();
if (argv[0]) {
    const QMetaType returnType = []() { static const auto t = QMetaType::fromName("QQuickAnchorLine"); return t; }();
    returnType.destruct(argv[0]);
    returnType.construct(argv[0]);
 }
return;
}
s.v2_5 = QVariant(aotContext->lookupResultMetaType(1332));
}
{
}
{
}
// generate_Ret
if (argv[0]) {
    if (!s.v2_5.isValid())
        aotContext->setReturnValueUndefined();
    const QMetaType returnType = s.v2_5.metaType();
    returnType.destruct(argv[0]);
    returnType.construct(argv[0], s.v2_5.data());
}
return;
}
 },{ 445, 0, [](QV4::ExecutableCompilationUnit *contextUnit, QMetaType *argTypes) {
    struct { QV4::ExecutableCompilationUnit *compilationUnit; } c { contextUnit };
    const auto *aotContext = &c;
    Q_UNUSED(aotContext);
    argTypes[0] = QMetaType();
}, 
    [](const QQmlPrivate::AOTCompiledContext *aotContext, void **argv) {
Q_UNUSED(aotContext)
Q_UNUSED(argv)
// expression for onTriggered at line 1334, column 13
struct Storage : QQmlPrivate::AOTTrackedLocalsStorage {
Storage(const QQmlPrivate::AOTCompiledContext *ctxt, void **a)   : aotContext(ctxt), argv(a) {}
void markObjects(QV4::MarkStack *markStack) const final {    Q_UNUSED(markStack);
    aotContext->mark(v2_1, markStack);
}
const QQmlPrivate::AOTCompiledContext *aotContext;
void **argv;
QObject *v2_1 = nullptr;
double v2_8;
};
Storage s(aotContext, argv);
aotContext->setLocals(&s);
// generate_CreateCallContext
{
{
}
// generate_LoadQmlContextPropertyLookup
#ifndef QT_NO_DEBUG
aotContext->setInstructionPointer(6);
#endif
while (!aotContext->loadContextIdLookup(1337, &s.v2_1)) {
#ifdef QT_NO_DEBUG
aotContext->setInstructionPointer(6);
#endif
aotContext->initLoadContextIdLookup(1337);
if (aotContext->engine->hasError()) {
aotContext->setReturnValueUndefined();
return;
}
}
{
}
// generate_StoreReg
{
}
// generate_LoadZero
s.v2_8 = double(0);
{
}
{
}
// generate_SetLookup
{
#ifndef QT_NO_DEBUG
aotContext->setInstructionPointer(20);
#endif
while (!aotContext->setObjectLookup(1338, s.v2_1, &s.v2_8)) {
#ifdef QT_NO_DEBUG
aotContext->setInstructionPointer(20);
#endif
aotContext->initSetObjectLookup(1338, s.v2_1);
if (aotContext->engine->hasError()) {
aotContext->setReturnValueUndefined();
return;
}
}
}
{
}
{
}
// generate_PopContext
{}
}
{
}
{
}
// generate_Ret
return;
}
 },{ 447, 0, [](QV4::ExecutableCompilationUnit *contextUnit, QMetaType *argTypes) {
    struct { QV4::ExecutableCompilationUnit *compilationUnit; } c { contextUnit };
    const auto *aotContext = &c;
    Q_UNUSED(aotContext);
    argTypes[0] = []() { static const auto t = QMetaType::fromName("QQmlEasing::Type"); return t; }();
}, 
    [](const QQmlPrivate::AOTCompiledContext *aotContext, void **argv) {
Q_UNUSED(aotContext)
Q_UNUSED(argv)
// expression for type at line 1337, column 54
struct Storage : QQmlPrivate::AOTTrackedLocalsStorage {
Storage(const QQmlPrivate::AOTCompiledContext *ctxt, void **a)   : aotContext(ctxt), argv(a) {}
void markObjects(QV4::MarkStack *markStack) const final {    Q_UNUSED(markStack);
}
const QQmlPrivate::AOTCompiledContext *aotContext;
void **argv;
int v2_5;
};
Storage s(aotContext, argv);
aotContext->setLocals(&s);
{
}
// generate_GetLookup
#ifndef QT_NO_DEBUG
aotContext->setInstructionPointer(10);
#endif
while (!aotContext->getEnumLookup(1342, &s.v2_5)) {
#ifdef QT_NO_DEBUG
aotContext->setInstructionPointer(10);
#endif
aotContext->initGetEnumLookup(1342, []() { static const auto t = QMetaType::fromName("QQmlEasing*"); return t; }().metaObject(), "Type", "OutCubic");
if (aotContext->engine->hasError()) {
aotContext->setReturnValueUndefined();
if (argv[0]) {
    const QMetaType returnType = []() { static const auto t = QMetaType::fromName("QQmlEasing::Type"); return t; }();
    returnType.destruct(argv[0]);
    returnType.construct(argv[0]);
 }
return;
}
}
{
}
{
}
// generate_Ret
if (argv[0]) {
    const QMetaType returnType = QMetaType::fromType<int>();
    returnType.destruct(argv[0]);
    returnType.construct(argv[0], &s.v2_5);
}
return;
}
 },{ 0, 0, nullptr, nullptr }};
}
}
