/****************************************************************************
** Resource object code
**
** Created by: The Resource Compiler for Qt version 6.11.1
**
** WARNING! All changes made in this file will be lost!
*****************************************************************************/

#ifdef _MSC_VER
// disable informational message "function ... selected for automatic inline expansion"
#pragma warning (disable: 4711)
#endif

static const unsigned char qt_resource_data[] = {
  // Main.qml
  0x0,0x0,0x20,0xc2,
  0x28,
  0xb5,0x2f,0xfd,0x60,0x8c,0xe5,0xc5,0x5,0x1,0x2a,0xba,0x20,0x22,0x46,0x10,0x6d,
  0xb8,0x39,0x0,0x0,0x0,0x0,0x83,0x48,0x94,0x11,0x10,0x1,0xe4,0xe7,0x82,0xb1,
  0x92,0x67,0xc1,0xf9,0xe5,0x6,0xfb,0x3b,0x45,0xfe,0x16,0xb9,0x42,0x9c,0x44,0x28,
  0x91,0x9c,0xdd,0x27,0xd6,0x12,0xe0,0xd0,0x3f,0x9c,0xe9,0xaf,0x50,0xe0,0xdf,0x98,
  0xe1,0x2f,0x5b,0x85,0x3e,0xec,0xcd,0xd6,0xd6,0x8c,0xc,0x4e,0xd,0xdb,0x44,0x0,
  0xc0,0x0,0x8e,0x6,0xd,0x2,0xd,0x2,0x15,0x2,0x13,0x13,0x99,0x8c,0x84,0x4,
  0x6,0x73,0x51,0x8a,0x9,0x5f,0xb1,0xe3,0x23,0xcf,0xd9,0x3d,0xea,0xf7,0xe3,0xd9,
  0x57,0x3,0x22,0xba,0x44,0xfc,0x22,0x77,0x24,0xec,0xaa,0xa1,0x18,0x7e,0x36,0xb2,
  0xe7,0x3b,0x2e,0x76,0xa8,0x45,0xd2,0xf7,0xd9,0x58,0x5,0x81,0x8d,0x7f,0x4b,0xbd,
  0x8c,0x14,0xd4,0xd2,0xe0,0x50,0xca,0xf,0xe5,0xdd,0x93,0x98,0xfa,0x6a,0x6f,0xc2,
  0xaf,0xab,0xc,0x5b,0x3,0x29,0xf7,0xa5,0xfe,0xdd,0xfb,0x29,0x35,0x1e,0xa9,0x30,
  0xcc,0x62,0xbb,0x42,0xb8,0x9,0x21,0x6d,0x40,0x7c,0x50,0xcb,0xe1,0xba,0xf4,0x98,
  0x5b,0x62,0x95,0xb4,0xf6,0xe6,0xaa,0x4f,0x17,0xff,0x63,0xc8,0x4e,0x59,0xe8,0xa4,
  0x9c,0x3d,0x1c,0xbf,0xb7,0x89,0x92,0x13,0x49,0x13,0xc4,0x49,0x98,0xdb,0xb7,0xc1,
  0x4d,0x97,0x86,0x4e,0x71,0x21,0x50,0x70,0x62,0xb1,0x38,0x96,0x69,0xe2,0xa4,0x77,
  0x7e,0xca,0x62,0x81,0x80,0xa0,0xb2,0x1e,0x2a,0x9b,0xf,0x16,0x11,0xc5,0x7a,0x8a,
  0x22,0xa5,0x58,0x2c,0x22,0x16,0x11,0x8b,0x61,0x63,0xd,0x58,0x24,0x7e,0xb,0xa7,
  0x49,0xca,0x62,0xcf,0xf7,0xc8,0xa7,0x3a,0xe9,0x23,0x47,0xc9,0x6d,0x92,0xd3,0xf1,
  0xa1,0x0,0x5f,0xd2,0x42,0x39,0x7d,0x86,0x9d,0x4,0xa7,0x2,0x9b,0x9c,0x1b,0x93,
  0x2f,0x28,0xb1,0x5f,0xe6,0x78,0x52,0x91,0x5,0x1f,0x9c,0x44,0x51,0xf2,0xb9,0xef,
  0x21,0x2c,0xe5,0x70,0x30,0x30,0x38,0x38,0x2c,0xbd,0xd0,0xe8,0x23,0x52,0xb,0xb,
  0xb,0xd5,0x38,0xbb,0x9f,0x78,0xdb,0x28,0x71,0x26,0xff,0x8b,0x1d,0x86,0x51,0xcb,
  0x3b,0xec,0xcb,0xca,0xc9,0xc8,0xd8,0x54,0x58,0x90,0xc0,0x98,0xb0,0xa0,0x71,0x21,
  0x83,0x23,0x83,0x91,0xc1,0x7c,0x68,0x6f,0x53,0xb1,0x51,0xa1,0xc1,0xb1,0xe1,0xec,
  0xd5,0x2e,0x7c,0xec,0xdd,0xa0,0xb8,0xf8,0xbb,0xce,0xe6,0xa2,0xa1,0x9f,0xcc,0xc9,
  0xc9,0x69,0x8,0x46,0x79,0x2d,0x4f,0x8f,0x3c,0x22,0x9f,0x2,0xe,0x4e,0x36,0x4,
  0x98,0x12,0xca,0x17,0x45,0xdf,0x5f,0x55,0xa8,0xf5,0x5a,0xd6,0xac,0x55,0x15,0x98,
  0x8b,0x5a,0xda,0x5f,0xd,0xe2,0x6e,0xbe,0x5a,0xc,0x3f,0xed,0x5d,0xf2,0x52,0x4e,
  0xb5,0xae,0x56,0x55,0x5,0x20,0x80,0x8,0x34,0x4,0x72,0xdc,0x66,0x24,0xb6,0x6,
  0xea,0x3b,0x19,0x5a,0xd,0x99,0x84,0xdb,0x19,0xe,0xe5,0xfc,0x28,0x39,0xd4,0xc8,
  0xeb,0x2e,0x81,0x4f,0x40,0x7f,0x4a,0x6e,0x6b,0x0,0x2,0x88,0xba,0x2c,0xba,0x36,
  0x2a,0x3a,0xe0,0xe,0x58,0x9e,0xe3,0x17,0xe5,0xb3,0xf8,0x93,0x97,0x5a,0x1e,0x65,
  0x7b,0x3f,0xbe,0x34,0x66,0xed,0x9c,0x91,0xc5,0xce,0xae,0xee,0x1,0xbd,0xe6,0xca,
  0x4f,0x88,0x47,0x36,0x48,0xe1,0x7a,0xbe,0xeb,0xfe,0x5e,0xfb,0xbc,0x29,0x65,0x92,
  0x50,0xba,0x42,0x8e,0x71,0xb5,0x47,0x71,0x4e,0xdd,0x97,0x93,0xf4,0x82,0xdc,0x98,
  0x72,0xb6,0x5b,0x2b,0x65,0xca,0xdf,0xd7,0x1a,0xf7,0xb9,0x5a,0x20,0xee,0x12,0x9e,
  0xca,0x25,0xd,0x55,0x83,0xb,0x4e,0x54,0xf3,0x85,0x9c,0x7,0x80,0x0,0x28,0x90,
  0xbc,0x62,0x83,0x34,0xf6,0x6e,0xca,0x1,0x5,0x27,0xca,0xdf,0x9d,0x47,0x79,0x93,
  0x2e,0x61,0xa8,0x83,0x5a,0x2c,0x1,0x6a,0xc5,0xce,0xe6,0x76,0x1e,0x63,0x8,0x92,
  0x1f,0x14,0x12,0x19,0xb8,0x90,0xc9,0xd7,0x72,0x6,0xb5,0xb2,0xd8,0x6f,0x39,0x5f,
  0x4e,0x2d,0x8,0x1b,0xa3,0x7c,0x4a,0xed,0xc5,0x8d,0x5b,0x7,0x23,0xf3,0x7c,0xfe,
  0x9d,0xfc,0x6c,0x38,0xc8,0x19,0x2e,0x11,0xff,0xbe,0x7,0x24,0x63,0xc6,0x86,0x17,
  0xe9,0xf0,0x22,0x3e,0x97,0xe1,0xd3,0x6a,0x62,0x3,0xa,0x4e,0x2e,0xfb,0x31,0x3b,
  0xd7,0xd0,0x4e,0x8e,0xac,0xc4,0x3,0xbb,0x18,0xf2,0x22,0xce,0x70,0x9f,0xeb,0xe4,
  0x38,0xe5,0x73,0x2e,0x91,0x9b,0x66,0x3b,0x3b,0x2f,0x32,0xf2,0x24,0xfc,0x74,0x46,
  0x5e,0xc3,0x57,0xe9,0xe4,0x5,0x99,0x35,0x90,0x87,0x17,0xb9,0x58,0x17,0xd5,0x6f,
  0x4c,0x37,0x29,0x3d,0x8c,0x4c,0x9,0x92,0x97,0x6a,0x54,0x37,0x5f,0x1,0x6,0x27,
  0x57,0xcf,0x4c,0x41,0x34,0xbc,0x88,0x86,0xc9,0x98,0xbc,0xa2,0x2,0x24,0xd4,0x27,
  0xf0,0x98,0xea,0x39,0x91,0xa4,0xe1,0x93,0x39,0xe6,0x11,0xbd,0x56,0x42,0xc,0xe3,
  0xa0,0x31,0xd1,0x90,0xbf,0x73,0x39,0xf6,0x74,0x84,0x90,0x24,0xf5,0x78,0x80,0x8,
  0x74,0x5f,0xad,0xac,0xa3,0xd6,0x5c,0x8c,0x67,0x5e,0xd6,0xbc,0x75,0xf3,0x6f,0xf5,
  0xd6,0xd0,0xe4,0x12,0x96,0xd4,0xbb,0xc8,0x9d,0x4a,0x5,0xc3,0x45,0x2b,0xda,0x1e,
  0x20,0xfa,0x43,0x44,0x84,0xf6,0x59,0x64,0x48,0xf9,0x86,0x53,0xdf,0x6a,0x80,0x76,
  0xeb,0x33,0x94,0x2c,0x28,0x5c,0x2a,0xd3,0x37,0x85,0xd6,0x7f,0x1e,0x53,0x62,0xb1,
  0x5d,0x59,0x7b,0xc5,0xa4,0x46,0x93,0xb3,0xac,0x27,0xc8,0x84,0x5a,0x70,0x4b,0x26,
  0x6b,0x22,0x50,0xe9,0x67,0xe4,0x11,0x6,0x9d,0xa8,0xe8,0x92,0xa8,0x80,0xa9,0x30,
  0xf5,0x52,0xc1,0x42,0x27,0x57,0xa,0x7f,0x44,0xf9,0x9c,0xcd,0x7d,0xe7,0x18,0x25,
  0xe7,0x4d,0x18,0x84,0xa7,0x6e,0xbd,0xf0,0xf1,0x6c,0xff,0x4e,0x55,0x55,0x17,0x2d,
  0x40,0xaf,0xd8,0xc9,0x49,0x69,0xbf,0x1d,0xb5,0x34,0xc2,0xe0,0xd0,0x48,0x23,0xf4,
  0x62,0x93,0xde,0xb8,0xd0,0x8b,0x5a,0x60,0xd0,0x4f,0xf6,0xc9,0x24,0xc,0x8e,0xdf,
  0x38,0xf6,0xc7,0x9d,0xdb,0x91,0x70,0x1b,0x2b,0x46,0xf9,0xa2,0x24,0x98,0xa0,0x1c,
  0x2b,0xd5,0x4a,0x2d,0xbe,0x64,0x47,0xa7,0xdd,0x76,0x5e,0x2a,0xa3,0x52,0x28,0xd7,
  0xdc,0xa7,0x20,0xb5,0x2a,0x97,0xa4,0xdb,0x6c,0x2c,0xca,0xa7,0x14,0xf8,0x5b,0xb,
  0xd9,0xe7,0xce,0x14,0xd2,0x89,0x20,0xa9,0x79,0x2c,0x76,0xb8,0x18,0x73,0xfb,0x5c,
  0x83,0xb7,0x6,0x1,0x11,0x81,0x50,0x88,0xcc,0x71,0xd0,0x70,0x69,0xc4,0xce,0xf8,
  0xb3,0x81,0x21,0x5f,0x4a,0x9,0xcd,0x9d,0x9f,0x86,0x4a,0x71,0x7e,0xb9,0xe1,0x7b,
  0x83,0x61,0x96,0xc9,0xa7,0x40,0xdc,0xb,0x6c,0x52,0x42,0xe0,0x61,0xc3,0xe1,0x60,
  0x60,0x70,0x70,0xe8,0x47,0x24,0xbf,0x5b,0x95,0xaf,0x23,0x6f,0x3f,0xba,0x51,0x8a,
  0x72,0x2c,0x18,0x16,0xe,0xcb,0x87,0x5a,0x93,0x5f,0xbd,0x7,0x70,0x62,0xbf,0x9,
  0x6f,0x90,0x38,0x1f,0x79,0xe3,0x39,0x57,0xe3,0x78,0x27,0x3d,0x24,0x8,0x97,0xc8,
  0xe,0x75,0xcd,0xbd,0xe2,0xbe,0x67,0x72,0x4a,0x7,0x18,0x40,0x37,0x7e,0xa,0xf,
  0x70,0x87,0xaa,0xa,0x9b,0xd,0xbf,0x59,0x45,0x20,0x5a,0x85,0xc1,0x74,0xc6,0x83,
  0x13,0x62,0x8c,0xd1,0x5,0x96,0x5e,0x28,0x6,0x9d,0x98,0x26,0xc,0xa6,0xc2,0x8,
  0x25,0x74,0x0,0x1f,0xf5,0x1e,0xf7,0x32,0xf0,0xe0,0xe4,0xd2,0x8b,0x4b,0xf2,0x0,
  0xf1,0xc1,0x2d,0xf4,0xb2,0x2e,0xb4,0xb,0xca,0x8f,0xf6,0x26,0xdd,0xdf,0x8c,0xbe,
  0x78,0x76,0x47,0xc2,0x73,0x42,0xe1,0xe4,0xa,0x93,0xa1,0xf0,0x8f,0x5c,0xc2,0x9b,
  0x9c,0x98,0x7a,0x54,0xb8,0x3c,0x95,0x92,0xc5,0xde,0xfa,0x2b,0x93,0x2b,0x95,0xd,
  0x76,0x64,0x9c,0x9e,0x69,0x4d,0xcf,0x21,0x19,0x29,0x64,0x90,0x70,0x84,0x46,0xfa,
  0x51,0x42,0xd0,0x95,0x1a,0x20,0x51,0x41,0xc9,0xae,0xfd,0x44,0x54,0xc0,0xbe,0x37,
  0x7e,0x25,0xd0,0x87,0x33,0x45,0xd1,0x6,0xc3,0xa2,0xd4,0xcc,0xfc,0x2e,0x42,0xa7,
  0x62,0xb0,0xd0,0x9,0xa4,0x94,0x90,0x52,0x4c,0x24,0xb5,0x2e,0xce,0xe2,0x6a,0x6f,
  0xa1,0xc7,0x2,0x13,0x98,0x90,0xa,0xb,0xc,0x64,0x2a,0xaa,0x83,0xc5,0x6f,0x76,
  0x52,0xcb,0x0,0xa2,0xb6,0xce,0x8,0xc9,0xb6,0xb6,0x14,0xc4,0x7,0x7,0xf1,0xc5,
  0xf0,0xad,0x3d,0x64,0xa,0x77,0x7e,0xc7,0x51,0x35,0xd3,0x64,0x95,0x50,0xf6,0xd5,
  0xb4,0x6f,0x90,0xf2,0x26,0x9f,0x33,0xec,0xd7,0xa,0xc7,0x7c,0x49,0xdf,0x58,0x47,
  0x45,0x63,0x1a,0xe1,0xc0,0x14,0x24,0x95,0x40,0x2,0xc5,0x28,0x20,0xec,0x8f,0x3a,
  0x1,0x3f,0x57,0x7b,0xa5,0x5c,0x9d,0x84,0xb,0x39,0xef,0x4b,0x1f,0x76,0xbb,0x31,
  0x65,0x9c,0xd1,0x2e,0x27,0x11,0x4c,0xa8,0x10,0xc2,0x9d,0x67,0x26,0xa7,0x16,0xa0,
  0x12,0x2a,0x81,0x32,0xfc,0x67,0xbf,0x68,0x44,0xc6,0x12,0x5d,0xec,0xdd,0x72,0xbf,
  0x21,0x83,0xb9,0x54,0x12,0xd4,0xe4,0xdc,0xc9,0xa7,0xf9,0x8e,0x53,0xf,0xb1,0x6,
  0x42,0xad,0x3a,0xc7,0x69,0x36,0xf9,0x2f,0x3f,0xfa,0x8e,0x99,0x22,0xf,0xe,0x20,
  0x9e,0x8a,0xba,0x54,0x14,0x6a,0xcd,0xee,0x52,0x8d,0x4,0x55,0xa9,0x25,0x27,0x7f,
  0xb6,0x6e,0x3,0xc5,0x1c,0x27,0xdf,0x13,0x25,0x7f,0xc7,0xc6,0x62,0x7,0xa5,0x96,
  0x73,0x52,0xc2,0xd0,0x4b,0xdd,0xad,0xe3,0x6,0x6e,0xbf,0x56,0x11,0x7,0xee,0xeb,
  0xa7,0x24,0xd4,0xf2,0xae,0xaf,0x9d,0x16,0x5e,0x66,0x58,0x88,0x1d,0x93,0x3f,0xf2,
  0xa3,0x34,0xc2,0x48,0xb1,0x9b,0x54,0x6,0x43,0x51,0xb0,0xdf,0xf5,0xbb,0x8f,0xba,
  0xf7,0x16,0x3b,0xb5,0xb4,0xa7,0xd7,0x94,0x1f,0x57,0x8a,0xf6,0xbe,0x41,0xbe,0xe9,
  0x6a,0x2c,0xd0,0xa1,0x41,0x53,0xc1,0x89,0x92,0x73,0xc5,0xcd,0x90,0xc5,0xfe,0xd8,
  0xd2,0x83,0xb9,0xd5,0x3c,0x53,0xba,0xc6,0xe4,0x12,0xa9,0x2d,0xcf,0x8d,0xc7,0xde,
  0x67,0xef,0x64,0x87,0x2f,0x14,0xc3,0xe4,0xbb,0xd4,0x22,0x93,0xad,0x5d,0x8a,0x97,
  0x4e,0x7a,0xb9,0x78,0xf6,0x72,0xb1,0xd3,0x8,0x89,0x93,0x9c,0x25,0x92,0xbe,0x21,
  0xe7,0x94,0x8c,0x1a,0xd,0x9,0x26,0xe8,0xc5,0x84,0x1a,0x30,0x45,0xd6,0x34,0x81,
  0x5e,0x2a,0xe8,0x88,0xf7,0x75,0xc1,0x1f,0x18,0x1c,0xcc,0x13,0xbb,0xae,0xf5,0xb8,
  0x84,0xd0,0x8b,0x67,0xf2,0x3f,0x43,0x86,0xa0,0x3d,0x90,0x4d,0x3a,0x4a,0x4c,0x35,
  0x23,0xb1,0x35,0x11,0xe4,0xcf,0xa4,0xb8,0x4,0x0,0x4,0x10,0x62,0xe2,0xf0,0xfa,
  0xd3,0x71,0xbe,0xe3,0xa0,0xa1,0x16,0x73,0xa1,0xf7,0x65,0xd5,0x4c,0xd9,0x25,0xab,
  0x31,0x86,0x44,0xe6,0x7b,0x23,0x93,0x95,0xb8,0x3,0x32,0x93,0xd0,0x81,0x4d,0xb3,
  0xf8,0xb3,0xfb,0x5a,0x2c,0x70,0x23,0xb1,0x3c,0x89,0xc5,0x7a,0x93,0x44,0x4a,0x80,
  0x2f,0x74,0x92,0x57,0xec,0x54,0xf3,0x9d,0xaf,0x1e,0xe,0x72,0x83,0x52,0x21,0xf8,
  0x91,0xe3,0x6e,0x93,0xb9,0xb9,0x8f,0xaf,0x8e,0x14,0xdf,0xd8,0xe8,0x0,0xc1,0x54,
  0x15,0xc5,0x87,0x5a,0xe,0xfe,0x42,0xc,0x72,0x87,0xc1,0xf0,0xba,0xba,0x43,0x61,
  0x99,0x4a,0x42,0xb,0xa0,0x54,0x15,0x98,0x88,0xba,0x98,0xe3,0x7a,0xc4,0x2f,0xae,
  0x84,0xae,0xe5,0x9,0x37,0x4a,0xb5,0x3e,0xec,0xee,0xa3,0x3c,0x57,0x9d,0xdb,0x44,
  0x73,0xb1,0xf6,0x3a,0xf9,0xb1,0x73,0xb8,0xb1,0xb3,0x9e,0x1c,0x94,0xba,0xe2,0xaa,
  0x86,0x3e,0x7a,0x31,0xd7,0xc9,0xc9,0x31,0xb9,0x74,0xa9,0x50,0xf1,0xa7,0x20,0x9,
  0xe1,0x82,0x42,0x68,0x45,0x46,0x23,0x5a,0x29,0x15,0xa6,0xc2,0x80,0xf8,0xa0,0x99,
  0x98,0xa8,0x2a,0xb8,0xff,0x57,0x8a,0xad,0xdb,0xda,0x64,0xb7,0xf,0x8d,0x86,0xfc,
  0xef,0x6e,0x6d,0x9b,0xa5,0x69,0x91,0x52,0x26,0x9,0x32,0xdc,0x27,0x35,0x48,0xfc,
  0x9b,0xa1,0x20,0x8e,0x8f,0xb1,0xf0,0x4f,0x91,0xc9,0x68,0x7,0xc2,0xd,0xb9,0xf8,
  0x97,0xe7,0xd3,0x64,0x3a,0x69,0x96,0x55,0x5c,0x32,0xcc,0x85,0x8c,0xc4,0xa5,0x82,
  0xdf,0xd5,0x93,0x3,0xc3,0x2e,0xe1,0x83,0xf,0xff,0x6a,0xad,0x2,0x61,0x4e,0xea,
  0xd5,0x33,0xb,0xa1,0xb8,0x9d,0xa0,0xcc,0x14,0xa9,0x84,0x99,0x3c,0x4c,0x26,0x8f,
  0xcc,0xdd,0x74,0x64,0x99,0x9b,0x28,0x17,0xc,0x5,0xcf,0xe7,0x4c,0x3d,0x32,0xf4,
  0x55,0xff,0x6c,0xd,0x9f,0xfe,0x6a,0x2f,0xe5,0xa6,0xbd,0xe7,0xf9,0x1e,0xed,0x2d,
  0xdc,0x9e,0xec,0xe1,0x6d,0x27,0x16,0xa1,0xd1,0x5,0xc8,0x12,0x49,0x54,0xfc,0xaa,
  0xeb,0x3b,0x83,0xf8,0x62,0xe9,0xf7,0x82,0xf4,0x23,0x67,0x5c,0x82,0xa9,0x2e,0x4a,
  0xa1,0xb8,0xa0,0x15,0x29,0xf6,0x36,0x91,0x51,0xb,0x82,0x4d,0x25,0xe7,0xe4,0xc7,
  0x5b,0x84,0x42,0xb8,0xd8,0xe4,0x5f,0x90,0x52,0x3c,0x76,0xb3,0xc2,0x3c,0x31,0xdd,
  0xc9,0xdb,0x3e,0xcc,0x42,0x2f,0x54,0x9a,0xa9,0x4c,0x55,0x55,0x45,0x52,0xa5,0x17,
  0x5c,0x95,0xf1,0x4e,0x46,0x39,0xb5,0x17,0x43,0xbe,0x9c,0x9c,0x9c,0x7f,0xcc,0xf9,
  0x86,0x4b,0x26,0x53,0x21,0x2c,0x16,0x8b,0x57,0x17,0x8e,0xf7,0x4,0x55,0x71,0x30,
  0x16,0x5a,0x81,0xa1,0x98,0xb0,0x42,0x42,0x18,0x60,0xa0,0x43,0x7,0xcb,0xb2,0x2c,
  0xcb,0xb2,0x2c,0xcb,0xb2,0xac,0xed,0x12,0xed,0x50,0xe0,0x9d,0x27,0xbf,0xc5,0x66,
  0x17,0xc2,0x40,0x87,0x6d,0x6b,0x4e,0xc6,0x49,0xc2,0xce,0xcf,0xe2,0xdf,0x8c,0x2b,
  0x18,0xc,0x60,0x87,0xac,0x16,0xaa,0x53,0x27,0x33,0x50,0x1f,0xb9,0xa7,0xac,0x32,
  0x9c,0xfc,0xf7,0x9e,0xe,0x2,0x5,0x27,0xa1,0xbd,0xe4,0x63,0x2c,0x80,0xa4,0xc7,
  0x96,0xf,0x68,0x3c,0xb4,0x20,0xb8,0x4a,0xd9,0x1a,0xfa,0x6,0xfb,0xdd,0x79,0x7a,
  0x44,0x49,0x39,0x84,0x1,0x89,0xaf,0xa8,0x94,0xb5,0xc8,0x89,0x16,0x94,0xcc,0xa9,
  0x99,0x11,0x30,0x0,0x2,0xd3,0x40,0x30,0xc,0x14,0x8e,0x49,0xa5,0x62,0xb1,0x98,
  0x30,0x2f,0x1f,0xa4,0x81,0x87,0x47,0xcc,0x46,0x4,0xc6,0x81,0x83,0xc1,0x82,0x82,
  0x61,0xb0,0x32,0x20,0x10,0x8,0xf,0x80,0x60,0x60,0x19,0x0,0x6,0x5,0x56,0x80,
  0x80,0x0,0xa,0xb1,0xc,0x5,0x36,0xa2,0xa4,0x1,0x8,0xd,0xee,0x56,0x48,0xd2,
  0x7d,0xec,0xeb,0xb,0x86,0xc0,0x9e,0xe9,0xfe,0xf1,0xb5,0x36,0xc7,0xf4,0x4b,0x88,
  0x3,0xe0,0xc0,0xa2,0x32,0x50,0xd,0x5b,0x1,0x65,0xb1,0x81,0xe5,0xe,0xb,0x16,
  0xe5,0x3e,0x4a,0x2b,0x36,0x44,0x69,0x51,0xa,0x13,0x4b,0xed,0x27,0x6c,0x7b,0x9f,
  0x82,0x11,0x18,0x53,0x94,0xa5,0x2d,0x7c,0x21,0x36,0x43,0x13,0x3a,0x1d,0xf5,0x32,
  0x26,0x9d,0xda,0x52,0xc3,0xff,0xde,0x11,0x18,0xb4,0xcb,0x8d,0x8f,0x69,0xf1,0x8b,
  0x32,0x2c,0x5c,0x95,0xd6,0xea,0x99,0x71,0x91,0xab,0xca,0x73,0x18,0xa9,0x97,0x75,
  0xf4,0xaf,0xb1,0x20,0xf6,0xc5,0x72,0x8a,0xed,0xe4,0x1a,0x99,0x8,0x7c,0xf6,0x9b,
  0xf6,0x70,0xd8,0x12,0x2,0x14,0xd5,0x39,0xc6,0x81,0xe5,0xb1,0x9c,0xe3,0x48,0xe1,
  0x3e,0xe3,0x1f,0x59,0x59,0x50,0xe7,0xb2,0x83,0xb2,0xf1,0xd9,0x24,0xc5,0x98,0x3a,
  0xd6,0xee,0x85,0x9d,0x9d,0x14,0xb3,0x50,0x63,0x30,0x16,0x77,0xf7,0x4d,0x85,0x3e,
  0x87,0x14,0x27,0x24,0x9e,0x38,0x92,0xc9,0x9c,0x48,0x5d,0x2f,0xd5,0x59,0xd9,0x28,
  0x4c,0x90,0x22,0x7a,0xd4,0x43,0xfd,0x11,0x62,0x73,0x29,0x3,0x23,0x98,0xa,0x92,
  0xc0,0xac,0xae,0x90,0xd1,0x92,0x36,0xed,0xd1,0x8c,0x96,0x12,0xcf,0xd5,0x1c,0x3f,
  0xd7,0x3a,0xfc,0x15,0x7a,0x18,0xca,0x24,0x79,0x31,0xb6,0xc6,0x49,0x98,0x13,0x4e,
  0x23,0x1d,0x55,0x75,0x6f,0x2b,0xea,0x52,0xc6,0x5,0xbe,0xdf,0x5d,0x6a,0xfc,0xfe,
  0xad,0xa9,0xd2,0x28,0x5d,0x82,0x15,0xb3,0xb7,0xc5,0x7a,0xa5,0x3e,0x3f,0x15,0x3c,
  0xeb,0x0,0x48,0xd5,0x8d,0x2a,0xce,0x23,0x2,0xbf,0x8f,0xce,0x9b,0x69,0x1,0x62,
  0xff,0xc8,0x60,0x3e,0x2a,0x36,0x87,0xe7,0x8a,0x4d,0xca,0xd8,0x89,0xe3,0xe9,0x3f,
  0xf3,0xf6,0x2,0xe,0x39,0xea,0x75,0xf1,0xa6,0xfc,0x6a,0xf5,0xc6,0xaa,0xa9,0x5f,
  0xda,0x93,0xf8,0xb1,0xb7,0x3a,0xe9,0xce,0x1,0x6e,0x18,0xd5,0x52,0x18,0xdc,0xfc,
  0x87,0x53,0xe7,0x78,0xf4,0x79,0x3f,0xf8,0x88,0x11,0xa3,0xb1,0x4e,0x8b,0x84,0x70,
  0x3f,0x21,0x4c,0x65,0xf,0x9,0x5f,0x99,0x50,0x8c,0xbb,0xbe,0xc6,0xf,0xd2,0x13,
  0x84,0x85,0xd0,0x12,0xa2,0x23,0x6c,0x99,0x6a,0x3f,0xd7,0xf7,0xcb,0x56,0x47,0x9a,
  0x28,0x3,0x9d,0x75,0x77,0x87,0x25,0xfb,0xa3,0xe3,0x3a,0x81,0x64,0x2,0xa9,0xd2,
  0x74,0x88,0x62,0x7a,0x8,0x7b,0x43,0x5f,0xe2,0x92,0xbf,0xfc,0x8c,0x9,0xb8,0x7,
  0xe8,0x7a,0xdd,0x2c,0x94,0x24,0xa4,0xf2,0xac,0x30,0xb5,0xb6,0xe,0x2a,0xae,0x78,
  0x4a,0x52,0xb3,0xb6,0xe9,0x5b,0xff,0xa6,0x4a,0x4a,0xf7,0x47,0xfe,0x33,0xce,0x5a,
  0xec,0x13,0x8f,0x13,0xe9,0x1c,0xdd,0xbd,0xf7,0x86,0x91,0x58,0x2d,0xfe,0x33,0x90,
  0x78,0x2c,0xed,0xf1,0x7e,0x27,0x10,0x16,0xb2,0x20,0x6a,0xb2,0xe7,0xd4,0x88,0x35,
  0x8e,0x3b,0xa1,0xa4,0x7,0x95,0xdd,0xc8,0x4c,0x5b,0x40,0xfa,0x3e,0x87,0xf0,0xae,
  0x9a,0xf0,0xa8,0x2e,0xf3,0xf4,0x1a,0xe4,0x6a,0x9e,0xa1,0x2,0x6e,0x35,0xb5,0x2e,
  0xbf,0xea,0x9e,0x76,0x79,0xb0,0x29,0x78,0x57,0x6e,0x24,0x8e,0x68,0x1f,0x82,0xaa,
  0xd8,0xf8,0x75,0x5c,0x53,0xd3,0x8,0xf4,0xe3,0x45,0x24,0x8,0xd1,0x76,0xe6,0xab,
  0x69,0xd3,0x20,0x2f,0x9e,0x97,0x95,0x2d,0x7b,0xca,0xc1,0x6b,0xff,0xca,0x35,0x40,
  0x9e,0xc9,0x2b,0x1f,0x6e,0xf,0x11,0x84,0xb9,0x17,0x2,0x13,0x66,0x68,0x6f,0x7,
  0x62,0xf7,0x47,0x84,0x61,0xed,0xc9,0xd,0xe0,0xd7,0x2f,0x51,0x42,0x17,0x40,0xe9,
  0x1,0x43,0xe2,0x1d,0x6e,0xd6,0xe2,0x46,0x37,0xb9,0x41,0x6,0xdd,0x56,0xe7,0x8e,
  0x7e,0x1b,0x8d,0x5,0x14,0xad,0x4c,0x31,0x24,0x0,0x51,0x5e,0x38,0x54,0xed,0xf3,
  0x4e,0x46,0x8e,0x61,0xf5,0xa5,0xb8,0x45,0x6f,0xb,0x4,0x51,0xe6,0xf0,0x3d,0x76,
  0xaf,0xbf,0x68,0xd2,0xa,0x1a,0xf0,0x26,0x41,0x3c,0x9e,0x77,0xb9,0x20,0xca,0xbd,
  0x86,0xcc,0x2c,0x80,0xd7,0xa0,0x35,0x5a,0x22,0x37,0x47,0x46,0x1a,0x2b,0x5,0xbb,
  0xbc,0x22,0x36,0x68,0x50,0x59,0xb,0x1c,0x26,0xdc,0xca,0x41,0x86,0xd3,0x92,0xe3,
  0xf7,0xb1,0x9a,0xca,0xbf,0x7,0xe0,0x6a,0x1b,0xd,0xb,0xdf,0x39,0x57,0xfd,0xda,
  0x4f,0x10,0xbd,0xc9,0x8f,0xa4,0x6e,0xac,0xb0,0xa9,0x1c,0xe4,0xb7,0x35,0x48,0x1b,
  0x4c,0xf3,0x2f,0x21,0xb8,0xef,0x45,0x6a,0xfd,0x34,0xca,0xf4,0x8b,0x61,0x5c,0x7e,
  0xd1,0x24,0xbe,0x30,0xf,0x1,0xce,0x8e,0xd6,0x25,0x5d,0x5c,0x55,0x6e,0xcb,0xdc,
  0xe9,0xfa,0x58,0xae,0x11,0x10,0x50,0x4,0x1c,0xe8,0xaf,0xd2,0xa6,0x4c,0xf0,0xdd,
  0xff,0x57,0xb5,0xc6,0x10,0xb4,0xaa,0x38,0x9e,0x75,0xe1,0x9a,0xcd,0xc2,0x66,0x5f,
  0xc7,0x42,0xa2,0xb2,0x77,0xd8,0x55,0x35,0x9,0xb1,0xb0,0x5c,0xae,0x65,0xb5,0x11,
  0x54,0x5,0xea,0xad,0x22,0x1a,0x9c,0xf3,0xcd,0x19,0x61,0x4c,0xd8,0x94,0x2,0xa7,
  0xac,0x15,0x32,0x36,0x85,0xd3,0x4,0x23,0x3c,0xdf,0xaf,0xef,0xc2,0xf4,0x4b,0xfc,
  0x9e,0x4d,0x71,0x16,0x15,0x2a,0xe2,0xa8,0x57,0x60,0xc,0x52,0x38,0xe6,0xf8,0x6d,
  0xd3,0x29,0x6a,0x6b,0x10,0x76,0xd3,0xa0,0x64,0xd3,0x3e,0x99,0x6f,0x9f,0xf2,0x6e,
  0x11,0x93,0x3e,0x28,0x55,0x11,0xa9,0x2a,0xb7,0x52,0x4b,0x18,0x7a,0xe9,0xa7,0xa5,
  0xea,0x20,0x7f,0x32,0xde,0xc9,0x65,0xf4,0x93,0xcd,0x2a,0x8d,0xc6,0x20,0x33,0x6,
  0x35,0x8d,0x7,0x49,0x15,0x94,0x5c,0x23,0x46,0x66,0x9d,0x68,0xc4,0x79,0x50,0xc8,
  0xc3,0x8c,0x51,0x9c,0x71,0x44,0xc6,0x62,0xe0,0xaf,0x78,0x6c,0x22,0x18,0x39,0x49,
  0xb9,0x4d,0xca,0x37,0x94,0x80,0x9d,0x74,0xe5,0xa4,0xb5,0xde,0x2f,0xc7,0x8e,0x71,
  0xab,0xd2,0x6c,0x3,0x49,0x5c,0xe1,0x1c,0xe7,0xa8,0xe3,0xc8,0x95,0x8d,0x28,0xf9,
  0x69,0xc3,0x63,0x91,0xf4,0x80,0x7d,0x73,0x41,0x85,0x97,0xa0,0x1c,0xa4,0xe5,0x47,
  0x29,0x72,0xc0,0xde,0x67,0xc8,0xfc,0xba,0xa3,0xd9,0x65,0x4f,0x2d,0x32,0x4f,0xb6,
  0x73,0x5e,0x1f,0xbb,0x11,0x78,0x70,0x9,0x27,0x7f,0x63,0xd8,0x18,0x18,0x40,0xb0,
  0x57,0x46,0x2d,0xf8,0xa2,0x4a,0xb7,0x64,0x25,0x5b,0x56,0x89,0xbe,0xfd,0xf9,0x7b,
  0x69,0x52,0xe5,0xef,0xd7,0x6d,0x83,0x32,0x2f,0x8a,0x42,0x26,0x18,0xc7,0x84,0x66,
  0xfd,0x4,0xb6,0x5b,0x3a,0x65,0x87,0xe1,0x6,0x92,0x51,0x10,0xfa,0x4,0x34,0x6,
  0x2e,0x25,0xd3,0x5e,0x3c,0x65,0xbb,0x45,0x59,0xf5,0xa,0x35,0xc7,0x93,0x8a,0xfa,
  0xf4,0x10,0x4c,0x9d,0x2c,0x10,0x52,0x29,0x41,0x48,0xd0,0x3e,0xf3,0x41,0x6e,0x19,
  0xc9,0x19,0xf6,0x81,0xb0,0x3e,0x4,0xf2,0xc8,0x38,0x37,0xfb,0x1b,0xcc,0xdc,0x10,
  0x32,0x73,0x93,0x69,0xaf,0x76,0x66,0x64,0x6c,0x17,0xd0,0x83,0x82,0xfb,0xf1,0xf6,
  0x48,0x8b,0x1e,0x4d,0x30,0xdc,0x87,0x4f,0x68,0x2c,0x13,0x9c,0x25,0x74,0xcc,0x13,
  0xea,0xd5,0x50,0x40,0x3a,0x5d,0x7e,0x46,0xcc,0x7a,0x80,0x8c,0x8c,0x69,0x20,0x99,
  0x3e,0x9c,0x66,0xa9,0xec,0xf,0x46,0xba,0xef,0x40,0xb5,0x25,0x6b,0x7f,0xfa,0x76,
  0x93,0x50,0x80,0x12,0xaa,0x80,0x25,0xe1,0x5a,0x82,0x43,0x31,0xc1,0xa9,0x4c,0xcc,
  0xa7,0x4d,0x28,0xd9,0xe0,0x47,0x4a,0x31,0x11,0x69,0xc,0x37,0x1c,0x99,0x5f,0x2f,
  0xc8,0xc1,0xe,0xf1,0xc5,0xe,0x4e,0xf0,0xcc,0x90,0xa9,0x5f,0x32,0xbc,0xf3,0x5c,
  0x89,0xf,0x6f,0x29,0xfa,0x85,0x7c,0x47,0x81,0x94,0x63,0x63,0xbe,0xac,0xd,0xfa,
  0xd8,0xa5,0xea,0x46,0x29,0x43,0xe8,0x28,0x8b,0x2b,0x74,0x90,0x4d,0xc,0xc4,0x63,
  0x61,0x98,0x6,0x35,0x34,0xcb,0xe8,0x50,0x22,0xa8,0x72,0xbf,0x4f,0xf7,0xc7,0x52,
  0xfc,0x30,0xa6,0xd0,0x1c,0x54,0xcc,0x41,0xdb,0x2,0xe0,0xf3,0x28,0x5a,0xfd,0x43,
  0x4e,0x34,0xe7,0x32,0x75,0x32,0xc0,0xd7,0xc6,0x42,0x96,0xe0,0xe2,0x26,0x4d,0xd,
  0x15,0xec,0xa5,0x63,0x80,0x7e,0x9,0x63,0x15,0x9d,0x3,0x89,0x12,0x7e,0x94,0x82,
  0x22,0x38,0xc3,0xe1,0x7c,0x8a,0x11,0x58,0xe1,0x16,0xf6,0x7c,0x62,0x69,0xea,0x6e,
  0x3c,0x3f,0xa2,0x4f,0x95,0x7d,0xd9,0xb8,0x28,0x64,0x36,0xed,0x99,0xbf,0xba,0x59,
  0x33,0x4b,0x52,0x9c,0x9c,0xf5,0x6e,0x26,0xa1,0x14,0xaa,0x95,0x17,0x7c,0x1,0xeb,
  0x6,0x55,0x41,0xb0,0x42,0x6f,0x29,0x3a,0x93,0xa0,0x10,0x48,0x6c,0x57,0x9,0xe,
  0xa8,0x39,0xe3,0x17,0x16,0x69,0x3c,0x12,0x2b,0xa7,0x62,0x12,0xef,0x37,0x71,0xb9,
  0x98,0x46,0x6b,0xc6,0xff,0xb9,0x2,0xea,0xbb,0x40,0x8c,0x36,0xfc,0xef,0xc0,0xf7,
  0xd1,0x6c,0x1d,0xb1,0xa8,0xd7,0x66,0x7e,0x1b,0xdd,0xd2,0xf3,0x6f,0xf1,0x4d,0xc0,
  0xed,0xce,0x78,0x24,0x17,0x1a,0xd1,0x11,0xe2,0xe7,0x52,0x51,0x39,0xce,0x67,0x6d,
  0x62,0x9,0xba,0x65,0xf8,0xff,0x5b,0x5,0x8d,0x9e,0xff,0xdf,0x4,0xcf,0x4c,0xbd,
  0x2d,0xf9,0x7b,0x2e,0xdd,0x62,0xe,0xe1,0xa2,0xf4,0xd1,0x6,0x2,0x6b,0xda,0x2a,
  0x31,0x8c,0x33,0x8c,0x51,0x5d,0x2c,0x62,0x43,0x45,0xf4,0x18,0x52,0xa6,0x14,0x57,
  0xe2,0x9f,0xa6,0x4d,0x6,0x4f,0x4a,0xca,0x9e,0x59,0x87,0x7f,0x9a,0x65,0xe7,0xde,
  0x78,0x71,0xa5,0x97,0xa5,0x9b,0xb2,0xdd,0xb6,0x51,0xf8,0xed,0xe1,0x6e,0x5e,0x7b,
  0x98,0xc8,0x2d,0x79,0x2b,0xa1,0x36,0x19,0xb6,0x19,0xb3,0x6a,0xfb,0x29,0x7,0xc7,
  0x9f,0xa3,0xaf,0x51,0x5a,0xc7,0x5a,0x27,0xb9,0x2d,0xb5,0xda,0x56,0xce,0x84,0x3,
  0x82,0x88,0x27,0xcf,0x94,0x0,0x11,0x2f,0xb7,0x51,0x93,0x83,0x79,0x47,0xb8,0xe4,
  0xa8,0xde,0x12,0x39,0xfa,0x19,0x86,0x10,0xeb,0x47,0x87,0x30,0x71,0x53,0xc7,0x64,
  0xea,0xda,0x34,0x19,0x81,0x7f,0x36,0x30,0xdb,0x88,0x1,0x3b,0x9,0x21,0xa,0xa5,
  0xef,0x6,0x86,0x2,0x52,0xf8,0x12,0x41,0xa5,0x7,0x53,0xe7,0x57,0xf3,0xa1,0xcb,
  0x4,0x79,0x10,0xd3,0xaf,0x93,0x24,0x47,0x61,0x79,0xac,0x2e,0xd4,0x32,0x88,0xe6,
  0x6,0x9a,0xed,0x49,0xe0,0x37,0x15,0x24,0x41,0x84,0xac,0x68,0x7c,0x70,0x9c,0xeb,
  0x22,0x92,0xe0,0x4c,0xc6,0xe8,0x96,0xf2,0x9b,0xf7,0x98,0x20,0x7b,0x4f,0x3,0x56,
  0xf9,0x47,0xcf,0x82,0xeb,0xf4,0x1f,0xc5,0x6e,0x9,0x7f,0x4c,0x49,0x9,0x1b,0xb9,
  0xd5,0x6c,0xeb,0x7e,0x2d,0xca,0x25,0x27,0x6b,0x53,0xc9,0x65,0xcf,0xd6,0x6d,0x7f,
  0xde,0xc1,0x99,0x22,0x88,0x33,0xfa,0x71,0xab,0xad,0x5c,0xa8,0xbf,0x87,0xa9,0x6a,
  0x59,0xcf,0x26,0xf,0x5d,0x81,0xb3,0x2a,0xd,0x40,0xf2,0xaa,0xa,0xd2,0x66,0xe2,
  0xac,0xc0,0x2d,0x97,0x99,0xfc,0xa9,0xc4,0x12,0x49,0x46,0xb1,0x8a,0x15,0x66,0x6a,
  0xc6,0x93,0x51,0xef,0x98,0x8,0xa9,0xa2,0xef,0xee,0x8f,0x1b,0x3f,0x19,0xa1,0x65,
  0x1c,0xb5,0x63,0xd6,0x68,0xc0,0xa8,0xe2,0x30,0x23,0xd2,0xfb,0x47,0x3e,0x91,0x30,
  0x8a,0x4d,0xaa,0x96,0x9d,0x82,0x5b,0x62,0x40,0x31,0xc2,0x59,0x4a,0x9e,0x9,0xa3,
  0x46,0x20,0xb5,0xdc,0x1d,0xa,0x9b,0x59,0x5d,0xfc,0xb0,0xa,0xc9,0xb8,0x5d,0xe2,
  0x84,0x8e,0xd2,0x8e,0xc4,0x48,0x72,0x35,0x78,0x91,0x9e,0x1b,0x30,0xd4,0x62,0xd8,
  0x19,0xbe,0x6c,0x66,0xa9,0xdb,0xd4,0xb0,0x2d,0xac,0x3e,0x1d,0x97,0xba,0xb2,0xa6,
  0x5e,0x3d,0x2c,0x48,0x8b,0xc9,0x10,0xd1,0xc8,0xb4,0xd1,0x2c,0x8c,0x9,0xc4,0x6a,
  0x33,0x11,0x8b,0xb4,0xb5,0xdc,0x87,0x9d,0xdc,0xe0,0xa,0x37,0x86,0x73,0xf7,0x9b,
  0xc1,0x4b,0x9c,0x40,0x9c,0xc2,0x27,0x5f,0x7d,0x26,0xab,0x44,0x2c,0xa2,0x73,0xb0,
  0xc0,0x2f,0x7e,0x60,0x4f,0xb1,0xf8,0x6e,0xf,0x61,0x1,0x9e,0xf7,0xaf,0x1b,0xb,
  0x11,0xa,0x56,0x24,0x8f,0x50,0x1c,0x24,0xf8,0xca,0xa2,0x71,0x1a,0x3a,0xe6,0x2c,
  0x76,0xc7,0x2c,0x5d,0xb2,0xb0,0x5f,0x96,0xf5,0xc,0xf1,0x4,0x36,0xe0,0xeb,0xd8,
  0xbc,0x8c,0xef,0xe2,0x6b,0x4,0x8c,0x20,0x39,0x58,0x7b,0x46,0x77,0x48,0x98,0xad,
  0x95,0x98,0xea,0x12,0xc2,0x80,0xf2,0x38,0x86,0x5d,0xd5,0x6e,0xf2,0x63,0x8f,0xa0,
  0xfa,0x40,0x28,0xfa,0x57,0x5d,0x96,0xf0,0xf8,0x8d,0xcd,0x68,0xd7,0x61,0x72,0x72,
  0xc3,0x3d,0xe4,0xb4,0x6,0x5a,0x39,0x61,0x9b,0x63,0xad,0x12,0xc8,0x9f,0xe8,0x65,
  0xa3,0x6e,0x7b,0x2a,0x59,0xa2,0xf7,0x68,0x22,0x53,0x0,0x22,0xec,0xf8,0x5a,0x2b,
  0xe5,0xeb,0xe6,0xa8,0x9f,0x2c,0xbe,0x56,0x8c,0xe,0xd9,0x2f,0xf8,0x36,0x6b,0x7,
  0x30,0x24,0x25,0x91,0xe1,0xeb,0x21,0xd2,0x45,0xa2,0x4c,0x58,0x90,0xf,0x2c,0xd1,
  0x47,0x88,0x2,0x42,0x82,0x7f,0x84,0x6c,0xdd,0x71,0xea,0x66,0x11,0x8,0x4d,0x7c,
  0xd4,0xd3,0xd0,0x9,0x2b,0xf1,0x19,0x39,0xd2,0xf0,0x99,0xbd,0x8a,0x1,0x62,0x2c,
  0x15,0xd1,0x4b,0x55,0x6c,0x65,0xb2,0xd9,0xe6,0xce,0x55,0xb7,0xa6,0x95,0xc8,0x1,
  0xc5,0x2,0x4d,0x85,0x47,0xd7,0x48,0x1f,0xfa,0x39,0xa,0x39,0x6c,0x3f,0x9c,0x3f,
  0x3d,0x43,0x1e,0xe7,0x4d,0x71,0xfb,0xd8,0x38,0x47,0x27,0xcf,0x89,0xc0,0xe5,0x9f,
  0xd2,0x13,0x47,0xd6,0x31,0x11,0xda,0x44,0x2f,0x1c,0xb0,0x5a,0x6,0xac,0x79,0x17,
  0x19,0xfa,0x52,0x55,0xd9,0x44,0x62,0x3e,0xf1,0xc6,0x3d,0x21,0x13,0xf0,0xe2,0x5c,
  0x85,0x5c,0x1,0x57,0xa4,0xb7,0x2e,0x8e,0xaf,0x42,0x5b,0xa4,0x6a,0xac,0x21,0x8b,
  0x8,0x7b,0x53,0x49,0xe1,0x7d,0xdc,0x72,0x4b,0x2d,0x3f,0xe4,0xc6,0x83,0xbb,0x9d,
  0xbf,0x78,0x60,0x8d,0xe4,0x68,0x98,0x16,0x47,0x4f,0xb1,0xbc,0xea,0xa1,0xc7,0x33,
  0x66,0xc0,0xc2,0x45,0x38,0x97,0x2b,0xf6,0x26,0x3c,0x10,0x17,0x60,0x62,0x1a,0x84,
  0x57,0xe5,0x3c,0x40,0x4c,0x65,0x70,0xcb,0x5c,0x16,0xc3,0x9c,0x22,0x78,0x30,0x6e,
  0x17,0xc2,0xba,0x2,0x37,0xe4,0xfe,0xa6,0x60,0x25,0x13,0x0,0xb1,0x5f,0xc1,0x1e,
  0x7b,0xcc,0x5a,0x94,0x90,0xa0,0xf6,0xfc,0xcf,0x71,0x3c,0x34,0x4f,0x6f,0xc0,0xf4,
  0x73,0x7d,0x52,0x74,0x87,0xc8,0x7a,0x68,0x77,0x5e,0x51,0x31,0xe8,0xe3,0x17,0xdc,
  0xcb,0x92,0x2d,0xb5,0xd7,0x2,0x94,0x84,0xbf,0x8e,0x19,0x13,0xc1,0x46,0xd5,0x91,
  0x2,0x80,0xd7,0x67,0xc5,0xd3,0x3d,0xe5,0x37,0xa0,0x48,0xb8,0x1e,0x52,0x26,0x40,
  0x5f,0x98,0x55,0xe8,0xa7,0xda,0x89,0x6d,0xd6,0xc7,0x2e,0xc5,0x79,0x3,0x6b,0xaa,
  0xe2,0x53,0x86,0x6c,0x17,0xae,0xbd,0xeb,0x2d,0x77,0x4d,0xbc,0xbb,0x22,0xdb,0xe8,
  0x2d,0xf3,0xd3,0x91,0x24,0xc2,0xba,0xe4,0x37,0xa,0xdd,0xd9,0x7b,0x4a,0x96,0xfc,
  0x80,0x18,0xe4,0x6b,0x49,0xfd,0x1e,0xa5,0x8d,0x6e,0x7,0xac,0x1,0x5,0x51,0x46,
  0xd,0xfc,0x3b,0xa5,0x78,0x8a,0x20,0xcc,0x50,0x6c,0x71,0xb0,0x67,0x4,0x2a,0xc0,
  0x9d,0x3f,0x18,0xa,0x88,0x37,0xe8,0x46,0x34,0xb0,0x3c,0x31,0xd3,0x3,0x85,0xbe,
  0xd,0x42,0x45,0x6,0xb2,0x28,0xd5,0xea,0x64,0xfa,0xc3,0xc7,0x28,0xda,0xd0,0x64,
  0x64,0x98,0x29,0xf0,0x41,0xe2,0xd7,0x7f,0xb3,0x8e,0x91,0xa3,0xdc,0xbc,0x5,0xff,
  0x71,0x7f,0x58,0xae,0x10,0xf8,0xed,0x2,0xf9,0xc5,0x7d,0x99,0x6,0xcb,0x60,0x23,
  0x50,0xe7,0xde,0xb9,0xe,0x6e,0x4c,0x40,0xd8,0x57,0x1e,0x49,0x75,0x9a,0x86,0x27,
  0x93,0x50,0xb3,0x74,0x9b,0x65,0x1d,0x38,0x52,0xa2,0x0,0xd1,0x46,0x2d,0xbb,0x9,
  0x39,0xf2,0x9a,0xb1,0xc7,0x67,0x1e,0x5d,0xbe,0x15,0x55,0xef,0x28,0xd5,0xfb,0xf9,
  0x5a,0xdd,0x62,0x29,0x15,0xad,0x84,0xce,0x83,0x71,0xbe,0xc9,0xd6,0x8,0x8,0xe4,
  0x1d,0xa6,0x71,0x5d,0xc5,0xfd,0x21,0x64,0xda,0x66,0xfc,0x96,0x34,0x95,0xff,0x20,
  0x86,0x6e,0x4a,0x21,0x9f,0xd5,0x3b,0x22,0xc,0xd3,0xef,0xd5,0x8b,0x53,0xee,0xbb,
  0x1b,0x39,0x70,0xb9,0xd1,0x91,0x3e,0xaa,0xd0,0xd,0xb,0xaa,0x90,0xc1,0xb0,0x7,
  0x7f,0x7,0x8,0xdb,0x53,0x18,0x1a,0x26,0xd3,0xab,0x20,0x68,0x7e,0xb9,0x93,0x63,
  0x90,0xab,0x69,0x3f,0x15,0xb2,0x96,0xce,0x65,0xbb,0xc1,0x60,0x33,0x2c,0x3c,0x9f,
  0x53,0xe0,0x36,0x1d,0x36,0x6b,0xbf,0xe1,0xc3,0xe4,0x18,0x7a,0x35,0x45,0xf1,0x15,
  0x14,0x2b,0x9d,0x62,0x6e,0xa5,0x5d,0xca,0xb3,0x4,0x7a,0x90,0x6,0x1d,0x70,0x2a,
  0x62,0xd4,0x35,0xb5,0x8d,0x47,0xc9,0x85,0xc9,0x37,0x37,0x95,0x81,0xa0,0x4,0x9f,
  0x28,0xd4,0xa6,0x6b,0x84,0xee,0x2a,0x63,0x77,0xf4,0x21,0x14,0x1a,0xa4,0xa0,0x63,
  0x33,0x2b,0xe5,0xe9,0xd1,0xeb,0xe6,0xd0,0x4d,0xd1,0xb1,0x29,0xcb,0xff,0x2a,0x7f,
  0x63,0xee,0xfc,0x86,0x33,0x8f,0x71,0xe6,0x7f,0x3c,0x3e,0x8b,0xb9,0x15,0x74,0x4a,
  0x99,0x21,0xa8,0x29,0x69,0x66,0xcb,0x25,0x20,0x3c,0x8b,0xc,0xc,0x73,0x29,0xf3,
  0x29,0x7c,0x9e,0xbc,0x5,0xda,0xb2,0x18,0x91,0x25,0xd8,0x54,0xe,0x34,0x6b,0xa6,
  0x77,0x1f,0x16,0x7,0xd,0x96,0xb,0x64,0xe3,0xe5,0x47,0x56,0xe,0x1b,0x77,0x4e,
  0x99,0xbb,0x2c,0xb4,0xe1,0x15,0xda,0x4a,0x85,0x2b,0x1b,0xfb,0x86,0xd8,0x83,0x4e,
  0x98,0xb7,0xb,0x60,0x54,0xe0,0x22,0x72,0x1,0xae,0xc0,0xe1,0x8c,0xfa,0x67,0x4c,
  0x91,0x82,0xa,0xaf,0xcb,0x79,0x1c,0x8e,0xe3,0xeb,0x26,0xfc,0x19,0xe8,0x2c,0x32,
  0x69,0xeb,0x63,0x55,0x7c,0x30,0xc3,0xa0,0xfa,0x83,0xfa,0xf9,0xc7,0x98,0x29,0x89,
  0x5d,0xe6,0xd,0x25,0x7e,0x8e,0x60,0x75,0xa6,0x19,0xb1,0x20,0xcc,0x46,0xdf,0xf7,
  0xce,0xc6,0xa6,0xb9,0xd8,0x15,0x74,0x6e,0xf,0x7,0x70,0x8a,0x72,0x52,0xec,0xda,
  0x4,0xa6,0xd1,0xa8,0x1,0x69,0x87,0xd2,0x4e,0x7a,0x14,0x38,0xee,0xf6,0x83,0x1f,
  0x18,0x93,0x65,0x40,0x73,0x8c,0x1c,0x28,0xa7,0x35,0xf,0x4f,0xac,0x23,0xb9,0x76,
  0x27,0x5a,0x3f,0xee,0xe0,0x72,0x84,0x7f,0xe8,0x72,0x64,0x23,0x3e,0xc3,0x10,0x97,
  0x8b,0x93,0x2,0x51,0x96,0xf1,0xd6,0x5c,0x8d,0x97,0x8a,0x56,0x24,0x16,0x91,0xd2,
  0x80,0x3,0x4e,0x42,0xca,0x82,0x68,0x32,0xa6,0xfa,0xe,0x6a,0xcc,0x14,0xcd,0xd0,
  0x78,0x9f,0xdb,0xb5,0xcc,0x44,0x53,0x46,0x2e,0xec,0x9b,0x8e,0x8,0x31,0x2f,0x95,
  0x3,0x25,0xc5,0xb3,0xff,0xef,0x87,0x33,0x18,0x92,0xd0,0xf,0x52,0xa4,0xbf,0x86,
  0x33,0xdd,0x3f,0xd3,0x64,0xe8,0x3,0x42,0xa3,0x60,0xfa,0x61,0xa4,0x3e,0xa4,0xe0,
  0x98,0x59,0xc,0xbb,0x53,0xc,0xb7,0x4f,0x31,0x7b,0x7c,0x79,0x7d,0x26,0xa7,0x59,
  0xf9,0x1e,0x1f,0xa1,0x4e,0xdd,0x85,0x50,0xb6,0x33,0xb1,0xd,0x48,0x17,0xe4,0x22,
  0x31,0x4d,0x8b,0xd2,0x5b,0x4d,0xc4,0xe,0xac,0x2b,0x56,0x50,0x52,0xa,0x48,0x5a,
  0x6a,0x71,0xd3,0xf5,0x70,0x98,0x8e,0x1d,0xa3,0xdf,0xf7,0x70,0x7d,0x61,0xe9,0xb1,
  0xcc,0xb5,0x40,0x41,0xa1,0xf3,0x82,0x37,0x41,0x0,0x99,0xfd,0xce,0xe4,0x20,0x8e,
  0x89,0xf6,0x81,0x68,0xa9,0x6e,0x1,0x1,0xd8,0x28,0x8d,0x21,0x8a,0x4e,0xec,0x36,
  0x50,0xd4,0xca,0x42,0xb2,0x59,0x3d,0xb2,0xc9,0x20,0xd3,0xe0,0x83,0x22,0x4e,0x8e,
  0xe8,0x71,0x82,0xcc,0xc1,0xe5,0x3b,0x85,0x97,0xc8,0x1a,0x55,0x4c,0xad,0xca,0x7f,
  0x54,0xb9,0x35,0xae,0x78,0xa2,0x22,0xc0,0x1,0x57,0x71,0xcc,0xeb,0x59,0x6a,0xd2,
  0x18,0xec,0x24,0x6b,0x21,0xb4,0x6a,0x8d,0x28,0xfc,0x15,0x2b,0x44,0x19,0x4,0xe1,
  0xb5,0xcb,0x8e,0x9b,0x45,0x8d,0x57,0x70,0xf4,0xc4,0x46,0x21,0xce,0x8e,0xb5,0x2d,
  0x86,0xe5,0x95,0x4,0xf6,0xf0,0x1f,0x38,0x36,0x89,0x80,0xe1,0x2d,0x4f,0xe,0x37,
  0x3c,0xa9,0xbc,0xf0,0x42,0x46,0x1f,0x30,0xe8,0x9,0xc5,0x85,0x3b,0xe9,0x21,0xc9,
  0x49,0x6a,0xcc,0x70,0xb7,0x8d,0xe9,0x7e,0xbc,0xa,0xf8,0x54,0x68,0xcc,0x3a,0x8f,
  0xc7,0xc0,0x44,0xa4,0x1a,0x56,0xee,0x81,0xff,0xf7,0x31,0x7a,0x10,0xcb,0xd8,0x63,
  0x1d,0xfb,0x11,0xfb,0xbf,0x7b,0x2d,0x31,0xe0,0x33,0xd8,0x46,0x3b,0xa8,0xb,0xeb,
  0x3a,0xf,0x38,0xf5,0x5a,0xbd,0xb3,0x75,0x4e,0x3f,0xe5,0xa4,0x30,0xf5,0x99,0x68,
  0x13,0x2c,0x66,0xc6,0x97,0xd8,0x1d,0xd9,0x4c,0xcd,0x8d,0xf0,0xa6,0x71,0x53,0x1d,
  0xa6,0xa7,0x67,0xa1,0x9e,0x6c,0xfb,0x70,0xf9,0x75,0x5,0x9,0x42,0xe,0xd5,0xd8,
  0x63,0xfe,0x51,0x43,0x58,0xa4,0xef,0xd5,0x41,0x44,0x4f,0x27,0xc1,0x42,0x97,0x15,
  0x62,0x9e,0xf3,0xa,0xe3,0x90,0x8e,0x5e,0xd9,0xd6,0x70,0x2,0x7b,0xb5,0x6d,0x9b,
  0xf1,0x97,0xf,0x77,0xfa,0x10,0x35,0x90,0xf7,0x57,0xa5,0x8e,0xd4,0x26,0xda,0x7a,
  0x0,0xc1,0xee,0x31,0xce,0x48,0x33,0x6c,0x8f,0x84,0x7b,0xd6,0x2a,0x51,0x33,0x1a,
  0x9f,0xe6,0x29,0x44,0x51,0xb0,0x15,0x1f,0x70,0x17,0x72,0x5d,0xb4,0xb5,0x3e,0xbe,
  0x3,0x41,0x7,0x7d,0xfb,0x7a,0xc4,0xe,0xaa,0x34,0x37,0xaa,0x4e,0xcf,0x25,0x12,
  0xef,0x9,0x45,0x4f,0x4b,0x44,0xa1,0x6c,0x67,0xa6,0x5b,0x57,0x57,0x3b,0xad,0xbb,
  0x7c,0x73,0xbd,0x5f,0x93,0x6e,0x8d,0x79,0xd,0xfe,0xb4,0x26,0x14,0x98,0xfc,0x30,
  0x68,0xb7,0xbf,0x79,0x60,0x2d,0xa8,0x85,0x45,0xda,0x96,0x69,0xc4,0x2,0x63,0x1e,
  0xad,0x2c,0x33,0xaa,0x9d,0x47,0x25,0x3a,0x43,0xe4,0x5,0x6c,0x7f,0x89,0xba,0x7a,
  0xfd,0x57,0x4e,0xee,0x7b,0xd9,0x39,0x1f,0xb1,0xc0,0x9f,0x17,0x5f,0x0,0xc0,0xd3,
  0x32,0xea,0x99,0xbf,0x5d,0x4d,0x35,0xd2,0x67,0xb3,0x3,0xac,0x5b,0x76,0x8,0x97,
  0x73,0xd5,0x78,0x6e,0x55,0x6e,0x79,0x6a,0xd,0xef,0x3a,0x7d,0x8c,0xfc,0xcc,0x7a,
  0xf6,0x22,0xfb,0xcb,0xdc,0x5d,0x45,0xa6,0x6f,0xc0,0xe8,0xdf,0x38,0x68,0xda,0x84,
  0x84,0x8f,0x9c,0x6b,0xdd,0x33,0x3e,0x56,0x32,0x19,0x4,0x41,0xe6,0xe2,0xe8,0x61,
  0x58,0x5f,0x52,0xcb,0xa3,0x28,0x46,0xb9,0x42,0x1f,0x9b,0xb2,0x95,0x17,0x8,0x79,
  0xed,0xfb,0xf4,0xa7,0xa0,0x38,0x78,0x12,0x59,0x90,0xb1,0xa8,0xa6,0x15,0x35,0x83,
  0x56,0xf3,0xc4,0xf5,0x6b,0x3,0x3b,0xa3,0x29,0x40,0x88,0xcc,0x57,0x36,0x93,0xea,
  0x99,0x4,0xfd,0x27,0x52,0xa3,0x2b,0x82,0x66,0xab,0x98,0xf4,0x58,0x75,0x81,0xec,
  0x47,0x34,0x2f,0xd9,0xee,0x4d,0x75,0xe5,0x7b,0xbe,0x54,0x85,0x9,0x21,0x16,0x3e,
  0x5c,0x94,0xed,0xa,0x25,0xfe,0xc8,0x32,0x54,0xba,0x77,0x91,0x8b,0x3,0x9a,0x92,
  0x3b,0xd,0xf1,0x3f,0x7c,0x76,0x29,0x56,0x35,0x51,0x51,0x62,0x6d,0xbe,0xc2,0x2b,
  0xc1,0x26,0xa7,0x26,0x8a,0x64,0xcd,0x17,0xc7,0xcb,0xd0,0x88,0x9e,0x46,0x51,0x24,
  0x4f,0xdd,0x96,0x55,0xdb,0xea,0x27,0xf4,0x85,0x53,0x95,0xf1,0x50,0x26,0xfa,0x4d,
  0xca,0x8b,0xe7,0x1a,0xe7,0x93,0xac,0x7e,0x74,0xf2,0xdd,0xba,0x3a,0xc8,0xc6,0x69,
  0xaf,0x76,0xd8,0xe3,0xde,0x43,0x98,0xd4,0x25,0xc1,0xa0,0x84,0x2a,0x3,0x85,0xb1,
  0x55,0x90,0xed,0x5d,0xa3,0x40,0x6c,0x55,0xfc,0x5d,0x0,0x25,0x2a,0xdf,0x7,0xc7,
  0x69,0xbe,0x82,0x60,0x81,0xf7,0x94,0xc3,0xbf,0xd9,0xef,0x27,0xa2,0x18,0xcb,0xd1,
  0x3b,0xa6,0x23,0xbb,0xf5,0x88,0x11,0x6e,0xba,0x61,0x44,0xac,0x79,0x8c,0x10,0x92,
  0x58,0x54,0xb8,0x40,0x22,0xca,0x68,0x51,0xc,0x30,0xb1,0x3f,0x19,0x6c,0xa1,0xcd,
  0x4,0x5d,0x9,0xbf,0x92,0x7e,0x8e,0x9a,0x7d,0x20,0x6d,0x38,0x73,0x12,0x3c,0x9f,
  0xdb,0x1f,0x3f,0x7c,0x44,0x6,0xac,0xbe,0xcf,0xb8,0xe,0x6f,0x31,0x59,0xf9,0x77,
  0xa,0xf6,0xdc,0x5d,0x1d,0x25,0x3c,0x93,0x17,0xe2,0x3e,0xd2,0x3a,0xd1,0xef,0x51,
  0x98,0xa3,0xf9,0x85,0xa2,0x8b,0xc5,0xa,0x3a,0x83,0xe1,0x8a,0x12,0x81,0x69,0x3e,
  0x65,0xa5,0x7,0xf1,0x6d,0x5b,0x53,0xae,0x3a,0x1b,0x15,0x84,0x95,0x27,0xee,0x1,
  0xce,0xa2,0xe0,0xd7,0xfb,0x5e,0xfa,0xbf,0xad,0x47,0x70,0x79,0x5b,0x67,0xac,0xa9,
  0x55,0x71,0xb9,0x2c,0xeb,0x5,0xf4,0x55,0xb7,0x1b,0x30,0x36,0x23,0xcf,0x7e,0xe0,
  0xaa,0x19,0x4,0x91,0xd4,0x4,0x86,0xcd,0xd7,0xa7,0x6c,0xe4,0x55,0x5a,0xa,0xc3,
  0x76,0xc4,0x21,0x54,0xc6,0x7,0xc1,0xcc,0x80,0x9b,0xf2,0xa0,0xe7,0x1,0x99,0x93,
  0x9b,0x28,0x1c,0xe0,0xaf,0xb6,0x6,0xe0,0xc8,0xf9,0xe6,0x2a,0x44,0xfc,0x91,0x4d,
  0x2f,0x69,0x5b,0x66,0xdf,0x79,0xfd,0xcb,0x62,0x9a,0x42,0xbe,0x64,0x49,0x23,0x4b,
  0x9d,0x48,0x35,0x60,0x28,0xe4,0x98,0xd7,0x96,0x72,0xe2,0xe4,0xe5,0x7a,0xb6,0x6a,
  0xef,0x90,0x1b,0x37,0xbf,0x17,0xb,0xcb,0xcd,0xb6,0x24,0x15,0x6a,0xe9,0xa8,0xd6,
  0x3e,0x86,0x5c,0x11,0xa2,0x0,0x33,0xf3,0xfe,0x8c,0x4d,0x28,0x53,0x33,0x11,0xef,
  0xd5,0x74,0xab,0xa3,0xfe,0xef,0xa3,0xfe,0xb,0x59,0x6b,0x36,0x1c,0x7,0xd0,0x31,
  0xf4,0x1,0x20,0x18,0x23,0xd6,0xb2,0x11,0x30,0x84,0x9,0xd6,0x3d,0x24,0xcd,0xe,
  0x51,0x2d,0x96,0xbc,0x64,0x28,0xe3,0x7e,0x51,0x6,0x59,0xa9,0x36,0x1a,0xc5,0x49,
  0x76,0x8b,0x2a,0xa2,0x1f,0xf3,0xb6,0xa7,0x6e,0x21,0x40,0x37,0xf5,0xca,0xe8,0xd6,
  0x18,0x2a,0x6a,0x83,0x75,0x83,0x47,0x7,0xf2,0x36,0x32,0x1c,0x35,0x43,0x63,0xae,
  0x6,0x3d,0xd5,0x24,0x1b,0x10,0xd1,0xa,0x62,0xf2,0x60,0x6b,0x61,0xee,0x29,0x16,
  0x16,0xc6,0xc5,0x80,0xad,0xbd,0x6b,0x5f,0x2a,0xf9,0xba,0xde,0x89,0xc2,0xba,0x3e,
  0x70,0x28,0xf2,0x55,0xc4,0x28,0x8,0x5c,0x8b,0x4f,0xb3,0x80,0xf0,0x40,0xbf,0x85,
  0x2c,0x7a,0x30,0x21,0x8,0x94,0xf0,0x36,0x2c,0x3b,0x1d,0x4f,0x58,0xb6,0xf0,0xfa,
  0xa,0x1a,0x13,0xdc,0x89,0x0,0xa8,0x2f,0x10,0x42,0xd4,0xe6,0x47,0xcf,0xa8,0x5c,
  0x67,0xd2,0xfe,0x64,0xd4,0xc7,0x34,0xfb,0x5,0xc9,0xac,0x8a,0x11,0xcf,0xfa,0xb8,
  0x35,0x36,0xb,0xea,0x47,0x99,0xdc,0xfd,0xb5,0x82,0xdc,0x8b,0xd5,0xbe,0x24,0x38,
  0xae,0x88,0xbd,0xeb,0x72,0x71,0x11,0xdd,0x14,0xd0,0xbc,0x89,0xa9,0x60,0x6d,0x61,
  0xec,0xd0,0xa3,0x30,0xb3,0xe4,0x2b,0xbc,0xaa,0x46,0xd1,0x45,0x8f,0x2a,0xfa,0x7b,
  0x66,0x37,0xc6,0x5b,0x8e,0xba,0xa8,0xda,0x1b,0x64,0x10,0x27,0xf2,0x40,0x9d,0xce,
  0x4d,0x38,0x24,0xc1,0x99,0x85,0xf1,0xd0,0x4a,0xeb,0xe1,0x16,0xfd,0x34,0x8e,0xf9,
  0x9d,0xf,0x86,0x9e,0xa9,0xc2,0xaa,0x6a,0x44,0x35,0x7f,0x73,0x2a,0x75,0x23,0x84,
  0x8d,0xd7,0xb9,0x63,0x4,0xc,0x32,0xef,0x1b,0x7d,0xc6,0xac,0xe0,0xec,0x3f,0xe1,
  0x53,0x9,0xb3,0x63,0xe7,0x48,0xc9,0x90,0xee,0x92,0xed,0xeb,0x3b,0x5a,0xc5,0x4a,
  0xec,0xa3,0xc4,0xdf,0xa5,0x88,0x13,0xfa,0x4a,0x8a,0x41,0x58,0x6d,0xb3,0x2f,0x7c,
  0xa9,0x22,0x72,0xc6,0x9e,0x3c,0x51,0x5e,0xc0,0x71,0x9e,0x91,0xa3,0x2f,0xa6,0x13,
  0x54,0xd4,0x7a,0xbb,0x64,0xbc,0x1e,0x1d,0xa3,0x2d,0x27,0xae,0xc5,0x76,0xda,0xe7,
  0x3c,0xa1,0x4,0x13,0x82,0x7a,0xb1,0x45,0x47,0x70,0xd6,0x2e,0xf3,0x61,0xa5,0x8e,
  0x9,0xe,0xc5,0x11,0x1d,0xac,0x5c,0x7b,0x2b,0x53,0x23,0x65,0x0,0x90,0xe6,0x51,
  0xd2,0xd9,0x96,0x66,0xbf,0x2f,0x43,0xf1,0x8b,0x68,0x2,0xb3,0xf8,0xa9,0x73,0xf,
  0x57,0x3,0xb3,0xfb,0xe1,0x79,0x98,0xae,0xa8,0x3d,0x85,0x8e,0x35,0x95,0x2f,0x2d,
  0xde,0x1e,0x9f,0xfb,0xf8,0x6b,0xf9,0xe1,0x58,0x34,0xad,0xbd,0x8b,0x1f,0x7c,0x72,
  0xf,0xcf,0xbe,0xf6,0x8e,0xe6,0xf0,0x1f,0x96,0x81,0xe1,0xf4,0x28,0x24,0x16,0xa5,
  0x93,0x2e,0xf3,0x74,0xa1,0x1a,0xd8,0xf8,0x54,0x6b,0xcb,0xde,0xc5,0x62,0x4c,0x3d,
  0x60,0xa,0x2e,0x72,0x60,0x5e,0xf1,0xb,0x50,0xe2,0xd4,0xb,0xa8,0x14,0x37,0x8a,
  0x10,0x29,0x89,0x6d,0xd1,0x18,0x8d,0x86,0xc7,0xe,0xcb,0x81,0x35,0xd4,0x5d,0x5c,
  0x27,0x27,0x2d,0x0,0x12,0x11,0x6c,0xc7,0x10,0x8e,0x2b,0x39,0x79,0x67,0xec,0xeb,
  0x4a,0xd6,0x50,0x73,0x7a,0x8e,0x9f,0x72,0x1c,0x50,0x8b,0x1b,0x71,0xf2,0x23,0xc3,
  0x3c,0x4c,0x5b,0x71,0x2e,0x71,0xeb,0x68,0x13,0x1a,0x21,0xf,0x69,0x77,0x32,0x7,
  0x2f,0x81,0x18,0x72,0x37,0x9e,0x6a,0x75,0x15,0x4,0xf8,0xa9,0xf2,0x2e,0x1f,0x85,
  0x9e,0x34,0xab,0x80,0x88,0x45,0x22,0x71,0x90,0x71,0x5c,0x58,0x11,0xa8,0x39,0x70,
  0xf,0xb4,0xdd,0x55,0x28,0xc6,0xfc,0x92,0x89,0x47,0xe,0x84,0x4e,0x5c,0x4d,0xfb,
  0xa8,0xf1,0x55,0x91,0x91,0xac,0x24,0x2d,0x6c,0x21,0x2d,0x52,0x18,0xcf,0xd4,0x77,
  0x1b,0x8a,0x22,0x3a,0xd7,0x37,0xb7,0xb6,0xfb,0x66,0x40,0xaa,0xb5,0xb2,0xb9,0x80,
  0x3f,0xf0,0xe4,0xc4,0x7,0xab,0x92,0x5d,0x4a,0x7e,0xd7,0x4,0x89,0x73,0xf1,0x1b,
  0xb9,0xee,0x39,0x3a,0x5b,0x9c,0x8,0x94,0xf,0x1a,0xae,0x76,0xa9,0x93,0xe3,0x51,
  0x67,0xc8,0xfc,0x17,0x85,0x80,0xd7,0x35,0x9f,0xda,0xa9,0x85,0xff,0xd3,0x60,0x1e,
  0xec,0x84,0x87,0x14,0x49,0x19,0x57,0xe4,0xac,0xa7,0x86,0x91,0x3b,0x59,0x6a,0xaa,
  0x7a,0xf8,0x38,0x93,0xe0,0x16,0xb0,0x18,0xb3,0xe2,0xca,0x18,0x9a,0x14,0xfa,0xfc,
  0x91,0xc,0xc2,0x68,0xc,0x4e,0x32,0x4e,0xcc,0x53,0xe4,0xf8,0x69,0x7f,0x87,0xe,
  0xbb,0x2d,0x19,0xd0,0xab,0x26,0x57,0x16,0xd8,0xd4,0x25,0xf8,0x58,0x4e,0x74,0xf,
  0x1,0x9a,0xe0,0x5d,0x6c,0xe1,0x61,0xe4,0x18,0x80,0x1,0xf,0x18,0x17,0x7d,0x92,
  0xf9,0x4b,0xe9,0xc2,0xe9,0x44,0xfb,0xef,0xe8,0xb8,0xba,0xb5,0x6a,0x23,0xac,0x5a,
  0x28,0x94,0x9,0x78,0xc7,0xf4,0x87,0x8e,0x83,0xa1,0x4e,0xb7,0xc3,0x31,0x61,0x15,
  0xba,0x99,0xb8,0x14,0xcf,0xcb,0x21,0xbc,0x69,0x5a,0xdc,0x91,0xc3,0x60,0xdf,0x84,
  0xd3,0xb1,0x3e,0xa7,0xe5,0x1d,0x4a,0x46,0x20,0x7e,0xff,0xc9,0x8,0xc0,0x4c,0x71,
  0xe4,0x83,0x9a,0xcf,0xaf,0xb2,0x83,0x79,0xf7,0xe9,0xb0,0xdf,0x53,0x38,0x1,0xf0,
  0x50,0xa1,0xa3,0xb1,0x3c,0xe,0xc3,0x4f,0xf7,0xdf,0xd4,0x57,0xb8,0xa2,0xdf,0xb,
  0xb,0xe8,0x37,0x3c,0x2e,0x3e,0xce,0xa3,0x85,0xef,0xbc,0xcb,0x8,0x8a,0x2e,0xef,
  0x49,0x7b,0xa4,0x99,0xd3,0x6c,0x5b,0xc0,0xd6,0x64,0x60,0x26,0x54,0x44,0x1a,0x14,
  0xe5,0x6e,0x11,0x4b,0x8,0xce,0xdb,0xba,0x38,0x65,0xad,0xaf,0xf5,0x74,0x79,0xc4,
  0x70,0x8,0xe2,0xfc,0xa0,0x9c,0x61,0x75,0x33,0x7a,0x3a,0x2a,0x58,0x40,0xd6,0xd8,
  0x6c,0xd9,0x95,0x3,0xce,0x3a,0x97,0xa9,0x97,0xc5,0xf1,0xb4,0x2a,0xe8,0x21,0xb7,
  0x3c,0x43,0x6b,0x5,0xdd,0x4b,0x8a,0x1b,0x13,0x74,0xcf,0xb4,0x4e,0x9,0xf2,0x10,
  0xe0,0xf7,0x5a,0x96,0xb1,0x8f,0xda,0x67,0x65,0xd6,0xb4,0xff,0x6f,0x34,0x79,0xd,
  0xd4,0x80,0x2e,0xb8,0x1d,0x3e,0x50,0xed,0x8c,0x98,0x25,0x81,0x9d,0x2,0x5c,0x9f,
  0x3c,0x8a,0x21,0x60,0xc4,0x88,0x27,0x62,0x8d,0x88,0x52,0x86,0xb6,0x92,0xe,0xb9,
  0x52,0x2f,0x16,0x29,0xe4,0xc9,0xa3,0xf6,0x62,0x92,0x75,0x5e,0x89,0x79,0xfa,0xcc,
  0xf,0x66,0x2,0xeb,0x8a,0xf4,0xf6,0x6f,0x31,0xac,0x57,0xa4,0x37,0x77,0xd4,0x48,
  0xdc,0x3b,0xf0,0x28,0xba,0xe7,0xa,0xc,0x73,0x9c,0xd7,0x8a,0x11,0xf8,0x86,0xe4,
  0x26,0xb1,0xdc,0x22,0x50,0x50,0x94,0xc4,0xca,0x22,0xaa,0xaf,0x7d,0xfc,0xc0,0x7f,
  0x57,0x37,0x1,0xae,0x74,0xf4,0x83,0x64,0x7d,0x1e,0x80,0x8b,0x52,0xf2,0x56,0x7b,
  0x65,0xbc,0xd7,0x92,0x72,0xa9,0xad,0x13,0x3a,0x87,0xb5,0x8d,0x55,0x34,0x11,0x1e,
  0x70,0x44,0xb6,0x3d,0x12,0x28,0x10,0x54,0x19,0x84,0x4d,0xac,0xb5,0xc8,0x3,0x68,
  0xf4,0xe,0xb7,0x5a,0x48,0x4f,0xa4,0xb6,0xad,0x17,0x76,0x40,0x3f,0x17,0x4c,0x58,
  0x73,0x1a,0x9b,0x6c,0x8,0xd6,0x53,0x10,0x48,0x98,0x8,0xa7,0xd5,0x95,0x54,0xd5,
  0x44,0x48,0x8a,0x60,0x3f,0xe8,0x5d,0xc0,0xd,0x68,0xdc,0x87,0x3b,0x72,0xd6,0x41,
  0x44,0xed,0x73,0xc2,0x3c,0x0,0xe2,0x7c,0x93,0x57,0x52,0xe1,0x60,0x50,0x2c,0x8,
  0x99,0x84,0x1,0x55,0x35,0x34,0xd0,0x8,0x3,0x66,0xd5,0x72,0x36,0xe0,0x8e,0xe3,
  0x9f,0x6b,0xf9,0x16,0x8c,0x34,0xd1,0x79,0x1d,0xd3,0xe6,0xcb,0x9b,0x97,0xd7,0x29,
  0x0,0x63,0xaa,0x5c,0xe4,0xc1,0x90,0x0,0xcd,0xf0,0x3b,0x86,0x36,0x1d,0x16,0xc5,
  0x67,0x39,0xc0,0x26,0x56,0x3e,0x75,0x60,0x60,0x1f,0xcc,0x6e,0x66,0x9c,0x7e,0x6d,
  0x87,0xaa,0x5b,0x41,0x8e,0x1e,0xbe,0x86,0x9d,0x77,0x62,0x21,0x8a,0xca,0x13,0xa6,
  0xe6,0x5a,0x3d,0xf3,0x52,0xa5,0xe0,0x9c,0xf,0xcd,0x18,0x36,0x16,0xad,0x35,0xf0,
  0x9,0xe8,0x3b,0x42,0xbd,0x78,0xcd,0xb1,0xf,0x33,0x65,0x23,0x7a,0x87,0x7c,0x9c,
  0x6b,0x4f,0x30,0xb2,0x3,0xd0,0x1d,0x80,0x51,0x8a,0x7,0xde,0xc4,0xa6,0x57,0x1f,
  0xa8,0xc5,0x32,0x14,0xc9,0x35,0x88,0xbd,0xed,0x37,0x66,0x46,0x3f,0xa6,0xe5,0x62,
  0xc2,0xd6,0x56,0x19,0x55,0x94,0x3,0x7a,0xde,0x18,0xa3,0x7c,0xc2,0x5f,0x9b,0x53,
  0x5b,0x4b,0x9f,0x8,0xe0,0x1c,0x6a,0xd0,0x55,0xe5,0xce,0xd3,0x1f,0xcd,0x5e,0x45,
  0xe2,0xe4,0xfe,0x79,0xe0,0x91,0xa9,0x4d,0xa1,0xab,0x16,0x9a,0xfb,0x8b,0x7a,0xa6,
  0x26,0x44,0xf4,0x73,0x0,0xeb,0x54,0x70,0x81,0x5d,0x49,0x4e,0x6b,0xe1,0x9b,0xa1,
  0x2,0x4f,0x62,0x8c,0x7c,0xe3,0xad,0x80,0x5a,0x80,0x90,0xfc,0x2f,0xce,0x6d,0x41,
  0x78,0x29,0x41,0xb1,0x91,0x1f,0x4f,0x2f,0xd,0x88,0xdb,0x50,0xbe,0x1e,0x9d,0xc8,
  0xd5,0xdf,0xa0,0xd0,0x7f,0xdb,0x6f,0x6d,0x83,0x38,0x7e,0x13,0xc1,0xb2,0x39,0x6c,
  0xe3,0x92,0xe8,0xae,0x7,0x51,0xc5,0x67,0x3f,0xa,0x6a,0x14,0x84,0x1f,0x39,0x55,
  0x2e,0x4,0x1a,0x65,0x19,0x50,0x81,0xf7,0x72,0xfe,0xc0,0x9,0xac,0x21,0x19,0xa3,
  0xe7,0x5c,0xe7,0x93,0xdb,0x27,0xf3,0xf8,0x25,0xd1,0xe0,0xa,0x1c,0xd6,0x94,0xf2,
  0xd9,0xfc,0xc1,0x32,0x39,0x91,0x54,0x5c,0xe,0xf8,0xac,0x22,0x8f,0x1d,0xd7,0x23,
  0xf0,0x9d,0xdb,0x19,0xea,0xc6,0x81,0x9b,0x5d,0xf0,0x34,0x3d,0x2,0x3c,0xe6,0x4b,
  0xc1,0x40,0x1f,0xf3,0x84,0xd0,0x9b,0xf9,0xbc,0x18,0x4e,0x72,0x96,0xe4,0x9b,0xd2,
  0x5d,0x9a,0x67,0x6f,0x9c,0x5d,0x28,0x27,0x38,0x13,0xb7,0xad,0xa4,0x27,0xd,0xff,
  0xb6,0x8d,0x4,0x51,0x8f,0xfc,0x29,0x42,0xc9,0x76,0xe9,0xd1,0x56,0x33,0x37,0x51,
  0x8e,0xdf,0xbe,0x4d,0x4e,0xc8,0xef,0x1e,0xc4,0x61,0x31,0x20,0x70,0xd8,0x5f,0x31,
  0x6,0xdc,0xc5,0x9c,0x46,0x14,0x46,0x93,0xab,0xd6,0xb,0xb2,0x94,0x0,0x7a,0x7a,
  0x3e,0xbe,0x98,0x73,0x70,0x76,0x1c,0xe8,0xa0,0x46,0x74,0x13,0x45,0x93,0x85,0x2e,
  0x9,0xdc,0xdf,0xeb,0x8,0x8,0x21,0x17,0xe3,0x32,0x7f,0xba,0x30,0xcb,0xcd,0xe6,
  0x26,0x39,0xf6,0x32,0x28,0x8f,0x46,0xd1,0x6c,0x9b,0x6b,0x8c,0x1d,0x44,0x97,0x20,
  0x89,0xa5,0xd0,0xd,0xc4,0xb1,0x75,0x94,0x16,0xaf,0x8e,0x8c,0xd8,0x8a,0x11,0xb8,
  0xf5,0x3b,0x4d,0x37,0x55,0xb,0x78,0xd7,0xbb,0x1,0xf1,0x38,0xc0,0x44,0x43,0x73,
  0x9c,0xa6,0xd2,0x15,0x28,0x3d,0x90,0x6,0x26,0xd,0xf7,0xa6,0xad,0x6f,0x12,0x78,
  0x7c,0xa1,0x2a,0xb2,0x4,0xdd,0xb7,0x20,0x6f,0xa2,0x1,0x3d,0xea,0x86,0x3c,0x1d,
  0xb2,0x38,0xc4,0x32,0x1d,0x6f,0x47,0x7a,0xf3,0x5a,0xc7,0x59,0x2a,0xc3,0x8b,0x22,
  0x8a,0x6d,0xf5,0x8e,0xc,0x47,0xbd,0x96,0xe5,0x51,0x37,0xb2,0x6c,0xc5,0x8e,0x6c,
  0x47,0xb5,0x96,0xc9,0x66,0x37,0x8c,0xf0,0x40,0x86,0x8,0xc1,0x2d,0x33,0xa0,0x48,
  0xc,0x74,0xee,0xf4,0x5f,0x16,0xe0,0xae,0x7d,0xd6,0x9b,0xf8,0x72,0x76,0x3a,0xb0,
  0x88,0x88,0xd2,0x6,0x71,0x5f,0xcb,0xcb,0x84,0x1,0xa4,0x97,0x7,0x8,0xd9,0x0,
  0xea,0xc2,0x58,0x1,0xed,0xd2,0x84,0xbc,0xa4,0x18,0x19,0x34,0x9b,0x5,0x5c,0x81,
  0x40,0xe,0x77,0xb1,0x89,0x60,0xa9,0xfe,0xb2,0x3,0x19,0x4f,0xe2,0xf2,0xca,0xa1,
  0x28,0xd9,0xdb,0xcf,0xba,0xfa,0x7d,0xb2,0x99,0x4b,0xbc,0x2c,0x9b,0x82,0x37,0x3,
  0xf1,0x61,0x94,0xce,0xc4,0xa5,0x38,0x77,0x7f,0x39,0x71,0x91,0x90,0x17,0x5b,0xf6,
  0xc0,0xfb,0x1c,0x2a,0x52,0xc3,0x33,0x7b,0x29,0x79,0x29,0xa,0xec,0xd7,0x65,0x4a,
  0xcb,0x6,0xa6,0x58,0xd2,0xf8,0x5e,0x26,0x3e,0x60,0x92,0x6a,0x6b,0x57,0xe6,0xeb,
  0x7c,0xa8,0x46,0x5c,0x6b,0x83,0x45,0xac,0xf1,0xcc,0xa1,0xf2,0xd0,0xf,0x5,0x7c,
  0x81,0x3b,0x86,0x26,0x4a,0xe0,0x7e,0x45,0xd,0x24,0x2b,0xbb,0x10,0xd8,0x52,0x9c,
  0xa1,0xe9,0x50,0x85,0xe5,0x36,0x88,0xe3,0x77,0x4d,0x23,0xca,0xc1,0x65,0x37,0x56,
  0xec,0xcb,0xf3,0xe5,0x62,0x2a,0xef,0x1e,0xc7,0xfe,0x48,0x44,0x2f,0x9a,0xb9,0x3e,
  0xb8,0x50,0xcf,0x95,0xbe,0x67,0xc5,0xcb,0x20,0x6,0xc4,0xb5,0x94,0xc9,0xb0,0x1c,
  0xd1,0x4d,0x49,0x29,0xbd,0x75,0x2c,0xcc,0xd0,0x36,0xb6,0xeb,0x10,0xbd,0xe1,0xa6,
  0x19,0x80,0x47,0xdc,0x40,0xa9,0x7,0xb3,0x58,0x32,0x56,0x92,0xfd,0xd3,0xa6,0xd0,
  0x94,0x71,0x4,0x5e,0xb9,0xed,0x1,0xc,0xb9,0x18,0xfd,0x49,0x3c,0x3c,0xb6,0x23,
  0xfd,0x87,0xf0,0x3b,0x3d,0xaf,0x4a,0x84,0xd,0x1c,0xb5,0x6d,0x11,0x3c,0x91,0xed,
  0xb9,0x64,0xdc,0x4a,0xae,0x5e,0x77,0x0,0x97,0x71,0x18,0xa1,0x86,0xee,0x84,0xd6,
  0xbd,0x75,0x3c,0x50,0xc9,0x17,0x2,0x61,0x45,0xab,0xb7,0xb5,0x18,0x90,0x8a,0x70,
  0x2e,0xa1,0x66,0x31,0xc1,0x97,0xa6,0x6e,0x81,0xaf,0x88,0xa4,0xf2,0x62,0x1c,0x27,
  0x7,0x8,0xfb,0xb5,0x46,0xb7,0xeb,0xa5,0x3d,0x4a,0x49,0xb7,0xd2,0x16,0xd0,0x8b,
  0xa2,0x9b,0xb9,0xc,0x3d,0x69,0x86,0x88,0xcf,0xc5,0x59,0xa9,0x8b,0xd,0x95,0x72,
  0xe4,0x2d,0x96,0xf1,0x8d,0xe3,0x36,0xf1,0x2f,0x15,0xc4,0x34,0xcb,0x50,0x9d,0xff,
  0x71,0xb8,0xca,0x6c,0x4f,0x60,0x6e,0xe3,0xfb,0xd5,0xf6,0x5a,0x18,0xf2,0xfc,0x59,
  0x94,0xdc,0xae,0x97,0xd4,0xcb,0x9d,0xcf,0xfa,0x5b,0x3,0xbd,0x78,0xaa,0x25,0xe5,
  0xf,
    // ZoomView.qml
  0x0,0x0,0x2a,0x85,
  0x2f,
  0x2f,0x20,0x5a,0x6f,0x6f,0x6d,0x56,0x69,0x65,0x77,0x20,0xe2,0x80,0x94,0x20,0x64,
  0x65,0x65,0x70,0x2d,0x7a,0x6f,0x6f,0x6d,0x20,0x76,0x69,0x65,0x77,0x65,0x72,0x20,
  0x6f,0x76,0x65,0x72,0x20,0x61,0x20,0x76,0x69,0x70,0x73,0x20,0x64,0x7a,0x20,0x74,
  0x69,0x6c,0x65,0x20,0x70,0x79,0x72,0x61,0x6d,0x69,0x64,0x2e,0xa,0x2f,0x2f,0xa,
  0x2f,0x2f,0x20,0x53,0x74,0x72,0x65,0x61,0x6d,0x73,0x20,0x6f,0x6e,0x6c,0x79,0x20,
  0x74,0x68,0x65,0x20,0x74,0x69,0x6c,0x65,0x73,0x20,0x69,0x6e,0x20,0x76,0x69,0x65,
  0x77,0x20,0x61,0x74,0x20,0x74,0x68,0x65,0x20,0x6c,0x65,0x76,0x65,0x6c,0x20,0x6d,
  0x61,0x74,0x63,0x68,0x69,0x6e,0x67,0x20,0x74,0x68,0x65,0x20,0x63,0x75,0x72,0x72,
  0x65,0x6e,0x74,0x20,0x7a,0x6f,0x6f,0x6d,0x20,0xe2,0x80,0x94,0xa,0x2f,0x2f,0x20,
  0x61,0x20,0x3e,0x31,0x20,0x47,0x42,0x20,0x73,0x63,0x61,0x6e,0x20,0x70,0x61,0x6e,
  0x73,0x20,0x61,0x6e,0x64,0x20,0x7a,0x6f,0x6f,0x6d,0x73,0x20,0x77,0x69,0x74,0x68,
  0x20,0x6e,0x6f,0x74,0x68,0x69,0x6e,0x67,0x20,0x62,0x75,0x74,0x20,0x73,0x6d,0x61,
  0x6c,0x6c,0x20,0x4a,0x50,0x45,0x47,0x20,0x72,0x65,0x61,0x64,0x73,0xa,0x2f,0x2f,
  0x20,0x28,0x70,0x6c,0x61,0x6e,0x20,0xe2,0x86,0x92,0x20,0x50,0x72,0x6f,0x78,0x79,
  0x20,0x70,0x69,0x70,0x65,0x6c,0x69,0x6e,0x65,0x29,0x2e,0x20,0x7a,0x6f,0x6f,0x6d,
  0x20,0x3d,0x20,0x64,0x69,0x73,0x70,0x6c,0x61,0x79,0x20,0x70,0x78,0x20,0x70,0x65,
  0x72,0x20,0x6f,0x72,0x69,0x67,0x69,0x6e,0x61,0x6c,0x20,0x70,0x78,0x3b,0x20,0x31,
  0x2e,0x30,0x20,0x3d,0x20,0x31,0x3a,0x31,0x2e,0xa,0x2f,0x2f,0xa,0x2f,0x2f,0x20,
  0x49,0x6e,0x70,0x75,0x74,0x3a,0x20,0x74,0x69,0x6c,0x65,0x42,0x61,0x73,0x65,0x20,
  0x28,0x22,0x2e,0x2e,0x2e,0x2f,0x70,0x61,0x73,0x73,0x5f,0x30,0x22,0x20,0xe2,0x86,
  0x92,0x20,0x74,0x69,0x6c,0x65,0x73,0x20,0x61,0x74,0x20,0x70,0x61,0x73,0x73,0x5f,
  0x30,0x5f,0x66,0x69,0x6c,0x65,0x73,0x2f,0x3c,0x6c,0x65,0x76,0x65,0x6c,0x3e,0x2f,
  0x3c,0x78,0x3e,0x5f,0x3c,0x79,0x3e,0x2e,0x6a,0x70,0x67,0x29,0x2c,0xa,0x2f,0x2f,
  0x20,0x69,0x6d,0x67,0x57,0x2f,0x69,0x6d,0x67,0x48,0x20,0x28,0x6f,0x72,0x69,0x67,
  0x69,0x6e,0x61,0x6c,0x20,0x70,0x69,0x78,0x65,0x6c,0x73,0x29,0x2e,0x20,0x57,0x68,
  0x65,0x65,0x6c,0x20,0x7a,0x6f,0x6f,0x6d,0x73,0x20,0x61,0x62,0x6f,0x75,0x74,0x20,
  0x74,0x68,0x65,0x20,0x63,0x75,0x72,0x73,0x6f,0x72,0x2c,0x20,0x64,0x72,0x61,0x67,
  0x20,0x70,0x61,0x6e,0x73,0x2c,0xa,0x2f,0x2f,0x20,0x64,0x6f,0x75,0x62,0x6c,0x65,
  0x2d,0x63,0x6c,0x69,0x63,0x6b,0x20,0x74,0x6f,0x67,0x67,0x6c,0x65,0x73,0x20,0x66,
  0x69,0x74,0x20,0xe2,0x87,0x84,0x20,0x31,0x3a,0x31,0x2e,0xa,0xa,0x69,0x6d,0x70,
  0x6f,0x72,0x74,0x20,0x51,0x74,0x51,0x75,0x69,0x63,0x6b,0xa,0xa,0x49,0x74,0x65,
  0x6d,0x20,0x7b,0xa,0x20,0x20,0x20,0x20,0x69,0x64,0x3a,0x20,0x76,0x69,0x65,0x77,
  0xa,0x20,0x20,0x20,0x20,0x63,0x6c,0x69,0x70,0x3a,0x20,0x74,0x72,0x75,0x65,0x20,
  0x20,0x20,0x2f,0x2f,0x20,0x74,0x69,0x6c,0x65,0x73,0x20,0x6d,0x75,0x73,0x74,0x20,
  0x6e,0x65,0x76,0x65,0x72,0x20,0x70,0x61,0x69,0x6e,0x74,0x20,0x6f,0x76,0x65,0x72,
  0x20,0x74,0x68,0x65,0x20,0x63,0x68,0x72,0x6f,0x6d,0x65,0x20,0x61,0x72,0x6f,0x75,
  0x6e,0x64,0x20,0x74,0x68,0x65,0x20,0x66,0x69,0x65,0x6c,0x64,0xa,0xa,0x20,0x20,
  0x20,0x20,0x70,0x72,0x6f,0x70,0x65,0x72,0x74,0x79,0x20,0x73,0x74,0x72,0x69,0x6e,
  0x67,0x20,0x74,0x69,0x6c,0x65,0x42,0x61,0x73,0x65,0x3a,0x20,0x22,0x22,0xa,0x20,
  0x20,0x20,0x20,0x70,0x72,0x6f,0x70,0x65,0x72,0x74,0x79,0x20,0x69,0x6e,0x74,0x20,
  0x69,0x6d,0x67,0x57,0x3a,0x20,0x30,0xa,0x20,0x20,0x20,0x20,0x70,0x72,0x6f,0x70,
  0x65,0x72,0x74,0x79,0x20,0x69,0x6e,0x74,0x20,0x69,0x6d,0x67,0x48,0x3a,0x20,0x30,
  0xa,0xa,0x20,0x20,0x20,0x20,0x2f,0x2f,0x20,0x4d,0x65,0x74,0x61,0x64,0x61,0x74,
  0x61,0x20,0x6f,0x76,0x65,0x72,0x6c,0x61,0x79,0x20,0x28,0x50,0x69,0x20,0x53,0x56,
  0x47,0x29,0x20,0xe2,0x80,0x94,0x20,0x70,0x6c,0x61,0x63,0x65,0x6d,0x65,0x6e,0x74,
  0x20,0x6e,0x6f,0x72,0x6d,0x61,0x6c,0x69,0x7a,0x65,0x64,0x20,0x74,0x6f,0x20,0x69,
  0x6d,0x61,0x67,0x65,0x20,0x73,0x69,0x7a,0x65,0x2e,0xa,0x20,0x20,0x20,0x20,0x2f,
  0x2f,0x20,0x44,0x72,0x61,0x67,0x20,0x6d,0x6f,0x76,0x65,0x73,0x3b,0x20,0x74,0x68,
  0x65,0x20,0x63,0x6f,0x72,0x6e,0x65,0x72,0x20,0x68,0x61,0x6e,0x64,0x6c,0x65,0x20,
  0x73,0x63,0x61,0x6c,0x65,0x73,0x3b,0x20,0x70,0x6c,0x61,0x63,0x65,0x6d,0x65,0x6e,
  0x74,0x43,0x68,0x61,0x6e,0x67,0x65,0x64,0x20,0x66,0x69,0x72,0x65,0x73,0x20,0x6f,
  0x6e,0x20,0x72,0x65,0x6c,0x65,0x61,0x73,0x65,0x2e,0xa,0x20,0x20,0x20,0x20,0x70,
  0x72,0x6f,0x70,0x65,0x72,0x74,0x79,0x20,0x73,0x74,0x72,0x69,0x6e,0x67,0x20,0x6d,
  0x65,0x74,0x61,0x53,0x6f,0x75,0x72,0x63,0x65,0x3a,0x20,0x22,0x22,0xa,0x20,0x20,
  0x20,0x20,0x70,0x72,0x6f,0x70,0x65,0x72,0x74,0x79,0x20,0x72,0x65,0x61,0x6c,0x20,
  0x6d,0x65,0x74,0x61,0x58,0x3a,0x20,0x30,0x2e,0x30,0x34,0xa,0x20,0x20,0x20,0x20,
  0x70,0x72,0x6f,0x70,0x65,0x72,0x74,0x79,0x20,0x72,0x65,0x61,0x6c,0x20,0x6d,0x65,
  0x74,0x61,0x59,0x3a,0x20,0x30,0x2e,0x37,0x38,0xa,0x20,0x20,0x20,0x20,0x70,0x72,
  0x6f,0x70,0x65,0x72,0x74,0x79,0x20,0x72,0x65,0x61,0x6c,0x20,0x6d,0x65,0x74,0x61,
  0x57,0x3a,0x20,0x30,0x2e,0x32,0x35,0xa,0x20,0x20,0x20,0x20,0x70,0x72,0x6f,0x70,
  0x65,0x72,0x74,0x79,0x20,0x62,0x6f,0x6f,0x6c,0x20,0x6d,0x65,0x74,0x61,0x56,0x69,
  0x73,0x69,0x62,0x6c,0x65,0x3a,0x20,0x74,0x72,0x75,0x65,0xa,0x20,0x20,0x20,0x20,
  0x73,0x69,0x67,0x6e,0x61,0x6c,0x20,0x70,0x6c,0x61,0x63,0x65,0x6d,0x65,0x6e,0x74,
  0x43,0x68,0x61,0x6e,0x67,0x65,0x64,0x28,0x72,0x65,0x61,0x6c,0x20,0x78,0x2c,0x20,
  0x72,0x65,0x61,0x6c,0x20,0x79,0x2c,0x20,0x72,0x65,0x61,0x6c,0x20,0x77,0x29,0xa,
  0xa,0x20,0x20,0x20,0x20,0x72,0x65,0x61,0x64,0x6f,0x6e,0x6c,0x79,0x20,0x70,0x72,
  0x6f,0x70,0x65,0x72,0x74,0x79,0x20,0x72,0x65,0x61,0x6c,0x20,0x66,0x69,0x74,0x5a,
  0x6f,0x6f,0x6d,0x3a,0x20,0x28,0x69,0x6d,0x67,0x57,0x20,0x3e,0x20,0x30,0x20,0x26,
  0x26,0x20,0x69,0x6d,0x67,0x48,0x20,0x3e,0x20,0x30,0x20,0x26,0x26,0x20,0x77,0x69,
  0x64,0x74,0x68,0x20,0x3e,0x20,0x30,0x20,0x26,0x26,0x20,0x68,0x65,0x69,0x67,0x68,
  0x74,0x20,0x3e,0x20,0x30,0x29,0xa,0x20,0x20,0x20,0x20,0x20,0x20,0x20,0x20,0x3f,
  0x20,0x4d,0x61,0x74,0x68,0x2e,0x6d,0x69,0x6e,0x28,0x77,0x69,0x64,0x74,0x68,0x20,
  0x2f,0x20,0x69,0x6d,0x67,0x57,0x2c,0x20,0x68,0x65,0x69,0x67,0x68,0x74,0x20,0x2f,
  0x20,0x69,0x6d,0x67,0x48,0x29,0x20,0x3a,0x20,0x31,0xa,0x20,0x20,0x20,0x20,0x70,
  0x72,0x6f,0x70,0x65,0x72,0x74,0x79,0x20,0x72,0x65,0x61,0x6c,0x20,0x7a,0x6f,0x6f,
  0x6d,0x3a,0x20,0x66,0x69,0x74,0x5a,0x6f,0x6f,0x6d,0xa,0x20,0x20,0x20,0x20,0x72,
  0x65,0x61,0x64,0x6f,0x6e,0x6c,0x79,0x20,0x70,0x72,0x6f,0x70,0x65,0x72,0x74,0x79,
  0x20,0x62,0x6f,0x6f,0x6c,0x20,0x61,0x74,0x46,0x69,0x74,0x3a,0x20,0x4d,0x61,0x74,
  0x68,0x2e,0x61,0x62,0x73,0x28,0x7a,0x6f,0x6f,0x6d,0x20,0x2d,0x20,0x66,0x69,0x74,
  0x5a,0x6f,0x6f,0x6d,0x29,0x20,0x3c,0x20,0x31,0x65,0x2d,0x39,0xa,0xa,0x20,0x20,
  0x20,0x20,0x72,0x65,0x61,0x64,0x6f,0x6e,0x6c,0x79,0x20,0x70,0x72,0x6f,0x70,0x65,
  0x72,0x74,0x79,0x20,0x69,0x6e,0x74,0x20,0x74,0x69,0x6c,0x65,0x53,0x69,0x7a,0x65,
  0x3a,0x20,0x32,0x35,0x36,0xa,0x20,0x20,0x20,0x20,0x72,0x65,0x61,0x64,0x6f,0x6e,
  0x6c,0x79,0x20,0x70,0x72,0x6f,0x70,0x65,0x72,0x74,0x79,0x20,0x69,0x6e,0x74,0x20,
  0x6d,0x61,0x78,0x4c,0x65,0x76,0x65,0x6c,0x3a,0x20,0x28,0x69,0x6d,0x67,0x57,0x20,
  0x3e,0x20,0x30,0x20,0x26,0x26,0x20,0x69,0x6d,0x67,0x48,0x20,0x3e,0x20,0x30,0x29,
  0xa,0x20,0x20,0x20,0x20,0x20,0x20,0x20,0x20,0x3f,0x20,0x4d,0x61,0x74,0x68,0x2e,
  0x63,0x65,0x69,0x6c,0x28,0x4d,0x61,0x74,0x68,0x2e,0x6c,0x6f,0x67,0x32,0x28,0x4d,
  0x61,0x74,0x68,0x2e,0x6d,0x61,0x78,0x28,0x69,0x6d,0x67,0x57,0x2c,0x20,0x69,0x6d,
  0x67,0x48,0x29,0x29,0x29,0x20,0x3a,0x20,0x30,0xa,0xa,0x20,0x20,0x20,0x20,0x2f,
  0x2f,0x20,0x6c,0x65,0x76,0x65,0x6c,0x20,0x77,0x68,0x6f,0x73,0x65,0x20,0x73,0x63,
  0x61,0x6c,0x65,0x20,0x28,0x32,0x5e,0x28,0x6c,0x65,0x76,0x65,0x6c,0x2d,0x6d,0x61,
  0x78,0x4c,0x65,0x76,0x65,0x6c,0x29,0x29,0x20,0x69,0x73,0x20,0x74,0x68,0x65,0x20,
  0x73,0x6d,0x61,0x6c,0x6c,0x65,0x73,0x74,0x20,0xe2,0x89,0xa5,0x20,0x7a,0x6f,0x6f,
  0x6d,0xa,0x20,0x20,0x20,0x20,0x72,0x65,0x61,0x64,0x6f,0x6e,0x6c,0x79,0x20,0x70,
  0x72,0x6f,0x70,0x65,0x72,0x74,0x79,0x20,0x69,0x6e,0x74,0x20,0x6c,0x65,0x76,0x65,
  0x6c,0x3a,0x20,0x7b,0xa,0x20,0x20,0x20,0x20,0x20,0x20,0x20,0x20,0x69,0x66,0x20,
  0x28,0x69,0x6d,0x67,0x57,0x20,0x3c,0x3d,0x20,0x30,0x29,0x20,0x72,0x65,0x74,0x75,
  0x72,0x6e,0x20,0x30,0xa,0x20,0x20,0x20,0x20,0x20,0x20,0x20,0x20,0x6c,0x65,0x74,
  0x20,0x6c,0x20,0x3d,0x20,0x6d,0x61,0x78,0x4c,0x65,0x76,0x65,0x6c,0x20,0x2b,0x20,
  0x4d,0x61,0x74,0x68,0x2e,0x63,0x65,0x69,0x6c,0x28,0x4d,0x61,0x74,0x68,0x2e,0x6c,
  0x6f,0x67,0x32,0x28,0x4d,0x61,0x74,0x68,0x2e,0x6d,0x61,0x78,0x28,0x7a,0x6f,0x6f,
  0x6d,0x2c,0x20,0x31,0x65,0x2d,0x36,0x29,0x29,0x29,0xa,0x20,0x20,0x20,0x20,0x20,
  0x20,0x20,0x20,0x72,0x65,0x74,0x75,0x72,0x6e,0x20,0x4d,0x61,0x74,0x68,0x2e,0x6d,
  0x61,0x78,0x28,0x30,0x2c,0x20,0x4d,0x61,0x74,0x68,0x2e,0x6d,0x69,0x6e,0x28,0x6d,
  0x61,0x78,0x4c,0x65,0x76,0x65,0x6c,0x2c,0x20,0x6c,0x29,0x29,0xa,0x20,0x20,0x20,
  0x20,0x7d,0xa,0x20,0x20,0x20,0x20,0x72,0x65,0x61,0x64,0x6f,0x6e,0x6c,0x79,0x20,
  0x70,0x72,0x6f,0x70,0x65,0x72,0x74,0x79,0x20,0x72,0x65,0x61,0x6c,0x20,0x6c,0x65,
  0x76,0x65,0x6c,0x53,0x63,0x61,0x6c,0x65,0x3a,0x20,0x4d,0x61,0x74,0x68,0x2e,0x70,
  0x6f,0x77,0x28,0x32,0x2c,0x20,0x6c,0x65,0x76,0x65,0x6c,0x20,0x2d,0x20,0x6d,0x61,
  0x78,0x4c,0x65,0x76,0x65,0x6c,0x29,0xa,0xa,0x20,0x20,0x20,0x20,0x70,0x72,0x6f,
  0x70,0x65,0x72,0x74,0x79,0x20,0x76,0x61,0x72,0x20,0x74,0x69,0x6c,0x65,0x73,0x3a,
  0x20,0x5b,0x5d,0xa,0xa,0x20,0x20,0x20,0x20,0x6f,0x6e,0x54,0x69,0x6c,0x65,0x42,
  0x61,0x73,0x65,0x43,0x68,0x61,0x6e,0x67,0x65,0x64,0x3a,0x20,0x7b,0x20,0x7a,0x6f,
  0x6f,0x6d,0x20,0x3d,0x20,0x51,0x74,0x2e,0x62,0x69,0x6e,0x64,0x69,0x6e,0x67,0x28,
  0x28,0x29,0x20,0x3d,0x3e,0x20,0x66,0x69,0x74,0x5a,0x6f,0x6f,0x6d,0x29,0x3b,0x20,
  0x72,0x65,0x62,0x75,0x69,0x6c,0x64,0x28,0x29,0x20,0x7d,0xa,0x20,0x20,0x20,0x20,
  0x6f,0x6e,0x5a,0x6f,0x6f,0x6d,0x43,0x68,0x61,0x6e,0x67,0x65,0x64,0x3a,0x20,0x72,
  0x65,0x62,0x75,0x69,0x6c,0x64,0x28,0x29,0xa,0x20,0x20,0x20,0x20,0x6f,0x6e,0x57,
  0x69,0x64,0x74,0x68,0x43,0x68,0x61,0x6e,0x67,0x65,0x64,0x3a,0x20,0x72,0x65,0x62,
  0x75,0x69,0x6c,0x64,0x28,0x29,0xa,0x20,0x20,0x20,0x20,0x6f,0x6e,0x48,0x65,0x69,
  0x67,0x68,0x74,0x43,0x68,0x61,0x6e,0x67,0x65,0x64,0x3a,0x20,0x72,0x65,0x62,0x75,
  0x69,0x6c,0x64,0x28,0x29,0xa,0x20,0x20,0x20,0x20,0x6f,0x6e,0x49,0x6d,0x67,0x57,
  0x43,0x68,0x61,0x6e,0x67,0x65,0x64,0x3a,0x20,0x72,0x65,0x62,0x75,0x69,0x6c,0x64,
  0x28,0x29,0x20,0x20,0x20,0x2f,0x2f,0x20,0x64,0x69,0x6d,0x73,0x20,0x6c,0x61,0x6e,
  0x64,0x20,0x61,0x73,0x79,0x6e,0x63,0x20,0x61,0x66,0x74,0x65,0x72,0x20,0x69,0x6e,
  0x67,0x65,0x73,0x74,0x20,0x2f,0x20,0x6f,0x6e,0x20,0x73,0x65,0x73,0x73,0x69,0x6f,
  0x6e,0x20,0x73,0x77,0x69,0x74,0x63,0x68,0xa,0x20,0x20,0x20,0x20,0x6f,0x6e,0x49,
  0x6d,0x67,0x48,0x43,0x68,0x61,0x6e,0x67,0x65,0x64,0x3a,0x20,0x72,0x65,0x62,0x75,
  0x69,0x6c,0x64,0x28,0x29,0xa,0xa,0x20,0x20,0x20,0x20,0x66,0x75,0x6e,0x63,0x74,
  0x69,0x6f,0x6e,0x20,0x63,0x6c,0x61,0x6d,0x70,0x50,0x61,0x6e,0x28,0x29,0x20,0x7b,
  0xa,0x20,0x20,0x20,0x20,0x20,0x20,0x20,0x20,0x63,0x6f,0x6e,0x73,0x74,0x20,0x63,
  0x77,0x20,0x3d,0x20,0x69,0x6d,0x67,0x57,0x20,0x2a,0x20,0x7a,0x6f,0x6f,0x6d,0x2c,
  0x20,0x63,0x68,0x20,0x3d,0x20,0x69,0x6d,0x67,0x48,0x20,0x2a,0x20,0x7a,0x6f,0x6f,
  0x6d,0xa,0x20,0x20,0x20,0x20,0x20,0x20,0x20,0x20,0x66,0x6c,0x69,0x63,0x6b,0x2e,
  0x63,0x6f,0x6e,0x74,0x65,0x6e,0x74,0x58,0x20,0x3d,0x20,0x63,0x77,0x20,0x3c,0x3d,
  0x20,0x77,0x69,0x64,0x74,0x68,0x20,0x3f,0x20,0x28,0x63,0x77,0x20,0x2d,0x20,0x77,
  0x69,0x64,0x74,0x68,0x29,0x20,0x2f,0x20,0x32,0xa,0x20,0x20,0x20,0x20,0x20,0x20,
  0x20,0x20,0x20,0x20,0x20,0x20,0x20,0x20,0x20,0x20,0x20,0x20,0x20,0x20,0x20,0x20,
  0x20,0x3a,0x20,0x4d,0x61,0x74,0x68,0x2e,0x6d,0x61,0x78,0x28,0x30,0x2c,0x20,0x4d,
  0x61,0x74,0x68,0x2e,0x6d,0x69,0x6e,0x28,0x66,0x6c,0x69,0x63,0x6b,0x2e,0x63,0x6f,
  0x6e,0x74,0x65,0x6e,0x74,0x58,0x2c,0x20,0x63,0x77,0x20,0x2d,0x20,0x77,0x69,0x64,
  0x74,0x68,0x29,0x29,0xa,0x20,0x20,0x20,0x20,0x20,0x20,0x20,0x20,0x66,0x6c,0x69,
  0x63,0x6b,0x2e,0x63,0x6f,0x6e,0x74,0x65,0x6e,0x74,0x59,0x20,0x3d,0x20,0x63,0x68,
  0x20,0x3c,0x3d,0x20,0x68,0x65,0x69,0x67,0x68,0x74,0x20,0x3f,0x20,0x28,0x63,0x68,
  0x20,0x2d,0x20,0x68,0x65,0x69,0x67,0x68,0x74,0x29,0x20,0x2f,0x20,0x32,0xa,0x20,
  0x20,0x20,0x20,0x20,0x20,0x20,0x20,0x20,0x20,0x20,0x20,0x20,0x20,0x20,0x20,0x20,
  0x20,0x20,0x20,0x20,0x20,0x20,0x3a,0x20,0x4d,0x61,0x74,0x68,0x2e,0x6d,0x61,0x78,
  0x28,0x30,0x2c,0x20,0x4d,0x61,0x74,0x68,0x2e,0x6d,0x69,0x6e,0x28,0x66,0x6c,0x69,
  0x63,0x6b,0x2e,0x63,0x6f,0x6e,0x74,0x65,0x6e,0x74,0x59,0x2c,0x20,0x63,0x68,0x20,
  0x2d,0x20,0x68,0x65,0x69,0x67,0x68,0x74,0x29,0x29,0xa,0x20,0x20,0x20,0x20,0x7d,
  0xa,0xa,0x20,0x20,0x20,0x20,0x66,0x75,0x6e,0x63,0x74,0x69,0x6f,0x6e,0x20,0x72,
  0x65,0x62,0x75,0x69,0x6c,0x64,0x28,0x29,0x20,0x7b,0xa,0x20,0x20,0x20,0x20,0x20,
  0x20,0x20,0x20,0x69,0x66,0x20,0x28,0x74,0x69,0x6c,0x65,0x42,0x61,0x73,0x65,0x20,
  0x3d,0x3d,0x3d,0x20,0x22,0x22,0x20,0x7c,0x7c,0x20,0x69,0x6d,0x67,0x57,0x20,0x3c,
  0x3d,0x20,0x30,0x20,0x7c,0x7c,0x20,0x69,0x6d,0x67,0x48,0x20,0x3c,0x3d,0x20,0x30,
  0x29,0x20,0x7b,0x20,0x74,0x69,0x6c,0x65,0x73,0x20,0x3d,0x20,0x5b,0x5d,0x3b,0x20,
  0x72,0x65,0x74,0x75,0x72,0x6e,0x20,0x7d,0xa,0x20,0x20,0x20,0x20,0x20,0x20,0x20,
  0x20,0x69,0x66,0x20,0x28,0x61,0x74,0x46,0x69,0x74,0x29,0x20,0x63,0x6c,0x61,0x6d,
  0x70,0x50,0x61,0x6e,0x28,0x29,0x20,0x20,0x20,0x2f,0x2f,0x20,0x63,0x65,0x6e,0x74,
  0x65,0x72,0x20,0x77,0x68,0x65,0x6e,0x20,0x73,0x6d,0x61,0x6c,0x6c,0x65,0x72,0x20,
  0x74,0x68,0x61,0x6e,0x20,0x74,0x68,0x65,0x20,0x76,0x69,0x65,0x77,0x70,0x6f,0x72,
  0x74,0xa,0x20,0x20,0x20,0x20,0x20,0x20,0x20,0x20,0x2f,0x2f,0x20,0x43,0x6f,0x6d,
  0x70,0x75,0x74,0x65,0x20,0x74,0x68,0x65,0x20,0x70,0x79,0x72,0x61,0x6d,0x69,0x64,
  0x20,0x6c,0x65,0x76,0x65,0x6c,0x20,0x6c,0x6f,0x63,0x61,0x6c,0x6c,0x79,0x20,0x73,
  0x6f,0x20,0x6c,0x77,0x2f,0x6c,0x65,0x76,0x65,0x6c,0x2f,0x73,0x63,0x61,0x6c,0x65,
  0x20,0x61,0x72,0x65,0x20,0x61,0x6c,0x77,0x61,0x79,0x73,0xa,0x20,0x20,0x20,0x20,
  0x20,0x20,0x20,0x20,0x2f,0x2f,0x20,0x63,0x6f,0x6e,0x73,0x69,0x73,0x74,0x65,0x6e,
  0x74,0x20,0x77,0x69,0x74,0x68,0x20,0x74,0x68,0x65,0x20,0x43,0x55,0x52,0x52,0x45,
  0x4e,0x54,0x20,0x69,0x6d,0x67,0x57,0x2f,0x69,0x6d,0x67,0x48,0x20,0xe2,0x80,0x94,
  0x20,0x6e,0x65,0x76,0x65,0x72,0x20,0x61,0x20,0x73,0x74,0x61,0x6c,0x65,0x20,0x62,
  0x69,0x6e,0x64,0x69,0x6e,0x67,0x2e,0xa,0x20,0x20,0x20,0x20,0x20,0x20,0x20,0x20,
  0x63,0x6f,0x6e,0x73,0x74,0x20,0x6d,0x4c,0x20,0x3d,0x20,0x4d,0x61,0x74,0x68,0x2e,
  0x63,0x65,0x69,0x6c,0x28,0x4d,0x61,0x74,0x68,0x2e,0x6c,0x6f,0x67,0x32,0x28,0x4d,
  0x61,0x74,0x68,0x2e,0x6d,0x61,0x78,0x28,0x69,0x6d,0x67,0x57,0x2c,0x20,0x69,0x6d,
  0x67,0x48,0x29,0x29,0x29,0xa,0x20,0x20,0x20,0x20,0x20,0x20,0x20,0x20,0x63,0x6f,
  0x6e,0x73,0x74,0x20,0x6c,0x76,0x20,0x3d,0x20,0x4d,0x61,0x74,0x68,0x2e,0x6d,0x61,
  0x78,0x28,0x30,0x2c,0x20,0x4d,0x61,0x74,0x68,0x2e,0x6d,0x69,0x6e,0x28,0x6d,0x4c,
  0x2c,0xa,0x20,0x20,0x20,0x20,0x20,0x20,0x20,0x20,0x20,0x20,0x20,0x20,0x20,0x20,
  0x20,0x20,0x20,0x20,0x20,0x20,0x20,0x6d,0x4c,0x20,0x2b,0x20,0x4d,0x61,0x74,0x68,
  0x2e,0x63,0x65,0x69,0x6c,0x28,0x4d,0x61,0x74,0x68,0x2e,0x6c,0x6f,0x67,0x32,0x28,
  0x4d,0x61,0x74,0x68,0x2e,0x6d,0x61,0x78,0x28,0x7a,0x6f,0x6f,0x6d,0x2c,0x20,0x31,
  0x65,0x2d,0x36,0x29,0x29,0x29,0x29,0x29,0xa,0x20,0x20,0x20,0x20,0x20,0x20,0x20,
  0x20,0x63,0x6f,0x6e,0x73,0x74,0x20,0x6c,0x53,0x63,0x61,0x6c,0x65,0x20,0x3d,0x20,
  0x4d,0x61,0x74,0x68,0x2e,0x70,0x6f,0x77,0x28,0x32,0x2c,0x20,0x6c,0x76,0x20,0x2d,
  0x20,0x6d,0x4c,0x29,0xa,0x20,0x20,0x20,0x20,0x20,0x20,0x20,0x20,0x63,0x6f,0x6e,
  0x73,0x74,0x20,0x6c,0x77,0x20,0x3d,0x20,0x4d,0x61,0x74,0x68,0x2e,0x63,0x65,0x69,
  0x6c,0x28,0x69,0x6d,0x67,0x57,0x20,0x2a,0x20,0x6c,0x53,0x63,0x61,0x6c,0x65,0x29,
  0xa,0x20,0x20,0x20,0x20,0x20,0x20,0x20,0x20,0x63,0x6f,0x6e,0x73,0x74,0x20,0x6c,
  0x68,0x20,0x3d,0x20,0x4d,0x61,0x74,0x68,0x2e,0x63,0x65,0x69,0x6c,0x28,0x69,0x6d,
  0x67,0x48,0x20,0x2a,0x20,0x6c,0x53,0x63,0x61,0x6c,0x65,0x29,0xa,0x20,0x20,0x20,
  0x20,0x20,0x20,0x20,0x20,0x63,0x6f,0x6e,0x73,0x74,0x20,0x64,0x69,0x73,0x70,0x20,
  0x3d,0x20,0x7a,0x6f,0x6f,0x6d,0x20,0x2f,0x20,0x6c,0x53,0x63,0x61,0x6c,0x65,0x20,
  0x20,0x20,0x20,0x20,0x20,0x20,0x20,0x20,0x20,0x20,0x20,0x20,0x20,0x20,0x20,0x2f,
  0x2f,0x20,0x64,0x69,0x73,0x70,0x6c,0x61,0x79,0x20,0x70,0x78,0x20,0x70,0x65,0x72,
  0x20,0x6c,0x65,0x76,0x65,0x6c,0x20,0x70,0x78,0xa,0x20,0x20,0x20,0x20,0x20,0x20,
  0x20,0x20,0x63,0x6f,0x6e,0x73,0x74,0x20,0x78,0x30,0x20,0x3d,0x20,0x4d,0x61,0x74,
  0x68,0x2e,0x6d,0x61,0x78,0x28,0x30,0x2c,0x20,0x4d,0x61,0x74,0x68,0x2e,0x66,0x6c,
  0x6f,0x6f,0x72,0x28,0x66,0x6c,0x69,0x63,0x6b,0x2e,0x63,0x6f,0x6e,0x74,0x65,0x6e,
  0x74,0x58,0x20,0x2f,0x20,0x28,0x74,0x69,0x6c,0x65,0x53,0x69,0x7a,0x65,0x20,0x2a,
  0x20,0x64,0x69,0x73,0x70,0x29,0x29,0x29,0xa,0x20,0x20,0x20,0x20,0x20,0x20,0x20,
  0x20,0x63,0x6f,0x6e,0x73,0x74,0x20,0x79,0x30,0x20,0x3d,0x20,0x4d,0x61,0x74,0x68,
  0x2e,0x6d,0x61,0x78,0x28,0x30,0x2c,0x20,0x4d,0x61,0x74,0x68,0x2e,0x66,0x6c,0x6f,
  0x6f,0x72,0x28,0x66,0x6c,0x69,0x63,0x6b,0x2e,0x63,0x6f,0x6e,0x74,0x65,0x6e,0x74,
  0x59,0x20,0x2f,0x20,0x28,0x74,0x69,0x6c,0x65,0x53,0x69,0x7a,0x65,0x20,0x2a,0x20,
  0x64,0x69,0x73,0x70,0x29,0x29,0x29,0xa,0x20,0x20,0x20,0x20,0x20,0x20,0x20,0x20,
  0x63,0x6f,0x6e,0x73,0x74,0x20,0x78,0x31,0x20,0x3d,0x20,0x4d,0x61,0x74,0x68,0x2e,
  0x6d,0x69,0x6e,0x28,0x4d,0x61,0x74,0x68,0x2e,0x63,0x65,0x69,0x6c,0x28,0x6c,0x77,
  0x20,0x2f,0x20,0x74,0x69,0x6c,0x65,0x53,0x69,0x7a,0x65,0x29,0x20,0x2d,0x20,0x31,
  0x2c,0xa,0x20,0x20,0x20,0x20,0x20,0x20,0x20,0x20,0x20,0x20,0x20,0x20,0x20,0x20,
  0x20,0x20,0x20,0x20,0x20,0x20,0x20,0x20,0x20,0x20,0x20,0x20,0x20,0x20,0x4d,0x61,
  0x74,0x68,0x2e,0x66,0x6c,0x6f,0x6f,0x72,0x28,0x28,0x66,0x6c,0x69,0x63,0x6b,0x2e,
  0x63,0x6f,0x6e,0x74,0x65,0x6e,0x74,0x58,0x20,0x2b,0x20,0x77,0x69,0x64,0x74,0x68,
  0x29,0x20,0x2f,0x20,0x28,0x74,0x69,0x6c,0x65,0x53,0x69,0x7a,0x65,0x20,0x2a,0x20,
  0x64,0x69,0x73,0x70,0x29,0x29,0x29,0xa,0x20,0x20,0x20,0x20,0x20,0x20,0x20,0x20,
  0x63,0x6f,0x6e,0x73,0x74,0x20,0x79,0x31,0x20,0x3d,0x20,0x4d,0x61,0x74,0x68,0x2e,
  0x6d,0x69,0x6e,0x28,0x4d,0x61,0x74,0x68,0x2e,0x63,0x65,0x69,0x6c,0x28,0x6c,0x68,
  0x20,0x2f,0x20,0x74,0x69,0x6c,0x65,0x53,0x69,0x7a,0x65,0x29,0x20,0x2d,0x20,0x31,
  0x2c,0xa,0x20,0x20,0x20,0x20,0x20,0x20,0x20,0x20,0x20,0x20,0x20,0x20,0x20,0x20,
  0x20,0x20,0x20,0x20,0x20,0x20,0x20,0x20,0x20,0x20,0x20,0x20,0x20,0x20,0x4d,0x61,
  0x74,0x68,0x2e,0x66,0x6c,0x6f,0x6f,0x72,0x28,0x28,0x66,0x6c,0x69,0x63,0x6b,0x2e,
  0x63,0x6f,0x6e,0x74,0x65,0x6e,0x74,0x59,0x20,0x2b,0x20,0x68,0x65,0x69,0x67,0x68,
  0x74,0x29,0x20,0x2f,0x20,0x28,0x74,0x69,0x6c,0x65,0x53,0x69,0x7a,0x65,0x20,0x2a,
  0x20,0x64,0x69,0x73,0x70,0x29,0x29,0x29,0xa,0x20,0x20,0x20,0x20,0x20,0x20,0x20,
  0x20,0x63,0x6f,0x6e,0x73,0x74,0x20,0x6f,0x75,0x74,0x20,0x3d,0x20,0x5b,0x5d,0xa,
  0x20,0x20,0x20,0x20,0x20,0x20,0x20,0x20,0x66,0x6f,0x72,0x20,0x28,0x6c,0x65,0x74,
  0x20,0x74,0x79,0x20,0x3d,0x20,0x79,0x30,0x3b,0x20,0x74,0x79,0x20,0x3c,0x3d,0x20,
  0x79,0x31,0x3b,0x20,0x74,0x79,0x2b,0x2b,0x29,0xa,0x20,0x20,0x20,0x20,0x20,0x20,
  0x20,0x20,0x20,0x20,0x20,0x20,0x66,0x6f,0x72,0x20,0x28,0x6c,0x65,0x74,0x20,0x74,
  0x78,0x20,0x3d,0x20,0x78,0x30,0x3b,0x20,0x74,0x78,0x20,0x3c,0x3d,0x20,0x78,0x31,
  0x3b,0x20,0x74,0x78,0x2b,0x2b,0x29,0x20,0x7b,0xa,0x20,0x20,0x20,0x20,0x20,0x20,
  0x20,0x20,0x20,0x20,0x20,0x20,0x20,0x20,0x20,0x20,0x63,0x6f,0x6e,0x73,0x74,0x20,
  0x77,0x20,0x3d,0x20,0x4d,0x61,0x74,0x68,0x2e,0x6d,0x69,0x6e,0x28,0x74,0x69,0x6c,
  0x65,0x53,0x69,0x7a,0x65,0x2c,0x20,0x6c,0x77,0x20,0x2d,0x20,0x74,0x78,0x20,0x2a,
  0x20,0x74,0x69,0x6c,0x65,0x53,0x69,0x7a,0x65,0x29,0xa,0x20,0x20,0x20,0x20,0x20,
  0x20,0x20,0x20,0x20,0x20,0x20,0x20,0x20,0x20,0x20,0x20,0x63,0x6f,0x6e,0x73,0x74,
  0x20,0x68,0x20,0x3d,0x20,0x4d,0x61,0x74,0x68,0x2e,0x6d,0x69,0x6e,0x28,0x74,0x69,
  0x6c,0x65,0x53,0x69,0x7a,0x65,0x2c,0x20,0x6c,0x68,0x20,0x2d,0x20,0x74,0x79,0x20,
  0x2a,0x20,0x74,0x69,0x6c,0x65,0x53,0x69,0x7a,0x65,0x29,0xa,0x20,0x20,0x20,0x20,
  0x20,0x20,0x20,0x20,0x20,0x20,0x20,0x20,0x20,0x20,0x20,0x20,0x6f,0x75,0x74,0x2e,
  0x70,0x75,0x73,0x68,0x28,0x7b,0xa,0x20,0x20,0x20,0x20,0x20,0x20,0x20,0x20,0x20,
  0x20,0x20,0x20,0x20,0x20,0x20,0x20,0x20,0x20,0x20,0x20,0x75,0x72,0x6c,0x3a,0x20,
  0x22,0x66,0x69,0x6c,0x65,0x3a,0x2f,0x2f,0x2f,0x22,0x20,0x2b,0x20,0x28,0x74,0x69,
  0x6c,0x65,0x42,0x61,0x73,0x65,0x20,0x2b,0x20,0x22,0x5f,0x66,0x69,0x6c,0x65,0x73,
  0x2f,0x22,0x20,0x2b,0x20,0x6c,0x76,0x20,0x2b,0x20,0x22,0x2f,0x22,0xa,0x20,0x20,
  0x20,0x20,0x20,0x20,0x20,0x20,0x20,0x20,0x20,0x20,0x20,0x20,0x20,0x20,0x20,0x20,
  0x20,0x20,0x20,0x20,0x20,0x20,0x20,0x20,0x20,0x20,0x20,0x20,0x20,0x20,0x20,0x20,
  0x20,0x20,0x20,0x20,0x20,0x2b,0x20,0x74,0x78,0x20,0x2b,0x20,0x22,0x5f,0x22,0x20,
  0x2b,0x20,0x74,0x79,0x20,0x2b,0x20,0x22,0x2e,0x6a,0x70,0x67,0x22,0x29,0x2e,0x72,
  0x65,0x70,0x6c,0x61,0x63,0x65,0x28,0x2f,0x5e,0x5c,0x2f,0x2f,0x2c,0x20,0x22,0x22,
  0x29,0x2c,0xa,0x20,0x20,0x20,0x20,0x20,0x20,0x20,0x20,0x20,0x20,0x20,0x20,0x20,
  0x20,0x20,0x20,0x20,0x20,0x20,0x20,0x78,0x3a,0x20,0x74,0x78,0x20,0x2a,0x20,0x74,
  0x69,0x6c,0x65,0x53,0x69,0x7a,0x65,0x20,0x2a,0x20,0x64,0x69,0x73,0x70,0x2c,0xa,
  0x20,0x20,0x20,0x20,0x20,0x20,0x20,0x20,0x20,0x20,0x20,0x20,0x20,0x20,0x20,0x20,
  0x20,0x20,0x20,0x20,0x79,0x3a,0x20,0x74,0x79,0x20,0x2a,0x20,0x74,0x69,0x6c,0x65,
  0x53,0x69,0x7a,0x65,0x20,0x2a,0x20,0x64,0x69,0x73,0x70,0x2c,0xa,0x20,0x20,0x20,
  0x20,0x20,0x20,0x20,0x20,0x20,0x20,0x20,0x20,0x20,0x20,0x20,0x20,0x20,0x20,0x20,
  0x20,0x77,0x3a,0x20,0x77,0x20,0x2a,0x20,0x64,0x69,0x73,0x70,0x2c,0xa,0x20,0x20,
  0x20,0x20,0x20,0x20,0x20,0x20,0x20,0x20,0x20,0x20,0x20,0x20,0x20,0x20,0x20,0x20,
  0x20,0x20,0x68,0x3a,0x20,0x68,0x20,0x2a,0x20,0x64,0x69,0x73,0x70,0xa,0x20,0x20,
  0x20,0x20,0x20,0x20,0x20,0x20,0x20,0x20,0x20,0x20,0x20,0x20,0x20,0x20,0x7d,0x29,
  0xa,0x20,0x20,0x20,0x20,0x20,0x20,0x20,0x20,0x20,0x20,0x20,0x20,0x7d,0xa,0x20,
  0x20,0x20,0x20,0x20,0x20,0x20,0x20,0x74,0x69,0x6c,0x65,0x73,0x20,0x3d,0x20,0x6f,
  0x75,0x74,0xa,0x20,0x20,0x20,0x20,0x7d,0xa,0xa,0x20,0x20,0x20,0x20,0x66,0x75,
  0x6e,0x63,0x74,0x69,0x6f,0x6e,0x20,0x7a,0x6f,0x6f,0x6d,0x54,0x6f,0x28,0x7a,0x2c,
  0x20,0x63,0x78,0x2c,0x20,0x63,0x79,0x29,0x20,0x7b,0xa,0x20,0x20,0x20,0x20,0x20,
  0x20,0x20,0x20,0x2f,0x2f,0x20,0x6b,0x65,0x65,0x70,0x20,0x74,0x68,0x65,0x20,0x63,
  0x6f,0x6e,0x74,0x65,0x6e,0x74,0x20,0x70,0x6f,0x69,0x6e,0x74,0x20,0x75,0x6e,0x64,
  0x65,0x72,0x20,0x28,0x63,0x78,0x2c,0x20,0x63,0x79,0x29,0x20,0x73,0x74,0x61,0x74,
  0x69,0x6f,0x6e,0x61,0x72,0x79,0xa,0x20,0x20,0x20,0x20,0x20,0x20,0x20,0x20,0x2f,
  0x2f,0x20,0x31,0x36,0x30,0x30,0x20,0x25,0x20,0x63,0x65,0x69,0x6c,0x69,0x6e,0x67,
  0x3a,0x20,0x70,0x69,0x78,0x65,0x6c,0x2d,0x6c,0x65,0x76,0x65,0x6c,0x20,0x69,0x6e,
  0x73,0x70,0x65,0x63,0x74,0x69,0x6f,0x6e,0x3b,0x20,0x66,0x6c,0x6f,0x6f,0x72,0x20,
  0x6e,0x65,0x76,0x65,0x72,0x20,0x62,0x65,0x6c,0x6f,0x77,0x20,0x66,0x69,0x74,0xa,
  0x20,0x20,0x20,0x20,0x20,0x20,0x20,0x20,0x7a,0x20,0x3d,0x20,0x4d,0x61,0x74,0x68,
  0x2e,0x6d,0x61,0x78,0x28,0x4d,0x61,0x74,0x68,0x2e,0x6d,0x69,0x6e,0x28,0x66,0x69,
  0x74,0x5a,0x6f,0x6f,0x6d,0x2c,0x20,0x31,0x29,0x2c,0x20,0x4d,0x61,0x74,0x68,0x2e,
  0x6d,0x69,0x6e,0x28,0x7a,0x2c,0x20,0x4d,0x61,0x74,0x68,0x2e,0x6d,0x61,0x78,0x28,
  0x31,0x36,0x2c,0x20,0x66,0x69,0x74,0x5a,0x6f,0x6f,0x6d,0x29,0x29,0x29,0xa,0x20,
  0x20,0x20,0x20,0x20,0x20,0x20,0x20,0x63,0x6f,0x6e,0x73,0x74,0x20,0x70,0x78,0x20,
  0x3d,0x20,0x28,0x66,0x6c,0x69,0x63,0x6b,0x2e,0x63,0x6f,0x6e,0x74,0x65,0x6e,0x74,
  0x58,0x20,0x2b,0x20,0x63,0x78,0x29,0x20,0x2f,0x20,0x7a,0x6f,0x6f,0x6d,0xa,0x20,
  0x20,0x20,0x20,0x20,0x20,0x20,0x20,0x63,0x6f,0x6e,0x73,0x74,0x20,0x70,0x79,0x20,
  0x3d,0x20,0x28,0x66,0x6c,0x69,0x63,0x6b,0x2e,0x63,0x6f,0x6e,0x74,0x65,0x6e,0x74,
  0x59,0x20,0x2b,0x20,0x63,0x79,0x29,0x20,0x2f,0x20,0x7a,0x6f,0x6f,0x6d,0xa,0x20,
  0x20,0x20,0x20,0x20,0x20,0x20,0x20,0x7a,0x6f,0x6f,0x6d,0x20,0x3d,0x20,0x7a,0xa,
  0x20,0x20,0x20,0x20,0x20,0x20,0x20,0x20,0x66,0x6c,0x69,0x63,0x6b,0x2e,0x63,0x6f,
  0x6e,0x74,0x65,0x6e,0x74,0x58,0x20,0x3d,0x20,0x70,0x78,0x20,0x2a,0x20,0x7a,0x6f,
  0x6f,0x6d,0x20,0x2d,0x20,0x63,0x78,0xa,0x20,0x20,0x20,0x20,0x20,0x20,0x20,0x20,
  0x66,0x6c,0x69,0x63,0x6b,0x2e,0x63,0x6f,0x6e,0x74,0x65,0x6e,0x74,0x59,0x20,0x3d,
  0x20,0x70,0x79,0x20,0x2a,0x20,0x7a,0x6f,0x6f,0x6d,0x20,0x2d,0x20,0x63,0x79,0xa,
  0x20,0x20,0x20,0x20,0x20,0x20,0x20,0x20,0x63,0x6c,0x61,0x6d,0x70,0x50,0x61,0x6e,
  0x28,0x29,0xa,0x20,0x20,0x20,0x20,0x20,0x20,0x20,0x20,0x72,0x65,0x62,0x75,0x69,
  0x6c,0x64,0x28,0x29,0xa,0x20,0x20,0x20,0x20,0x7d,0xa,0xa,0x20,0x20,0x20,0x20,
  0x66,0x75,0x6e,0x63,0x74,0x69,0x6f,0x6e,0x20,0x74,0x6f,0x67,0x67,0x6c,0x65,0x46,
  0x69,0x74,0x28,0x63,0x78,0x2c,0x20,0x63,0x79,0x29,0x20,0x7b,0xa,0x20,0x20,0x20,
  0x20,0x20,0x20,0x20,0x20,0x69,0x66,0x20,0x28,0x61,0x74,0x46,0x69,0x74,0x29,0x20,
  0x7a,0x6f,0x6f,0x6d,0x54,0x6f,0x28,0x31,0x2c,0x20,0x63,0x78,0x20,0x3d,0x3d,0x3d,
  0x20,0x75,0x6e,0x64,0x65,0x66,0x69,0x6e,0x65,0x64,0x20,0x3f,0x20,0x77,0x69,0x64,
  0x74,0x68,0x20,0x2f,0x20,0x32,0x20,0x3a,0x20,0x63,0x78,0x2c,0xa,0x20,0x20,0x20,
  0x20,0x20,0x20,0x20,0x20,0x20,0x20,0x20,0x20,0x20,0x20,0x20,0x20,0x20,0x20,0x20,
  0x20,0x20,0x20,0x20,0x20,0x20,0x20,0x20,0x20,0x20,0x63,0x79,0x20,0x3d,0x3d,0x3d,
  0x20,0x75,0x6e,0x64,0x65,0x66,0x69,0x6e,0x65,0x64,0x20,0x3f,0x20,0x68,0x65,0x69,
  0x67,0x68,0x74,0x20,0x2f,0x20,0x32,0x20,0x3a,0x20,0x63,0x79,0x29,0xa,0x20,0x20,
  0x20,0x20,0x20,0x20,0x20,0x20,0x65,0x6c,0x73,0x65,0x20,0x7b,0x20,0x7a,0x6f,0x6f,
  0x6d,0x20,0x3d,0x20,0x51,0x74,0x2e,0x62,0x69,0x6e,0x64,0x69,0x6e,0x67,0x28,0x28,
  0x29,0x20,0x3d,0x3e,0x20,0x66,0x69,0x74,0x5a,0x6f,0x6f,0x6d,0x29,0x3b,0x20,0x63,
  0x6c,0x61,0x6d,0x70,0x50,0x61,0x6e,0x28,0x29,0x3b,0x20,0x72,0x65,0x62,0x75,0x69,
  0x6c,0x64,0x28,0x29,0x20,0x7d,0xa,0x20,0x20,0x20,0x20,0x7d,0xa,0xa,0x20,0x20,
  0x20,0x20,0x46,0x6c,0x69,0x63,0x6b,0x61,0x62,0x6c,0x65,0x20,0x7b,0xa,0x20,0x20,
  0x20,0x20,0x20,0x20,0x20,0x20,0x69,0x64,0x3a,0x20,0x66,0x6c,0x69,0x63,0x6b,0xa,
  0x20,0x20,0x20,0x20,0x20,0x20,0x20,0x20,0x61,0x6e,0x63,0x68,0x6f,0x72,0x73,0x2e,
  0x66,0x69,0x6c,0x6c,0x3a,0x20,0x70,0x61,0x72,0x65,0x6e,0x74,0xa,0x20,0x20,0x20,
  0x20,0x20,0x20,0x20,0x20,0x63,0x6f,0x6e,0x74,0x65,0x6e,0x74,0x57,0x69,0x64,0x74,
  0x68,0x3a,0x20,0x76,0x69,0x65,0x77,0x2e,0x69,0x6d,0x67,0x57,0x20,0x2a,0x20,0x76,
  0x69,0x65,0x77,0x2e,0x7a,0x6f,0x6f,0x6d,0xa,0x20,0x20,0x20,0x20,0x20,0x20,0x20,
  0x20,0x63,0x6f,0x6e,0x74,0x65,0x6e,0x74,0x48,0x65,0x69,0x67,0x68,0x74,0x3a,0x20,
  0x76,0x69,0x65,0x77,0x2e,0x69,0x6d,0x67,0x48,0x20,0x2a,0x20,0x76,0x69,0x65,0x77,
  0x2e,0x7a,0x6f,0x6f,0x6d,0xa,0x20,0x20,0x20,0x20,0x20,0x20,0x20,0x20,0x62,0x6f,
  0x75,0x6e,0x64,0x73,0x42,0x65,0x68,0x61,0x76,0x69,0x6f,0x72,0x3a,0x20,0x46,0x6c,
  0x69,0x63,0x6b,0x61,0x62,0x6c,0x65,0x2e,0x53,0x74,0x6f,0x70,0x41,0x74,0x42,0x6f,
  0x75,0x6e,0x64,0x73,0xa,0x20,0x20,0x20,0x20,0x20,0x20,0x20,0x20,0x6f,0x6e,0x43,
  0x6f,0x6e,0x74,0x65,0x6e,0x74,0x58,0x43,0x68,0x61,0x6e,0x67,0x65,0x64,0x3a,0x20,
  0x76,0x69,0x65,0x77,0x2e,0x72,0x65,0x62,0x75,0x69,0x6c,0x64,0x28,0x29,0xa,0x20,
  0x20,0x20,0x20,0x20,0x20,0x20,0x20,0x6f,0x6e,0x43,0x6f,0x6e,0x74,0x65,0x6e,0x74,
  0x59,0x43,0x68,0x61,0x6e,0x67,0x65,0x64,0x3a,0x20,0x76,0x69,0x65,0x77,0x2e,0x72,
  0x65,0x62,0x75,0x69,0x6c,0x64,0x28,0x29,0xa,0x20,0x20,0x20,0x20,0x20,0x20,0x20,
  0x20,0x69,0x6e,0x74,0x65,0x72,0x61,0x63,0x74,0x69,0x76,0x65,0x3a,0x20,0x21,0x76,
  0x69,0x65,0x77,0x2e,0x61,0x74,0x46,0x69,0x74,0xa,0xa,0x20,0x20,0x20,0x20,0x20,
  0x20,0x20,0x20,0x49,0x74,0x65,0x6d,0x20,0x7b,0xa,0x20,0x20,0x20,0x20,0x20,0x20,
  0x20,0x20,0x20,0x20,0x20,0x20,0x77,0x69,0x64,0x74,0x68,0x3a,0x20,0x66,0x6c,0x69,
  0x63,0x6b,0x2e,0x63,0x6f,0x6e,0x74,0x65,0x6e,0x74,0x57,0x69,0x64,0x74,0x68,0xa,
  0x20,0x20,0x20,0x20,0x20,0x20,0x20,0x20,0x20,0x20,0x20,0x20,0x68,0x65,0x69,0x67,
  0x68,0x74,0x3a,0x20,0x66,0x6c,0x69,0x63,0x6b,0x2e,0x63,0x6f,0x6e,0x74,0x65,0x6e,
  0x74,0x48,0x65,0x69,0x67,0x68,0x74,0xa,0x20,0x20,0x20,0x20,0x20,0x20,0x20,0x20,
  0x20,0x20,0x20,0x20,0x52,0x65,0x70,0x65,0x61,0x74,0x65,0x72,0x20,0x7b,0xa,0x20,
  0x20,0x20,0x20,0x20,0x20,0x20,0x20,0x20,0x20,0x20,0x20,0x20,0x20,0x20,0x20,0x6d,
  0x6f,0x64,0x65,0x6c,0x3a,0x20,0x76,0x69,0x65,0x77,0x2e,0x74,0x69,0x6c,0x65,0x73,
  0xa,0x20,0x20,0x20,0x20,0x20,0x20,0x20,0x20,0x20,0x20,0x20,0x20,0x20,0x20,0x20,
  0x20,0x49,0x6d,0x61,0x67,0x65,0x20,0x7b,0xa,0x20,0x20,0x20,0x20,0x20,0x20,0x20,
  0x20,0x20,0x20,0x20,0x20,0x20,0x20,0x20,0x20,0x20,0x20,0x20,0x20,0x72,0x65,0x71,
  0x75,0x69,0x72,0x65,0x64,0x20,0x70,0x72,0x6f,0x70,0x65,0x72,0x74,0x79,0x20,0x76,
  0x61,0x72,0x20,0x6d,0x6f,0x64,0x65,0x6c,0x44,0x61,0x74,0x61,0xa,0x20,0x20,0x20,
  0x20,0x20,0x20,0x20,0x20,0x20,0x20,0x20,0x20,0x20,0x20,0x20,0x20,0x20,0x20,0x20,
  0x20,0x78,0x3a,0x20,0x6d,0x6f,0x64,0x65,0x6c,0x44,0x61,0x74,0x61,0x2e,0x78,0xa,
  0x20,0x20,0x20,0x20,0x20,0x20,0x20,0x20,0x20,0x20,0x20,0x20,0x20,0x20,0x20,0x20,
  0x20,0x20,0x20,0x20,0x79,0x3a,0x20,0x6d,0x6f,0x64,0x65,0x6c,0x44,0x61,0x74,0x61,
  0x2e,0x79,0xa,0x20,0x20,0x20,0x20,0x20,0x20,0x20,0x20,0x20,0x20,0x20,0x20,0x20,
  0x20,0x20,0x20,0x20,0x20,0x20,0x20,0x77,0x69,0x64,0x74,0x68,0x3a,0x20,0x6d,0x6f,
  0x64,0x65,0x6c,0x44,0x61,0x74,0x61,0x2e,0x77,0xa,0x20,0x20,0x20,0x20,0x20,0x20,
  0x20,0x20,0x20,0x20,0x20,0x20,0x20,0x20,0x20,0x20,0x20,0x20,0x20,0x20,0x68,0x65,
  0x69,0x67,0x68,0x74,0x3a,0x20,0x6d,0x6f,0x64,0x65,0x6c,0x44,0x61,0x74,0x61,0x2e,
  0x68,0xa,0x20,0x20,0x20,0x20,0x20,0x20,0x20,0x20,0x20,0x20,0x20,0x20,0x20,0x20,
  0x20,0x20,0x20,0x20,0x20,0x20,0x73,0x6f,0x75,0x72,0x63,0x65,0x3a,0x20,0x6d,0x6f,
  0x64,0x65,0x6c,0x44,0x61,0x74,0x61,0x2e,0x75,0x72,0x6c,0xa,0x20,0x20,0x20,0x20,
  0x20,0x20,0x20,0x20,0x20,0x20,0x20,0x20,0x20,0x20,0x20,0x20,0x20,0x20,0x20,0x20,
  0x61,0x73,0x79,0x6e,0x63,0x68,0x72,0x6f,0x6e,0x6f,0x75,0x73,0x3a,0x20,0x74,0x72,
  0x75,0x65,0xa,0x20,0x20,0x20,0x20,0x20,0x20,0x20,0x20,0x20,0x20,0x20,0x20,0x20,
  0x20,0x20,0x20,0x20,0x20,0x20,0x20,0x73,0x6d,0x6f,0x6f,0x74,0x68,0x3a,0x20,0x76,
  0x69,0x65,0x77,0x2e,0x7a,0x6f,0x6f,0x6d,0x20,0x3c,0x20,0x31,0x2e,0x35,0x20,0x20,
  0x20,0x2f,0x2f,0x20,0x63,0x72,0x69,0x73,0x70,0x20,0x70,0x69,0x78,0x65,0x6c,0x73,
  0x20,0x70,0x61,0x73,0x74,0x20,0x31,0x3a,0x31,0xa,0x20,0x20,0x20,0x20,0x20,0x20,
  0x20,0x20,0x20,0x20,0x20,0x20,0x20,0x20,0x20,0x20,0x7d,0xa,0x20,0x20,0x20,0x20,
  0x20,0x20,0x20,0x20,0x20,0x20,0x20,0x20,0x7d,0xa,0xa,0x20,0x20,0x20,0x20,0x20,
  0x20,0x20,0x20,0x20,0x20,0x20,0x20,0x2f,0x2f,0x20,0xe2,0x94,0x80,0xe2,0x94,0x80,
  0x20,0x6d,0x65,0x74,0x61,0x64,0x61,0x74,0x61,0x20,0x62,0x6c,0x6f,0x63,0x6b,0x20,
  0xe2,0x80,0x94,0x20,0x70,0x61,0x72,0x74,0x20,0x6f,0x66,0x20,0x74,0x68,0x65,0x20,
  0x70,0x72,0x69,0x6e,0x74,0x3a,0x20,0x6c,0x69,0x76,0x65,0x73,0x20,0x69,0x6e,0x20,
  0x49,0x4d,0x41,0x47,0x45,0xa,0x20,0x20,0x20,0x20,0x20,0x20,0x20,0x20,0x20,0x20,
  0x20,0x20,0x2f,0x2f,0x20,0x20,0x20,0x20,0x63,0x6f,0x6f,0x72,0x64,0x69,0x6e,0x61,
  0x74,0x65,0x73,0x2c,0x20,0x73,0x6f,0x20,0x69,0x74,0x20,0x61,0x6c,0x77,0x61,0x79,
  0x73,0x20,0x73,0x63,0x61,0x6c,0x65,0x73,0x20,0x77,0x69,0x74,0x68,0x20,0x74,0x68,
  0x65,0x20,0x69,0x6d,0x61,0x67,0x65,0x2e,0x20,0x44,0x72,0x61,0x67,0x20,0x61,0x6e,
  0x64,0xa,0x20,0x20,0x20,0x20,0x20,0x20,0x20,0x20,0x20,0x20,0x20,0x20,0x2f,0x2f,
  0x20,0x20,0x20,0x20,0x74,0x68,0x65,0x20,0x63,0x6f,0x72,0x6e,0x65,0x72,0x20,0x68,
  0x61,0x6e,0x64,0x6c,0x65,0x20,0x77,0x72,0x69,0x74,0x65,0x20,0x67,0x65,0x73,0x74,
  0x75,0x72,0x65,0x20,0x6f,0x66,0x66,0x73,0x65,0x74,0x73,0x20,0x28,0x67,0x78,0x2f,
  0x67,0x79,0x2f,0x67,0x77,0x2c,0x20,0x69,0x6d,0x61,0x67,0x65,0xa,0x20,0x20,0x20,
  0x20,0x20,0x20,0x20,0x20,0x20,0x20,0x20,0x20,0x2f,0x2f,0x20,0x20,0x20,0x20,0x70,
  0x78,0x29,0x20,0x6c,0x61,0x79,0x65,0x72,0x65,0x64,0x20,0x6f,0x76,0x65,0x72,0x20,
  0x74,0x68,0x65,0x20,0x62,0x69,0x6e,0x64,0x69,0x6e,0x67,0x73,0x20,0xe2,0x80,0x94,
  0x20,0x7a,0x6f,0x6f,0x6d,0x20,0x74,0x72,0x61,0x63,0x6b,0x69,0x6e,0x67,0x20,0x63,
  0x61,0x6e,0x20,0x6e,0x65,0x76,0x65,0x72,0xa,0x20,0x20,0x20,0x20,0x20,0x20,0x20,
  0x20,0x20,0x20,0x20,0x20,0x2f,0x2f,0x20,0x20,0x20,0x20,0x62,0x72,0x65,0x61,0x6b,
  0x2c,0x20,0x64,0x75,0x72,0x69,0x6e,0x67,0x20,0x6f,0x72,0x20,0x61,0x66,0x74,0x65,
  0x72,0x20,0x61,0x20,0x67,0x65,0x73,0x74,0x75,0x72,0x65,0x2e,0xa,0x20,0x20,0x20,
  0x20,0x20,0x20,0x20,0x20,0x20,0x20,0x20,0x20,0x49,0x6d,0x61,0x67,0x65,0x20,0x7b,
  0xa,0x20,0x20,0x20,0x20,0x20,0x20,0x20,0x20,0x20,0x20,0x20,0x20,0x20,0x20,0x20,
  0x20,0x69,0x64,0x3a,0x20,0x6d,0x65,0x74,0x61,0xa,0x20,0x20,0x20,0x20,0x20,0x20,
  0x20,0x20,0x20,0x20,0x20,0x20,0x20,0x20,0x20,0x20,0x70,0x72,0x6f,0x70,0x65,0x72,
  0x74,0x79,0x20,0x72,0x65,0x61,0x6c,0x20,0x67,0x78,0x3a,0x20,0x30,0xa,0x20,0x20,
  0x20,0x20,0x20,0x20,0x20,0x20,0x20,0x20,0x20,0x20,0x20,0x20,0x20,0x20,0x70,0x72,
  0x6f,0x70,0x65,0x72,0x74,0x79,0x20,0x72,0x65,0x61,0x6c,0x20,0x67,0x79,0x3a,0x20,
  0x30,0xa,0x20,0x20,0x20,0x20,0x20,0x20,0x20,0x20,0x20,0x20,0x20,0x20,0x20,0x20,
  0x20,0x20,0x70,0x72,0x6f,0x70,0x65,0x72,0x74,0x79,0x20,0x72,0x65,0x61,0x6c,0x20,
  0x67,0x77,0x3a,0x20,0x30,0xa,0x20,0x20,0x20,0x20,0x20,0x20,0x20,0x20,0x20,0x20,
  0x20,0x20,0x20,0x20,0x20,0x20,0x76,0x69,0x73,0x69,0x62,0x6c,0x65,0x3a,0x20,0x76,
  0x69,0x65,0x77,0x2e,0x6d,0x65,0x74,0x61,0x56,0x69,0x73,0x69,0x62,0x6c,0x65,0x20,
  0x26,0x26,0x20,0x76,0x69,0x65,0x77,0x2e,0x6d,0x65,0x74,0x61,0x53,0x6f,0x75,0x72,
  0x63,0x65,0x20,0x21,0x3d,0x3d,0x20,0x22,0x22,0xa,0x20,0x20,0x20,0x20,0x20,0x20,
  0x20,0x20,0x20,0x20,0x20,0x20,0x20,0x20,0x20,0x20,0x73,0x6f,0x75,0x72,0x63,0x65,
  0x3a,0x20,0x76,0x69,0x65,0x77,0x2e,0x6d,0x65,0x74,0x61,0x53,0x6f,0x75,0x72,0x63,
  0x65,0x20,0x21,0x3d,0x3d,0x20,0x22,0x22,0xa,0x20,0x20,0x20,0x20,0x20,0x20,0x20,
  0x20,0x20,0x20,0x20,0x20,0x20,0x20,0x20,0x20,0x20,0x20,0x20,0x20,0x20,0x20,0x20,
  0x20,0x3f,0x20,0x22,0x66,0x69,0x6c,0x65,0x3a,0x2f,0x2f,0x2f,0x22,0x20,0x2b,0x20,
  0x76,0x69,0x65,0x77,0x2e,0x6d,0x65,0x74,0x61,0x53,0x6f,0x75,0x72,0x63,0x65,0x2e,
  0x72,0x65,0x70,0x6c,0x61,0x63,0x65,0x28,0x2f,0x5e,0x5c,0x2f,0x2f,0x2c,0x20,0x22,
  0x22,0x29,0x20,0x3a,0x20,0x22,0x22,0xa,0x20,0x20,0x20,0x20,0x20,0x20,0x20,0x20,
  0x20,0x20,0x20,0x20,0x20,0x20,0x20,0x20,0x78,0x3a,0x20,0x28,0x76,0x69,0x65,0x77,
  0x2e,0x6d,0x65,0x74,0x61,0x58,0x20,0x2a,0x20,0x76,0x69,0x65,0x77,0x2e,0x69,0x6d,
  0x67,0x57,0x20,0x2b,0x20,0x67,0x78,0x29,0x20,0x2a,0x20,0x76,0x69,0x65,0x77,0x2e,
  0x7a,0x6f,0x6f,0x6d,0xa,0x20,0x20,0x20,0x20,0x20,0x20,0x20,0x20,0x20,0x20,0x20,
  0x20,0x20,0x20,0x20,0x20,0x79,0x3a,0x20,0x28,0x76,0x69,0x65,0x77,0x2e,0x6d,0x65,
  0x74,0x61,0x59,0x20,0x2a,0x20,0x76,0x69,0x65,0x77,0x2e,0x69,0x6d,0x67,0x48,0x20,
  0x2b,0x20,0x67,0x79,0x29,0x20,0x2a,0x20,0x76,0x69,0x65,0x77,0x2e,0x7a,0x6f,0x6f,
  0x6d,0xa,0x20,0x20,0x20,0x20,0x20,0x20,0x20,0x20,0x20,0x20,0x20,0x20,0x20,0x20,
  0x20,0x20,0x77,0x69,0x64,0x74,0x68,0x3a,0x20,0x4d,0x61,0x74,0x68,0x2e,0x6d,0x61,
  0x78,0x28,0x38,0x2c,0x20,0x28,0x76,0x69,0x65,0x77,0x2e,0x6d,0x65,0x74,0x61,0x57,
  0x20,0x2a,0x20,0x76,0x69,0x65,0x77,0x2e,0x69,0x6d,0x67,0x57,0x20,0x2b,0x20,0x67,
  0x77,0x29,0x20,0x2a,0x20,0x76,0x69,0x65,0x77,0x2e,0x7a,0x6f,0x6f,0x6d,0x29,0xa,
  0x20,0x20,0x20,0x20,0x20,0x20,0x20,0x20,0x20,0x20,0x20,0x20,0x20,0x20,0x20,0x20,
  0x68,0x65,0x69,0x67,0x68,0x74,0x3a,0x20,0x73,0x74,0x61,0x74,0x75,0x73,0x20,0x3d,
  0x3d,0x3d,0x20,0x49,0x6d,0x61,0x67,0x65,0x2e,0x52,0x65,0x61,0x64,0x79,0x20,0x26,
  0x26,0x20,0x69,0x6d,0x70,0x6c,0x69,0x63,0x69,0x74,0x57,0x69,0x64,0x74,0x68,0x20,
  0x3e,0x20,0x30,0xa,0x20,0x20,0x20,0x20,0x20,0x20,0x20,0x20,0x20,0x20,0x20,0x20,
  0x20,0x20,0x20,0x20,0x20,0x20,0x20,0x20,0x20,0x20,0x20,0x20,0x3f,0x20,0x77,0x69,
  0x64,0x74,0x68,0x20,0x2a,0x20,0x69,0x6d,0x70,0x6c,0x69,0x63,0x69,0x74,0x48,0x65,
  0x69,0x67,0x68,0x74,0x20,0x2f,0x20,0x69,0x6d,0x70,0x6c,0x69,0x63,0x69,0x74,0x57,
  0x69,0x64,0x74,0x68,0x20,0x3a,0x20,0x77,0x69,0x64,0x74,0x68,0x20,0x2a,0x20,0x30,
  0x2e,0x33,0x35,0xa,0x20,0x20,0x20,0x20,0x20,0x20,0x20,0x20,0x20,0x20,0x20,0x20,
  0x20,0x20,0x20,0x20,0x2f,0x2f,0x20,0x72,0x65,0x2d,0x72,0x61,0x73,0x74,0x65,0x72,
  0x69,0x7a,0x65,0x20,0x74,0x68,0x65,0x20,0x76,0x65,0x63,0x74,0x6f,0x72,0x20,0x61,
  0x74,0x20,0x28,0x71,0x75,0x61,0x6e,0x74,0x69,0x7a,0x65,0x64,0x29,0x20,0x64,0x69,
  0x73,0x70,0x6c,0x61,0x79,0x20,0x77,0x69,0x64,0x74,0x68,0x20,0x73,0x6f,0xa,0x20,
  0x20,0x20,0x20,0x20,0x20,0x20,0x20,0x20,0x20,0x20,0x20,0x20,0x20,0x20,0x20,0x2f,
  0x2f,0x20,0x74,0x68,0x65,0x20,0x74,0x79,0x70,0x6f,0x67,0x72,0x61,0x70,0x68,0x79,
  0x20,0x73,0x74,0x61,0x79,0x73,0x20,0x63,0x72,0x69,0x73,0x70,0x20,0x61,0x74,0x20,
  0x61,0x6e,0x79,0x20,0x7a,0x6f,0x6f,0x6d,0x20,0xe2,0x80,0x94,0x20,0x69,0x74,0x27,
  0x73,0x20,0x74,0x68,0x65,0x20,0x61,0x72,0x74,0xa,0x20,0x20,0x20,0x20,0x20,0x20,
  0x20,0x20,0x20,0x20,0x20,0x20,0x20,0x20,0x20,0x20,0x73,0x6f,0x75,0x72,0x63,0x65,
  0x53,0x69,0x7a,0x65,0x2e,0x77,0x69,0x64,0x74,0x68,0x3a,0x20,0x4d,0x61,0x74,0x68,
  0x2e,0x6d,0x69,0x6e,0x28,0x34,0x30,0x39,0x36,0x2c,0x20,0x4d,0x61,0x74,0x68,0x2e,
  0x6d,0x61,0x78,0x28,0x32,0x35,0x36,0x2c,0x20,0x4d,0x61,0x74,0x68,0x2e,0x63,0x65,
  0x69,0x6c,0x28,0x77,0x69,0x64,0x74,0x68,0x20,0x2f,0x20,0x32,0x35,0x36,0x29,0x20,
  0x2a,0x20,0x32,0x35,0x36,0x29,0x29,0xa,0x20,0x20,0x20,0x20,0x20,0x20,0x20,0x20,
  0x20,0x20,0x20,0x20,0x20,0x20,0x20,0x20,0x66,0x69,0x6c,0x6c,0x4d,0x6f,0x64,0x65,
  0x3a,0x20,0x49,0x6d,0x61,0x67,0x65,0x2e,0x50,0x72,0x65,0x73,0x65,0x72,0x76,0x65,
  0x41,0x73,0x70,0x65,0x63,0x74,0x46,0x69,0x74,0xa,0x20,0x20,0x20,0x20,0x20,0x20,
  0x20,0x20,0x20,0x20,0x20,0x20,0x20,0x20,0x20,0x20,0x61,0x73,0x79,0x6e,0x63,0x68,
  0x72,0x6f,0x6e,0x6f,0x75,0x73,0x3a,0x20,0x74,0x72,0x75,0x65,0xa,0xa,0x20,0x20,
  0x20,0x20,0x20,0x20,0x20,0x20,0x20,0x20,0x20,0x20,0x20,0x20,0x20,0x20,0x66,0x75,
  0x6e,0x63,0x74,0x69,0x6f,0x6e,0x20,0x63,0x6f,0x6d,0x6d,0x69,0x74,0x28,0x29,0x20,
  0x7b,0xa,0x20,0x20,0x20,0x20,0x20,0x20,0x20,0x20,0x20,0x20,0x20,0x20,0x20,0x20,
  0x20,0x20,0x20,0x20,0x20,0x20,0x76,0x69,0x65,0x77,0x2e,0x70,0x6c,0x61,0x63,0x65,
  0x6d,0x65,0x6e,0x74,0x43,0x68,0x61,0x6e,0x67,0x65,0x64,0x28,0x76,0x69,0x65,0x77,
  0x2e,0x6d,0x65,0x74,0x61,0x58,0x20,0x2b,0x20,0x67,0x78,0x20,0x2f,0x20,0x76,0x69,
  0x65,0x77,0x2e,0x69,0x6d,0x67,0x57,0x2c,0xa,0x20,0x20,0x20,0x20,0x20,0x20,0x20,
  0x20,0x20,0x20,0x20,0x20,0x20,0x20,0x20,0x20,0x20,0x20,0x20,0x20,0x20,0x20,0x20,
  0x20,0x20,0x20,0x20,0x20,0x20,0x20,0x20,0x20,0x20,0x20,0x20,0x20,0x20,0x20,0x20,
  0x20,0x20,0x20,0x76,0x69,0x65,0x77,0x2e,0x6d,0x65,0x74,0x61,0x59,0x20,0x2b,0x20,
  0x67,0x79,0x20,0x2f,0x20,0x76,0x69,0x65,0x77,0x2e,0x69,0x6d,0x67,0x48,0x2c,0xa,
  0x20,0x20,0x20,0x20,0x20,0x20,0x20,0x20,0x20,0x20,0x20,0x20,0x20,0x20,0x20,0x20,
  0x20,0x20,0x20,0x20,0x20,0x20,0x20,0x20,0x20,0x20,0x20,0x20,0x20,0x20,0x20,0x20,
  0x20,0x20,0x20,0x20,0x20,0x20,0x20,0x20,0x20,0x20,0x76,0x69,0x65,0x77,0x2e,0x6d,
  0x65,0x74,0x61,0x57,0x20,0x2b,0x20,0x67,0x77,0x20,0x2f,0x20,0x76,0x69,0x65,0x77,
  0x2e,0x69,0x6d,0x67,0x57,0x29,0xa,0x20,0x20,0x20,0x20,0x20,0x20,0x20,0x20,0x20,
  0x20,0x20,0x20,0x20,0x20,0x20,0x20,0x20,0x20,0x20,0x20,0x67,0x78,0x20,0x3d,0x20,
  0x30,0x3b,0x20,0x67,0x79,0x20,0x3d,0x20,0x30,0x3b,0x20,0x67,0x77,0x20,0x3d,0x20,
  0x30,0xa,0x20,0x20,0x20,0x20,0x20,0x20,0x20,0x20,0x20,0x20,0x20,0x20,0x20,0x20,
  0x20,0x20,0x7d,0xa,0xa,0x20,0x20,0x20,0x20,0x20,0x20,0x20,0x20,0x20,0x20,0x20,
  0x20,0x20,0x20,0x20,0x20,0x52,0x65,0x63,0x74,0x61,0x6e,0x67,0x6c,0x65,0x20,0x7b,
  0xa,0x20,0x20,0x20,0x20,0x20,0x20,0x20,0x20,0x20,0x20,0x20,0x20,0x20,0x20,0x20,
  0x20,0x20,0x20,0x20,0x20,0x61,0x6e,0x63,0x68,0x6f,0x72,0x73,0x2e,0x66,0x69,0x6c,
  0x6c,0x3a,0x20,0x70,0x61,0x72,0x65,0x6e,0x74,0xa,0x20,0x20,0x20,0x20,0x20,0x20,
  0x20,0x20,0x20,0x20,0x20,0x20,0x20,0x20,0x20,0x20,0x20,0x20,0x20,0x20,0x63,0x6f,
  0x6c,0x6f,0x72,0x3a,0x20,0x22,0x74,0x72,0x61,0x6e,0x73,0x70,0x61,0x72,0x65,0x6e,
  0x74,0x22,0xa,0x20,0x20,0x20,0x20,0x20,0x20,0x20,0x20,0x20,0x20,0x20,0x20,0x20,
  0x20,0x20,0x20,0x20,0x20,0x20,0x20,0x62,0x6f,0x72,0x64,0x65,0x72,0x2e,0x77,0x69,
  0x64,0x74,0x68,0x3a,0x20,0x6d,0x65,0x74,0x61,0x44,0x72,0x61,0x67,0x2e,0x63,0x6f,
  0x6e,0x74,0x61,0x69,0x6e,0x73,0x4d,0x6f,0x75,0x73,0x65,0x20,0x7c,0x7c,0x20,0x6d,
  0x65,0x74,0x61,0x44,0x72,0x61,0x67,0x2e,0x70,0x72,0x65,0x73,0x73,0x65,0x64,0xa,
  0x20,0x20,0x20,0x20,0x20,0x20,0x20,0x20,0x20,0x20,0x20,0x20,0x20,0x20,0x20,0x20,
  0x20,0x20,0x20,0x20,0x20,0x20,0x20,0x20,0x20,0x20,0x20,0x20,0x20,0x20,0x20,0x20,
  0x20,0x20,0x7c,0x7c,0x20,0x68,0x61,0x6e,0x64,0x6c,0x65,0x41,0x72,0x65,0x61,0x2e,
  0x63,0x6f,0x6e,0x74,0x61,0x69,0x6e,0x73,0x4d,0x6f,0x75,0x73,0x65,0x20,0x7c,0x7c,
  0x20,0x68,0x61,0x6e,0x64,0x6c,0x65,0x41,0x72,0x65,0x61,0x2e,0x70,0x72,0x65,0x73,
  0x73,0x65,0x64,0x20,0x3f,0x20,0x31,0x20,0x3a,0x20,0x30,0xa,0x20,0x20,0x20,0x20,
  0x20,0x20,0x20,0x20,0x20,0x20,0x20,0x20,0x20,0x20,0x20,0x20,0x20,0x20,0x20,0x20,
  0x62,0x6f,0x72,0x64,0x65,0x72,0x2e,0x63,0x6f,0x6c,0x6f,0x72,0x3a,0x20,0x22,0x23,
  0x31,0x41,0x31,0x41,0x31,0x41,0x22,0xa,0x20,0x20,0x20,0x20,0x20,0x20,0x20,0x20,
  0x20,0x20,0x20,0x20,0x20,0x20,0x20,0x20,0x7d,0xa,0xa,0x20,0x20,0x20,0x20,0x20,
  0x20,0x20,0x20,0x20,0x20,0x20,0x20,0x20,0x20,0x20,0x20,0x4d,0x6f,0x75,0x73,0x65,
  0x41,0x72,0x65,0x61,0x20,0x7b,0xa,0x20,0x20,0x20,0x20,0x20,0x20,0x20,0x20,0x20,
  0x20,0x20,0x20,0x20,0x20,0x20,0x20,0x20,0x20,0x20,0x20,0x69,0x64,0x3a,0x20,0x6d,
  0x65,0x74,0x61,0x44,0x72,0x61,0x67,0xa,0x20,0x20,0x20,0x20,0x20,0x20,0x20,0x20,
  0x20,0x20,0x20,0x20,0x20,0x20,0x20,0x20,0x20,0x20,0x20,0x20,0x61,0x6e,0x63,0x68,
  0x6f,0x72,0x73,0x2e,0x66,0x69,0x6c,0x6c,0x3a,0x20,0x70,0x61,0x72,0x65,0x6e,0x74,
  0xa,0x20,0x20,0x20,0x20,0x20,0x20,0x20,0x20,0x20,0x20,0x20,0x20,0x20,0x20,0x20,
  0x20,0x20,0x20,0x20,0x20,0x2f,0x2f,0x20,0x74,0x69,0x6e,0x79,0x20,0x62,0x6c,0x6f,
  0x63,0x6b,0x20,0x73,0x74,0x61,0x79,0x73,0x20,0x64,0x72,0x61,0x67,0x67,0x61,0x62,
  0x6c,0x65,0x3a,0x20,0x67,0x72,0x6f,0x77,0x20,0x74,0x68,0x65,0x20,0x68,0x69,0x74,
  0x20,0x61,0x72,0x65,0x61,0x20,0x74,0x6f,0x20,0x61,0x74,0xa,0x20,0x20,0x20,0x20,
  0x20,0x20,0x20,0x20,0x20,0x20,0x20,0x20,0x20,0x20,0x20,0x20,0x20,0x20,0x20,0x20,
  0x2f,0x2f,0x20,0x6c,0x65,0x61,0x73,0x74,0x20,0x32,0x38,0x20,0x70,0x78,0x20,0x73,
  0x6f,0x20,0x74,0x68,0x65,0x20,0x70,0x61,0x6e,0x20,0x67,0x65,0x73,0x74,0x75,0x72,
  0x65,0x20,0x63,0x61,0x6e,0x27,0x74,0x20,0x73,0x74,0x65,0x61,0x6c,0x20,0x69,0x74,
  0xa,0x20,0x20,0x20,0x20,0x20,0x20,0x20,0x20,0x20,0x20,0x20,0x20,0x20,0x20,0x20,
  0x20,0x20,0x20,0x20,0x20,0x61,0x6e,0x63,0x68,0x6f,0x72,0x73,0x2e,0x6d,0x61,0x72,
  0x67,0x69,0x6e,0x73,0x3a,0x20,0x2d,0x4d,0x61,0x74,0x68,0x2e,0x6d,0x61,0x78,0x28,
  0x30,0x2c,0xa,0x20,0x20,0x20,0x20,0x20,0x20,0x20,0x20,0x20,0x20,0x20,0x20,0x20,
  0x20,0x20,0x20,0x20,0x20,0x20,0x20,0x20,0x20,0x20,0x20,0x28,0x32,0x38,0x20,0x2d,
  0x20,0x4d,0x61,0x74,0x68,0x2e,0x6d,0x69,0x6e,0x28,0x6d,0x65,0x74,0x61,0x2e,0x77,
  0x69,0x64,0x74,0x68,0x2c,0x20,0x6d,0x65,0x74,0x61,0x2e,0x68,0x65,0x69,0x67,0x68,
  0x74,0x29,0x29,0x20,0x2f,0x20,0x32,0x29,0xa,0x20,0x20,0x20,0x20,0x20,0x20,0x20,
  0x20,0x20,0x20,0x20,0x20,0x20,0x20,0x20,0x20,0x20,0x20,0x20,0x20,0x70,0x72,0x65,
  0x76,0x65,0x6e,0x74,0x53,0x74,0x65,0x61,0x6c,0x69,0x6e,0x67,0x3a,0x20,0x74,0x72,
  0x75,0x65,0x20,0x20,0x20,0x2f,0x2f,0x20,0x74,0x68,0x65,0x20,0x46,0x6c,0x69,0x63,
  0x6b,0x61,0x62,0x6c,0x65,0x20,0x6d,0x75,0x73,0x74,0x20,0x4e,0x45,0x56,0x45,0x52,
  0x20,0x74,0x61,0x6b,0x65,0xa,0x20,0x20,0x20,0x20,0x20,0x20,0x20,0x20,0x20,0x20,
  0x20,0x20,0x20,0x20,0x20,0x20,0x20,0x20,0x20,0x20,0x20,0x20,0x20,0x20,0x20,0x20,
  0x20,0x20,0x20,0x20,0x20,0x20,0x20,0x20,0x20,0x20,0x20,0x20,0x20,0x20,0x20,0x20,
  0x20,0x20,0x2f,0x2f,0x20,0x6f,0x76,0x65,0x72,0x20,0x61,0x20,0x64,0x72,0x61,0x67,
  0x20,0x74,0x68,0x61,0x74,0x20,0x62,0x65,0x67,0x61,0x6e,0x20,0x68,0x65,0x72,0x65,
  0xa,0x20,0x20,0x20,0x20,0x20,0x20,0x20,0x20,0x20,0x20,0x20,0x20,0x20,0x20,0x20,
  0x20,0x20,0x20,0x20,0x20,0x68,0x6f,0x76,0x65,0x72,0x45,0x6e,0x61,0x62,0x6c,0x65,
  0x64,0x3a,0x20,0x74,0x72,0x75,0x65,0xa,0x20,0x20,0x20,0x20,0x20,0x20,0x20,0x20,
  0x20,0x20,0x20,0x20,0x20,0x20,0x20,0x20,0x20,0x20,0x20,0x20,0x63,0x75,0x72,0x73,
  0x6f,0x72,0x53,0x68,0x61,0x70,0x65,0x3a,0x20,0x70,0x72,0x65,0x73,0x73,0x65,0x64,
  0x20,0x3f,0x20,0x51,0x74,0x2e,0x43,0x6c,0x6f,0x73,0x65,0x64,0x48,0x61,0x6e,0x64,
  0x43,0x75,0x72,0x73,0x6f,0x72,0x20,0x3a,0x20,0x51,0x74,0x2e,0x4f,0x70,0x65,0x6e,
  0x48,0x61,0x6e,0x64,0x43,0x75,0x72,0x73,0x6f,0x72,0xa,0x20,0x20,0x20,0x20,0x20,
  0x20,0x20,0x20,0x20,0x20,0x20,0x20,0x20,0x20,0x20,0x20,0x20,0x20,0x20,0x20,0x70,
  0x72,0x6f,0x70,0x65,0x72,0x74,0x79,0x20,0x72,0x65,0x61,0x6c,0x20,0x70,0x78,0x3a,
  0x20,0x30,0xa,0x20,0x20,0x20,0x20,0x20,0x20,0x20,0x20,0x20,0x20,0x20,0x20,0x20,
  0x20,0x20,0x20,0x20,0x20,0x20,0x20,0x70,0x72,0x6f,0x70,0x65,0x72,0x74,0x79,0x20,
  0x72,0x65,0x61,0x6c,0x20,0x70,0x79,0x3a,0x20,0x30,0xa,0x20,0x20,0x20,0x20,0x20,
  0x20,0x20,0x20,0x20,0x20,0x20,0x20,0x20,0x20,0x20,0x20,0x20,0x20,0x20,0x20,0x6f,
  0x6e,0x50,0x72,0x65,0x73,0x73,0x65,0x64,0x3a,0x20,0x28,0x6d,0x29,0x20,0x3d,0x3e,
  0x20,0x7b,0x20,0x70,0x78,0x20,0x3d,0x20,0x6d,0x2e,0x78,0x3b,0x20,0x70,0x79,0x20,
  0x3d,0x20,0x6d,0x2e,0x79,0x20,0x7d,0xa,0x20,0x20,0x20,0x20,0x20,0x20,0x20,0x20,
  0x20,0x20,0x20,0x20,0x20,0x20,0x20,0x20,0x20,0x20,0x20,0x20,0x6f,0x6e,0x50,0x6f,
  0x73,0x69,0x74,0x69,0x6f,0x6e,0x43,0x68,0x61,0x6e,0x67,0x65,0x64,0x3a,0x20,0x28,
  0x6d,0x29,0x20,0x3d,0x3e,0x20,0x7b,0xa,0x20,0x20,0x20,0x20,0x20,0x20,0x20,0x20,
  0x20,0x20,0x20,0x20,0x20,0x20,0x20,0x20,0x20,0x20,0x20,0x20,0x20,0x20,0x20,0x20,
  0x69,0x66,0x20,0x28,0x21,0x70,0x72,0x65,0x73,0x73,0x65,0x64,0x29,0x20,0x72,0x65,
  0x74,0x75,0x72,0x6e,0xa,0x20,0x20,0x20,0x20,0x20,0x20,0x20,0x20,0x20,0x20,0x20,
  0x20,0x20,0x20,0x20,0x20,0x20,0x20,0x20,0x20,0x20,0x20,0x20,0x20,0x6d,0x65,0x74,
  0x61,0x2e,0x67,0x78,0x20,0x2b,0x3d,0x20,0x28,0x6d,0x2e,0x78,0x20,0x2d,0x20,0x70,
  0x78,0x29,0x20,0x2f,0x20,0x76,0x69,0x65,0x77,0x2e,0x7a,0x6f,0x6f,0x6d,0xa,0x20,
  0x20,0x20,0x20,0x20,0x20,0x20,0x20,0x20,0x20,0x20,0x20,0x20,0x20,0x20,0x20,0x20,
  0x20,0x20,0x20,0x20,0x20,0x20,0x20,0x6d,0x65,0x74,0x61,0x2e,0x67,0x79,0x20,0x2b,
  0x3d,0x20,0x28,0x6d,0x2e,0x79,0x20,0x2d,0x20,0x70,0x79,0x29,0x20,0x2f,0x20,0x76,
  0x69,0x65,0x77,0x2e,0x7a,0x6f,0x6f,0x6d,0xa,0x20,0x20,0x20,0x20,0x20,0x20,0x20,
  0x20,0x20,0x20,0x20,0x20,0x20,0x20,0x20,0x20,0x20,0x20,0x20,0x20,0x7d,0xa,0x20,
  0x20,0x20,0x20,0x20,0x20,0x20,0x20,0x20,0x20,0x20,0x20,0x20,0x20,0x20,0x20,0x20,
  0x20,0x20,0x20,0x6f,0x6e,0x52,0x65,0x6c,0x65,0x61,0x73,0x65,0x64,0x3a,0x20,0x6d,
  0x65,0x74,0x61,0x2e,0x63,0x6f,0x6d,0x6d,0x69,0x74,0x28,0x29,0xa,0x20,0x20,0x20,
  0x20,0x20,0x20,0x20,0x20,0x20,0x20,0x20,0x20,0x20,0x20,0x20,0x20,0x7d,0xa,0xa,
  0x20,0x20,0x20,0x20,0x20,0x20,0x20,0x20,0x20,0x20,0x20,0x20,0x20,0x20,0x20,0x20,
  0x2f,0x2f,0x20,0x73,0x63,0x61,0x6c,0x65,0x20,0x68,0x61,0x6e,0x64,0x6c,0x65,0x20,
  0xe2,0x80,0x94,0x20,0x76,0x69,0x73,0x69,0x62,0x6c,0x65,0x20,0x77,0x68,0x69,0x6c,
  0x65,0x20,0x74,0x68,0x65,0x20,0x62,0x6c,0x6f,0x63,0x6b,0x20,0x69,0x73,0x20,0x62,
  0x69,0x67,0x20,0x65,0x6e,0x6f,0x75,0x67,0x68,0x20,0x6f,0x6e,0xa,0x20,0x20,0x20,
  0x20,0x20,0x20,0x20,0x20,0x20,0x20,0x20,0x20,0x20,0x20,0x20,0x20,0x2f,0x2f,0x20,
  0x73,0x63,0x72,0x65,0x65,0x6e,0x20,0x66,0x6f,0x72,0x20,0x74,0x68,0x65,0x20,0x68,
  0x61,0x6e,0x64,0x6c,0x65,0x20,0x6e,0x6f,0x74,0x20,0x74,0x6f,0x20,0x73,0x77,0x61,
  0x6c,0x6c,0x6f,0x77,0x20,0x69,0x74,0x3b,0x20,0x66,0x6f,0x72,0x20,0x61,0x20,0x74,
  0x69,0x6e,0x79,0x20,0x62,0x6c,0x6f,0x63,0x6b,0x2c,0xa,0x20,0x20,0x20,0x20,0x20,
  0x20,0x20,0x20,0x20,0x20,0x20,0x20,0x20,0x20,0x20,0x20,0x2f,0x2f,0x20,0x7a,0x6f,
  0x6f,0x6d,0x20,0x69,0x6e,0x20,0x61,0x6e,0x64,0x20,0x74,0x68,0x65,0x20,0x68,0x61,
  0x6e,0x64,0x6c,0x65,0x20,0x72,0x65,0x74,0x75,0x72,0x6e,0x73,0x20,0x61,0x74,0x20,
  0x61,0x20,0x77,0x6f,0x72,0x6b,0x61,0x62,0x6c,0x65,0x20,0x73,0x69,0x7a,0x65,0xa,
  0x20,0x20,0x20,0x20,0x20,0x20,0x20,0x20,0x20,0x20,0x20,0x20,0x20,0x20,0x20,0x20,
  0x52,0x65,0x63,0x74,0x61,0x6e,0x67,0x6c,0x65,0x20,0x7b,0xa,0x20,0x20,0x20,0x20,
  0x20,0x20,0x20,0x20,0x20,0x20,0x20,0x20,0x20,0x20,0x20,0x20,0x20,0x20,0x20,0x20,
  0x77,0x69,0x64,0x74,0x68,0x3a,0x20,0x31,0x32,0xa,0x20,0x20,0x20,0x20,0x20,0x20,
  0x20,0x20,0x20,0x20,0x20,0x20,0x20,0x20,0x20,0x20,0x20,0x20,0x20,0x20,0x68,0x65,
  0x69,0x67,0x68,0x74,0x3a,0x20,0x31,0x32,0xa,0x20,0x20,0x20,0x20,0x20,0x20,0x20,
  0x20,0x20,0x20,0x20,0x20,0x20,0x20,0x20,0x20,0x20,0x20,0x20,0x20,0x61,0x6e,0x63,
  0x68,0x6f,0x72,0x73,0x2e,0x72,0x69,0x67,0x68,0x74,0x3a,0x20,0x70,0x61,0x72,0x65,
  0x6e,0x74,0x2e,0x72,0x69,0x67,0x68,0x74,0xa,0x20,0x20,0x20,0x20,0x20,0x20,0x20,
  0x20,0x20,0x20,0x20,0x20,0x20,0x20,0x20,0x20,0x20,0x20,0x20,0x20,0x61,0x6e,0x63,
  0x68,0x6f,0x72,0x73,0x2e,0x62,0x6f,0x74,0x74,0x6f,0x6d,0x3a,0x20,0x70,0x61,0x72,
  0x65,0x6e,0x74,0x2e,0x62,0x6f,0x74,0x74,0x6f,0x6d,0xa,0x20,0x20,0x20,0x20,0x20,
  0x20,0x20,0x20,0x20,0x20,0x20,0x20,0x20,0x20,0x20,0x20,0x20,0x20,0x20,0x20,0x76,
  0x69,0x73,0x69,0x62,0x6c,0x65,0x3a,0x20,0x6d,0x65,0x74,0x61,0x2e,0x77,0x69,0x64,
  0x74,0x68,0x20,0x3e,0x20,0x33,0x32,0xa,0x20,0x20,0x20,0x20,0x20,0x20,0x20,0x20,
  0x20,0x20,0x20,0x20,0x20,0x20,0x20,0x20,0x20,0x20,0x20,0x20,0x63,0x6f,0x6c,0x6f,
  0x72,0x3a,0x20,0x68,0x61,0x6e,0x64,0x6c,0x65,0x41,0x72,0x65,0x61,0x2e,0x70,0x72,
  0x65,0x73,0x73,0x65,0x64,0x20,0x3f,0x20,0x22,0x23,0x31,0x41,0x31,0x41,0x31,0x41,
  0x22,0x20,0x3a,0x20,0x22,0x23,0x42,0x33,0x46,0x46,0x46,0x46,0x46,0x46,0x22,0xa,
  0x20,0x20,0x20,0x20,0x20,0x20,0x20,0x20,0x20,0x20,0x20,0x20,0x20,0x20,0x20,0x20,
  0x20,0x20,0x20,0x20,0x62,0x6f,0x72,0x64,0x65,0x72,0x2e,0x77,0x69,0x64,0x74,0x68,
  0x3a,0x20,0x31,0xa,0x20,0x20,0x20,0x20,0x20,0x20,0x20,0x20,0x20,0x20,0x20,0x20,
  0x20,0x20,0x20,0x20,0x20,0x20,0x20,0x20,0x62,0x6f,0x72,0x64,0x65,0x72,0x2e,0x63,
  0x6f,0x6c,0x6f,0x72,0x3a,0x20,0x22,0x23,0x31,0x41,0x31,0x41,0x31,0x41,0x22,0xa,
  0x20,0x20,0x20,0x20,0x20,0x20,0x20,0x20,0x20,0x20,0x20,0x20,0x20,0x20,0x20,0x20,
  0x20,0x20,0x20,0x20,0x4d,0x6f,0x75,0x73,0x65,0x41,0x72,0x65,0x61,0x20,0x7b,0xa,
  0x20,0x20,0x20,0x20,0x20,0x20,0x20,0x20,0x20,0x20,0x20,0x20,0x20,0x20,0x20,0x20,
  0x20,0x20,0x20,0x20,0x20,0x20,0x20,0x20,0x69,0x64,0x3a,0x20,0x68,0x61,0x6e,0x64,
  0x6c,0x65,0x41,0x72,0x65,0x61,0xa,0x20,0x20,0x20,0x20,0x20,0x20,0x20,0x20,0x20,
  0x20,0x20,0x20,0x20,0x20,0x20,0x20,0x20,0x20,0x20,0x20,0x20,0x20,0x20,0x20,0x61,
  0x6e,0x63,0x68,0x6f,0x72,0x73,0x2e,0x66,0x69,0x6c,0x6c,0x3a,0x20,0x70,0x61,0x72,
  0x65,0x6e,0x74,0xa,0x20,0x20,0x20,0x20,0x20,0x20,0x20,0x20,0x20,0x20,0x20,0x20,
  0x20,0x20,0x20,0x20,0x20,0x20,0x20,0x20,0x20,0x20,0x20,0x20,0x61,0x6e,0x63,0x68,
  0x6f,0x72,0x73,0x2e,0x6d,0x61,0x72,0x67,0x69,0x6e,0x73,0x3a,0x20,0x2d,0x31,0x30,
  0xa,0x20,0x20,0x20,0x20,0x20,0x20,0x20,0x20,0x20,0x20,0x20,0x20,0x20,0x20,0x20,
  0x20,0x20,0x20,0x20,0x20,0x20,0x20,0x20,0x20,0x70,0x72,0x65,0x76,0x65,0x6e,0x74,
  0x53,0x74,0x65,0x61,0x6c,0x69,0x6e,0x67,0x3a,0x20,0x74,0x72,0x75,0x65,0xa,0x20,
  0x20,0x20,0x20,0x20,0x20,0x20,0x20,0x20,0x20,0x20,0x20,0x20,0x20,0x20,0x20,0x20,
  0x20,0x20,0x20,0x20,0x20,0x20,0x20,0x68,0x6f,0x76,0x65,0x72,0x45,0x6e,0x61,0x62,
  0x6c,0x65,0x64,0x3a,0x20,0x74,0x72,0x75,0x65,0xa,0x20,0x20,0x20,0x20,0x20,0x20,
  0x20,0x20,0x20,0x20,0x20,0x20,0x20,0x20,0x20,0x20,0x20,0x20,0x20,0x20,0x20,0x20,
  0x20,0x20,0x63,0x75,0x72,0x73,0x6f,0x72,0x53,0x68,0x61,0x70,0x65,0x3a,0x20,0x51,
  0x74,0x2e,0x53,0x69,0x7a,0x65,0x46,0x44,0x69,0x61,0x67,0x43,0x75,0x72,0x73,0x6f,
  0x72,0xa,0x20,0x20,0x20,0x20,0x20,0x20,0x20,0x20,0x20,0x20,0x20,0x20,0x20,0x20,
  0x20,0x20,0x20,0x20,0x20,0x20,0x20,0x20,0x20,0x20,0x70,0x72,0x6f,0x70,0x65,0x72,
  0x74,0x79,0x20,0x72,0x65,0x61,0x6c,0x20,0x70,0x78,0x3a,0x20,0x30,0xa,0x20,0x20,
  0x20,0x20,0x20,0x20,0x20,0x20,0x20,0x20,0x20,0x20,0x20,0x20,0x20,0x20,0x20,0x20,
  0x20,0x20,0x20,0x20,0x20,0x20,0x6f,0x6e,0x50,0x72,0x65,0x73,0x73,0x65,0x64,0x3a,
  0x20,0x28,0x6d,0x29,0x20,0x3d,0x3e,0x20,0x70,0x78,0x20,0x3d,0x20,0x6d,0x2e,0x78,
  0xa,0x20,0x20,0x20,0x20,0x20,0x20,0x20,0x20,0x20,0x20,0x20,0x20,0x20,0x20,0x20,
  0x20,0x20,0x20,0x20,0x20,0x20,0x20,0x20,0x20,0x6f,0x6e,0x50,0x6f,0x73,0x69,0x74,
  0x69,0x6f,0x6e,0x43,0x68,0x61,0x6e,0x67,0x65,0x64,0x3a,0x20,0x28,0x6d,0x29,0x20,
  0x3d,0x3e,0x20,0x7b,0xa,0x20,0x20,0x20,0x20,0x20,0x20,0x20,0x20,0x20,0x20,0x20,
  0x20,0x20,0x20,0x20,0x20,0x20,0x20,0x20,0x20,0x20,0x20,0x20,0x20,0x20,0x20,0x20,
  0x20,0x69,0x66,0x20,0x28,0x21,0x70,0x72,0x65,0x73,0x73,0x65,0x64,0x29,0x20,0x72,
  0x65,0x74,0x75,0x72,0x6e,0xa,0x20,0x20,0x20,0x20,0x20,0x20,0x20,0x20,0x20,0x20,
  0x20,0x20,0x20,0x20,0x20,0x20,0x20,0x20,0x20,0x20,0x20,0x20,0x20,0x20,0x20,0x20,
  0x20,0x20,0x6d,0x65,0x74,0x61,0x2e,0x67,0x77,0x20,0x2b,0x3d,0x20,0x28,0x6d,0x2e,
  0x78,0x20,0x2d,0x20,0x70,0x78,0x29,0x20,0x2f,0x20,0x76,0x69,0x65,0x77,0x2e,0x7a,
  0x6f,0x6f,0x6d,0xa,0x20,0x20,0x20,0x20,0x20,0x20,0x20,0x20,0x20,0x20,0x20,0x20,
  0x20,0x20,0x20,0x20,0x20,0x20,0x20,0x20,0x20,0x20,0x20,0x20,0x7d,0xa,0x20,0x20,
  0x20,0x20,0x20,0x20,0x20,0x20,0x20,0x20,0x20,0x20,0x20,0x20,0x20,0x20,0x20,0x20,
  0x20,0x20,0x20,0x20,0x20,0x20,0x6f,0x6e,0x52,0x65,0x6c,0x65,0x61,0x73,0x65,0x64,
  0x3a,0x20,0x6d,0x65,0x74,0x61,0x2e,0x63,0x6f,0x6d,0x6d,0x69,0x74,0x28,0x29,0xa,
  0x20,0x20,0x20,0x20,0x20,0x20,0x20,0x20,0x20,0x20,0x20,0x20,0x20,0x20,0x20,0x20,
  0x20,0x20,0x20,0x20,0x7d,0xa,0x20,0x20,0x20,0x20,0x20,0x20,0x20,0x20,0x20,0x20,
  0x20,0x20,0x20,0x20,0x20,0x20,0x7d,0xa,0x20,0x20,0x20,0x20,0x20,0x20,0x20,0x20,
  0x20,0x20,0x20,0x20,0x7d,0xa,0x20,0x20,0x20,0x20,0x20,0x20,0x20,0x20,0x7d,0xa,
  0x20,0x20,0x20,0x20,0x7d,0xa,0xa,0x20,0x20,0x20,0x20,0x57,0x68,0x65,0x65,0x6c,
  0x48,0x61,0x6e,0x64,0x6c,0x65,0x72,0x20,0x7b,0xa,0x20,0x20,0x20,0x20,0x20,0x20,
  0x20,0x20,0x74,0x61,0x72,0x67,0x65,0x74,0x3a,0x20,0x6e,0x75,0x6c,0x6c,0xa,0x20,
  0x20,0x20,0x20,0x20,0x20,0x20,0x20,0x6f,0x6e,0x57,0x68,0x65,0x65,0x6c,0x3a,0x20,
  0x28,0x65,0x76,0x29,0x20,0x3d,0x3e,0x20,0x7b,0xa,0x20,0x20,0x20,0x20,0x20,0x20,
  0x20,0x20,0x20,0x20,0x20,0x20,0x63,0x6f,0x6e,0x73,0x74,0x20,0x66,0x61,0x63,0x74,
  0x6f,0x72,0x20,0x3d,0x20,0x4d,0x61,0x74,0x68,0x2e,0x70,0x6f,0x77,0x28,0x31,0x2e,
  0x30,0x30,0x31,0x35,0x2c,0x20,0x65,0x76,0x2e,0x61,0x6e,0x67,0x6c,0x65,0x44,0x65,
  0x6c,0x74,0x61,0x2e,0x79,0x29,0xa,0x20,0x20,0x20,0x20,0x20,0x20,0x20,0x20,0x20,
  0x20,0x20,0x20,0x76,0x69,0x65,0x77,0x2e,0x7a,0x6f,0x6f,0x6d,0x54,0x6f,0x28,0x76,
  0x69,0x65,0x77,0x2e,0x7a,0x6f,0x6f,0x6d,0x20,0x2a,0x20,0x66,0x61,0x63,0x74,0x6f,
  0x72,0x2c,0x20,0x65,0x76,0x2e,0x78,0x2c,0x20,0x65,0x76,0x2e,0x79,0x29,0xa,0x20,
  0x20,0x20,0x20,0x20,0x20,0x20,0x20,0x7d,0xa,0x20,0x20,0x20,0x20,0x7d,0xa,0xa,
  0x20,0x20,0x20,0x20,0x54,0x61,0x70,0x48,0x61,0x6e,0x64,0x6c,0x65,0x72,0x20,0x7b,
  0xa,0x20,0x20,0x20,0x20,0x20,0x20,0x20,0x20,0x67,0x65,0x73,0x74,0x75,0x72,0x65,
  0x50,0x6f,0x6c,0x69,0x63,0x79,0x3a,0x20,0x54,0x61,0x70,0x48,0x61,0x6e,0x64,0x6c,
  0x65,0x72,0x2e,0x52,0x65,0x6c,0x65,0x61,0x73,0x65,0x57,0x69,0x74,0x68,0x69,0x6e,
  0x42,0x6f,0x75,0x6e,0x64,0x73,0xa,0x20,0x20,0x20,0x20,0x20,0x20,0x20,0x20,0x6f,
  0x6e,0x44,0x6f,0x75,0x62,0x6c,0x65,0x54,0x61,0x70,0x70,0x65,0x64,0x3a,0x20,0x28,
  0x65,0x76,0x29,0x20,0x3d,0x3e,0x20,0x76,0x69,0x65,0x77,0x2e,0x74,0x6f,0x67,0x67,
  0x6c,0x65,0x46,0x69,0x74,0x28,0x65,0x76,0x2e,0x70,0x6f,0x73,0x69,0x74,0x69,0x6f,
  0x6e,0x2e,0x78,0x2c,0x20,0x65,0x76,0x2e,0x70,0x6f,0x73,0x69,0x74,0x69,0x6f,0x6e,
  0x2e,0x79,0x29,0xa,0x20,0x20,0x20,0x20,0x7d,0xa,0xa,0x20,0x20,0x20,0x20,0x50,
  0x69,0x6e,0x63,0x68,0x48,0x61,0x6e,0x64,0x6c,0x65,0x72,0x20,0x7b,0xa,0x20,0x20,
  0x20,0x20,0x20,0x20,0x20,0x20,0x74,0x61,0x72,0x67,0x65,0x74,0x3a,0x20,0x6e,0x75,
  0x6c,0x6c,0xa,0x20,0x20,0x20,0x20,0x20,0x20,0x20,0x20,0x70,0x72,0x6f,0x70,0x65,
  0x72,0x74,0x79,0x20,0x72,0x65,0x61,0x6c,0x20,0x73,0x74,0x61,0x72,0x74,0x5a,0x6f,
  0x6f,0x6d,0x3a,0x20,0x31,0xa,0x20,0x20,0x20,0x20,0x20,0x20,0x20,0x20,0x6f,0x6e,
  0x41,0x63,0x74,0x69,0x76,0x65,0x43,0x68,0x61,0x6e,0x67,0x65,0x64,0x3a,0x20,0x69,
  0x66,0x20,0x28,0x61,0x63,0x74,0x69,0x76,0x65,0x29,0x20,0x73,0x74,0x61,0x72,0x74,
  0x5a,0x6f,0x6f,0x6d,0x20,0x3d,0x20,0x76,0x69,0x65,0x77,0x2e,0x7a,0x6f,0x6f,0x6d,
  0xa,0x20,0x20,0x20,0x20,0x20,0x20,0x20,0x20,0x6f,0x6e,0x53,0x63,0x61,0x6c,0x65,
  0x43,0x68,0x61,0x6e,0x67,0x65,0x64,0x3a,0x20,0x76,0x69,0x65,0x77,0x2e,0x7a,0x6f,
  0x6f,0x6d,0x54,0x6f,0x28,0x73,0x74,0x61,0x72,0x74,0x5a,0x6f,0x6f,0x6d,0x20,0x2a,
  0x20,0x61,0x63,0x74,0x69,0x76,0x65,0x53,0x63,0x61,0x6c,0x65,0x2c,0xa,0x20,0x20,
  0x20,0x20,0x20,0x20,0x20,0x20,0x20,0x20,0x20,0x20,0x20,0x20,0x20,0x20,0x20,0x20,
  0x20,0x20,0x20,0x20,0x20,0x20,0x20,0x20,0x20,0x20,0x20,0x20,0x20,0x20,0x20,0x20,
  0x20,0x20,0x63,0x65,0x6e,0x74,0x72,0x6f,0x69,0x64,0x2e,0x70,0x6f,0x73,0x69,0x74,
  0x69,0x6f,0x6e,0x2e,0x78,0x2c,0x20,0x63,0x65,0x6e,0x74,0x72,0x6f,0x69,0x64,0x2e,
  0x70,0x6f,0x73,0x69,0x74,0x69,0x6f,0x6e,0x2e,0x79,0x29,0xa,0x20,0x20,0x20,0x20,
  0x7d,0xa,0x7d,0xa,
  
};

static const unsigned char qt_resource_name[] = {
  // qt
  0x0,0x2,
  0x0,0x0,0x7,0x84,
  0x0,0x71,
  0x0,0x74,
    // qml
  0x0,0x3,
  0x0,0x0,0x78,0x3c,
  0x0,0x71,
  0x0,0x6d,0x0,0x6c,
    // XylosomeSuite
  0x0,0xd,
  0x3,0xac,0x95,0xe5,
  0x0,0x58,
  0x0,0x79,0x0,0x6c,0x0,0x6f,0x0,0x73,0x0,0x6f,0x0,0x6d,0x0,0x65,0x0,0x53,0x0,0x75,0x0,0x69,0x0,0x74,0x0,0x65,
    // Main.qml
  0x0,0x8,
  0x8,0x1,0x5e,0x5c,
  0x0,0x4d,
  0x0,0x61,0x0,0x69,0x0,0x6e,0x0,0x2e,0x0,0x71,0x0,0x6d,0x0,0x6c,
    // ZoomView.qml
  0x0,0xc,
  0x3,0xe6,0x95,0xbc,
  0x0,0x5a,
  0x0,0x6f,0x0,0x6f,0x0,0x6d,0x0,0x56,0x0,0x69,0x0,0x65,0x0,0x77,0x0,0x2e,0x0,0x71,0x0,0x6d,0x0,0x6c,
  
};

static const unsigned char qt_resource_struct[] = {
  // :
  0x0,0x0,0x0,0x0,0x0,0x2,0x0,0x0,0x0,0x1,0x0,0x0,0x0,0x1,
0x0,0x0,0x0,0x0,0x0,0x0,0x0,0x0,
  // :/qt
  0x0,0x0,0x0,0x0,0x0,0x2,0x0,0x0,0x0,0x1,0x0,0x0,0x0,0x2,
0x0,0x0,0x0,0x0,0x0,0x0,0x0,0x0,
  // :/qt/qml
  0x0,0x0,0x0,0xa,0x0,0x2,0x0,0x0,0x0,0x1,0x0,0x0,0x0,0x3,
0x0,0x0,0x0,0x0,0x0,0x0,0x0,0x0,
  // :/qt/qml/XylosomeSuite
  0x0,0x0,0x0,0x16,0x0,0x2,0x0,0x0,0x0,0x1,0x0,0x0,0x0,0x4,
0x0,0x0,0x0,0x0,0x0,0x0,0x0,0x0,
  // :/qt/qml/XylosomeSuite/qml
  0x0,0x0,0x0,0xa,0x0,0x2,0x0,0x0,0x0,0x2,0x0,0x0,0x0,0x5,
0x0,0x0,0x0,0x0,0x0,0x0,0x0,0x0,
  // :/qt/qml/XylosomeSuite/qml/ZoomView.qml
  0x0,0x0,0x0,0x4c,0x0,0x0,0x0,0x0,0x0,0x1,0x0,0x0,0x20,0xc6,
0x0,0x0,0x1,0x9f,0x54,0x77,0x68,0xb6,
  // :/qt/qml/XylosomeSuite/qml/Main.qml
  0x0,0x0,0x0,0x36,0x0,0x4,0x0,0x0,0x0,0x1,0x0,0x0,0x0,0x0,
0x0,0x0,0x1,0x9f,0x4c,0xed,0x2a,0x54,

};

#ifdef QT_NAMESPACE
#  define QT_RCC_PREPEND_NAMESPACE(name) ::QT_NAMESPACE::name
#  define QT_RCC_MANGLE_NAMESPACE0(x) x
#  define QT_RCC_MANGLE_NAMESPACE1(a, b) a##_##b
#  define QT_RCC_MANGLE_NAMESPACE2(a, b) QT_RCC_MANGLE_NAMESPACE1(a,b)
#  define QT_RCC_MANGLE_NAMESPACE(name) QT_RCC_MANGLE_NAMESPACE2( \
        QT_RCC_MANGLE_NAMESPACE0(name), QT_RCC_MANGLE_NAMESPACE0(QT_NAMESPACE))
#else
#   define QT_RCC_PREPEND_NAMESPACE(name) name
#   define QT_RCC_MANGLE_NAMESPACE(name) name
#endif

#if defined(QT_INLINE_NAMESPACE)
inline namespace QT_NAMESPACE {
#elif defined(QT_NAMESPACE)
namespace QT_NAMESPACE {
#endif

bool qRegisterResourceData(int, const unsigned char *, const unsigned char *, const unsigned char *);
bool qUnregisterResourceData(int, const unsigned char *, const unsigned char *, const unsigned char *);

#if defined(__ELF__) || defined(__APPLE__)
static inline unsigned char qResourceFeatureZstd()
{
    extern const unsigned char qt_resourceFeatureZstd;
    return qt_resourceFeatureZstd;
}
#else
unsigned char qResourceFeatureZstd();
#endif

#ifdef QT_NAMESPACE
}
#endif

int QT_RCC_MANGLE_NAMESPACE(qInitResources_xylosome_suite_raw_qml_0)();
int QT_RCC_MANGLE_NAMESPACE(qInitResources_xylosome_suite_raw_qml_0)()
{
    int version = 3;
    QT_RCC_PREPEND_NAMESPACE(qRegisterResourceData)
        (version, qt_resource_struct, qt_resource_name, qt_resource_data);
    return 1;
}

int QT_RCC_MANGLE_NAMESPACE(qCleanupResources_xylosome_suite_raw_qml_0)();
int QT_RCC_MANGLE_NAMESPACE(qCleanupResources_xylosome_suite_raw_qml_0)()
{
    int version = 3;
    version += QT_RCC_PREPEND_NAMESPACE(qResourceFeatureZstd());
    QT_RCC_PREPEND_NAMESPACE(qUnregisterResourceData)
       (version, qt_resource_struct, qt_resource_name, qt_resource_data);
    return 1;
}

#ifdef __clang__
#   pragma clang diagnostic push
#   pragma clang diagnostic ignored "-Wexit-time-destructors"
#endif

namespace {
   struct initializer {
       initializer() { QT_RCC_MANGLE_NAMESPACE(qInitResources_xylosome_suite_raw_qml_0)(); }
       ~initializer() { QT_RCC_MANGLE_NAMESPACE(qCleanupResources_xylosome_suite_raw_qml_0)(); }
   } dummy;
}

#ifdef __clang__
#   pragma clang diagnostic pop
#endif
